date,hour,poa_wm2,dn_wm2,df_wm2,tamb_c,wspd_ms,zenith_deg,dc_w,ac_w
2012-01-01,0,0,0,0,23.0,3.8,177.97,0.0,0.0
2012-01-01,1,0,0,0,22.9,3.6,167.06,0.0,0.0
2012-01-01,2,0,0,0,22.8,3.4,153.27,0.0,0.0
2012-01-01,3,0,0,0,22.7,3.3,139.51,0.0,0.0
2012-01-01,4,0,0,0,22.7,3.3,125.86,0.0,0.0
2012-01-01,5,0,0,0,22.7,3.5,112.38,0.0,0.0
2012-01-01,6,0,0,0,22.8,3.6,99.18,0.0,0.0
2012-01-01,7,43,326,21,23.1,3.9,86.19,184900.0,159488.775
2012-01-01,8,239,702,48,23.5,4.0,74.19,1027700.0,982712.688
2012-01-01,9,441,838,62,23.7,3.9,63.1,1896300.0,1824710.459
2012-01-01,10,605,906,69,24.0,3.6,53.69,2601500.0,2503514.278
2012-01-01,11,706,894,96,24.2,3.3,46.99,3035800.0,2919418.493
2012-01-01,12,748,913,95,24.5,2.9,44.28,3216400.0,3091888.64
2012-01-01,13,719,908,92,24.7,2.5,46.26,3091700.0,2972832.248
2012-01-01,14,623,888,82,24.9,2.2,52.39,2678900.0,2577755.252
2012-01-01,15,468,828,72,25.0,2.1,61.45,2012400.0,1936760.445
2012-01-01,16,270,699,58,25.0,2.1,72.32,1161000.0,1112353.931
2012-01-01,17,67,375,30,24.7,2.3,84.24,288100.0,260621.696
2012-01-01,18,0,0,0,24.4,2.5,97.08,0.0,0.0
2012-01-01,19,0,0,0,24.2,2.6,110.23,0.0,0.0
2012-01-01,20,0,0,0,24.0,2.5,123.67,0.0,0.0
2012-01-01,21,0,0,0,23.8,2.3,137.31,0.0,0.0
2012-01-01,22,0,0,0,23.6,1.9,151.06,0.0,0.0
2012-01-01,23,0,0,0,23.5,1.4,164.86,0.0,0.0
2012-01-02,0,0,0,0,23.5,1.0,177.98,0.0,0.0
2012-01-02,1,0,0,0,23.4,0.7,167.17,0.0,0.0
2012-01-02,2,0,0,0,23.3,0.7,153.37,0.0,0.0
2012-01-02,3,0,0,0,23.2,0.8,139.61,0.0,0.0
2012-01-02,4,0,0,0,23.2,0.8,125.95,0.0,0.0
2012-01-02,5,0,0,0,23.2,0.8,112.46,0.0,0.0
2012-01-02,6,0,0,0,23.2,0.7,99.25,0.0,0.0
2012-01-02,7,41,281,22,23.3,0.8,86.25,176300.0,151056.875
2012-01-02,8,238,677,54,23.6,0.9,74.23,1023400.0,978528.154
2012-01-02,9,441,827,68,23.9,1.1,63.13,1896300.0,1824710.459
2012-01-02,10,608,901,75,24.2,1.4,53.68,2614400.0,2515891.371
2012-01-02,11,712,905,94,24.6,1.7,46.95,3061600.0,2944074.353
2012-01-02,12,755,923,94,24.9,2.0,44.2,3246500.0,3120606.245
2012-01-02,13,725,917,90,25.1,2.1,46.14,3117500.0,2997475.637
2012-01-02,14,611,804,120,25.2,2.2,52.26,2627300.0,2528267.025
2012-01-02,15,456,734,104,25.2,2.2,61.31,1960800.0,1886974.84
2012-01-02,16,261,588,81,25.1,2.1,72.18,1122300.0,1074731.979
2012-01-02,17,63,239,39,24.9,1.7,84.1,270900.0,243772.605
2012-01-02,18,0,0,0,24.7,1.1,96.95,0.0,0.0
2012-01-02,19,0,0,0,24.5,1.1,110.11,0.0,0.0
2012-01-02,20,0,0,0,24.2,1.7,123.55,0.0,0.0
2012-01-02,21,0,0,0,24.1,1.7,137.19,0.0,0.0
2012-01-02,22,0,0,0,24.0,1.0,150.95,0.0,0.0
2012-01-02,23,0,0,0,23.8,1.1,164.76,0.0,0.0
2012-01-03,0,0,0,0,23.7,1.8,177.98,0.0,0.0
2012-01-03,1,0,0,0,23.6,2.2,167.29,0.0,0.0
2012-01-03,2,0,0,0,23.5,2.1,153.48,0.0,0.0
2012-01-03,3,0,0,0,23.4,1.7,139.7,0.0,0.0
2012-01-03,4,0,0,0,23.4,1.5,126.03,0.0,0.0
2012-01-03,5,0,0,0,23.4,1.5,112.54,0.0,0.0
2012-01-03,6,0,0,0,23.5,1.6,99.32,0.0,0.0
2012-01-03,7,18,0,18,23.7,1.7,86.31,77400.0,54044.055
2012-01-03,8,98,2,98,24.0,1.9,74.28,421400.0,391115.422
2012-01-03,9,433,797,73,24.4,2.1,63.15,1861900.0,1791488.08
2012-01-03,10,600,877,80,24.9,2.1,53.67,2580000.0,2482882.592
2012-01-03,11,702,877,103,25.2,2.0,46.9,3018600.0,2902978.056
2012-01-03,12,746,896,102,25.4,1.8,44.1,3207800.0,3083682.171
2012-01-03,13,717,890,99,25.5,1.8,46.02,3083100.0,2964616.506
2012-01-03,14,383,78,335,25.6,1.9,52.12,1646900.0,1583616.383
2012-01-03,15,462,771,90,25.5,2.2,61.17,1986600.0,1911870.521
2012-01-03,16,264,623,72,25.4,2.8,72.04,1135200.0,1087274.068
2012-01-03,17,66,282,36,25.1,3.4,83.97,283800.0,256409.663
2012-01-03,18,0,0,0,24.7,3.8,96.82,0.0,0.0
2012-01-03,19,0,0,0,24.5,4.1,109.98,0.0,0.0
2012-01-03,20,0,0,0,24.2,4.4,123.43,0.0,0.0
2012-01-03,21,0,0,0,24.0,4.5,137.07,0.0,0.0
2012-01-03,22,0,0,0,23.9,4.5,150.84,0.0,0.0
2012-01-03,23,0,0,0,23.7,4.3,164.66,0.0,0.0
2012-01-04,0,0,0,0,23.7,4.3,177.99,0.0,0.0
2012-01-04,1,0,0,0,23.6,4.2,167.4,0.0,0.0
2012-01-04,2,0,0,0,23.5,4.3,153.58,0.0,0.0
2012-01-04,3,0,0,0,23.5,4.4,139.8,0.0,0.0
2012-01-04,4,0,0,0,23.5,4.5,126.12,0.0,0.0
2012-01-04,5,0,0,0,23.6,4.7,112.62,0.0,0.0
2012-01-04,6,0,0,0,23.8,4.9,99.39,0.0,0.0
2012-01-04,7,21,0,21,24.1,5.3,86.36,90300.0,66702.698
2012-01-04,8,164,71,144,24.5,5.6,74.31,705200.0,668428.995
2012-01-04,9,16,0,16,24.7,5.6,63.16,68800.0,45604.161
2012-01-04,10,176,0,176,24.9,5.5,53.65,756800.0,718774.821
2012-01-04,11,639,495,301,25.2,5.2,46.84,2747700.0,2643703.741
2012-01-04,12,246,1,246,25.3,4.9,44.01,1057800.0,1011999.947
2012-01-04,13,490,139,393,25.4,4.7,45.89,2107000.0,2027974.258
2012-01-04,14,458,159,360,25.4,4.6,51.97,1969400.0,1895274.04
2012-01-04,15,205,7,202,25.3,4.6,61.02,881500.0,840348.85
2012-01-04,16,104,1,104,25.2,4.6,71.9,447200.0,416354.525
2012-01-04,17,40,0,40,25.1,4.6,83.83,172000.0,146840.685
2012-01-04,18,0,0,0,24.9,4.6,96.68,0.0,0.0
2012-01-04,19,0,0,0,24.7,4.6,109.85,0.0,0.0
2012-01-04,20,0,0,0,24.6,4.6,123.31,0.0,0.0
2012-01-04,21,0,0,0,24.5,4.7,136.95,0.0,0.0
2012-01-04,22,0,0,0,24.4,4.7,150.73,0.0,0.0
2012-01-04,23,0,0,0,24.3,4.7,164.56,0.0,0.0
2012-01-05,0,0,0,0,24.2,4.8,177.99,0.0,0.0
2012-01-05,1,0,0,0,24.1,4.9,167.51,0.0,0.0
2012-01-05,2,0,0,0,23.9,5.2,153.68,0.0,0.0
2012-01-05,3,0,0,0,23.8,5.4,139.89,0.0,0.0
2012-01-05,4,0,0,0,23.7,5.6,126.2,0.0,0.0
2012-01-05,5,0,0,0,23.7,5.8,112.69,0.0,0.0
2012-01-05,6,0,0,0,23.7,6.0,99.45,0.0,0.0
2012-01-05,7,41,326,21,24.0,6.4,86.4,176300.0,151056.875
2012-01-05,8,242,717,48,24.3,6.7,74.34,1040600.0,995265.329
2012-01-05,9,448,858,61,24.5,6.8,63.17,1926400.0,1853771.647
2012-01-05,10,356,68,316,24.7,6.8,53.63,1530800.0,1471199.472
2012-01-05,11,728,949,78,24.8,6.6,46.78,3130400.0,3009795.173
2012-01-05,12,774,963,80,24.9,6.3,43.9,3328200.0,3198514.54
2012-01-05,13,746,956,79,25.0,6.3,45.75,3207800.0,3083682.171
2012-01-05,14,648,924,77,24.9,6.4,51.83,2786400.0,2680781.78
2012-01-05,15,492,869,69,24.8,6.6,60.87,2115600.0,2036262.586
2012-01-05,16,291,753,55,24.6,6.7,71.75,1251300.0,1200088.123
2012-01-05,17,80,447,31,24.3,6.6,83.69,344000.0,315363.578
2012-01-05,18,0,0,0,24.0,6.6,96.55,0.0,0.0
2012-01-05,19,0,0,0,23.9,6.7,109.72,0.0,0.0
2012-01-05,20,0,0,0,23.7,6.8,123.18,0.0,0.0
2012-01-05,21,0,0,0,23.6,6.9,136.84,0.0,0.0
2012-01-05,22,0,0,0,23.5,6.8,150.62,0.0,0.0
2012-01-05,23,0,0,0,23.4,6.6,164.46,0.0,0.0
2012-01-06,0,0,0,0,23.3,6.3,177.98,0.0,0.0
2012-01-06,1,0,0,0,23.2,5.9,167.62,0.0,0.0
2012-01-06,2,0,0,0,23.1,5.6,153.78,0.0,0.0
2012-01-06,3,0,0,0,23.0,5.3,139.98,0.0,0.0
2012-01-06,4,0,0,0,23.0,5.2,126.28,0.0,0.0
2012-01-06,5,0,0,0,23.0,5.2,112.76,0.0,0.0
2012-01-06,6,0,0,0,23.1,5.3,99.51,0.0,0.0
2012-01-06,7,40,282,22,23.4,5.7,86.45,172000.0,146840.685
2012-01-06,8,242,697,54,23.8,6.1,74.37,1040600.0,995265.329
2012-01-06,9,451,846,69,24.1,6.3,63.17,1939300.0,1866224.044
2012-01-06,10,322,49,293,24.5,6.3,53.6,1384600.0,1329471.638
2012-01-06,11,516,180,392,24.7,6.0,46.71,2218800.0,2135672.636
2012-01-06,12,616,336,373,24.8,5.6,43.79,2648800.0,2548889.917
2012-01-06,13,316,7,311,25.0,5.2,45.61,1358800.0,1304441.659
2012-01-06,14,332,37,309,25.0,4.8,51.67,1427600.0,1371175.481
2012-01-06,15,493,862,71,25.1,4.6,60.71,2119900.0,2040406.51
2012-01-06,16,290,736,58,24.9,4.6,71.6,1247000.0,1195911.903
2012-01-06,17,80,432,32,24.6,4.7,83.55,344000.0,315363.578
2012-01-06,18,0,0,0,24.3,5.0,96.41,0.0,0.0
2012-01-06,19,0,0,0,24.1,5.2,109.59,0.0,0.0
2012-01-06,20,0,0,0,23.9,5.3,123.06,0.0,0.0
2012-01-06,21,0,0,0,23.8,5.2,136.72,0.0,0.0
2012-01-06,22,0,0,0,23.7,4.9,150.51,0.0,0.0
2012-01-06,23,0,0,0,23.6,4.5,164.36,0.0,0.0
2012-01-07,0,0,0,0,23.5,4.2,177.97,0.0,0.0
2012-01-07,1,0,0,0,23.4,4.0,167.73,0.0,0.0
2012-01-07,2,0,0,0,23.3,3.9,153.87,0.0,0.0
2012-01-07,3,0,0,0,23.3,3.9,140.06,0.0,0.0
2012-01-07,4,0,0,0,23.2,4.0,126.36,0.0,0.0
2012-01-07,5,0,0,0,23.2,4.1,112.83,0.0,0.0
2012-01-07,6,0,0,0,23.2,4.2,99.56,0.0,0.0
2012-01-07,7,39,269,22,23.4,4.4,86.49,167700.0,142624.335
2012-01-07,8,239,683,56,23.7,4.5,74.39,1027700.0,982712.688
2012-01-07,9,272,52,248,23.9,4.4,63.16,1169600.0,1120712.606
2012-01-07,10,386,87,334,24.1,4.3,53.56,1659800.0,1596099.957
2012-01-07,11,604,386,339,24.3,3.9,46.63,2597200.0,2499388.261
2012-01-07,12,516,142,413,24.5,3.5,43.67,2218800.0,2135672.636
2012-01-07,13,644,455,325,24.6,3.3,45.46,2769200.0,2664304.251
2012-01-07,14,656,923,82,24.8,3.3,51.51,2820800.0,2713729.165
2012-01-07,15,497,862,73,24.8,3.6,60.55,2137100.0,2056980.607
2012-01-07,16,295,742,59,24.6,3.9,71.45,1268500.0,1216791.404
2012-01-07,17,83,443,32,24.3,4.0,83.41,356900.0,327992.482
2012-01-07,18,0,0,0,24.0,4.1,96.28,0.0,0.0
2012-01-07,19,0,0,0,23.9,4.0,109.46,0.0,0.0
2012-01-07,20,0,0,0,23.7,3.9,122.94,0.0,0.0
2012-01-07,21,0,0,0,23.5,3.8,136.61,0.0,0.0
2012-01-07,22,0,0,0,23.3,3.6,150.4,0.0,0.0
2012-01-07,23,0,0,0,23.2,3.3,164.26,0.0,0.0
2012-01-08,0,0,0,0,23.2,3.0,177.95,0.0,0.0
2012-01-08,1,0,0,0,23.1,2.8,167.83,0.0,0.0
2012-01-08,2,0,0,0,23.0,2.6,153.96,0.0,0.0
2012-01-08,3,0,0,0,23.0,2.5,140.14,0.0,0.0
2012-01-08,4,0,0,0,23.0,2.4,126.43,0.0,0.0
2012-01-08,5,0,0,0,23.0,2.5,112.89,0.0,0.0
2012-01-08,6,0,0,0,23.0,2.7,99.61,0.0,0.0
2012-01-08,7,40,312,21,23.2,3.0,86.52,172000.0,146840.685
2012-01-08,8,242,710,51,23.5,3.3,74.41,1040600.0,995265.329
2012-01-08,9,307,112,256,23.7,3.4,63.15,1320100.0,1266885.897
2012-01-08,10,387,91,332,23.9,3.3,53.52,1664100.0,1600260.828
2012-01-08,11,399,73,349,24.2,3.1,46.55,1715700.0,1650178.814
2012-01-08,12,777,952,87,24.4,2.9,43.54,3341100.0,3210810.573
2012-01-08,13,654,486,312,24.6,2.7,45.3,2812200.0,2705493.278
2012-01-08,14,432,120,356,24.7,2.7,51.35,1857600.0,1787334.563
2012-01-08,15,496,855,73,24.8,2.8,60.39,2132800.0,2052837.323
2012-01-08,16,295,736,59,24.7,3.0,71.29,1268500.0,1216791.404
2012-01-08,17,84,439,33,24.4,3.2,83.26,361200.0,332201.797
2012-01-08,18,0,0,0,24.2,3.3,96.14,0.0,0.0
2012-01-08,19,0,0,0,23.9,3.5,109.33,0.0,0.0
2012-01-08,20,0,0,0,23.8,3.6,122.81,0.0,0.0
2012-01-08,21,0,0,0,23.7,3.7,136.49,0.0,0.0
2012-01-08,22,0,0,0,23.6,3.6,150.29,0.0,0.0
2012-01-08,23,0,0,0,23.5,3.7,164.16,0.0,0.0
2012-01-09,0,0,0,0,23.4,4.0,177.92,0.0,0.0
2012-01-09,1,0,0,0,23.4,4.3,167.93,0.0,0.0
2012-01-09,2,0,0,0,23.3,4.7,154.05,0.0,0.0
2012-01-09,3,0,0,0,23.2,5.0,140.22,0.0,0.0
2012-01-09,4,0,0,0,23.2,5.3,126.5,0.0,0.0
2012-01-09,5,0,0,0,23.1,5.4,112.95,0.0,0.0
2012-01-09,6,0,0,0,23.2,5.3,99.66,0.0,0.0
2012-01-09,7,39,309,20,23.4,5.4,86.55,167700.0,142624.335
2012-01-09,8,134,10,131,23.7,5.4,74.42,576200.0,542463.706
2012-01-09,9,153,1,152,24.0,5.2,63.14,657900.0,622258.43
2012-01-09,10,617,915,72,24.2,5.1,53.47,2653100.0,2553014.016
2012-01-09,11,731,948,78,24.5,5.0,46.45,3143300.0,3022113.27
2012-01-09,12,775,956,80,24.7,4.9,43.41,3332500.0,3202613.378
2012-01-09,13,749,947,81,24.8,4.7,45.14,3220700.0,3095991.635
2012-01-09,14,650,907,82,24.9,4.7,51.18,2795000.0,2689019.586
2012-01-09,15,492,839,76,24.9,4.8,60.23,2115600.0,2036262.586
2012-01-09,16,292,711,63,24.7,5.0,71.14,1255600.0,1204264.183
2012-01-09,17,84,403,35,24.4,5.1,83.12,361200.0,332201.797
2012-01-09,18,0,0,0,24.2,5.3,96.0,0.0,0.0
2012-01-09,19,0,0,0,24.0,5.4,109.2,0.0,0.0
2012-01-09,20,0,0,0,23.8,5.4,122.69,0.0,0.0
2012-01-09,21,0,0,0,23.7,5.3,136.38,0.0,0.0
2012-01-09,22,0,0,0,23.6,5.2,150.19,0.0,0.0
2012-01-09,23,0,0,0,23.5,4.9,164.07,0.0,0.0
2012-01-10,0,0,0,0,23.4,4.7,177.89,0.0,0.0
2012-01-10,1,0,0,0,23.3,4.5,168.03,0.0,0.0
2012-01-10,2,0,0,0,23.2,4.5,154.14,0.0,0.0
2012-01-10,3,0,0,0,23.1,4.5,140.3,0.0,0.0
2012-01-10,4,0,0,0,23.1,4.7,126.57,0.0,0.0
2012-01-10,5,0,0,0,23.1,4.9,113.01,0.0,0.0
2012-01-10,6,0,0,0,23.2,5.1,99.7,0.0,0.0
2012-01-10,7,38,289,21,23.6,5.5,86.57,163400.0,138407.825
2012-01-10,8,239,698,51,23.9,5.8,74.42,1027700.0,982712.688
2012-01-10,9,447,845,65,24.2,6.0,63.12,1922100.0,1849620.528
2012-01-10,10,617,912,73,24.4,5.9,53.41,2653100.0,2553014.016
2012-01-10,11,728,925,89,24.5,5.5,46.35,3130400.0,3009795.173
2012-01-10,12,774,936,92,24.6,5.0,43.26,3328200.0,3198514.54
2012-01-10,13,747,926,92,24.7,4.6,44.97,3212100.0,3087785.486
2012-01-10,14,651,896,87,24.8,4.3,51.0,2799300.0,2693138.249
2012-01-10,15,495,835,78,24.8,4.2,60.06,2128500.0,2048693.878
2012-01-10,16,295,710,64,24.7,4.2,70.98,1268500.0,1216791.404
2012-01-10,17,86,406,36,24.5,4.4,82.97,369800.0,340619.948
2012-01-10,18,0,0,0,24.2,4.5,95.86,0.0,0.0
2012-01-10,19,0,0,0,24.0,4.7,109.07,0.0,0.0
2012-01-10,20,0,0,0,23.9,4.8,122.57,0.0,0.0
2012-01-10,21,0,0,0,23.7,4.8,136.26,0.0,0.0
2012-01-10,22,0,0,0,23.5,4.6,150.08,0.0,0.0
2012-01-10,23,0,0,0,23.4,4.3,163.97,0.0,0.0
2012-01-11,0,0,0,0,23.3,4.1,177.84,0.0,0.0
2012-01-11,1,0,0,0,23.2,3.9,168.13,0.0,0.0
2012-01-11,2,0,0,0,23.1,3.8,154.22,0.0,0.0
2012-01-11,3,0,0,0,23.0,3.7,140.37,0.0,0.0
2012-01-11,4,0,0,0,23.0,3.7,126.63,0.0,0.0
2012-01-11,5,0,0,0,23.0,3.8,113.06,0.0,0.0
2012-01-11,6,0,0,0,23.1,3.8,99.74,0.0,0.0
2012-01-11,7,39,321,20,23.4,4.0,86.6,167700.0,142624.335
2012-01-11,8,239,716,47,23.7,4.1,74.42,1027700.0,982712.688
2012-01-11,9,448,856,60,23.9,4.1,63.09,1926400.0,1853771.647
2012-01-11,10,617,922,67,24.0,3.9,53.35,2653100.0,2553014.016
2012-01-11,11,732,948,76,24.2,3.7,46.25,3147600.0,3026218.982
2012-01-11,12,666,468,324,24.4,3.4,43.12,2863800.0,2754899.007
2012-01-11,13,754,955,77,24.7,3.1,44.8,3242200.0,3116504.21
2012-01-11,14,658,916,80,24.8,2.8,50.82,2829400.0,2721964.412
2012-01-11,15,389,260,259,24.9,2.7,59.89,1672700.0,1608582.091
2012-01-11,16,175,23,168,24.8,2.5,70.81,752500.0,714580.215
2012-01-11,17,53,2,53,24.6,2.2,82.82,227900.0,201638.684
2012-01-11,18,0,0,0,24.3,2.1,95.72,0.0,0.0
2012-01-11,19,0,0,0,24.1,2.2,108.94,0.0,0.0
2012-01-11,20,0,0,0,24.0,2.2,122.45,0.0,0.0
2012-01-11,21,0,0,0,23.8,2.2,136.15,0.0,0.0
2012-01-11,22,0,0,0,23.6,2.0,149.98,0.0,0.0
2012-01-11,23,0,0,0,23.5,1.8,163.88,0.0,0.0
2012-01-12,0,0,0,0,23.4,1.6,177.79,0.0,0.0
2012-01-12,1,0,0,0,23.3,1.4,168.22,0.0,0.0
2012-01-12,2,0,0,0,23.2,1.3,154.3,0.0,0.0
2012-01-12,3,0,0,0,23.1,1.1,140.44,0.0,0.0
2012-01-12,4,0,0,0,23.0,1.0,126.69,0.0,0.0
2012-01-12,5,0,0,0,23.0,1.0,113.11,0.0,0.0
2012-01-12,6,0,0,0,23.1,1.1,99.77,0.0,0.0
2012-01-12,7,14,0,14,23.3,1.4,86.61,60200.0,37163.627
2012-01-12,8,62,0,62,23.5,1.4,74.42,266600.0,239559.932
2012-01-12,9,271,57,245,23.8,1.3,63.06,1165300.0,1116533.348
2012-01-12,10,614,907,72,24.1,1.4,53.28,2640200.0,2540641.24
2012-01-12,11,728,930,84,24.4,1.8,46.13,3130400.0,3009795.173
2012-01-12,12,776,944,85,24.6,2.4,42.96,3336800.0,3206712.055
2012-01-12,13,752,938,84,24.7,2.9,44.62,3233600.0,3108299.66
2012-01-12,14,435,119,359,24.7,3.4,50.64,1870500.0,1799794.634
2012-01-12,15,122,0,121,24.6,3.5,59.71,524600.0,492037.301
2012-01-12,16,20,0,20,24.5,3.3,70.65,86000.0,62483.31
2012-01-12,17,69,26,66,24.2,2.9,82.67,296700.0,269045.283
2012-01-12,18,0,0,0,24.0,2.7,95.58,0.0,0.0
2012-01-12,19,0,0,0,23.9,2.9,108.81,0.0,0.0
2012-01-12,20,0,0,0,23.7,3.1,122.33,0.0,0.0
2012-01-12,21,0,0,0,23.6,3.4,136.04,0.0,0.0
2012-01-12,22,0,0,0,23.4,3.6,149.87,0.0,0.0
2012-01-12,23,0,0,0,23.3,3.7,163.78,0.0,0.0
2012-01-13,0,0,0,0,23.3,3.7,177.72,0.0,0.0
2012-01-13,1,0,0,0,23.3,3.6,168.3,0.0,0.0
2012-01-13,2,0,0,0,23.3,3.4,154.38,0.0,0.0
2012-01-13,3,0,0,0,23.2,3.2,140.51,0.0,0.0
2012-01-13,4,0,0,0,23.2,3.1,126.75,0.0,0.0
2012-01-13,5,0,0,0,23.1,3.0,113.15,0.0,0.0
2012-01-13,6,0,0,0,23.1,3.1,99.8,0.0,0.0
2012-01-13,7,37,287,20,23.3,3.5,86.62,159100.0,134191.156
2012-01-13,8,238,699,50,23.4,3.8,74.41,1023400.0,978528.154
2012-01-13,9,214,19,205,23.4,3.8,63.02,920200.0,878051.382
2012-01-13,10,329,52,298,23.4,3.7,53.21,1414700.0,1358666.007
2012-01-13,11,661,527,295,23.5,3.6,46.01,2842300.0,2734316.084
2012-01-13,12,451,92,383,23.8,3.4,42.8,1939300.0,1866224.044
2012-01-13,13,754,927,91,23.9,3.4,44.43,3242200.0,3116504.21
2012-01-13,14,507,256,344,24.1,3.4,50.45,2180100.0,2098404.659
2012-01-13,15,463,579,169,24.2,3.2,59.53,1990900.0,1916019.241
2012-01-13,16,216,185,154,24.2,3.0,70.49,928800.0,886427.964
2012-01-13,17,64,18,62,24.0,2.8,82.52,275200.0,247985.117
2012-01-13,18,0,0,0,23.9,3.0,95.43,0.0,0.0
2012-01-13,19,0,0,0,23.8,3.5,108.68,0.0,0.0
2012-01-13,20,0,0,0,23.7,3.6,122.2,0.0,0.0
2012-01-13,21,0,0,0,23.6,3.7,135.92,0.0,0.0
2012-01-13,22,0,0,0,23.5,3.8,149.77,0.0,0.0
2012-01-13,23,0,0,0,23.3,3.6,163.69,0.0,0.0
2012-01-14,0,0,0,0,23.2,3.3,177.65,0.0,0.0
2012-01-14,1,0,0,0,23.1,3.0,168.39,0.0,0.0
2012-01-14,2,0,0,0,23.0,2.7,154.45,0.0,0.0
2012-01-14,3,0,0,0,22.9,2.3,140.57,0.0,0.0
2012-01-14,4,0,0,0,22.9,1.9,126.8,0.0,0.0
2012-01-14,5,0,0,0,22.8,1.7,113.19,0.0,0.0
2012-01-14,6,0,0,0,22.9,1.6,99.83,0.0,0.0
2012-01-14,7,37,267,21,23.0,1.5,86.63,159100.0,134191.156
2012-01-14,8,183,148,143,23.2,1.3,74.39,786900.0,748132.587
2012-01-14,9,264,100,219,23.4,1.4,62.98,1135200.0,1087274.068
2012-01-14,10,480,430,222,23.7,2.0,53.12,2064000.0,1986523.027
2012-01-14,11,654,631,215,24.0,2.7,45.89,2812200.0,2705493.278
2012-01-14,12,571,315,339,24.2,3.0,42.63,2455300.0,2363139.993
2012-01-14,13,479,180,350,24.3,3.3,44.24,2059700.0,1982377.024
2012-01-14,14,390,146,297,24.4,3.5,50.26,1677000.0,1612742.483
2012-01-14,15,186,13,180,24.4,3.4,59.35,799800.0,760712.089
2012-01-14,16,210,551,24,24.3,3.1,70.32,903000.0,861296.3
2012-01-14,17,52,1,52,24.1,2.6,82.37,223600.0,197424.413
2012-01-14,18,0,0,0,24.0,2.6,95.29,0.0,0.0
2012-01-14,19,0,0,0,23.9,3.3,108.54,0.0,0.0
2012-01-14,20,0,0,0,23.9,4.4,122.08,0.0,0.0
2012-01-14,21,0,0,0,23.9,5.0,135.81,0.0,0.0
2012-01-14,22,0,0,0,23.9,5.0,149.66,0.0,0.0
2012-01-14,23,0,0,0,23.9,4.4,163.59,0.0,0.0
2012-01-15,0,0,0,0,24.0,3.8,177.56,0.0,0.0
2012-01-15,1,0,0,0,24.0,3.2,168.46,0.0,0.0
2012-01-15,2,0,0,0,24.0,2.9,154.51,0.0,0.0
2012-01-15,3,0,0,0,24.0,2.9,140.63,0.0,0.0
2012-01-15,4,0,0,0,23.9,3.2,126.84,0.0,0.0
2012-01-15,5,0,0,0,23.8,3.6,113.22,0.0,0.0
2012-01-15,6,0,0,0,23.9,4.2,99.85,0.0,0.0
2012-01-15,7,19,0,19,24.2,4.9,86.63,81700.0,58263.763
2012-01-15,8,119,6,117,24.5,5.7,74.37,511700.0,479427.102
2012-01-15,9,221,22,211,24.8,6.3,62.93,950300.0,907366.62
2012-01-15,10,195,1,195,25.0,6.6,53.04,838500.0,798441.96
2012-01-15,11,718,895,94,25.1,6.8,45.75,3087400.0,2968724.457
2012-01-15,12,423,81,363,25.1,6.9,42.45,1818900.0,1749945.716
2012-01-15,13,353,23,336,25.1,6.9,44.05,1517900.0,1458701.509
2012-01-15,14,253,2,252,25.1,6.7,50.06,1087900.0,1041279.372
2012-01-15,15,96,0,96,25.1,6.4,59.16,412800.0,382701.108
2012-01-15,16,175,20,169,25.0,6.0,70.15,752500.0,714580.215
2012-01-15,17,34,1,34,24.8,5.4,82.22,146200.0,121540.187
2012-01-15,18,0,0,0,24.7,5.1,95.15,0.0,0.0
2012-01-15,19,0,0,0,24.6,5.2,108.41,0.0,0.0
2012-01-15,20,0,0,0,24.6,5.3,121.96,0.0,0.0
2012-01-15,21,0,0,0,24.5,5.4,135.7,0.0,0.0
2012-01-15,22,0,0,0,24.5,5.8,149.56,0.0,0.0
2012-01-15,23,0,0,0,24.5,6.0,163.5,0.0,0.0
2012-01-16,0,0,0,0,24.4,6.0,177.46,0.0,0.0
2012-01-16,1,0,0,0,24.4,6.0,168.53,0.0,0.0
2012-01-16,2,0,0,0,24.3,5.9,154.58,0.0,0.0
2012-01-16,3,0,0,0,24.3,5.6,140.68,0.0,0.0
2012-01-16,4,0,0,0,24.2,5.5,126.89,0.0,0.0
2012-01-16,5,0,0,0,24.2,5.5,113.25,0.0,0.0
2012-01-16,6,0,0,0,24.3,5.6,99.86,0.0,0.0
2012-01-16,7,20,0,20,24.5,6.0,86.63,86000.0,62483.31
2012-01-16,8,158,124,125,24.8,6.3,74.35,679400.0,643247.449
2012-01-16,9,128,0,128,25.0,6.5,62.87,550400.0,517253.381
2012-01-16,10,282,18,271,25.2,6.6,52.94,1212600.0,1162496.388
2012-01-16,11,374,117,292,25.3,6.7,45.61,1608200.0,1546157.03
2012-01-16,12,227,7,222,25.3,6.8,42.27,976100.0,932487.732
2012-01-16,13,151,0,151,25.3,6.9,43.84,649300.0,613861.703
2012-01-16,14,100,0,100,25.2,6.9,49.86,430000.0,399529.096
2012-01-16,15,123,0,123,25.1,6.8,58.98,528900.0,496240.381
2012-01-16,16,180,58,160,24.9,6.7,69.98,774000.0,735551.646
2012-01-16,17,94,373,43,24.8,6.7,82.06,404200.0,374286.155
2012-01-16,18,0,0,0,24.7,6.9,95.01,0.0,0.0
2012-01-16,19,0,0,0,24.6,7.2,108.28,0.0,0.0
2012-01-16,20,0,0,0,24.6,7.0,121.84,0.0,0.0
2012-01-16,21,0,0,0,24.6,6.6,135.59,0.0,0.0
2012-01-16,22,0,0,0,24.6,6.2,149.46,0.0,0.0
2012-01-16,23,0,0,0,24.5,6.1,163.4,0.0,0.0
2012-01-17,0,0,0,0,24.5,6.3,177.35,0.0,0.0
2012-01-17,1,0,0,0,24.5,6.4,168.6,0.0,0.0
2012-01-17,2,0,0,0,24.5,6.3,154.64,0.0,0.0
2012-01-17,3,0,0,0,24.5,6.1,140.73,0.0,0.0
2012-01-17,4,0,0,0,24.5,6.1,126.93,0.0,0.0
2012-01-17,5,0,0,0,24.5,6.2,113.28,0.0,0.0
2012-01-17,6,0,0,0,24.6,6.5,99.87,0.0,0.0
2012-01-17,7,16,0,16,24.8,6.8,86.62,68800.0,45604.161
2012-01-17,8,84,7,82,25.0,7.1,74.32,361200.0,332201.797
2012-01-17,9,147,15,140,25.1,7.3,62.81,632100.0,597066.331
2012-01-17,10,320,92,264,25.2,7.4,52.84,1376000.0,1321128.951
2012-01-17,11,293,22,278,25.2,7.2,45.47,1259900.0,1208440.083
2012-01-17,12,184,0,184,25.1,7.1,42.08,791200.0,752325.914
2012-01-17,13,261,11,254,25.1,7.0,43.63,1122300.0,1074731.979
2012-01-17,14,357,113,284,25.0,6.9,49.66,1535100.0,1475365.139
2012-01-17,15,153,0,153,24.9,6.6,58.79,657900.0,622258.43
2012-01-17,16,185,52,167,24.8,6.3,69.8,795500.0,756519.081
2012-01-17,17,37,1,37,24.7,5.9,81.91,159100.0,134191.156
2012-01-17,18,0,0,0,24.6,5.6,94.87,0.0,0.0
2012-01-17,19,0,0,0,24.6,5.3,108.15,0.0,0.0
2012-01-17,20,0,0,0,24.5,5.2,121.72,0.0,0.0
2012-01-17,21,0,0,0,24.5,5.2,135.48,0.0,0.0
2012-01-17,22,0,0,0,24.4,5.3,149.36,0.0,0.0
2012-01-17,23,0,0,0,24.4,5.4,163.31,0.0,0.0
2012-01-18,0,0,0,0,24.3,5.6,177.23,0.0,0.0
2012-01-18,1,0,0,0,24.3,5.8,168.66,0.0,0.0
2012-01-18,2,0,0,0,24.3,5.8,154.69,0.0,0.0
2012-01-18,3,0,0,0,24.3,5.8,140.78,0.0,0.0
2012-01-18,4,0,0,0,24.3,5.5,126.96,0.0,0.0
2012-01-18,5,0,0,0,24.3,5.2,113.3,0.0,0.0
2012-01-18,6,0,0,0,24.4,4.9,99.88,0.0,0.0
2012-01-18,7,22,1,22,24.6,4.8,86.61,94600.0,70921.925
2012-01-18,8,99,12,96,24.9,4.7,74.28,425700.0,395322.339
2012-01-18,9,251,38,234,25.1,4.5,62.74,1079300.0,1032914.621
2012-01-18,10,335,55,301,25.2,4.3,52.73,1440500.0,1383683.516
2012-01-18,11,726,899,94,25.3,4.1,45.31,3121800.0,3001582.309
2012-01-18,12,777,915,96,25.4,4.1,41.89,3341100.0,3210810.573
2012-01-18,13,755,909,95,25.3,4.2,43.42,3246500.0,3120606.245
2012-01-18,14,664,885,89,25.3,4.4,49.45,2855200.0,2746666.317
2012-01-18,15,511,827,80,25.1,4.5,58.59,2197300.0,2114969.803
2012-01-18,16,314,712,66,24.9,4.4,69.63,1350200.0,1296097.053
2012-01-18,17,103,441,40,24.6,4.1,81.75,442900.0,412148.407
2012-01-18,18,0,0,0,24.5,3.7,94.72,0.0,0.0
2012-01-18,19,0,0,0,24.4,3.2,108.02,0.0,0.0
2012-01-18,20,0,0,0,24.3,2.9,121.61,0.0,0.0
2012-01-18,21,0,0,0,24.3,2.6,135.37,0.0,0.0
2012-01-18,22,0,0,0,24.2,2.3,149.26,0.0,0.0
2012-01-18,23,0,0,0,24.2,2.1,163.22,0.0,0.0
2012-01-19,0,0,0,0,24.1,2.0,177.11,0.0,0.0
2012-01-19,1,0,0,0,24.0,1.9,168.71,0.0,0.0
2012-01-19,2,0,0,0,24.0,1.8,154.74,0.0,0.0
2012-01-19,3,0,0,0,23.9,1.7,140.82,0.0,0.0
2012-01-19,4,0,0,0,23.9,1.5,126.99,0.0,0.0
2012-01-19,5,0,0,0,23.9,1.4,113.32,0.0,0.0
2012-01-19,6,0,0,0,23.9,1.2,99.88,0.0,0.0
2012-01-19,7,37,275,20,24.1,1.0,86.59,159100.0,134191.156
2012-01-19,8,236,678,52,24.4,0.9,74.24,1014800.0,970158.607
2012-01-19,9,446,825,67,24.7,0.9,62.67,1917800.0,1845469.25
2012-01-19,10,621,897,76,25.0,1.2,52.62,2670300.0,2569508.813
2012-01-19,11,587,332,353,25.2,1.6,45.15,2524100.0,2429221.503
2012-01-19,12,788,938,88,25.4,1.9,41.68,3388400.0,3255883.719
2012-01-19,13,767,934,86,25.6,2.2,43.2,3298100.0,3169818.199
2012-01-19,14,674,896,89,25.6,2.5,49.23,2898200.0,2787823.369
2012-01-19,15,520,842,79,25.6,2.9,58.4,2236000.0,2152232.024
2012-01-19,16,322,734,65,25.4,3.3,69.46,1384600.0,1329471.638
2012-01-19,17,108,473,39,25.1,3.5,81.59,464400.0,433177.396
2012-01-19,18,0,0,0,24.8,3.8,94.58,0.0,0.0
2012-01-19,19,0,0,0,24.6,4.1,107.89,0.0,0.0
2012-01-19,20,0,0,0,24.5,4.3,121.49,0.0,0.0
2012-01-19,21,0,0,0,24.3,4.5,135.26,0.0,0.0
2012-01-19,22,0,0,0,24.1,4.6,149.16,0.0,0.0
2012-01-19,23,0,0,0,24.0,4.7,163.12,0.0,0.0
2012-01-20,0,0,0,0,23.9,4.8,176.97,0.0,0.0
2012-01-20,1,0,0,0,23.8,4.9,168.76,0.0,0.0
2012-01-20,2,0,0,0,23.7,5.0,154.79,0.0,0.0
2012-01-20,3,0,0,0,23.6,5.0,140.86,0.0,0.0
2012-01-20,4,0,0,0,23.6,5.1,127.02,0.0,0.0
2012-01-20,5,0,0,0,23.5,5.2,113.33,0.0,0.0
2012-01-20,6,0,0,0,23.6,5.4,99.88,0.0,0.0
2012-01-20,7,39,310,20,23.9,5.6,86.57,167700.0,142624.335
2012-01-20,8,242,709,49,24.2,5.7,74.19,1040600.0,995265.329
2012-01-20,9,240,29,226,24.6,5.5,62.59,1032000.0,986897.062
2012-01-20,10,630,922,69,24.9,5.1,52.5,2709000.0,2606612.752
2012-01-20,11,748,945,80,25.2,4.3,44.99,3216400.0,3091888.64
2012-01-20,12,799,957,82,25.5,3.4,41.48,3435700.0,3300937.519
2012-01-20,13,778,951,82,25.7,2.6,42.97,3345400.0,3214908.932
2012-01-20,14,683,912,85,25.8,2.0,49.01,2936900.0,2824851.045
2012-01-20,15,333,78,292,25.8,1.7,58.2,1431900.0,1375344.986
2012-01-20,16,326,740,64,25.7,2.0,69.28,1401800.0,1346155.094
2012-01-20,17,110,470,40,25.4,2.5,81.44,473000.0,441587.873
2012-01-20,18,0,0,0,25.1,3.0,94.44,0.0,0.0
2012-01-20,19,0,0,0,24.8,3.5,107.76,0.0,0.0
2012-01-20,20,0,0,0,24.6,3.9,121.37,0.0,0.0
2012-01-20,21,0,0,0,24.5,4.2,135.16,0.0,0.0
2012-01-20,22,0,0,0,24.3,4.4,149.06,0.0,0.0
2012-01-20,23,0,0,0,24.2,4.6,163.02,0.0,0.0
2012-01-21,0,0,0,0,24.1,4.9,176.82,0.0,0.0
2012-01-21,1,0,0,0,24.0,5.2,168.79,0.0,0.0
2012-01-21,2,0,0,0,23.9,5.4,154.83,0.0,0.0
2012-01-21,3,0,0,0,23.9,5.6,140.89,0.0,0.0
2012-01-21,4,0,0,0,23.9,5.8,127.04,0.0,0.0
2012-01-21,5,0,0,0,23.9,6.0,113.34,0.0,0.0
2012-01-21,6,0,0,0,24.0,6.3,99.87,0.0,0.0
2012-01-21,7,37,277,21,24.2,6.7,86.55,159100.0,134191.156
2012-01-21,8,63,0,63,24.5,7.1,74.14,270900.0,243772.605
2012-01-21,9,196,9,192,24.7,7.3,62.51,842800.0,802633.368
2012-01-21,10,374,78,326,24.9,7.3,52.38,1608200.0,1546157.03
2012-01-21,11,482,126,393,25.2,7.2,44.81,2072600.0,1994814.552
2012-01-21,12,799,949,86,25.4,6.9,41.26,3435700.0,3300937.519
2012-01-21,13,779,945,85,25.6,6.8,42.74,3349700.0,3219007.13
2012-01-21,14,689,922,81,25.7,6.6,48.79,2962700.0,2849528.968
2012-01-21,15,535,871,74,25.7,6.5,58.0,2300500.0,2214306.947
2012-01-21,16,334,765,61,25.5,6.3,69.1,1436200.0,1379514.331
2012-01-21,17,116,513,38,25.2,6.1,81.28,498800.0,466815.465
2012-01-21,18,0,0,0,24.8,5.9,94.3,0.0,0.0
2012-01-21,19,0,0,0,24.5,6.0,107.64,0.0,0.0
2012-01-21,20,0,0,0,24.3,6.2,121.25,0.0,0.0
2012-01-21,21,0,0,0,24.2,6.2,135.05,0.0,0.0
2012-01-21,22,0,0,0,24.0,6.3,148.96,0.0,0.0
2012-01-21,23,0,0,0,24.0,6.7,162.93,0.0,0.0
2012-01-22,0,0,0,0,23.9,7.1,176.66,0.0,0.0
2012-01-22,1,0,0,0,23.9,7.4,168.82,0.0,0.0
2012-01-22,2,0,0,0,23.9,7.5,154.86,0.0,0.0
2012-01-22,3,0,0,0,23.9,7.8,140.91,0.0,0.0
2012-01-22,4,0,0,0,24.0,8.1,127.06,0.0,0.0
2012-01-22,5,0,0,0,24.0,8.3,113.34,0.0,0.0
2012-01-22,6,0,0,0,24.1,8.3,99.86,0.0,0.0
2012-01-22,7,36,203,24,24.2,8.2,86.52,154800.0,129974.326
2012-01-22,8,74,0,74,24.5,7.9,74.08,318200.0,290101.451
2012-01-22,9,450,793,83,24.8,7.4,62.42,1935000.0,1862073.405
2012-01-22,10,628,869,95,25.0,6.8,52.24,2700400.0,2598368.552
2012-01-22,11,750,921,95,25.2,6.2,44.63,3225000.0,3100094.47
2012-01-22,12,360,13,351,25.4,5.8,41.04,1548000.0,1487861.183
2012-01-22,13,511,132,413,25.5,5.5,42.51,2197300.0,2114969.803
2012-01-22,14,228,1,228,25.6,5.0,48.57,980400.0,936674.024
2012-01-22,15,532,835,87,25.5,4.2,57.8,2287600.0,2201894.84
2012-01-22,16,328,706,75,25.4,3.5,68.92,1410400.0,1354495.862
2012-01-22,17,75,6,74,25.1,3.0,81.12,322500.0,294312.205
2012-01-22,18,0,0,0,24.8,2.7,94.15,0.0,0.0
2012-01-22,19,0,0,0,24.5,2.5,107.51,0.0,0.0
2012-01-22,20,0,0,0,24.4,2.3,121.14,0.0,0.0
2012-01-22,21,0,0,0,24.2,2.1,134.95,0.0,0.0
2012-01-22,22,0,0,0,24.1,2.1,148.86,0.0,0.0
2012-01-22,23,0,0,0,23.9,2.1,162.83,0.0,0.0
2012-01-23,0,0,0,0,23.8,2.2,176.49,0.0,0.0
2012-01-23,1,0,0,0,23.7,2.3,168.84,0.0,0.0
2012-01-23,2,0,0,0,23.7,2.2,154.89,0.0,0.0
2012-01-23,3,0,0,0,23.7,2.0,140.94,0.0,0.0
2012-01-23,4,0,0,0,23.6,1.8,127.07,0.0,0.0
2012-01-23,5,0,0,0,23.6,1.7,113.34,0.0,0.0
2012-01-23,6,0,0,0,23.6,1.6,99.84,0.0,0.0
2012-01-23,7,36,210,23,23.8,1.7,86.48,154800.0,129974.326
2012-01-23,8,237,641,61,24.1,1.8,74.02,1019100.0,974343.461
2012-01-23,9,451,802,78,24.3,1.9,62.32,1939300.0,1866224.044
2012-01-23,10,629,880,88,24.6,2.1,52.11,2704700.0,2602490.732
2012-01-23,11,748,907,100,24.9,2.4,44.45,3216400.0,3091888.64
2012-01-23,12,301,2,299,25.1,2.5,40.81,1294300.0,1241841.528
2012-01-23,13,221,0,220,25.2,2.5,42.26,950300.0,907366.62
2012-01-23,14,687,882,101,25.3,2.4,48.34,2954100.0,2841303.633
2012-01-23,15,312,51,285,25.3,2.2,57.6,1341600.0,1287751.808
2012-01-23,16,37,0,37,25.2,1.9,68.74,159100.0,134191.156
2012-01-23,17,115,432,47,25.0,1.6,80.97,494500.0,462611.266
2012-01-23,18,0,0,0,24.7,1.4,94.01,0.0,0.0
2012-01-23,19,0,0,0,24.6,1.2,107.38,0.0,0.0
2012-01-23,20,0,0,0,24.4,1.2,121.02,0.0,0.0
2012-01-23,21,0,0,0,24.2,1.4,134.84,0.0,0.0
2012-01-23,22,0,0,0,24.0,1.5,148.77,0.0,0.0
2012-01-23,23,0,0,0,23.8,1.6,162.73,0.0,0.0
2012-01-24,0,0,0,0,23.6,1.7,176.31,0.0,0.0
2012-01-24,1,0,0,0,23.4,1.7,168.85,0.0,0.0
2012-01-24,2,0,0,0,23.3,1.6,154.91,0.0,0.0
2012-01-24,3,0,0,0,23.2,1.4,140.95,0.0,0.0
2012-01-24,4,0,0,0,23.1,1.3,127.07,0.0,0.0
2012-01-24,5,0,0,0,23.1,1.2,113.34,0.0,0.0
2012-01-24,6,0,0,0,23.1,1.1,99.82,0.0,0.0
2012-01-24,7,36,195,24,23.3,1.0,86.44,154800.0,129974.326
2012-01-24,8,238,637,62,23.5,1.0,73.95,1023400.0,978528.154
2012-01-24,9,454,810,77,23.8,1.2,62.22,1952200.0,1878675.001
2012-01-24,10,521,361,299,24.2,1.3,51.96,2240300.0,2156371.471
2012-01-24,11,754,921,94,24.6,1.2,44.26,3242200.0,3116504.21
2012-01-24,12,808,939,95,25.0,1.2,40.58,3474400.0,3337785.33
2012-01-24,13,788,937,92,25.2,1.3,42.02,3388400.0,3255883.719
2012-01-24,14,692,889,98,25.4,1.2,48.11,2975600.0,2861865.771
2012-01-24,15,290,39,269,25.4,1.2,57.39,1247000.0,1195911.903
2012-01-24,16,335,715,73,25.4,1.3,68.56,1440500.0,1383683.516
2012-01-24,17,72,3,71,25.2,1.3,80.81,309600.0,281679.464
2012-01-24,18,0,0,0,25.0,1.3,93.87,0.0,0.0
2012-01-24,19,0,0,0,24.9,1.4,107.26,0.0,0.0
2012-01-24,20,0,0,0,24.7,1.6,120.91,0.0,0.0
2012-01-24,21,0,0,0,24.6,1.7,134.74,0.0,0.0
2012-01-24,22,0,0,0,24.4,1.7,148.67,0.0,0.0
2012-01-24,23,0,0,0,24.3,1.7,162.63,0.0,0.0
2012-01-25,0,0,0,0,24.1,1.8,176.13,0.0,0.0
2012-01-25,1,0,0,0,24.0,1.9,168.85,0.0,0.0
2012-01-25,2,0,0,0,23.9,2.0,154.93,0.0,0.0
2012-01-25,3,0,0,0,23.8,2.2,140.97,0.0,0.0
2012-01-25,4,0,0,0,23.8,2.5,127.08,0.0,0.0
2012-01-25,5,0,0,0,23.7,2.9,113.33,0.0,0.0
2012-01-25,6,0,0,0,23.8,3.3,99.79,0.0,0.0
2012-01-25,7,37,218,24,24.0,3.7,86.39,159100.0,134191.156
2012-01-25,8,238,638,61,24.3,3.9,73.88,1023400.0,978528.154
2012-01-25,9,452,797,79,24.4,3.7,62.11,1943600.0,1870374.523
2012-01-25,10,630,876,89,24.6,3.3,51.82,2709000.0,2606612.752
2012-01-25,11,609,338,366,24.7,2.8,44.06,2618700.0,2520016.749
2012-01-25,12,248,1,248,24.8,2.5,40.34,1066400.0,1020366.296
2012-01-25,13,564,193,420,24.9,2.2,41.77,2425200.0,2334216.462
2012-01-25,14,363,44,334,25.0,1.9,47.88,1560900.0,1500355.788
2012-01-25,15,375,125,307,25.0,1.8,57.18,1612500.0,1550319.82
2012-01-25,16,194,21,186,25.0,1.9,68.38,834200.0,794250.391
2012-01-25,17,119,454,46,24.9,1.9,80.65,511700.0,479427.102
2012-01-25,18,0,0,0,24.8,1.9,93.73,0.0,0.0
2012-01-25,19,0,0,0,24.8,2.1,107.13,0.0,0.0
2012-01-25,20,0,0,0,24.7,2.5,120.8,0.0,0.0
2012-01-25,21,0,0,0,24.6,3.0,134.63,0.0,0.0
2012-01-25,22,0,0,0,24.5,3.4,148.57,0.0,0.0
2012-01-25,23,0,0,0,24.3,3.7,162.53,0.0,0.0
2012-01-26,0,0,0,0,24.2,3.9,175.94,0.0,0.0
2012-01-26,1,0,0,0,24.0,4.1,168.84,0.0,0.0
2012-01-26,2,0,0,0,23.9,4.2,154.94,0.0,0.0
2012-01-26,3,0,0,0,23.9,4.4,140.97,0.0,0.0
2012-01-26,4,0,0,0,23.9,4.5,127.07,0.0,0.0
2012-01-26,5,0,0,0,23.9,4.7,113.31,0.0,0.0
2012-01-26,6,0,0,0,24.0,4.9,99.76,0.0,0.0
2012-01-26,7,39,274,22,24.2,5.4,86.34,167700.0,142624.335
2012-01-26,8,103,3,102,24.5,5.8,73.8,442900.0,412148.407
2012-01-26,9,18,0,18,24.6,6.0,62.0,77400.0,54044.055
2012-01-26,10,227,1,226,24.8,6.0,51.66,976100.0,932487.732
2012-01-26,11,752,920,88,24.9,5.9,43.85,3233600.0,3108299.66
2012-01-26,12,513,131,413,24.9,5.7,40.1,2205900.0,2123251.416
2012-01-26,13,784,929,88,24.9,5.5,41.51,3371200.0,3239495.723
2012-01-26,14,93,0,93,24.9,5.2,47.64,399900.0,370078.439
2012-01-26,15,298,45,273,24.9,4.9,56.98,1281400.0,1229317.185
2012-01-26,16,159,9,156,24.7,4.8,68.2,683700.0,647444.773
2012-01-26,17,122,480,43,24.5,4.5,80.49,524600.0,492037.301
2012-01-26,18,0,0,0,24.4,4.2,93.59,0.0,0.0
2012-01-26,19,0,0,0,24.3,3.9,107.01,0.0,0.0
2012-01-26,20,0,0,0,24.2,3.6,120.69,0.0,0.0
2012-01-26,21,0,0,0,24.1,3.5,134.53,0.0,0.0
2012-01-26,22,0,0,0,24.1,3.3,148.48,0.0,0.0
2012-01-26,23,0,0,0,24.0,3.2,162.43,0.0,0.0
2012-01-27,0,0,0,0,24.0,3.0,175.74,0.0,0.0
2012-01-27,1,0,0,0,23.9,2.8,168.83,0.0,0.0
2012-01-27,2,0,0,0,23.8,2.5,154.94,0.0,0.0
2012-01-27,3,0,0,0,23.8,2.3,140.97,0.0,0.0
2012-01-27,4,0,0,0,23.7,2.1,127.07,0.0,0.0
2012-01-27,5,0,0,0,23.7,1.8,113.29,0.0,0.0
2012-01-27,6,0,0,0,23.8,1.5,99.72,0.0,0.0
2012-01-27,7,40,282,21,23.9,1.1,86.29,172000.0,146840.685
2012-01-27,8,243,685,51,24.0,0.7,73.72,1044900.0,999449.224
2012-01-27,9,457,832,65,24.2,0.6,61.89,1965100.0,1891124.52
2012-01-27,10,636,907,71,24.5,0.9,51.5,2734800.0,2631341.517
2012-01-27,11,751,909,93,24.7,1.3,43.64,3229300.0,3104197.145
2012-01-27,12,341,7,335,24.9,1.5,39.85,1466300.0,1408695.269
2012-01-27,13,215,0,215,25.0,1.7,41.25,924500.0,882239.753
2012-01-27,14,296,7,291,25.1,1.9,47.4,1272800.0,1220966.824
2012-01-27,15,218,4,216,25.1,2.2,56.77,937400.0,894803.906
2012-01-27,16,340,722,70,25.1,2.5,68.02,1462000.0,1404527.043
2012-01-27,17,124,476,44,24.9,2.7,80.34,533200.0,500443.3
2012-01-27,18,0,0,0,24.7,2.9,93.45,0.0,0.0
2012-01-27,19,0,0,0,24.6,3.0,106.88,0.0,0.0
2012-01-27,20,0,0,0,24.4,3.2,120.58,0.0,0.0
2012-01-27,21,0,0,0,24.2,3.3,134.43,0.0,0.0
2012-01-27,22,0,0,0,24.0,3.4,148.38,0.0,0.0
2012-01-27,23,0,0,0,23.9,3.6,162.33,0.0,0.0
2012-01-28,0,0,0,0,23.8,3.9,175.53,0.0,0.0
2012-01-28,1,0,0,0,23.8,4.1,168.8,0.0,0.0
2012-01-28,2,0,0,0,23.8,4.4,154.94,0.0,0.0
2012-01-28,3,0,0,0,23.7,4.8,140.97,0.0,0.0
2012-01-28,4,0,0,0,23.7,5.1,127.05,0.0,0.0
2012-01-28,5,0,0,0,23.8,5.4,113.26,0.0,0.0
2012-01-28,6,0,0,0,23.9,5.7,99.68,0.0,0.0
2012-01-28,7,40,263,23,24.2,6.1,86.23,172000.0,146840.685
2012-01-28,8,8,0,8,24.5,6.5,73.63,34400.0,11838.188
2012-01-28,9,371,288,234,24.7,6.7,61.76,1595300.0,1533667.701
2012-01-28,10,645,900,83,24.9,6.7,51.34,2773500.0,2668423.873
2012-01-28,11,767,923,97,25.1,6.6,43.43,3298100.0,3169818.199
2012-01-28,12,824,946,94,25.2,6.6,39.59,3543200.0,3403260.574
2012-01-28,13,805,947,90,25.3,6.5,40.99,3461500.0,3325504.166
2012-01-28,14,715,930,83,25.3,6.5,47.16,3074500.0,2956400.124
2012-01-28,15,558,879,74,25.3,6.6,56.56,2399400.0,2309418.628
2012-01-28,16,355,775,62,25.1,6.7,67.84,1526500.0,1467033.644
2012-01-28,17,5,0,5,24.8,6.8,80.18,21500.0,0.0
2012-01-28,18,0,0,0,24.5,6.9,93.31,0.0,0.0
2012-01-28,19,0,0,0,24.2,7.2,106.76,0.0,0.0
2012-01-28,20,0,0,0,24.0,7.3,120.47,0.0,0.0
2012-01-28,21,0,0,0,23.9,7.4,134.33,0.0,0.0
2012-01-28,22,0,0,0,23.8,7.4,148.29,0.0,0.0
2012-01-28,23,0,0,0,23.7,7.3,162.23,0.0,0.0
2012-01-29,0,0,0,0,23.6,7.2,175.31,0.0,0.0
2012-01-29,1,0,0,0,23.6,7.1,168.76,0.0,0.0
2012-01-29,2,0,0,0,23.5,7.0,154.93,0.0,0.0
2012-01-29,3,0,0,0,23.4,7.0,140.96,0.0,0.0
2012-01-29,4,0,0,0,23.4,7.0,127.03,0.0,0.0
2012-01-29,5,0,0,0,23.4,7.2,113.23,0.0,0.0
2012-01-29,6,0,0,0,23.5,7.4,99.64,0.0,0.0
2012-01-29,7,44,324,22,23.8,7.8,86.16,189200.0,163704.485
2012-01-29,8,256,719,52,24.2,8.0,73.54,1100800.0,1053825.298
2012-01-29,9,319,104,270,24.5,8.0,61.64,1371700.0,1316957.368
2012-01-29,10,658,924,78,24.7,7.8,51.16,2829400.0,2721964.412
2012-01-29,11,780,946,91,24.9,7.7,43.21,3354000.0,3223105.168
2012-01-29,12,835,960,93,25.1,7.6,39.33,3590500.0,3448251.061
2012-01-29,13,814,952,92,25.1,7.5,40.72,3500200.0,3362343.343
2012-01-29,14,722,927,88,25.1,7.5,46.92,3104600.0,2985154.662
2012-01-29,15,564,869,82,25.0,7.5,56.34,2425200.0,2334216.462
2012-01-29,16,189,16,183,24.7,7.5,67.66,812700.0,773290.151
2012-01-29,17,134,509,46,24.4,7.5,80.03,576200.0,542463.706
2012-01-29,18,0,0,0,24.1,7.4,93.18,0.0,0.0
2012-01-29,19,0,0,0,24.0,7.4,106.64,0.0,0.0
2012-01-29,20,0,0,0,23.9,7.4,120.36,0.0,0.0
2012-01-29,21,0,0,0,23.8,7.3,134.23,0.0,0.0
2012-01-29,22,0,0,0,23.8,7.1,148.19,0.0,0.0
2012-01-29,23,0,0,0,23.7,6.8,162.12,0.0,0.0
2012-01-30,0,0,0,0,23.7,6.5,175.09,0.0,0.0
2012-01-30,1,0,0,0,23.6,6.3,168.71,0.0,0.0
2012-01-30,2,0,0,0,23.6,6.2,154.91,0.0,0.0
2012-01-30,3,0,0,0,23.5,6.2,140.94,0.0,0.0
2012-01-30,4,0,0,0,23.5,6.3,127.01,0.0,0.0
2012-01-30,5,0,0,0,23.4,6.4,113.2,0.0,0.0
2012-01-30,6,0,0,0,23.5,6.6,99.58,0.0,0.0
2012-01-30,7,43,275,25,23.7,6.9,86.09,184900.0,159488.775
2012-01-30,8,191,115,158,23.9,7.1,73.44,821300.0,781674.727
2012-01-30,9,337,140,271,24.1,7.0,61.5,1449100.0,1392021.407
2012-01-30,10,274,6,270,24.3,6.9,50.99,1178200.0,1129070.641
2012-01-30,11,442,89,377,24.5,6.8,42.98,1900600.0,1828862.537
2012-01-30,12,607,218,438,24.7,6.7,39.06,2610100.0,2511765.833
2012-01-30,13,375,17,361,24.8,6.7,40.45,1612500.0,1550319.82
2012-01-30,14,723,924,89,24.8,6.6,46.67,3108900.0,2989261.813
2012-01-30,15,331,58,298,24.7,6.6,56.13,1423300.0,1367005.816
2012-01-30,16,102,0,102,24.6,6.6,67.48,438600.0,407942.13
2012-01-30,17,136,508,47,24.3,6.6,79.87,584800.0,550865.869
2012-01-30,18,0,0,0,24.1,6.6,93.04,0.0,0.0
2012-01-30,19,0,0,0,24.0,6.6,106.52,0.0,0.0
2012-01-30,20,0,0,0,23.9,6.6,120.25,0.0,0.0
2012-01-30,21,0,0,0,23.8,6.5,134.13,0.0,0.0
2012-01-30,22,0,0,0,23.7,6.3,148.09,0.0,0.0
2012-01-30,23,0,0,0,23.6,5.9,162.01,0.0,0.0
2012-01-31,0,0,0,0,23.5,5.4,174.86,0.0,0.0
2012-01-31,1,0,0,0,23.4,5.2,168.64,0.0,0.0
2012-01-31,2,0,0,0,23.3,5.0,154.89,0.0,0.0
2012-01-31,3,0,0,0,23.2,4.9,140.92,0.0,0.0
2012-01-31,4,0,0,0,23.2,4.8,126.98,0.0,0.0
2012-01-31,5,0,0,0,23.1,4.9,113.16,0.0,0.0
2012-01-31,6,0,0,0,23.3,5.0,99.53,0.0,0.0
2012-01-31,7,44,276,25,23.6,5.3,86.02,189200.0,163704.485
2012-01-31,8,256,691,58,24.0,5.4,73.34,1100800.0,1053825.298
2012-01-31,9,258,34,242,24.3,5.2,61.37,1109400.0,1062188.45
2012-01-31,10,459,152,363,24.6,4.8,50.81,1973700.0,1899423.4
2012-01-31,11,566,204,416,24.9,4.3,42.75,2433800.0,2342481.127
2012-01-31,12,737,503,345,25.1,3.7,38.79,3169100.0,3046745.147
2012-01-31,13,599,217,433,25.3,3.1,40.17,2575700.0,2478755.775
2012-01-31,14,323,11,315,25.4,2.6,46.42,1388900.0,1333642.742
2012-01-31,15,574,881,80,25.4,2.5,55.92,2468200.0,2375533.393
2012-01-31,16,367,773,68,25.3,2.6,67.3,1578100.0,1517013.024
2012-01-31,17,141,534,45,25.0,2.8,79.72,606300.0,571868.477
2012-01-31,18,0,0,0,24.7,3.1,92.91,0.0,0.0
2012-01-31,19,0,0,0,24.5,3.3,106.4,0.0,0.0
2012-01-31,20,0,0,0,24.3,3.4,120.14,0.0,0.0
2012-01-31,21,0,0,0,24.1,3.4,134.04,0.0,0.0
2012-01-31,22,0,0,0,23.9,3.2,148.0,0.0,0.0
2012-01-31,23,0,0,0,23.8,3.0,161.9,0.0,0.0
2012-02-01,0,0,0,0,23.6,2.8,174.63,0.0,0.0
2012-02-01,1,0,0,0,23.5,2.6,168.57,0.0,0.0
2012-02-01,2,0,0,0,23.4,2.5,154.86,0.0,0.0
2012-02-01,3,0,0,0,23.3,2.4,140.89,0.0,0.0
2012-02-01,4,0,0,0,23.2,2.4,126.95,0.0,0.0
2012-02-01,5,0,0,0,23.2,2.4,113.11,0.0,0.0
2012-02-01,6,0,0,0,23.3,2.5,99.47,0.0,0.0
2012-02-01,7,45,279,25,23.7,2.9,85.94,193500.0,167920.036
2012-02-01,8,92,1,92,24.0,3.3,73.23,395600.0,365870.563
2012-02-01,9,56,0,56,24.3,3.7,61.22,240800.0,214280.539
2012-02-01,10,318,26,302,24.6,4.1,50.62,1367400.0,1312785.625
2012-02-01,11,578,224,413,24.8,4.4,42.51,2485400.0,2392055.69
2012-02-01,12,586,180,445,25.0,4.7,38.51,2519800.0,2425092.607
2012-02-01,13,481,104,401,25.1,4.8,39.89,2068300.0,1990668.869
2012-02-01,14,217,0,216,25.1,4.9,46.17,933100.0,890616.015
2012-02-01,15,157,0,157,25.0,4.9,55.7,675100.0,639049.965
2012-02-01,16,374,799,64,24.8,4.9,67.12,1608200.0,1546157.03
2012-02-01,17,147,576,42,24.5,4.9,79.56,632100.0,597066.331
2012-02-01,18,0,0,0,24.2,5.0,92.77,0.0,0.0
2012-02-01,19,0,0,0,24.0,5.3,106.28,0.0,0.0
2012-02-01,20,0,0,0,23.9,5.5,120.04,0.0,0.0
2012-02-01,21,0,0,0,23.7,5.6,133.94,0.0,0.0
2012-02-01,22,0,0,0,23.6,5.7,147.9,0.0,0.0
2012-02-01,23,0,0,0,23.6,5.7,161.79,0.0,0.0
2012-02-02,0,0,0,0,23.5,5.8,174.39,0.0,0.0
2012-02-02,1,0,0,0,23.5,6.0,168.49,0.0,0.0
2012-02-02,2,0,0,0,23.5,6.2,154.82,0.0,0.0
2012-02-02,3,0,0,0,23.5,6.5,140.86,0.0,0.0
2012-02-02,4,0,0,0,23.5,6.7,126.91,0.0,0.0
2012-02-02,5,0,0,0,23.4,6.9,113.06,0.0,0.0
2012-02-02,6,0,0,0,23.4,7.0,99.4,0.0,0.0
2012-02-02,7,48,333,24,23.6,7.2,85.86,206400.0,180565.728
2012-02-02,8,265,728,53,23.9,7.1,73.12,1139500.0,1091454.445
2012-02-02,9,489,872,68,24.1,6.8,61.07,2102700.0,2023829.854
2012-02-02,10,675,939,76,24.3,6.3,50.43,2902500.0,2791938.195
2012-02-02,11,802,977,78,24.6,5.6,42.26,3448600.0,3313221.562
2012-02-02,12,858,990,81,24.8,4.8,38.23,3689400.0,3542259.568
2012-02-02,13,459,74,402,24.9,4.1,39.61,1973700.0,1899423.4
2012-02-02,14,744,951,83,25.0,3.3,45.92,3199200.0,3075475.063
2012-02-02,15,586,902,75,25.1,2.5,55.49,2519800.0,2425092.607
2012-02-02,16,379,805,64,25.0,1.8,66.93,1629700.0,1566969.38
2012-02-02,17,149,575,44,24.7,1.4,79.41,640700.0,605464.337
2012-02-02,18,0,0,0,24.4,1.5,92.64,0.0,0.0
2012-02-02,19,0,0,0,24.2,1.7,106.17,0.0,0.0
2012-02-02,20,0,0,0,24.0,1.9,119.93,0.0,0.0
2012-02-02,21,0,0,0,23.7,2.0,133.84,0.0,0.0
2012-02-02,22,0,0,0,23.5,2.0,147.81,0.0,0.0
2012-02-02,23,0,0,0,23.4,1.9,161.68,0.0,0.0
2012-02-03,0,0,0,0,23.2,1.7,174.14,0.0,0.0
2012-02-03,1,0,0,0,23.1,1.7,168.39,0.0,0.0
2012-02-03,2,0,0,0,23.0,1.6,154.77,0.0,0.0
2012-02-03,3,0,0,0,22.9,1.4,140.82,0.0,0.0
2012-02-03,4,0,0,0,22.8,1.1,126.86,0.0,0.0
2012-02-03,5,0,0,0,22.8,0.9,113.0,0.0,0.0
2012-02-03,6,0,0,0,22.8,0.7,99.33,0.0,0.0
2012-02-03,7,50,359,23,23.0,0.7,85.77,215000.0,188995.39
2012-02-03,8,268,738,52,23.2,0.8,73.0,1152400.0,1103994.616
2012-02-03,9,493,877,66,23.6,1.3,60.92,2119900.0,2040406.51
2012-02-03,10,594,490,280,23.9,1.9,50.23,2554200.0,2458119.293
2012-02-03,11,805,975,81,24.2,2.3,42.01,3461500.0,3325504.166
2012-02-03,12,862,988,83,24.5,2.8,37.94,3706600.0,3558600.239
2012-02-03,13,843,984,82,24.6,3.3,39.32,3624900.0,3480959.265
2012-02-03,14,750,955,82,24.7,3.6,45.66,3225000.0,3100094.47
2012-02-03,15,590,902,76,24.7,3.7,55.28,2537000.0,2441607.229
2012-02-03,16,382,804,65,24.6,3.7,66.76,1642600.0,1579454.872
2012-02-03,17,152,578,44,24.3,3.7,79.26,653600.0,618060.147
2012-02-03,18,0,0,0,24.0,3.5,92.51,0.0,0.0
2012-02-03,19,0,0,0,23.9,3.3,106.05,0.0,0.0
2012-02-03,20,0,0,0,23.7,3.2,119.83,0.0,0.0
2012-02-03,21,0,0,0,23.6,3.1,133.75,0.0,0.0
2012-02-03,22,0,0,0,23.5,3.1,147.71,0.0,0.0
2012-02-03,23,0,0,0,23.4,3.1,161.56,0.0,0.0
2012-02-04,0,0,0,0,23.3,3.1,173.89,0.0,0.0
2012-02-04,1,0,0,0,23.2,3.1,168.28,0.0,0.0
2012-02-04,2,0,0,0,23.1,3.1,154.72,0.0,0.0
2012-02-04,3,0,0,0,23.1,3.0,140.77,0.0,0.0
2012-02-04,4,0,0,0,23.0,2.9,126.81,0.0,0.0
2012-02-04,5,0,0,0,23.0,3.0,112.94,0.0,0.0
2012-02-04,6,0,0,0,23.2,3.1,99.25,0.0,0.0
2012-02-04,7,49,321,24,23.5,3.5,85.68,210700.0,184780.639
2012-02-04,8,264,712,54,23.8,3.9,72.88,1135200.0,1087274.068
2012-02-04,9,485,852,69,24.0,4.3,60.76,2085500.0,2007250.641
2012-02-04,10,669,921,77,24.3,4.5,50.02,2876700.0,2767246.842
2012-02-04,11,745,622,281,24.7,4.6,41.76,3203500.0,3079578.697
2012-02-04,12,511,117,418,25.0,4.5,37.65,2197300.0,2114969.803
2012-02-04,13,357,9,351,25.1,4.4,39.03,1535100.0,1475365.139
2012-02-04,14,286,3,284,25.2,4.3,45.4,1229800.0,1179205.425
2012-02-04,15,264,15,255,25.2,4.1,55.06,1135200.0,1087274.068
2012-02-04,16,68,0,68,25.1,4.1,66.58,292400.0,264833.57
2012-02-04,17,45,0,45,24.9,4.2,79.11,193500.0,167920.036
2012-02-04,18,0,0,0,24.6,4.3,92.38,0.0,0.0
2012-02-04,19,0,0,0,24.4,4.4,105.94,0.0,0.0
2012-02-04,20,0,0,0,24.3,4.5,119.73,0.0,0.0
2012-02-04,21,0,0,0,24.1,4.6,133.65,0.0,0.0
2012-02-04,22,0,0,0,24.0,4.6,147.62,0.0,0.0
2012-02-04,23,0,0,0,23.9,4.5,161.45,0.0,0.0
2012-02-05,0,0,0,0,23.9,4.3,173.63,0.0,0.0
2012-02-05,1,0,0,0,23.8,4.0,168.16,0.0,0.0
2012-02-05,2,0,0,0,23.8,3.8,154.66,0.0,0.0
2012-02-05,3,0,0,0,23.8,3.5,140.72,0.0,0.0
2012-02-05,4,0,0,0,23.7,3.4,126.75,0.0,0.0
2012-02-05,5,0,0,0,23.7,3.6,112.88,0.0,0.0
2012-02-05,6,0,0,0,23.9,3.9,99.17,0.0,0.0
2012-02-05,7,52,368,23,24.1,4.5,85.58,223600.0,197424.413
2012-02-05,8,269,739,50,24.4,4.9,72.75,1156700.0,1108174.353
2012-02-05,9,489,871,62,24.5,5.1,60.6,2102700.0,2023829.854
2012-02-05,10,208,1,208,24.7,5.3,49.82,894400.0,852917.8
2012-02-05,11,796,960,77,24.9,5.2,41.5,3422800.0,3288652.038
2012-02-05,12,816,697,263,25.1,5.2,37.35,3508800.0,3370528.068
2012-02-05,13,796,678,267,25.2,5.0,38.73,3422800.0,3288652.038
2012-02-05,14,175,0,175,25.2,4.8,45.15,752500.0,714580.215
2012-02-05,15,218,2,216,25.2,4.4,54.85,937400.0,894803.906
2012-02-05,16,219,31,206,24.9,4.2,66.4,941700.0,898991.637
2012-02-05,17,147,504,51,24.5,4.1,78.96,632100.0,597066.331
2012-02-05,18,0,0,0,24.1,4.0,92.25,0.0,0.0
2012-02-05,19,0,0,0,23.8,3.9,105.83,0.0,0.0
2012-02-05,20,0,0,0,23.5,3.7,119.63,0.0,0.0
2012-02-05,21,0,0,0,23.3,3.5,133.56,0.0,0.0
2012-02-05,22,0,0,0,23.1,3.3,147.52,0.0,0.0
2012-02-05,23,0,0,0,22.9,3.0,161.33,0.0,0.0
2012-02-06,0,0,0,0,22.8,2.6,173.36,0.0,0.0
2012-02-06,1,0,0,0,22.7,2.3,168.03,0.0,0.0
2012-02-06,2,0,0,0,22.6,1.9,154.59,0.0,0.0
2012-02-06,3,0,0,0,22.5,1.6,140.66,0.0,0.0
2012-02-06,4,0,0,0,22.5,1.4,126.69,0.0,0.0
2012-02-06,5,0,0,0,22.5,1.4,112.8,0.0,0.0
2012-02-06,6,0,0,0,22.6,1.5,99.08,0.0,0.0
2012-02-06,7,46,192,30,22.8,1.6,85.47,197800.0,172135.426
2012-02-06,8,72,0,72,23.0,1.7,72.62,309600.0,281679.464
2012-02-06,9,69,0,69,23.4,2.0,60.43,296700.0,269045.283
2012-02-06,10,147,0,147,23.9,2.6,49.6,632100.0,597066.331
2012-02-06,11,504,124,410,24.3,3.3,41.23,2167200.0,2085979.122
2012-02-06,12,548,141,435,24.5,3.9,37.05,2356400.0,2268076.116
2012-02-06,13,577,182,434,24.6,4.4,38.44,2481100.0,2387925.355
2012-02-06,14,425,89,362,24.5,4.7,44.89,1827500.0,1758255.468
2012-02-06,15,306,47,279,24.4,4.9,54.63,1315800.0,1262712.235
2012-02-06,16,379,784,63,24.2,5.0,66.22,1629700.0,1566969.38
2012-02-06,17,68,1,67,23.9,5.0,78.81,292400.0,264833.57
2012-02-06,18,0,0,0,23.8,4.9,92.12,0.0,0.0
2012-02-06,19,0,0,0,23.7,4.8,105.71,0.0,0.0
2012-02-06,20,0,0,0,23.6,4.7,119.53,0.0,0.0
2012-02-06,21,0,0,0,23.4,4.6,133.46,0.0,0.0
2012-02-06,22,0,0,0,23.3,4.6,147.43,0.0,0.0
2012-02-06,23,0,0,0,23.3,4.7,161.2,0.0,0.0
2012-02-07,0,0,0,0,23.3,4.9,173.09,0.0,0.0
2012-02-07,1,0,0,0,23.2,5.1,167.89,0.0,0.0
2012-02-07,2,0,0,0,23.3,5.2,154.52,0.0,0.0
2012-02-07,3,0,0,0,23.3,5.3,140.6,0.0,0.0
2012-02-07,4,0,0,0,23.4,5.6,126.63,0.0,0.0
2012-02-07,5,0,0,0,23.5,5.9,112.73,0.0,0.0
2012-02-07,6,0,0,0,23.7,6.5,98.99,0.0,0.0
2012-02-07,7,51,303,26,23.9,7.4,85.37,219300.0,193209.981
2012-02-07,8,179,50,164,24.2,8.2,72.48,769700.0,731357.68
2012-02-07,9,106,0,106,24.4,8.9,60.26,455800.0,424766.28
2012-02-07,10,102,0,102,24.6,9.4,49.39,438600.0,407942.13
2012-02-07,11,481,105,401,24.7,9.7,40.96,2068300.0,1990668.869
2012-02-07,12,461,69,405,24.8,9.8,36.74,1982300.0,1907721.64
2012-02-07,13,291,1,290,24.8,9.5,38.13,1251300.0,1200088.123
2012-02-07,14,449,96,381,24.7,8.9,44.63,1930700.0,1857922.606
2012-02-07,15,357,70,316,24.6,8.1,54.42,1535100.0,1475365.139
2012-02-07,16,363,664,94,24.3,7.4,66.04,1560900.0,1500355.788
2012-02-07,17,86,3,86,24.0,6.9,78.66,369800.0,340619.948
2012-02-07,18,0,0,0,23.7,6.8,91.99,0.0,0.0
2012-02-07,19,0,0,0,23.4,6.8,105.6,0.0,0.0
2012-02-07,20,0,0,0,23.2,6.9,119.43,0.0,0.0
2012-02-07,21,0,0,0,23.2,7.3,133.37,0.0,0.0
2012-02-07,22,0,0,0,23.1,7.7,147.33,0.0,0.0
2012-02-07,23,0,0,0,23.0,7.8,161.08,0.0,0.0
2012-02-08,0,0,0,0,22.8,8.1,172.82,0.0,0.0
2012-02-08,1,0,0,0,22.5,8.8,167.74,0.0,0.0
2012-02-08,2,0,0,0,22.1,9.0,154.43,0.0,0.0
2012-02-08,3,0,0,0,21.9,8.5,140.53,0.0,0.0
2012-02-08,4,0,0,0,21.8,8.1,126.55,0.0,0.0
2012-02-08,5,0,0,0,21.7,7.9,112.65,0.0,0.0
2012-02-08,6,0,0,0,21.7,7.6,98.9,0.0,0.0
2012-02-08,7,51,210,33,21.9,7.4,85.25,219300.0,193209.981
2012-02-08,8,269,635,76,22.1,7.3,72.34,1156700.0,1108174.353
2012-02-08,9,494,793,99,22.3,7.4,60.09,2124200.0,2044550.274
2012-02-08,10,679,863,115,22.4,7.7,49.17,2919700.0,2808395.899
2012-02-08,11,165,0,165,22.6,7.9,40.69,709500.0,672625.36
2012-02-08,12,555,129,451,22.6,7.8,36.43,2386500.0,2297017.553
2012-02-08,13,856,939,114,22.6,7.7,37.83,3680800.0,3534088.272
2012-02-08,14,505,130,412,22.6,7.4,44.37,2171500.0,2090121.128
2012-02-08,15,509,379,287,22.6,6.9,54.2,2188700.0,2106687.551
2012-02-08,16,398,791,75,22.4,6.5,65.87,1711400.0,1646019.861
2012-02-08,17,163,557,52,22.1,6.1,78.52,700900.0,664232.47
2012-02-08,18,0,0,0,21.7,5.7,91.87,0.0,0.0
2012-02-08,19,0,0,0,21.5,5.6,105.49,0.0,0.0
2012-02-08,20,0,0,0,21.4,5.4,119.33,0.0,0.0
2012-02-08,21,0,0,0,21.3,5.2,133.28,0.0,0.0
2012-02-08,22,0,0,0,21.1,4.9,147.23,0.0,0.0
2012-02-08,23,0,0,0,21.1,4.6,160.95,0.0,0.0
2012-02-09,0,0,0,0,21.0,4.5,172.54,0.0,0.0
2012-02-09,1,0,0,0,21.0,4.4,167.58,0.0,0.0
2012-02-09,2,0,0,0,21.0,4.3,154.34,0.0,0.0
2012-02-09,3,0,0,0,21.0,4.1,140.45,0.0,0.0
2012-02-09,4,0,0,0,21.1,4.0,126.48,0.0,0.0
2012-02-09,5,0,0,0,21.2,4.0,112.56,0.0,0.0
2012-02-09,6,0,0,0,21.5,4.2,98.8,0.0,0.0
2012-02-09,7,56,319,29,21.9,4.5,85.14,240800.0,214280.539
2012-02-09,8,278,704,63,22.3,4.8,72.19,1195400.0,1145784.794
2012-02-09,9,506,852,79,22.6,4.9,59.91,2175800.0,2094262.973
2012-02-09,10,695,925,88,23.0,4.9,48.94,2988500.0,2874201.136
2012-02-09,11,825,966,90,23.3,4.7,40.41,3547500.0,3407351.418
2012-02-09,12,884,981,91,23.5,4.5,36.11,3801200.0,3583333.333
2012-02-09,13,758,510,353,23.6,4.2,37.52,3259400.0,3132911.392
2012-02-09,14,767,937,94,23.7,4.1,44.1,3298100.0,3169818.199
2012-02-09,15,607,885,86,23.8,4.2,53.99,2610100.0,2511765.833
2012-02-09,16,397,785,74,23.7,4.5,65.69,1707100.0,1641860.748
2012-02-09,17,163,561,50,23.4,4.8,78.37,700900.0,664232.47
2012-02-09,18,0,0,0,23.1,5.2,91.74,0.0,0.0
2012-02-09,19,0,0,0,23.0,5.7,105.39,0.0,0.0
2012-02-09,20,0,0,0,22.8,6.2,119.23,0.0,0.0
2012-02-09,21,0,0,0,22.7,6.5,133.19,0.0,0.0
2012-02-09,22,0,0,0,22.6,6.7,147.13,0.0,0.0
2012-02-09,23,0,0,0,22.5,6.5,160.82,0.0,0.0
2012-02-10,0,0,0,0,22.5,5.9,172.25,0.0,0.0
2012-02-10,1,0,0,0,22.4,5.4,167.4,0.0,0.0
2012-02-10,2,0,0,0,22.4,5.2,154.24,0.0,0.0
2012-02-10,3,0,0,0,22.4,5.1,140.37,0.0,0.0
2012-02-10,4,0,0,0,22.5,5.1,126.39,0.0,0.0
2012-02-10,5,0,0,0,22.5,5.2,112.47,0.0,0.0
2012-02-10,6,0,0,0,22.7,5.4,98.69,0.0,0.0
2012-02-10,7,57,336,28,23.1,5.8,85.02,245100.0,218494.171
2012-02-10,8,193,66,172,23.4,6.1,72.04,829900.0,790058.663
2012-02-10,9,507,850,79,23.6,6.3,59.72,2180100.0,2098404.659
2012-02-10,10,693,914,90,23.8,6.4,48.71,2979900.0,2865977.719
2012-02-10,11,821,942,101,24.0,6.4,40.13,3530300.0,3390987.083
2012-02-10,12,879,955,104,24.2,6.4,35.79,3779700.0,3583333.333
2012-02-10,13,860,951,103,24.4,6.6,37.21,3698000.0,3550430.223
2012-02-10,14,766,920,103,24.4,6.7,43.84,3293800.0,3165718.082
2012-02-10,15,606,866,94,24.5,6.7,53.77,2605800.0,2507640.135
2012-02-10,16,395,754,82,24.4,6.6,65.52,1698500.0,1633542.043
2012-02-10,17,161,507,58,24.1,6.3,78.23,692300.0,655838.941
2012-02-10,18,0,0,0,23.9,6.1,91.62,0.0,0.0
2012-02-10,19,0,0,0,23.8,6.1,105.28,0.0,0.0
2012-02-10,20,0,0,0,23.6,6.2,119.14,0.0,0.0
2012-02-10,21,0,0,0,23.5,6.1,133.09,0.0,0.0
2012-02-10,22,0,0,0,23.4,5.9,147.03,0.0,0.0
2012-02-10,23,0,0,0,23.3,5.4,160.68,0.0,0.0
2012-02-11,0,0,0,0,23.2,4.9,171.96,0.0,0.0
2012-02-11,1,0,0,0,23.2,4.5,167.22,0.0,0.0
2012-02-11,2,0,0,0,23.1,4.2,154.14,0.0,0.0
2012-02-11,3,0,0,0,23.0,4.1,140.28,0.0,0.0
2012-02-11,4,0,0,0,23.0,4.2,126.3,0.0,0.0
2012-02-11,5,0,0,0,23.0,4.5,112.37,0.0,0.0
2012-02-11,6,0,0,0,23.1,4.9,98.58,0.0,0.0
2012-02-11,7,35,1,35,23.5,5.4,84.89,150500.0,125757.337
2012-02-11,8,134,6,133,23.8,5.8,71.89,576200.0,542463.706
2012-02-11,9,351,128,286,24.1,6.1,59.53,1509300.0,1450368.734
2012-02-11,10,176,0,176,24.3,6.4,48.47,756800.0,718774.821
2012-02-11,11,757,597,298,24.6,6.6,39.84,3255100.0,3128809.836
2012-02-11,12,875,969,86,24.7,6.6,35.46,3762500.0,3583333.333
2012-02-11,13,858,965,86,24.9,6.6,36.9,3689400.0,3542259.568
2012-02-11,14,760,909,101,25.0,6.4,43.58,3268000.0,3141114.024
2012-02-11,15,600,857,92,25.0,6.2,53.56,2580000.0,2482882.592
2012-02-11,16,392,751,78,24.9,6.2,65.34,1685600.0,1621062.787
2012-02-11,17,162,521,54,24.7,6.3,78.08,696600.0,660035.786
2012-02-11,18,0,0,0,24.4,6.5,91.5,0.0,0.0
2012-02-11,19,0,0,0,24.2,6.8,105.17,0.0,0.0
2012-02-11,20,0,0,0,24.0,6.8,119.04,0.0,0.0
2012-02-11,21,0,0,0,23.8,6.7,133.0,0.0,0.0
2012-02-11,22,0,0,0,23.6,6.4,146.93,0.0,0.0
2012-02-11,23,0,0,0,23.5,6.0,160.55,0.0,0.0
2012-02-12,0,0,0,0,23.5,5.6,171.67,0.0,0.0
2012-02-12,1,0,0,0,23.4,5.3,167.02,0.0,0.0
2012-02-12,2,0,0,0,23.4,5.2,154.02,0.0,0.0
2012-02-12,3,0,0,0,23.3,5.1,140.18,0.0,0.0
2012-02-12,4,0,0,0,23.3,5.2,126.21,0.0,0.0
2012-02-12,5,0,0,0,23.4,5.4,112.27,0.0,0.0
2012-02-12,6,0,0,0,23.6,5.6,98.47,0.0,0.0
2012-02-12,7,56,258,33,23.9,5.9,84.76,240800.0,214280.539
2012-02-12,8,157,13,153,24.2,6.0,71.73,675100.0,639049.965
2012-02-12,9,401,276,260,24.5,5.9,59.34,1724300.0,1658496.24
2012-02-12,10,685,883,97,24.8,5.7,48.23,2945500.0,2833077.659
2012-02-12,11,226,0,225,25.1,5.4,39.55,971800.0,928301.28
2012-02-12,12,208,0,207,25.2,4.9,35.13,894400.0,852917.8
2012-02-12,13,666,301,425,25.3,4.4,36.58,2863800.0,2754899.007
2012-02-12,14,426,85,364,25.3,4.0,43.31,1831800.0,1762410.104
2012-02-12,15,338,57,304,25.2,4.0,53.35,1453400.0,1396190.112
2012-02-12,16,185,14,180,25.0,4.5,65.17,795500.0,756519.081
2012-02-12,17,70,1,70,24.7,5.1,77.94,301000.0,273256.836
2012-02-12,18,0,0,0,24.4,5.5,91.38,0.0,0.0
2012-02-12,19,0,0,0,24.2,5.7,105.07,0.0,0.0
2012-02-12,20,0,0,0,24.0,5.6,118.95,0.0,0.0
2012-02-12,21,0,0,0,23.9,5.4,132.91,0.0,0.0
2012-02-12,22,0,0,0,23.8,5.3,146.83,0.0,0.0
2012-02-12,23,0,0,0,23.7,5.2,160.4,0.0,0.0
2012-02-13,0,0,0,0,23.6,5.1,171.37,0.0,0.0
2012-02-13,1,0,0,0,23.5,5.1,166.82,0.0,0.0
2012-02-13,2,0,0,0,23.4,5.3,153.9,0.0,0.0
2012-02-13,3,0,0,0,23.4,5.6,140.08,0.0,0.0
2012-02-13,4,0,0,0,23.3,6.0,126.11,0.0,0.0
2012-02-13,5,0,0,0,23.3,6.4,112.17,0.0,0.0
2012-02-13,6,0,0,0,23.4,6.7,98.35,0.0,0.0
2012-02-13,7,62,340,30,23.7,6.9,84.63,266600.0,239559.932
2012-02-13,8,162,16,157,24.0,6.8,71.57,696600.0,660035.786
2012-02-13,9,357,126,293,24.3,6.6,59.14,1535100.0,1475365.139
2012-02-13,10,525,232,370,24.6,6.4,47.99,2257500.0,2172927.662
2012-02-13,11,542,139,435,24.8,6.0,39.25,2330600.0,2243262.934
2012-02-13,12,170,0,170,25.0,5.7,34.8,731000.0,693604.786
2012-02-13,13,608,185,459,25.2,5.3,36.27,2614400.0,2515891.371
2012-02-13,14,773,924,98,25.3,5.0,43.04,3323900.0,3194415.542
2012-02-13,15,293,23,280,25.3,4.7,53.14,1259900.0,1208440.083
2012-02-13,16,401,769,77,25.2,4.5,65.0,1724300.0,1658496.24
2012-02-13,17,169,545,54,24.9,4.4,77.8,726700.0,689409.22
2012-02-13,18,0,0,0,24.6,4.2,91.26,0.0,0.0
2012-02-13,19,0,0,0,24.4,4.1,104.97,0.0,0.0
2012-02-13,20,0,0,0,24.2,3.8,118.85,0.0,0.0
2012-02-13,21,0,0,0,24.1,3.4,132.82,0.0,0.0
2012-02-13,22,0,0,0,23.9,2.9,146.73,0.0,0.0
2012-02-13,23,0,0,0,23.8,2.5,160.26,0.0,0.0
2012-02-14,0,0,0,0,23.6,2.2,171.06,0.0,0.0
2012-02-14,1,0,0,0,23.5,2.0,166.6,0.0,0.0
2012-02-14,2,0,0,0,23.4,1.9,153.77,0.0,0.0
2012-02-14,3,0,0,0,23.3,1.7,139.98,0.0,0.0
2012-02-14,4,0,0,0,23.3,1.7,126.01,0.0,0.0
2012-02-14,5,0,0,0,23.3,1.9,112.06,0.0,0.0
2012-02-14,6,0,0,0,23.4,2.1,98.23,0.0,0.0
2012-02-14,7,62,326,31,23.6,2.3,84.49,266600.0,239559.932
2012-02-14,8,285,697,63,23.9,2.5,71.41,1225500.0,1175028.405
2012-02-14,9,512,842,78,24.1,2.7,58.94,2201600.0,2119110.689
2012-02-14,10,530,250,362,24.4,2.8,47.75,2279000.0,2193619.303
2012-02-14,11,537,137,430,24.8,2.7,38.95,2309100.0,2222580.886
2012-02-14,12,455,51,414,25.0,2.3,34.46,1956500.0,1882825.001
2012-02-14,13,868,953,96,25.2,1.8,35.95,3732400.0,3583106.451
2012-02-14,14,591,261,399,25.3,1.7,42.78,2541300.0,2445735.485
2012-02-14,15,296,24,282,25.4,1.9,52.92,1272800.0,1220966.824
2012-02-14,16,186,9,182,25.3,2.1,64.83,799800.0,760712.089
2012-02-14,17,111,15,108,25.1,2.3,77.67,477300.0,445792.871
2012-02-14,18,0,0,0,24.8,2.3,91.15,0.0,0.0
2012-02-14,19,0,0,0,24.7,2.4,104.86,0.0,0.0
2012-02-14,20,0,0,0,24.5,2.3,118.76,0.0,0.0
2012-02-14,21,0,0,0,24.2,2.2,132.73,0.0,0.0
2012-02-14,22,0,0,0,24.0,2.0,146.63,0.0,0.0
2012-02-14,23,0,0,0,23.8,1.9,160.11,0.0,0.0
2012-02-15,0,0,0,0,23.7,1.8,170.75,0.0,0.0
2012-02-15,1,0,0,0,23.5,1.7,166.38,0.0,0.0
2012-02-15,2,0,0,0,23.5,1.8,153.63,0.0,0.0
2012-02-15,3,0,0,0,23.4,1.8,139.86,0.0,0.0
2012-02-15,4,0,0,0,23.3,2.0,125.9,0.0,0.0
2012-02-15,5,0,0,0,23.3,2.2,111.94,0.0,0.0
2012-02-15,6,0,0,0,23.5,2.5,98.1,0.0,0.0
2012-02-15,7,65,346,31,23.7,2.8,84.35,279500.0,252197.47
2012-02-15,8,288,706,61,23.9,3.1,71.24,1238400.0,1187558.984
2012-02-15,9,454,613,136,24.0,3.2,58.74,1952200.0,1878675.001
2012-02-15,10,471,138,378,24.4,3.4,47.49,2025300.0,1949203.249
2012-02-15,11,345,6,341,24.7,3.6,38.64,1483500.0,1425366.574
2012-02-15,12,719,567,250,25.0,3.6,34.12,3091700.0,2972832.248
2012-02-15,13,633,372,331,25.2,3.5,35.62,2721900.0,2618977.854
2012-02-15,14,546,170,420,25.4,3.3,42.51,2347800.0,2259805.695
2012-02-15,15,601,806,112,25.4,3.2,52.71,2584300.0,2487009.249
2012-02-15,16,392,687,98,25.4,3.2,64.66,1685600.0,1621062.787
2012-02-15,17,117,49,107,25.2,3.5,77.53,503100.0,471019.504
2012-02-15,18,0,0,0,25.0,3.9,91.03,0.0,0.0
2012-02-15,19,0,0,0,24.8,4.3,104.76,0.0,0.0
2012-02-15,20,0,0,0,24.6,4.7,118.67,0.0,0.0
2012-02-15,21,0,0,0,24.4,5.0,132.63,0.0,0.0
2012-02-15,22,0,0,0,24.3,5.1,146.53,0.0,0.0
2012-02-15,23,0,0,0,24.1,5.2,159.96,0.0,0.0
2012-02-16,0,0,0,0,24.0,5.3,170.44,0.0,0.0
2012-02-16,1,0,0,0,23.8,5.5,166.14,0.0,0.0
2012-02-16,2,0,0,0,23.7,5.6,153.49,0.0,0.0
2012-02-16,3,0,0,0,23.5,5.6,139.74,0.0,0.0
2012-02-16,4,0,0,0,23.5,5.7,125.78,0.0,0.0
2012-02-16,5,0,0,0,23.5,6.0,111.82,0.0,0.0
2012-02-16,6,0,0,0,23.6,6.4,97.97,0.0,0.0
2012-02-16,7,45,6,44,23.8,6.9,84.21,193500.0,167920.036
2012-02-16,8,151,41,138,24.0,7.3,71.07,649300.0,613861.703
2012-02-16,9,328,138,256,24.2,7.5,58.53,1410400.0,1354495.862
2012-02-16,10,526,359,283,24.5,7.5,47.24,2261800.0,2177066.31
2012-02-16,11,667,458,308,24.7,7.3,38.34,2868100.0,2759015.112
2012-02-16,12,617,274,389,24.9,7.1,33.78,2653100.0,2553014.016
2012-02-16,13,598,315,340,25.0,6.8,35.3,2571400.0,2474628.799
2012-02-16,14,587,383,304,25.1,6.6,42.25,2524100.0,2429221.503
2012-02-16,15,310,55,277,25.1,6.4,52.5,1333000.0,1279405.923
2012-02-16,16,183,24,173,24.9,6.3,64.5,786900.0,748132.587
2012-02-16,17,123,49,113,24.7,6.4,77.39,528900.0,496240.381
2012-02-16,18,0,0,0,24.5,6.6,90.92,0.0,0.0
2012-02-16,19,0,0,0,24.3,7.0,104.66,0.0,0.0
2012-02-16,20,0,0,0,24.2,7.3,118.58,0.0,0.0
2012-02-16,21,0,0,0,24.1,7.6,132.54,0.0,0.0
2012-02-16,22,0,0,0,23.9,7.7,146.42,0.0,0.0
2012-02-16,23,0,0,0,23.8,7.6,159.8,0.0,0.0
2012-02-17,0,0,0,0,23.6,7.4,170.12,0.0,0.0
2012-02-17,1,0,0,0,23.6,7.2,165.9,0.0,0.0
2012-02-17,2,0,0,0,23.5,7.0,153.34,0.0,0.0
2012-02-17,3,0,0,0,23.5,6.9,139.62,0.0,0.0
2012-02-17,4,0,0,0,23.5,7.0,125.66,0.0,0.0
2012-02-17,5,0,0,0,23.6,7.3,111.7,0.0,0.0
2012-02-17,6,0,0,0,23.7,7.7,97.84,0.0,0.0
2012-02-17,7,67,301,36,23.9,8.1,84.06,288100.0,260621.696
2012-02-17,8,291,665,73,24.2,8.4,70.89,1251300.0,1200088.123
2012-02-17,9,307,50,281,24.5,8.6,58.32,1320100.0,1266885.897
2012-02-17,10,179,0,179,24.7,8.6,46.98,769700.0,731357.68
2012-02-17,11,669,312,424,24.9,8.5,38.02,2876700.0,2767246.842
2012-02-17,12,891,922,121,24.9,8.4,33.43,3831300.0,3583333.333
2012-02-17,13,872,915,122,24.8,8.3,34.97,3749600.0,3583333.333
2012-02-17,14,776,885,118,24.7,8.3,41.98,3336800.0,3206712.055
2012-02-17,15,614,824,110,24.5,8.5,52.3,2640200.0,2540641.24
2012-02-17,16,402,709,95,24.2,8.7,64.33,1728600.0,1662654.713
2012-02-17,17,71,1,71,23.9,8.8,77.26,305300.0,277468.23
2012-02-17,18,0,0,0,23.7,8.8,90.21,0.0,0.0
2012-02-17,19,0,0,0,23.7,8.9,104.57,0.0,0.0
2012-02-17,20,0,0,0,23.6,8.9,118.49,0.0,0.0
2012-02-17,21,0,0,0,23.6,8.9,132.45,0.0,0.0
2012-02-17,22,0,0,0,23.5,8.8,146.31,0.0,0.0
2012-02-17,23,0,0,0,23.4,8.6,159.64,0.0,0.0
2012-02-18,0,0,0,0,23.4,8.5,169.8,0.0,0.0
2012-02-18,1,0,0,0,23.3,8.3,165.65,0.0,0.0
2012-02-18,2,0,0,0,23.3,8.2,153.18,0.0,0.0
2012-02-18,3,0,0,0,23.3,8.0,139.49,0.0,0.0
2012-02-18,4,0,0,0,23.3,7.9,125.54,0.0,0.0
2012-02-18,5,0,0,0,23.3,7.9,111.57,0.0,0.0
2012-02-18,6,0,0,0,23.4,8.1,97.7,0.0,0.0
2012-02-18,7,44,1,44,23.6,8.4,83.9,189200.0,163704.485
2012-02-18,8,242,213,171,23.9,8.7,70.71,1040600.0,995265.329
2012-02-18,9,312,53,284,24.1,9.0,58.11,1341600.0,1287751.808
2012-02-18,10,527,204,388,24.3,9.1,46.72,2266100.0,2181204.798
2012-02-18,11,384,15,373,24.5,9.1,37.71,1651200.0,1587777.734
2012-02-18,12,733,360,431,24.5,9.0,33.08,3151900.0,3030324.535
2012-02-18,13,627,193,468,24.5,9.0,34.65,2696100.0,2594246.211
2012-02-18,14,662,399,364,24.5,9.0,41.72,2846600.0,2738432.989
2012-02-18,15,491,426,230,24.3,9.0,52.09,2111300.0,2032118.502
2012-02-18,16,302,213,209,24.1,9.1,64.17,1298600.0,1246015.989
2012-02-18,17,66,1,66,24.0,9.1,77.13,283800.0,256409.663
2012-02-18,18,0,0,0,23.9,9.1,90.12,0.0,0.0
2012-02-18,19,0,0,0,23.8,9.1,104.47,0.0,0.0
2012-02-18,20,0,0,0,23.7,9.1,118.39,0.0,0.0
2012-02-18,21,0,0,0,23.6,8.9,132.36,0.0,0.0
2012-02-18,22,0,0,0,23.5,8.5,146.2,0.0,0.0
2012-02-18,23,0,0,0,23.5,8.1,159.48,0.0,0.0
2012-02-19,0,0,0,0,23.5,7.7,169.47,0.0,0.0
2012-02-19,1,0,0,0,23.5,7.4,165.39,0.0,0.0
2012-02-19,2,0,0,0,23.5,7.3,153.01,0.0,0.0
2012-02-19,3,0,0,0,23.5,7.3,139.35,0.0,0.0
2012-02-19,4,0,0,0,23.5,7.5,125.41,0.0,0.0
2012-02-19,5,0,0,0,23.5,7.9,111.44,0.0,0.0
2012-02-19,6,0,0,0,23.6,8.3,97.56,0.0,0.0
2012-02-19,7,42,0,42,23.7,8.7,83.75,180600.0,155272.905
2012-02-19,8,203,51,186,24.0,8.9,70.53,872900.0,831968.751
2012-02-19,9,298,44,275,24.2,8.9,57.89,1281400.0,1229317.185
2012-02-19,10,585,339,351,24.4,8.8,46.46,2515500.0,2420963.552
2012-02-19,11,829,881,129,24.6,8.5,37.39,3564700.0,3423713.194
2012-02-19,12,886,892,135,24.7,8.2,32.72,3809800.0,3583333.333
2012-02-19,13,867,887,134,24.8,8.0,34.32,3728100.0,3579022.482
2012-02-19,14,772,854,132,24.8,7.8,41.45,3319600.0,3190316.385
2012-02-19,15,612,796,121,24.7,7.9,51.88,2631600.0,2532391.923
2012-02-19,16,163,2,162,24.5,8.0,64.01,700900.0,664232.47
2012-02-19,17,116,11,113,24.3,8.2,77.0,498800.0,466815.465
2012-02-19,18,0,0,0,24.1,8.4,90.02,0.0,0.0
2012-02-19,19,0,0,0,24.0,8.6,104.37,0.0,0.0
2012-02-19,20,0,0,0,24.0,8.7,118.3,0.0,0.0
2012-02-19,21,0,0,0,24.0,8.8,132.27,0.0,0.0
2012-02-19,22,0,0,0,23.9,8.6,146.09,0.0,0.0
2012-02-19,23,0,0,0,23.8,8.2,159.31,0.0,0.0
2012-02-20,0,0,0,0,23.7,7.7,169.15,0.0,0.0
2012-02-20,1,0,0,0,23.6,7.4,165.13,0.0,0.0
2012-02-20,2,0,0,0,23.5,7.1,152.84,0.0,0.0
2012-02-20,3,0,0,0,23.4,6.9,139.21,0.0,0.0
2012-02-20,4,0,0,0,23.3,6.9,125.28,0.0,0.0
2012-02-20,5,0,0,0,23.2,7.1,111.3,0.0,0.0
2012-02-20,6,0,0,0,23.4,7.4,97.41,0.0,0.0
2012-02-20,7,74,344,36,23.7,7.8,83.59,318200.0,290101.451
2012-02-20,8,302,699,67,24.0,7.9,70.34,1298600.0,1246015.989
2012-02-20,9,531,837,83,24.3,7.9,57.67,2283300.0,2197757.152
2012-02-20,10,561,283,365,24.6,7.8,46.19,2412300.0,2321818.264
2012-02-20,11,390,17,376,24.7,7.7,37.06,1677000.0,1612742.483
2012-02-20,12,903,950,100,24.8,7.6,32.36,3882900.0,3583333.333
2012-02-20,13,884,945,100,24.8,7.6,33.98,3801200.0,3583333.333
2012-02-20,14,529,146,419,24.8,7.7,41.19,2274700.0,2189481.295
2012-02-20,15,625,856,95,24.7,7.8,51.68,2687500.0,2586001.052
2012-02-20,16,232,27,220,24.6,8.0,63.85,997600.0,953417.595
2012-02-20,17,126,28,120,24.3,8.0,76.87,541800.0,508848.661
2012-02-20,18,0,0,0,24.1,8.0,89.93,0.0,0.0
2012-02-20,19,0,0,0,24.0,8.0,104.28,0.0,0.0
2012-02-20,20,0,0,0,23.9,7.8,118.22,0.0,0.0
2012-02-20,21,0,0,0,23.8,7.4,132.18,0.0,0.0
2012-02-20,22,0,0,0,23.8,7.0,145.98,0.0,0.0
2012-02-20,23,0,0,0,23.7,6.5,159.14,0.0,0.0
2012-02-21,0,0,0,0,23.6,6.0,168.81,0.0,0.0
2012-02-21,1,0,0,0,23.5,5.6,164.85,0.0,0.0
2012-02-21,2,0,0,0,23.5,5.6,152.66,0.0,0.0
2012-02-21,3,0,0,0,23.4,5.7,139.06,0.0,0.0
2012-02-21,4,0,0,0,23.4,6.1,125.14,0.0,0.0
2012-02-21,5,0,0,0,23.4,6.5,111.16,0.0,0.0
2012-02-21,6,0,0,0,23.6,7.1,97.26,0.0,0.0
2012-02-21,7,76,337,37,23.8,7.6,83.42,326800.0,298522.8
2012-02-21,8,212,71,188,24.1,8.0,70.15,911600.0,869674.161
2012-02-21,9,372,126,304,24.4,8.1,57.45,1599600.0,1537830.97
2012-02-21,10,280,3,278,24.6,8.1,45.92,1204000.0,1154140.911
2012-02-21,11,677,328,414,24.8,8.0,36.74,2911100.0,2800167.367
2012-02-21,12,893,912,119,24.9,7.9,32.0,3839900.0,3583333.333
2012-02-21,13,680,279,448,25.0,7.8,33.65,2924000.0,2812509.925
2012-02-21,14,457,92,387,25.0,7.7,40.92,1965100.0,1891124.52
2012-02-21,15,307,27,290,25.0,7.7,51.48,1320100.0,1266885.897
2012-02-21,16,98,0,98,24.9,7.6,63.69,421400.0,391115.422
2012-02-21,17,173,453,69,24.6,7.5,76.74,743900.0,706190.523
2012-02-21,18,0,0,0,24.3,7.5,89.84,0.0,0.0
2012-02-21,19,0,0,0,24.1,7.8,104.18,0.0,0.0
2012-02-21,20,0,0,0,24.0,8.0,118.13,0.0,0.0
2012-02-21,21,0,0,0,23.9,8.1,132.08,0.0,0.0
2012-02-21,22,0,0,0,23.8,8.1,145.87,0.0,0.0
2012-02-21,23,0,0,0,23.7,8.0,158.97,0.0,0.0
2012-02-22,0,0,0,0,23.6,7.8,168.48,0.0,0.0
2012-02-22,1,0,0,0,23.6,7.5,164.57,0.0,0.0
2012-02-22,2,0,0,0,23.5,7.2,152.47,0.0,0.0
2012-02-22,3,0,0,0,23.5,7.0,138.9,0.0,0.0
2012-02-22,4,0,0,0,23.5,6.8,124.99,0.0,0.0
2012-02-22,5,0,0,0,23.5,6.8,111.02,0.0,0.0
2012-02-22,6,0,0,0,23.7,7.0,97.11,0.0,0.0
2012-02-22,7,76,310,40,24.0,7.3,83.26,326800.0,298522.8
2012-02-22,8,131,3,130,24.3,7.4,69.96,563300.0,529859.263
2012-02-22,9,294,41,272,24.5,7.2,57.22,1264200.0,1212615.823
2012-02-22,10,715,862,112,24.8,7.0,45.65,3074500.0,2956400.124
2012-02-22,11,842,898,119,25.0,6.8,36.41,3620600.0,3476871.299
2012-02-22,12,170,0,170,25.1,6.6,31.64,731000.0,693604.786
2012-02-22,13,781,487,374,25.2,6.4,33.32,3358300.0,3227203.047
2012-02-22,14,337,7,332,25.2,6.5,40.66,1449100.0,1392021.407
2012-02-22,15,622,823,107,25.1,6.9,51.28,2674600.0,2573632.112
2012-02-22,16,412,715,93,24.9,7.1,63.53,1771600.0,1704230.651
2012-02-22,17,13,0,13,24.6,7.0,76.62,55900.0,32943.12
2012-02-22,18,0,0,0,24.4,6.9,89.75,0.0,0.0
2012-02-22,19,0,0,0,24.2,6.9,104.09,0.0,0.0
2012-02-22,20,0,0,0,24.0,6.9,118.04,0.0,0.0
2012-02-22,21,0,0,0,23.9,6.9,131.99,0.0,0.0
2012-02-22,22,0,0,0,23.9,6.8,145.76,0.0,0.0
2012-02-22,23,0,0,0,23.8,6.7,158.79,0.0,0.0
2012-02-23,0,0,0,0,23.8,6.6,168.14,0.0,0.0
2012-02-23,1,0,0,0,23.7,6.5,164.28,0.0,0.0
2012-02-23,2,0,0,0,23.7,6.4,152.28,0.0,0.0
2012-02-23,3,0,0,0,23.7,6.3,138.74,0.0,0.0
2012-02-23,4,0,0,0,23.6,6.3,124.84,0.0,0.0
2012-02-23,5,0,0,0,23.6,6.3,110.87,0.0,0.0
2012-02-23,6,0,0,0,23.7,6.4,96.95,0.0,0.0
2012-02-23,7,49,1,48,24.0,6.6,83.09,210700.0,184780.639
2012-02-23,8,302,663,72,24.2,6.6,69.76,1298600.0,1246015.989
2012-02-23,9,377,142,300,24.5,6.6,56.99,1621100.0,1558644.92
2012-02-23,10,532,220,377,24.6,6.7,45.37,2287600.0,2201894.84
2012-02-23,11,681,353,396,24.8,6.7,36.08,2928300.0,2816623.792
2012-02-23,12,896,926,104,25.0,6.7,31.27,3852800.0,3583333.333
2012-02-23,13,876,922,103,25.1,6.5,32.99,3766800.0,3583333.333
2012-02-23,14,785,907,94,25.2,6.1,40.4,3375500.0,3243592.962
2012-02-23,15,626,857,88,25.2,5.7,51.08,2691800.0,2590123.711
2012-02-23,16,417,762,76,25.0,5.4,63.38,1793100.0,1725012.624
2012-02-23,17,185,557,55,24.8,5.4,76.49,795500.0,756519.081
2012-02-23,18,0,0,0,24.5,5.3,89.67,0.0,0.0
2012-02-23,19,0,0,0,24.3,5.2,104.0,0.0,0.0
2012-02-23,20,0,0,0,24.1,4.9,117.95,0.0,0.0
2012-02-23,21,0,0,0,24.0,4.5,131.9,0.0,0.0
2012-02-23,22,0,0,0,23.8,4.0,145.64,0.0,0.0
2012-02-23,23,0,0,0,23.6,3.4,158.61,0.0,0.0
2012-02-24,0,0,0,0,23.4,2.9,167.8,0.0,0.0
2012-02-24,1,0,0,0,23.2,2.7,163.99,0.0,0.0
2012-02-24,2,0,0,0,23.1,2.7,152.08,0.0,0.0
2012-02-24,3,0,0,0,23.0,2.6,138.58,0.0,0.0
2012-02-24,4,0,0,0,23.0,2.4,124.69,0.0,0.0
2012-02-24,5,0,0,0,23.1,2.3,110.71,0.0,0.0
2012-02-24,6,0,0,0,23.2,2.5,96.79,0.0,0.0
2012-02-24,7,49,1,49,23.5,3.0,82.91,210700.0,184780.639
2012-02-24,8,240,247,153,23.9,3.4,69.57,1032000.0,986897.062
2012-02-24,9,334,73,294,24.2,3.5,56.76,1436200.0,1379514.331
2012-02-24,10,548,247,373,24.4,3.4,45.09,2356400.0,2268076.116
2012-02-24,11,567,260,356,24.6,3.0,35.74,2438100.0,2346613.22
2012-02-24,12,785,471,381,24.7,2.6,30.9,3375500.0,3243592.962
2012-02-24,13,718,352,421,24.8,2.1,32.65,3087400.0,2968724.457
2012-02-24,14,784,883,108,24.9,1.9,40.14,3371200.0,3239495.723
2012-02-24,15,232,1,231,24.9,1.9,50.88,997600.0,953417.595
2012-02-24,16,306,127,248,24.9,1.9,63.23,1315800.0,1262712.235
2012-02-24,17,184,528,60,24.8,1.9,76.37,791200.0,752325.914
2012-02-24,18,0,0,0,24.7,1.9,89.58,0.0,0.0
2012-02-24,19,0,0,0,24.6,2.0,103.91,0.0,0.0
2012-02-24,20,0,0,0,24.5,2.1,117.86,0.0,0.0
2012-02-24,21,0,0,0,24.5,2.2,131.8,0.0,0.0
2012-02-24,22,0,0,0,24.4,2.2,145.52,0.0,0.0
2012-02-24,23,0,0,0,24.3,2.1,158.42,0.0,0.0
2012-02-25,0,0,0,0,24.3,1.9,167.45,0.0,0.0
2012-02-25,1,0,0,0,24.2,1.9,163.68,0.0,0.0
2012-02-25,2,0,0,0,24.1,1.9,151.87,0.0,0.0
2012-02-25,3,0,0,0,24.1,2.0,138.41,0.0,0.0
2012-02-25,4,0,0,0,24.1,2.1,124.53,0.0,0.0
2012-02-25,5,0,0,0,24.1,2.2,110.56,0.0,0.0
2012-02-25,6,0,0,0,24.1,2.3,96.62,0.0,0.0
2012-02-25,7,49,1,49,24.3,2.6,82.74,210700.0,184780.639
2012-02-25,8,105,0,105,24.4,3.0,69.36,451500.0,420560.483
2012-02-25,9,147,0,147,24.4,3.1,56.53,632100.0,597066.331
2012-02-25,10,79,0,79,24.5,3.2,44.81,339700.0,311153.623
2012-02-25,11,579,322,317,24.7,3.1,35.4,2489700.0,2396185.864
2012-02-25,12,685,402,339,24.8,2.9,30.53,2945500.0,2833077.659
2012-02-25,13,444,71,384,24.8,2.9,32.31,1909200.0,1837166.213
2012-02-25,14,463,187,319,24.8,2.9,39.88,1990900.0,1916019.241
2012-02-25,15,256,37,232,24.8,2.9,50.69,1100800.0,1053825.298
2012-02-25,16,329,279,203,24.8,3.0,63.08,1414700.0,1358666.007
2012-02-25,17,118,12,115,24.6,3.0,76.25,507400.0,475223.383
2012-02-25,18,0,0,0,24.4,3.3,89.49,0.0,0.0
2012-02-25,19,0,0,0,24.3,3.7,103.82,0.0,0.0
2012-02-25,20,0,0,0,24.2,4.1,117.78,0.0,0.0
2012-02-25,21,0,0,0,24.1,4.3,131.71,0.0,0.0
2012-02-25,22,0,0,0,24.0,4.4,145.4,0.0,0.0
2012-02-25,23,0,0,0,24.0,4.4,158.23,0.0,0.0
2012-02-26,0,0,0,0,23.9,4.3,167.1,0.0,0.0
2012-02-26,1,0,0,0,23.9,4.2,163.38,0.0,0.0
2012-02-26,2,0,0,0,23.9,4.3,151.66,0.0,0.0
2012-02-26,3,0,0,0,23.9,4.7,138.23,0.0,0.0
2012-02-26,4,0,0,0,23.9,5.1,124.37,0.0,0.0
2012-02-26,5,0,0,0,24.0,5.6,110.39,0.0,0.0
2012-02-26,6,0,0,0,24.0,6.3,96.46,0.0,0.0
2012-02-26,7,41,2,41,24.1,6.9,82.56,176300.0,151056.875
2012-02-26,8,61,1,60,24.2,7.3,69.16,262300.0,235347.1
2012-02-26,9,268,56,236,24.4,7.5,56.29,1152400.0,1103994.616
2012-02-26,10,354,57,313,24.5,7.5,44.53,1522200.0,1462867.656
2012-02-26,11,392,44,356,24.6,7.2,35.06,1685600.0,1621062.787
2012-02-26,12,367,17,352,24.8,6.8,30.15,1578100.0,1517013.024
2012-02-26,13,408,31,382,24.9,6.4,31.98,1754400.0,1687602.194
2012-02-26,14,313,15,301,24.9,6.1,39.62,1345900.0,1291924.511
2012-02-26,15,190,5,187,24.8,6.1,50.49,817000.0,777482.519
2012-02-26,16,126,4,125,24.6,6.3,62.93,541800.0,508848.661
2012-02-26,17,75,3,74,24.4,6.6,76.13,322500.0,294312.205
2012-02-26,18,0,0,0,24.2,6.7,89.4,0.0,0.0
2012-02-26,19,0,0,0,24.1,6.8,103.73,0.0,0.0
2012-02-26,20,0,0,0,24.0,6.7,117.69,0.0,0.0
2012-02-26,21,0,0,0,23.9,6.5,131.61,0.0,0.0
2012-02-26,22,0,0,0,23.8,6.4,145.28,0.0,0.0
2012-02-26,23,0,0,0,23.8,6.3,158.04,0.0,0.0
2012-02-27,0,0,0,0,23.7,6.3,166.75,0.0,0.0
2012-02-27,1,0,0,0,23.7,6.3,163.06,0.0,0.0
2012-02-27,2,0,0,0,23.7,6.3,151.44,0.0,0.0
2012-02-27,3,0,0,0,23.7,6.3,138.05,0.0,0.0
2012-02-27,4,0,0,0,23.7,6.4,124.2,0.0,0.0
2012-02-27,5,0,0,0,23.6,6.4,110.23,0.0,0.0
2012-02-27,6,0,0,0,23.7,6.5,96.28,0.0,0.0
2012-02-27,7,87,342,42,23.9,6.8,82.38,374100.0,344828.783
2012-02-27,8,70,0,70,24.1,6.9,68.96,301000.0,273256.836
2012-02-27,9,183,1,183,24.3,7.0,56.05,786900.0,748132.587
2012-02-27,10,125,0,125,24.5,6.7,44.25,537500.0,504646.061
2012-02-27,11,486,82,419,24.7,6.3,34.72,2089800.0,2011395.684
2012-02-27,12,259,0,259,24.8,6.0,29.77,1113700.0,1066369.786
2012-02-27,13,896,919,114,25.0,5.8,31.64,3852800.0,3583333.333
2012-02-27,14,802,899,107,25.1,5.8,39.36,3448600.0,3313221.562
2012-02-27,15,640,846,99,25.1,5.9,50.3,2752000.0,2647824.163
2012-02-27,16,192,8,188,25.0,6.1,62.78,825600.0,785866.775
2012-02-27,17,95,2,94,24.7,6.4,76.02,408500.0,378493.712
2012-02-27,18,0,0,0,24.4,6.7,89.32,0.0,0.0
2012-02-27,19,0,0,0,24.2,6.9,103.64,0.0,0.0
2012-02-27,20,0,0,0,24.1,6.9,117.6,0.0,0.0
2012-02-27,21,0,0,0,23.9,6.9,131.52,0.0,0.0
2012-02-27,22,0,0,0,23.8,6.7,145.16,0.0,0.0
2012-02-27,23,0,0,0,23.7,6.7,157.84,0.0,0.0
2012-02-28,0,0,0,0,23.6,6.6,166.4,0.0,0.0
2012-02-28,1,0,0,0,23.6,6.4,162.74,0.0,0.0
2012-02-28,2,0,0,0,23.5,6.1,151.21,0.0,0.0
2012-02-28,3,0,0,0,23.4,5.8,137.87,0.0,0.0
2012-02-28,4,0,0,0,23.4,5.7,124.03,0.0,0.0
2012-02-28,5,0,0,0,23.4,5.9,110.06,0.0,0.0
2012-02-28,6,0,0,0,23.5,6.2,96.11,0.0,0.0
2012-02-28,7,57,1,57,23.8,6.4,82.19,245100.0,218494.171
2012-02-28,8,244,129,197,24.1,6.4,68.75,1049200.0,1003632.958
2012-02-28,9,442,278,286,24.3,6.3,55.81,1900600.0,1828862.537
2012-02-28,10,554,222,394,24.6,6.1,43.96,2382200.0,2292883.542
2012-02-28,11,690,322,424,24.8,5.9,34.37,2967000.0,2853641.396
2012-02-28,12,590,217,400,25.1,5.6,29.39,2537000.0,2441607.229
2012-02-28,13,728,347,432,25.3,5.4,31.31,3130400.0,3009795.173
2012-02-28,14,608,239,422,25.4,5.3,39.11,2614400.0,2515891.371
2012-02-28,15,423,106,355,25.4,5.3,50.11,1818900.0,1749945.716
2012-02-28,16,273,113,221,25.2,5.5,62.64,1173900.0,1124891.703
2012-02-28,17,55,0,55,24.9,5.8,75.9,236500.0,210066.747
2012-02-28,18,0,0,0,24.5,6.2,89.24,0.0,0.0
2012-02-28,19,0,0,0,24.3,6.6,103.55,0.0,0.0
2012-02-28,20,0,0,0,24.1,6.9,117.52,0.0,0.0
2012-02-28,21,0,0,0,23.9,7.0,131.42,0.0,0.0
2012-02-28,22,0,0,0,23.8,6.9,145.03,0.0,0.0
2012-02-28,23,0,0,0,23.8,6.8,157.64,0.0,0.0
2012-02-29,0,0,0,0,23.7,6.7,166.04,0.0,0.0
2012-02-29,1,0,0,0,23.7,6.4,162.42,0.0,0.0
2012-02-29,2,0,0,0,23.6,6.2,150.98,0.0,0.0
2012-02-29,3,0,0,0,23.6,6.2,137.67,0.0,0.0
2012-02-29,4,0,0,0,23.5,6.1,123.86,0.0,0.0
2012-02-29,5,0,0,0,23.5,5.8,109.89,0.0,0.0
2012-02-29,6,0,0,0,23.6,5.6,95.93,0.0,0.0
2012-02-29,7,31,0,31,23.8,5.7,82.0,133300.0,108887.78
2012-02-29,8,16,0,16,24.0,5.5,68.54,68800.0,45604.161
2012-02-29,9,178,9,174,24.2,5.3,55.57,765400.0,727163.553
2012-02-29,10,334,38,307,24.3,5.0,43.67,1436200.0,1379514.331
2012-02-29,11,465,94,386,24.3,4.8,34.03,1999500.0,1924316.202
2012-02-29,12,493,67,434,24.3,4.7,29.01,2119900.0,2040406.51
2012-02-29,13,221,0,220,24.4,4.8,30.97,950300.0,907366.62
2012-02-29,14,338,42,305,24.5,4.8,38.86,1453400.0,1396190.112
2012-02-29,15,300,18,288,24.5,4.9,49.93,1290000.0,1237666.907
2012-02-29,16,313,210,216,24.4,5.1,62.5,1345900.0,1291924.511
2012-02-29,17,85,1,85,24.3,5.5,75.79,365500.0,336410.953
2012-02-29,18,0,0,0,24.2,6.0,89.15,0.0,0.0
2012-02-29,19,0,0,0,24.2,6.5,103.46,0.0,0.0
2012-02-29,20,0,0,0,24.1,7.0,117.43,0.0,0.0
2012-02-29,21,0,0,0,24.0,7.3,131.33,0.0,0.0
2012-02-29,22,0,0,0,23.9,7.3,144.9,0.0,0.0
2012-02-29,23,0,0,0,23.8,7.1,157.43,0.0,0.0
2012-03-01,0,0,0,0,23.8,6.9,165.68,0.0,0.0
2012-03-01,1,0,0,0,23.7,6.7,162.09,0.0,0.0
2012-03-01,2,0,0,0,23.7,6.4,150.74,0.0,0.0
2012-03-01,3,0,0,0,23.6,6.2,137.48,0.0,0.0
2012-03-01,4,0,0,0,23.6,6.0,123.68,0.0,0.0
2012-03-01,5,0,0,0,23.6,5.9,109.71,0.0,0.0
2012-03-01,6,0,0,0,23.6,5.9,95.75,0.0,0.0
2012-03-01,7,54,1,54,23.7,6.1,81.81,232200.0,205852.795
2012-03-01,8,156,7,154,23.8,6.2,68.32,670800.0,634852.321
2012-03-01,9,369,91,317,24.0,6.1,55.32,1586700.0,1525340.682
2012-03-01,10,533,175,406,24.2,5.9,43.38,2291900.0,2206032.369
2012-03-01,11,646,227,457,24.4,5.5,33.68,2777800.0,2672543.335
2012-03-01,12,254,0,254,24.7,4.9,28.63,1092200.0,1045461.507
2012-03-01,13,257,0,257,24.9,4.2,30.63,1105100.0,1058006.954
2012-03-01,14,178,0,178,25.1,3.7,38.6,765400.0,727163.553
2012-03-01,15,163,0,163,25.2,3.4,49.74,700900.0,664232.47
2012-03-01,16,180,4,178,25.2,3.6,62.36,774000.0,735551.646
2012-03-01,17,136,26,130,24.9,3.9,75.68,584800.0,550865.869
2012-03-01,18,0,0,0,24.6,4.2,89.07,0.0,0.0
2012-03-01,19,0,0,0,24.4,4.6,103.38,0.0,0.0
2012-03-01,20,0,0,0,24.2,4.9,117.35,0.0,0.0
2012-03-01,21,0,0,0,24.1,4.9,131.23,0.0,0.0
2012-03-01,22,0,0,0,23.9,4.7,144.77,0.0,0.0
2012-03-01,23,0,0,0,23.8,4.4,157.22,0.0,0.0
2012-03-02,0,0,0,0,23.6,4.2,165.32,0.0,0.0
2012-03-02,1,0,0,0,23.5,3.9,161.75,0.0,0.0
2012-03-02,2,0,0,0,23.3,3.8,150.5,0.0,0.0
2012-03-02,3,0,0,0,23.2,3.8,137.28,0.0,0.0
2012-03-02,4,0,0,0,23.0,3.9,123.49,0.0,0.0
2012-03-02,5,0,0,0,23.0,3.8,109.53,0.0,0.0
2012-03-02,6,0,0,0,23.2,3.8,95.57,0.0,0.0
2012-03-02,7,96,327,49,23.4,3.8,81.62,412800.0,382701.108
2012-03-02,8,325,644,85,23.7,3.8,68.11,1397500.0,1341984.47
2012-03-02,9,95,0,95,23.9,3.5,55.08,408500.0,378493.712
2012-03-02,10,509,142,405,24.1,3.3,43.09,2188700.0,2106687.551
2012-03-02,11,629,197,464,24.4,3.1,33.33,2704700.0,2602490.732
2012-03-02,12,301,1,300,24.5,2.9,28.24,1294300.0,1241841.528
2012-03-02,13,551,172,403,24.6,2.6,30.3,2369300.0,2280480.548
2012-03-02,14,365,12,355,24.7,2.3,38.36,1569500.0,1508684.726
2012-03-02,15,520,449,228,24.7,2.2,49.56,2236000.0,2152232.024
2012-03-02,16,369,389,188,24.6,2.3,62.22,1586700.0,1525340.682
2012-03-02,17,7,0,7,24.4,2.5,75.57,30100.0,7616.722
2012-03-02,18,4,0,4,24.2,2.8,88.99,17200.0,0.0
2012-03-02,19,0,0,0,24.0,3.1,103.3,0.0,0.0
2012-03-02,20,0,0,0,23.9,3.3,117.26,0.0,0.0
2012-03-02,21,0,0,0,23.7,3.5,131.13,0.0,0.0
2012-03-02,22,0,0,0,23.6,3.5,144.64,0.0,0.0
2012-03-02,23,0,0,0,23.5,3.4,157.01,0.0,0.0
2012-03-03,0,0,0,0,23.4,3.4,164.95,0.0,0.0
2012-03-03,1,0,0,0,23.4,3.4,161.42,0.0,0.0
2012-03-03,2,0,0,0,23.3,3.5,150.25,0.0,0.0
2012-03-03,3,0,0,0,23.3,3.8,137.07,0.0,0.0
2012-03-03,4,0,0,0,23.3,4.2,123.31,0.0,0.0
2012-03-03,5,0,0,0,23.3,4.6,109.35,0.0,0.0
2012-03-03,6,0,0,0,23.4,5.0,95.38,0.0,0.0
2012-03-03,7,36,1,36,23.6,5.5,81.42,154800.0,129974.326
2012-03-03,8,232,136,181,23.8,5.7,67.89,997600.0,953417.595
2012-03-03,9,416,178,314,24.0,5.7,54.83,1788800.0,1720856.549
2012-03-03,10,540,319,306,24.2,5.6,42.79,2322000.0,2234990.594
2012-03-03,11,787,494,372,24.4,5.5,32.97,3384100.0,3251786.96
2012-03-03,12,603,143,477,24.6,5.3,27.85,2592900.0,2495262.083
2012-03-03,13,893,862,146,24.7,5.1,29.96,3839900.0,3583333.333
2012-03-03,14,798,845,133,24.8,5.1,38.11,3431400.0,3296842.519
2012-03-03,15,150,0,150,24.8,5.1,49.38,645000.0,609663.1
2012-03-03,16,297,82,259,24.6,5.2,62.09,1277100.0,1225142.085
2012-03-03,17,195,503,69,24.4,5.3,75.46,838500.0,798441.96
2012-03-03,18,11,27,10,24.2,5.3,88.91,47300.0,24501.627
2012-03-03,19,0,0,0,24.1,5.3,103.21,0.0,0.0
2012-03-03,20,0,0,0,24.0,5.3,117.18,0.0,0.0
2012-03-03,21,0,0,0,23.9,5.1,131.03,0.0,0.0
2012-03-03,22,0,0,0,23.8,4.8,144.51,0.0,0.0
2012-03-03,23,0,0,0,23.7,4.6,156.79,0.0,0.0
2012-03-04,0,0,0,0,23.7,4.5,164.59,0.0,0.0
2012-03-04,1,0,0,0,23.6,4.4,161.07,0.0,0.0
2012-03-04,2,0,0,0,23.6,4.3,150.0,0.0,0.0
2012-03-04,3,0,0,0,23.6,4.3,136.86,0.0,0.0
2012-03-04,4,0,0,0,23.5,4.4,123.11,0.0,0.0
2012-03-04,5,0,0,0,23.4,4.6,109.17,0.0,0.0
2012-03-04,6,0,0,0,23.4,4.8,95.19,0.0,0.0
2012-03-04,7,38,1,38,23.5,4.9,81.23,163400.0,138407.825
2012-03-04,8,153,9,149,23.4,4.9,67.67,657900.0,622258.43
2012-03-04,9,217,2,216,23.3,4.7,54.58,933100.0,890616.015
2012-03-04,10,142,1,142,23.1,4.5,42.5,610600.0,576068.519
2012-03-04,11,216,2,215,23.0,4.3,32.62,928800.0,886427.964
2012-03-04,12,366,3,363,22.9,4.4,27.47,1573800.0,1512848.955
2012-03-04,13,449,72,387,22.8,4.5,29.63,1930700.0,1857922.606
2012-03-04,14,108,0,108,22.8,4.9,37.87,464400.0,433177.396
2012-03-04,15,189,4,187,22.7,5.3,49.21,812700.0,773290.151
2012-03-04,16,267,80,229,22.6,5.6,61.96,1148100.0,1099814.719
2012-03-04,17,60,2,59,22.5,5.7,75.36,258000.0,231134.107
2012-03-04,18,3,0,3,22.4,5.7,88.82,12900.0,0.0
2012-03-04,19,0,0,0,22.4,5.7,103.13,0.0,0.0
2012-03-04,20,0,0,0,22.5,5.8,117.09,0.0,0.0
2012-03-04,21,0,0,0,22.6,5.8,130.93,0.0,0.0
2012-03-04,22,0,0,0,22.6,5.7,144.37,0.0,0.0
2012-03-04,23,0,0,0,22.6,5.5,156.57,0.0,0.0
2012-03-05,0,0,0,0,22.6,5.3,164.22,0.0,0.0
2012-03-05,1,0,0,0,22.7,4.9,160.73,0.0,0.0
2012-03-05,2,0,0,0,22.7,4.6,149.74,0.0,0.0
2012-03-05,3,0,0,0,22.7,4.4,136.65,0.0,0.0
2012-03-05,4,0,0,0,22.7,4.3,122.92,0.0,0.0
2012-03-05,5,0,0,0,22.7,4.1,108.98,0.0,0.0
2012-03-05,6,0,0,0,22.7,4.0,95.0,0.0,0.0
2012-03-05,7,6,0,6,22.8,3.8,81.03,25800.0,3395.096
2012-03-05,8,28,0,28,22.8,3.5,67.45,120400.0,96233.934
2012-03-05,9,71,0,71,22.8,2.9,54.33,305300.0,277468.23
2012-03-05,10,20,0,20,22.8,2.4,42.2,86000.0,62483.31
2012-03-05,11,174,1,173,22.8,2.1,32.26,748200.0,710385.449
2012-03-05,12,358,13,347,22.9,2.0,27.07,1539400.0,1479530.647
2012-03-05,13,608,259,382,23.0,2.0,29.29,2614400.0,2515891.371
2012-03-05,14,191,2,190,23.0,2.1,37.62,821300.0,781674.727
2012-03-05,15,30,0,30,23.0,2.2,49.04,129000.0,104669.991
2012-03-05,16,107,0,107,22.8,2.3,61.83,460100.0,428971.918
2012-03-05,17,16,0,16,22.6,2.3,75.26,68800.0,45604.161
2012-03-05,18,5,0,5,22.5,2.4,88.75,21500.0,0.0
2012-03-05,19,0,0,0,22.4,2.6,103.05,0.0,0.0
2012-03-05,20,0,0,0,22.4,3.0,117.01,0.0,0.0
2012-03-05,21,0,0,0,22.5,3.6,130.83,0.0,0.0
2012-03-05,22,0,0,0,22.6,4.2,144.23,0.0,0.0
2012-03-05,23,0,0,0,22.8,4.7,156.35,0.0,0.0
2012-03-06,0,0,0,0,23.0,5.0,163.85,0.0,0.0
2012-03-06,1,0,0,0,23.1,5.2,160.38,0.0,0.0
2012-03-06,2,0,0,0,23.2,5.4,149.48,0.0,0.0
2012-03-06,3,0,0,0,23.3,5.6,136.43,0.0,0.0
2012-03-06,4,0,0,0,23.4,5.7,122.72,0.0,0.0
2012-03-06,5,0,0,0,23.4,5.9,108.79,0.0,0.0
2012-03-06,6,0,0,0,23.5,6.1,94.81,0.0,0.0
2012-03-06,7,32,0,32,23.5,6.3,80.83,137600.0,113105.409
2012-03-06,8,79,0,79,23.5,6.2,67.23,339700.0,311153.623
2012-03-06,9,266,46,239,23.3,6.1,54.08,1143800.0,1095634.662
2012-03-06,10,333,43,302,23.2,5.9,41.9,1431900.0,1375344.986
2012-03-06,11,189,0,188,23.1,5.7,31.91,812700.0,773290.151
2012-03-06,12,138,0,137,23.1,5.4,26.68,593400.0,559267.392
2012-03-06,13,300,6,295,23.0,4.9,28.96,1290000.0,1237666.907
2012-03-06,14,348,25,328,23.0,4.4,37.38,1496400.0,1437868.374
2012-03-06,15,17,0,17,23.0,3.9,48.86,73100.0,49824.188
2012-03-06,16,9,0,9,22.8,3.6,61.7,38700.0,16059.494
2012-03-06,17,54,1,53,22.7,3.4,75.15,232200.0,205852.795
2012-03-06,18,5,0,5,22.6,3.3,88.67,21500.0,0.0
2012-03-06,19,0,0,0,22.6,3.2,102.97,0.0,0.0
2012-03-06,20,0,0,0,22.6,3.0,116.92,0.0,0.0
2012-03-06,21,0,0,0,22.5,2.8,130.73,0.0,0.0
2012-03-06,22,0,0,0,22.5,2.7,144.09,0.0,0.0
2012-03-06,23,0,0,0,22.5,2.7,156.12,0.0,0.0
2012-03-07,0,0,0,0,22.5,2.9,163.48,0.0,0.0
2012-03-07,1,0,0,0,22.5,3.3,160.02,0.0,0.0
2012-03-07,2,0,0,0,22.5,3.9,149.21,0.0,0.0
2012-03-07,3,0,0,0,22.6,4.3,136.21,0.0,0.0
2012-03-07,4,0,0,0,22.6,4.6,122.52,0.0,0.0
2012-03-07,5,0,0,0,22.6,4.9,108.59,0.0,0.0
2012-03-07,6,0,0,0,22.7,5.4,94.61,0.0,0.0
2012-03-07,7,114,395,50,22.9,6.1,80.62,490200.0,458406.907
2012-03-07,8,350,686,82,23.1,6.6,67.01,1505000.0,1446202.107
2012-03-07,9,580,817,97,23.2,7.1,53.83,2494000.0,2400315.878
2012-03-07,10,766,882,107,23.3,7.5,41.61,3293800.0,3165718.082
2012-03-07,11,893,917,112,23.4,7.6,31.55,3839900.0,3583333.333
2012-03-07,12,948,928,115,23.5,7.6,26.29,4076400.0,3583333.333
2012-03-07,13,925,923,114,23.5,7.6,28.63,3977500.0,3583333.333
2012-03-07,14,681,358,396,23.4,7.7,37.15,2928300.0,2816623.792
2012-03-07,15,660,842,104,23.2,7.9,48.7,2838000.0,2730199.02
2012-03-07,16,445,747,90,23.0,8.1,61.57,1913500.0,1841317.811
2012-03-07,17,100,2,100,22.8,8.2,75.05,430000.0,399529.096
2012-03-07,18,6,0,6,22.7,8.2,88.59,25800.0,3395.096
2012-03-07,19,0,0,0,22.7,8.3,102.88,0.0,0.0
2012-03-07,20,0,0,0,22.7,8.4,116.84,0.0,0.0
2012-03-07,21,0,0,0,22.8,8.3,130.63,0.0,0.0
2012-03-07,22,0,0,0,22.8,8.1,143.95,0.0,0.0
2012-03-07,23,0,0,0,22.8,7.8,155.89,0.0,0.0
2012-03-08,0,0,0,0,22.7,7.6,163.1,0.0,0.0
2012-03-08,1,0,0,0,22.7,7.5,159.66,0.0,0.0
2012-03-08,2,0,0,0,22.6,7.6,148.94,0.0,0.0
2012-03-08,3,0,0,0,22.6,7.7,135.98,0.0,0.0
2012-03-08,4,0,0,0,22.6,7.9,122.31,0.0,0.0
2012-03-08,5,0,0,0,22.5,8.2,108.39,0.0,0.0
2012-03-08,6,0,0,0,22.4,8.7,94.42,0.0,0.0
2012-03-08,7,112,331,57,22.5,9.2,80.42,481600.0,449997.709
2012-03-08,8,113,0,113,22.7,9.6,66.79,485900.0,454202.388
2012-03-08,9,265,12,258,22.8,9.7,53.57,1139500.0,1091454.445
2012-03-08,10,297,2,295,22.9,9.7,41.31,1277100.0,1225142.085
2012-03-08,11,306,1,305,22.9,9.7,31.19,1315800.0,1262712.235
2012-03-08,12,432,15,419,22.9,9.6,25.89,1857600.0,1787334.563
2012-03-08,13,805,456,403,22.7,9.6,28.29,3461500.0,3325504.166
2012-03-08,14,557,143,443,22.5,9.5,36.91,2395100.0,2305285.097
2012-03-08,15,115,0,115,22.2,9.5,48.53,494500.0,462611.266
2012-03-08,16,63,0,63,22.0,9.5,61.45,270900.0,243772.605
2012-03-08,17,39,0,39,21.9,9.6,74.96,167700.0,142624.335
2012-03-08,18,5,0,5,21.8,9.7,88.51,21500.0,0.0
2012-03-08,19,0,0,0,21.8,9.9,102.8,0.0,0.0
2012-03-08,20,0,0,0,21.9,10.1,116.75,0.0,0.0
2012-03-08,21,0,0,0,21.9,10.2,130.52,0.0,0.0
2012-03-08,22,0,0,0,22.0,10.0,143.8,0.0,0.0
2012-03-08,23,0,0,0,22.2,9.7,155.66,0.0,0.0
2012-03-09,0,0,0,0,22.5,9.4,162.73,0.0,0.0
2012-03-09,1,0,0,0,22.7,9.0,159.3,0.0,0.0
2012-03-09,2,0,0,0,22.9,8.4,148.66,0.0,0.0
2012-03-09,3,0,0,0,23.0,7.6,135.75,0.0,0.0
2012-03-09,4,0,0,0,23.1,6.8,122.11,0.0,0.0
2012-03-09,5,0,0,0,23.0,6.2,108.19,0.0,0.0
2012-03-09,6,0,0,0,23.0,5.5,94.22,0.0,0.0
2012-03-09,7,3,0,3,23.0,5.1,80.21,12900.0,0.0
2012-03-09,8,13,0,13,23.0,4.9,66.56,55900.0,32943.12
2012-03-09,9,59,0,58,23.0,5.0,53.32,253700.0,226920.955
2012-03-09,10,38,0,38,23.0,5.5,41.01,163400.0,138407.825
2012-03-09,11,173,1,172,23.0,5.8,30.83,743900.0,706190.523
2012-03-09,12,493,68,432,23.0,6.1,25.5,2119900.0,2040406.51
2012-03-09,13,146,0,146,23.1,6.5,27.96,627800.0,592867.089
2012-03-09,14,350,21,333,23.2,6.8,36.68,1505000.0,1446202.107
2012-03-09,15,351,30,331,23.5,6.9,48.37,1509300.0,1450368.734
2012-03-09,16,169,9,165,23.8,6.9,61.33,726700.0,689409.22
2012-03-09,17,81,3,80,23.9,7.0,74.86,348300.0,319573.372
2012-03-09,18,7,0,7,24.0,7.1,88.44,30100.0,7616.722
2012-03-09,19,0,0,0,24.0,7.2,102.72,0.0,0.0
2012-03-09,20,0,0,0,24.0,7.2,116.66,0.0,0.0
2012-03-09,21,0,0,0,24.0,7.3,130.42,0.0,0.0
2012-03-09,22,0,0,0,23.9,7.4,143.66,0.0,0.0
2012-03-09,23,0,0,0,23.8,7.7,155.42,0.0,0.0
2012-03-10,0,0,0,0,23.8,8.1,162.35,0.0,0.0
2012-03-10,1,0,0,0,23.7,8.4,158.94,0.0,0.0
2012-03-10,2,0,0,0,23.6,8.5,148.38,0.0,0.0
2012-03-10,3,0,0,0,23.5,8.4,135.52,0.0,0.0
2012-03-10,4,0,0,0,23.4,8.3,121.9,0.0,0.0
2012-03-10,5,0,0,0,23.4,8.3,107.99,0.0,0.0
2012-03-10,6,0,0,0,23.6,8.4,94.01,0.0,0.0
2012-03-10,7,86,9,84,23.8,8.6,80.0,369800.0,340619.948
2012-03-10,8,14,0,14,24.0,8.9,66.34,60200.0,37163.627
2012-03-10,9,429,158,334,24.2,8.9,53.07,1844700.0,1774873.053
2012-03-10,10,98,0,98,24.3,8.9,40.71,421400.0,391115.422
2012-03-10,11,272,1,271,24.3,8.7,30.47,1169600.0,1120712.606
2012-03-10,12,354,2,352,24.3,8.6,25.1,1522200.0,1462867.656
2012-03-10,13,413,11,403,24.3,8.6,27.64,1775900.0,1708387.365
2012-03-10,14,412,32,386,24.3,8.7,36.45,1771600.0,1704230.651
2012-03-10,15,289,7,284,24.2,8.9,48.21,1242700.0,1191735.523
2012-03-10,16,151,1,150,24.0,9.1,61.21,649300.0,613861.703
2012-03-10,17,27,0,27,23.8,9.2,74.77,116100.0,92015.666
2012-03-10,18,6,0,6,23.6,9.2,88.36,25800.0,3395.096
2012-03-10,19,0,0,0,23.6,9.1,102.64,0.0,0.0
2012-03-10,20,0,0,0,23.6,9.0,116.58,0.0,0.0
2012-03-10,21,0,0,0,23.6,8.9,130.31,0.0,0.0
2012-03-10,22,0,0,0,23.5,8.7,143.51,0.0,0.0
2012-03-10,23,0,0,0,23.4,8.4,155.17,0.0,0.0
2012-03-11,0,0,0,0,23.3,8.1,161.97,0.0,0.0
2012-03-11,1,0,0,0,23.2,7.9,158.57,0.0,0.0
2012-03-11,2,0,0,0,23.2,7.8,148.09,0.0,0.0
2012-03-11,3,0,0,0,23.1,7.9,135.28,0.0,0.0
2012-03-11,4,0,0,0,23.2,8.2,121.68,0.0,0.0
2012-03-11,5,0,0,0,23.3,8.4,107.79,0.0,0.0
2012-03-11,6,0,0,0,23.5,8.7,93.81,0.0,0.0
2012-03-11,7,80,3,80,23.8,8.9,79.8,344000.0,315363.578
2012-03-11,8,226,81,194,24.1,9.1,66.11,971800.0,928301.28
2012-03-11,9,470,358,253,24.3,9.2,52.81,2021000.0,1945055.807
2012-03-11,10,464,95,392,24.5,9.2,40.41,1995200.0,1920167.802
2012-03-11,11,669,348,368,24.6,9.1,30.1,2876700.0,2767246.842
2012-03-11,12,705,387,354,24.7,8.8,24.7,3031500.0,2915308.624
2012-03-11,13,761,501,315,24.8,8.6,27.31,3272300.0,3145215.1
2012-03-11,14,642,429,296,24.8,8.5,36.23,2760600.0,2656064.527
2012-03-11,15,518,379,265,24.7,8.5,48.05,2227400.0,2143952.65
2012-03-11,16,415,539,155,24.5,8.6,61.09,1784500.0,1716700.315
2012-03-11,17,132,33,123,24.2,8.5,74.67,567600.0,534060.904
2012-03-11,18,10,0,10,23.9,8.4,88.28,43000.0,20280.641
2012-03-11,19,0,0,0,23.7,8.3,102.57,0.0,0.0
2012-03-11,20,0,0,0,23.6,8.2,116.49,0.0,0.0
2012-03-11,21,0,0,0,23.5,8.2,130.2,0.0,0.0
2012-03-11,22,0,0,0,23.4,8.0,143.35,0.0,0.0
2012-03-11,23,0,0,0,23.3,7.9,154.93,0.0,0.0
2012-03-12,0,0,0,0,23.2,7.9,161.59,0.0,0.0
2012-03-12,1,0,0,0,23.1,8.1,158.21,0.0,0.0
2012-03-12,2,0,0,0,23.0,8.3,147.81,0.0,0.0
2012-03-12,3,0,0,0,23.0,8.4,135.04,0.0,0.0
2012-03-12,4,0,0,0,22.9,8.6,121.47,0.0,0.0
2012-03-12,5,0,0,0,22.9,8.8,107.58,0.0,0.0
2012-03-12,6,0,0,0,23.0,9.0,93.61,0.0,0.0
2012-03-12,7,131,423,54,23.2,9.1,79.58,563300.0,529859.263
2012-03-12,8,237,42,220,23.4,9.1,65.88,1019100.0,974343.461
2012-03-12,9,312,32,292,23.6,9.0,52.56,1341600.0,1287751.808
2012-03-12,10,790,881,116,23.8,8.9,40.11,3397000.0,3264076.758
2012-03-12,11,382,5,377,23.9,8.9,29.74,1642600.0,1579454.872
2012-03-12,12,267,0,267,23.9,8.9,24.3,1148100.0,1099814.719
2012-03-12,13,268,1,267,23.9,8.9,26.98,1152400.0,1103994.616
2012-03-12,14,230,0,230,23.8,9.0,36.01,989000.0,945046.129
2012-03-12,15,186,0,186,23.6,9.1,47.9,799800.0,760712.089
2012-03-12,16,102,0,102,23.4,9.1,60.98,438600.0,407942.13
2012-03-12,17,20,0,20,23.1,9.0,74.58,86000.0,62483.31
2012-03-12,18,8,0,8,22.9,8.8,88.21,34400.0,11838.188
2012-03-12,19,0,0,0,22.9,8.5,102.49,0.0,0.0
2012-03-12,20,0,0,0,22.9,8.1,116.4,0.0,0.0
2012-03-12,21,0,0,0,22.9,7.8,130.1,0.0,0.0
2012-03-12,22,0,0,0,22.8,7.4,143.2,0.0,0.0
2012-03-12,23,0,0,0,22.7,7.2,154.68,0.0,0.0
2012-03-13,0,0,0,0,22.6,7.0,161.21,0.0,0.0
2012-03-13,1,0,0,0,22.6,6.8,157.84,0.0,0.0
2012-03-13,2,0,0,0,22.5,6.9,147.51,0.0,0.0
2012-03-13,3,0,0,0,22.4,7.1,134.8,0.0,0.0
2012-03-13,4,0,0,0,22.4,7.2,121.25,0.0,0.0
2012-03-13,5,0,0,0,22.4,7.2,107.38,0.0,0.0
2012-03-13,6,0,0,0,22.7,7.2,93.4,0.0,0.0
2012-03-13,7,104,32,98,23.0,7.3,79.37,447200.0,416354.525
2012-03-13,8,116,0,116,23.3,7.3,65.65,498800.0,466815.465
2012-03-13,9,161,0,161,23.6,7.2,52.3,692300.0,655838.941
2012-03-13,10,299,2,298,23.8,7.2,39.81,1285700.0,1233492.126
2012-03-13,11,471,42,434,23.9,7.3,29.38,2025300.0,1949203.249
2012-03-13,12,533,74,465,24.0,7.4,23.9,2291900.0,2206032.369
2012-03-13,13,963,964,101,24.0,7.5,26.66,4140900.0,3583333.333
2012-03-13,14,862,947,94,23.9,7.5,35.79,3706600.0,3558600.239
2012-03-13,15,693,897,90,23.8,7.4,47.75,2979900.0,2865977.719
2012-03-13,16,472,806,80,23.7,7.4,60.87,2029600.0,1953350.53
2012-03-13,17,226,619,60,23.5,7.2,74.49,971800.0,928301.28
2012-03-13,18,14,3,14,23.2,7.0,88.14,60200.0,37163.627
2012-03-13,19,0,0,0,23.1,6.8,102.41,0.0,0.0
2012-03-13,20,0,0,0,23.1,6.7,116.32,0.0,0.0
2012-03-13,21,0,0,0,22.9,6.6,129.99,0.0,0.0
2012-03-13,22,0,0,0,22.8,6.6,143.04,0.0,0.0
2012-03-13,23,0,0,0,22.7,6.6,154.43,0.0,0.0
2012-03-14,0,0,0,0,22.7,6.5,160.83,0.0,0.0
2012-03-14,1,0,0,0,22.6,6.4,157.46,0.0,0.0
2012-03-14,2,0,0,0,22.6,6.3,147.22,0.0,0.0
2012-03-14,3,0,0,0,22.5,6.2,134.55,0.0,0.0
2012-03-14,4,0,0,0,22.5,6.1,121.03,0.0,0.0
2012-03-14,5,0,0,0,22.6,6.1,107.17,0.0,0.0
2012-03-14,6,0,0,0,22.8,6.3,93.19,0.0,0.0
2012-03-14,7,5,0,5,23.1,6.6,79.16,21500.0,0.0
2012-03-14,8,48,0,48,23.3,6.8,65.43,206400.0,180565.728
2012-03-14,9,123,0,123,23.5,6.8,52.05,528900.0,496240.381
2012-03-14,10,316,3,314,23.7,6.8,39.51,1358800.0,1304441.659
2012-03-14,11,705,266,473,23.8,6.7,29.02,3031500.0,2915308.624
2012-03-14,12,988,964,104,23.9,6.6,23.5,4248400.0,3583333.333
2012-03-14,13,603,148,471,24.0,6.4,26.34,2592900.0,2495262.083
2012-03-14,14,589,167,453,24.0,6.3,35.57,2532700.0,2437478.814
2012-03-14,15,219,1,218,24.0,6.3,47.6,941700.0,898991.637
2012-03-14,16,149,1,149,24.0,6.3,60.76,640700.0,605464.337
2012-03-14,17,144,20,138,23.7,6.3,74.4,619200.0,584468.124
2012-03-14,18,19,99,16,23.5,6.3,88.06,81700.0,58263.763
2012-03-14,19,0,0,0,23.4,6.4,102.33,0.0,0.0
2012-03-14,20,0,0,0,23.3,6.6,116.23,0.0,0.0
2012-03-14,21,0,0,0,23.2,6.7,129.87,0.0,0.0
2012-03-14,22,0,0,0,23.1,6.6,142.88,0.0,0.0
2012-03-14,23,0,0,0,23.0,6.4,154.17,0.0,0.0
2012-03-15,0,0,0,0,22.9,6.2,160.45,0.0,0.0
2012-03-15,1,0,0,0,22.8,6.0,157.09,0.0,0.0
2012-03-15,2,0,0,0,22.7,6.0,146.92,0.0,0.0
2012-03-15,3,0,0,0,22.7,6.0,134.3,0.0,0.0
2012-03-15,4,0,0,0,22.7,6.2,120.8,0.0,0.0
2012-03-15,5,0,0,0,22.8,6.3,106.95,0.0,0.0
2012-03-15,6,0,0,0,23.0,6.5,92.98,0.0,0.0
2012-03-15,7,46,0,47,23.3,6.7,78.95,197800.0,172135.426
2012-03-15,8,124,1,124,23.6,6.8,65.2,533200.0,500443.3
2012-03-15,9,306,27,290,23.8,7.0,51.79,1315800.0,1262712.235
2012-03-15,10,541,144,429,24.0,7.2,39.22,2326300.0,2239126.844
2012-03-15,11,793,427,418,24.2,7.3,28.65,3409900.0,3276365.118
2012-03-15,12,543,82,467,24.3,7.4,23.1,2334900.0,2247398.864
2012-03-15,13,649,178,489,24.4,7.4,26.02,2790700.0,2684900.763
2012-03-15,14,435,41,402,24.5,7.4,35.36,1870500.0,1799794.634
2012-03-15,15,698,898,91,24.4,7.5,47.45,3001400.0,2886535.061
2012-03-15,16,345,150,272,24.3,7.7,60.65,1483500.0,1425366.574
2012-03-15,17,231,643,58,24.0,7.7,74.32,993300.0,949231.942
2012-03-15,18,21,142,16,23.7,7.8,87.99,90300.0,66702.698
2012-03-15,19,0,0,0,23.6,8.0,102.25,0.0,0.0
2012-03-15,20,0,0,0,23.5,8.1,116.14,0.0,0.0
2012-03-15,21,0,0,0,23.4,8.3,129.76,0.0,0.0
2012-03-15,22,0,0,0,23.3,8.3,142.72,0.0,0.0
2012-03-15,23,0,0,0,23.2,8.2,153.91,0.0,0.0
2012-03-16,0,0,0,0,23.1,8.0,160.06,0.0,0.0
2012-03-16,1,0,0,0,23.0,7.7,156.72,0.0,0.0
2012-03-16,2,0,0,0,23.0,7.5,146.62,0.0,0.0
2012-03-16,3,0,0,0,23.0,7.4,134.05,0.0,0.0
2012-03-16,4,0,0,0,23.0,7.4,120.58,0.0,0.0
2012-03-16,5,0,0,0,23.0,7.5,106.74,0.0,0.0
2012-03-16,6,0,0,0,23.3,7.7,92.77,0.0,0.0
2012-03-16,7,102,15,99,23.6,7.9,78.74,438600.0,407942.13
2012-03-16,8,144,1,143,23.9,7.9,64.97,619200.0,584468.124
2012-03-16,9,387,83,335,24.2,7.7,51.54,1664100.0,1600260.828
2012-03-16,10,617,254,420,24.4,7.5,38.92,2653100.0,2553014.016
2012-03-16,11,611,157,472,24.6,7.3,28.29,2627300.0,2528267.025
2012-03-16,12,448,15,434,24.7,6.9,22.7,1926400.0,1853771.647
2012-03-16,13,177,0,177,24.9,6.5,25.7,761100.0,722969.267
2012-03-16,14,309,1,307,24.9,6.2,35.15,1328700.0,1275232.741
2012-03-16,15,113,0,113,24.9,6.0,47.31,485900.0,454202.388
2012-03-16,16,111,0,111,24.8,6.1,60.54,477300.0,445792.871
2012-03-16,17,34,0,34,24.5,6.3,74.23,146200.0,121540.187
2012-03-16,18,8,0,8,24.1,6.6,87.92,34400.0,11838.188
2012-03-16,19,0,0,0,23.9,6.9,102.17,0.0,0.0
2012-03-16,20,0,0,0,23.7,7.1,116.05,0.0,0.0
2012-03-16,21,0,0,0,23.5,7.1,129.64,0.0,0.0
2012-03-16,22,0,0,0,23.4,7.1,142.55,0.0,0.0
2012-03-16,23,0,0,0,23.4,7.1,153.65,0.0,0.0
2012-03-17,0,0,0,0,23.3,7.1,159.68,0.0,0.0
2012-03-17,1,0,0,0,23.2,7.2,156.34,0.0,0.0
2012-03-17,2,0,0,0,23.2,7.4,146.32,0.0,0.0
2012-03-17,3,0,0,0,23.2,7.5,133.79,0.0,0.0
2012-03-17,4,0,0,0,23.2,7.6,120.35,0.0,0.0
2012-03-17,5,0,0,0,23.2,7.8,106.53,0.0,0.0
2012-03-17,6,0,0,0,23.4,7.9,92.56,0.0,0.0
2012-03-17,7,98,9,96,23.7,8.1,78.52,421400.0,391115.422
2012-03-17,8,402,765,76,23.9,7.9,64.74,1728600.0,1662654.713
2012-03-17,9,635,871,90,24.2,7.6,51.29,2730500.0,2627220.456
2012-03-17,10,823,926,99,24.4,7.3,38.62,3538900.0,3399169.57
2012-03-17,11,710,255,485,24.6,7.0,27.93,3053000.0,2935856.373
2012-03-17,12,914,605,354,24.8,6.8,22.3,3930200.0,3583333.333
2012-03-17,13,453,21,433,25.0,6.6,25.39,1947900.0,1874524.842
2012-03-17,14,699,345,416,25.1,6.6,34.94,3005700.0,2890646.05
2012-03-17,15,275,3,273,25.1,6.7,47.17,1182500.0,1133249.419
2012-03-17,16,476,798,82,24.9,6.9,60.44,2046800.0,1969938.058
2012-03-17,17,92,1,91,24.6,7.0,74.15,395600.0,365870.563
2012-03-17,18,21,118,17,24.2,7.2,87.85,90300.0,66702.698
2012-03-17,19,0,0,0,23.9,7.4,102.1,0.0,0.0
2012-03-17,20,0,0,0,23.7,7.5,115.96,0.0,0.0
2012-03-17,21,0,0,0,23.5,7.5,129.53,0.0,0.0
2012-03-17,22,0,0,0,23.4,7.5,142.38,0.0,0.0
2012-03-17,23,0,0,0,23.4,7.3,153.39,0.0,0.0
2012-03-18,0,0,0,0,23.3,7.2,159.29,0.0,0.0
2012-03-18,1,0,0,0,23.3,7.1,155.96,0.0,0.0
2012-03-18,2,0,0,0,23.3,6.9,146.01,0.0,0.0
2012-03-18,3,0,0,0,23.3,6.7,133.54,0.0,0.0
2012-03-18,4,0,0,0,23.2,6.7,120.12,0.0,0.0
2012-03-18,5,0,0,0,23.2,6.8,106.31,0.0,0.0
2012-03-18,6,0,0,0,23.3,7.0,92.35,0.0,0.0
2012-03-18,7,90,4,89,23.5,7.2,78.31,387000.0,357454.331
2012-03-18,8,284,99,242,23.6,7.2,64.52,1221200.0,1170851.226
2012-03-18,9,500,270,330,23.8,7.1,51.03,2150000.0,2069409.501
2012-03-18,10,596,201,438,24.0,6.9,38.33,2562800.0,2466374.365
2012-03-18,11,257,0,257,24.3,6.6,27.57,1105100.0,1058006.954
2012-03-18,12,856,466,424,24.5,6.4,21.9,3680800.0,3534088.272
2012-03-18,13,925,718,275,24.6,6.1,25.08,3977500.0,3583333.333
2012-03-18,14,663,260,450,24.7,5.9,34.74,2850900.0,2742549.733
2012-03-18,15,512,190,382,24.7,5.7,47.03,2201600.0,2119110.689
2012-03-18,16,120,0,120,24.5,5.6,60.34,516000.0,483630.662
2012-03-18,17,114,4,113,24.3,5.6,74.06,490200.0,458406.907
2012-03-18,18,11,0,11,24.0,5.6,87.78,47300.0,24501.627
2012-03-18,19,0,0,0,23.8,5.7,102.02,0.0,0.0
2012-03-18,20,0,0,0,23.7,5.6,115.87,0.0,0.0
2012-03-18,21,0,0,0,23.6,5.4,129.41,0.0,0.0
2012-03-18,22,0,0,0,23.5,5.1,142.21,0.0,0.0
2012-03-18,23,0,0,0,23.3,4.8,153.12,0.0,0.0
2012-03-19,0,0,0,0,23.2,4.6,158.91,0.0,0.0
2012-03-19,1,0,0,0,23.2,4.6,155.58,0.0,0.0
2012-03-19,2,0,0,0,23.1,4.8,145.71,0.0,0.0
2012-03-19,3,0,0,0,23.1,5.2,133.28,0.0,0.0
2012-03-19,4,0,0,0,23.1,5.5,119.89,0.0,0.0
2012-03-19,5,0,0,0,23.2,5.8,106.1,0.0,0.0
2012-03-19,6,0,0,0,23.3,6.1,92.14,0.0,0.0
2012-03-19,7,159,525,51,23.7,6.4,78.1,683700.0,647444.773
2012-03-19,8,402,752,76,23.9,6.4,64.29,1728600.0,1662654.713
2012-03-19,9,631,855,91,24.2,6.2,50.78,2713300.0,2610734.613
2012-03-19,10,816,910,100,24.4,6.0,38.03,3508800.0,3370528.068
2012-03-19,11,937,929,111,24.7,5.6,27.21,4029100.0,3583333.333
2012-03-19,12,987,937,115,24.9,5.1,21.5,4244100.0,3583333.333
2012-03-19,13,959,929,115,25.1,4.5,24.77,4123700.0,3583333.333
2012-03-19,14,853,896,115,25.2,3.9,34.54,3667900.0,3521830.13
2012-03-19,15,685,847,106,25.2,3.5,46.9,2945500.0,2833077.659
2012-03-19,16,467,757,91,25.2,3.2,60.24,2008100.0,1932612.524
2012-03-19,17,225,571,67,24.9,2.9,73.98,967500.0,924114.667
2012-03-19,18,21,92,17,24.6,2.6,87.71,90300.0,66702.698
2012-03-19,19,0,0,0,24.3,2.4,101.94,0.0,0.0
2012-03-19,20,0,0,0,24.1,2.3,115.78,0.0,0.0
2012-03-19,21,0,0,0,24.0,2.1,129.29,0.0,0.0
2012-03-19,22,0,0,0,23.8,2.0,142.04,0.0,0.0
2012-03-19,23,0,0,0,23.7,2.0,152.85,0.0,0.0
2012-03-20,0,0,0,0,23.6,2.0,158.52,0.0,0.0
2012-03-20,1,0,0,0,23.5,2.0,155.2,0.0,0.0
2012-03-20,2,0,0,0,23.3,2.1,145.4,0.0,0.0
2012-03-20,3,0,0,0,23.2,2.1,133.02,0.0,0.0
2012-03-20,4,0,0,0,23.2,2.1,119.66,0.0,0.0
2012-03-20,5,0,0,0,23.1,2.1,105.88,0.0,0.0
2012-03-20,6,0,0,0,23.3,2.2,91.93,0.0,0.0
2012-03-20,7,160,497,56,23.7,2.3,77.88,688000.0,651641.937
2012-03-20,8,406,743,81,23.9,2.4,64.06,1745800.0,1679287.006
2012-03-20,9,635,848,96,24.1,2.3,50.53,2730500.0,2627220.456
2012-03-20,10,821,905,105,24.4,2.3,37.74,3530300.0,3390987.083
2012-03-20,11,940,922,117,24.7,2.3,26.85,4042000.0,3583333.333
2012-03-20,12,991,937,116,25.1,2.4,21.1,4261300.0,3583333.333
2012-03-20,13,964,936,112,25.3,2.7,24.46,4145200.0,3583333.333
2012-03-20,14,854,882,126,25.4,3.1,34.34,3672200.0,3525916.338
2012-03-20,15,687,838,113,25.4,3.7,46.77,2954100.0,2841303.633
2012-03-20,16,470,755,95,25.3,4.3,60.14,2021000.0,1945055.807
2012-03-20,17,228,575,68,24.9,4.7,73.9,980400.0,936674.024
2012-03-20,18,22,99,18,24.5,5.0,87.64,94600.0,70921.925
2012-03-20,19,0,0,0,24.3,5.3,101.86,0.0,0.0
2012-03-20,20,0,0,0,24.1,5.6,115.69,0.0,0.0
2012-03-20,21,0,0,0,23.9,5.6,129.17,0.0,0.0
2012-03-20,22,0,0,0,23.8,5.4,141.86,0.0,0.0
2012-03-20,23,0,0,0,23.6,5.2,152.58,0.0,0.0
2012-03-21,0,0,0,0,23.5,5.3,158.13,0.0,0.0
2012-03-21,1,0,0,0,23.4,5.7,154.82,0.0,0.0
2012-03-21,2,0,0,0,23.4,6.0,145.08,0.0,0.0
2012-03-21,3,0,0,0,23.3,6.4,132.76,0.0,0.0
2012-03-21,4,0,0,0,23.2,6.8,119.42,0.0,0.0
2012-03-21,5,0,0,0,23.1,7.0,105.66,0.0,0.0
2012-03-21,6,0,0,0,23.2,7.1,91.72,0.0,0.0
2012-03-21,7,105,11,103,23.4,7.2,77.67,451500.0,420560.483
2012-03-21,8,329,365,168,23.6,7.3,63.84,1414700.0,1358666.007
2012-03-21,9,374,165,269,23.9,7.3,50.28,1608200.0,1546157.03
2012-03-21,10,542,250,343,24.2,7.4,37.45,2330600.0,2243262.934
2012-03-21,11,681,270,439,24.4,7.4,26.49,2928300.0,2816623.792
2012-03-21,12,712,259,469,24.6,7.3,20.7,3061600.0,2944074.353
2012-03-21,13,695,303,419,24.6,7.3,24.16,2988500.0,2874201.136
2012-03-21,14,866,924,101,24.6,7.3,34.15,3723800.0,3574938.353
2012-03-21,15,696,874,96,24.6,7.5,46.64,2992800.0,2878312.604
2012-03-21,16,474,776,86,24.5,7.8,60.05,2038200.0,1961644.614
2012-03-21,17,229,579,67,24.3,8.0,73.82,984700.0,940860.157
2012-03-21,18,22,97,18,24.1,8.3,87.57,94600.0,70921.925
2012-03-21,19,0,0,0,24.0,8.6,101.78,0.0,0.0
2012-03-21,20,0,0,0,23.9,8.8,115.59,0.0,0.0
2012-03-21,21,0,0,0,23.8,8.7,129.05,0.0,0.0
2012-03-21,22,0,0,0,23.7,8.4,141.69,0.0,0.0
2012-03-21,23,0,0,0,23.5,8.1,152.31,0.0,0.0
2012-03-22,0,0,0,0,23.4,7.8,157.75,0.0,0.0
2012-03-22,1,0,0,0,23.3,7.6,154.44,0.0,0.0
2012-03-22,2,0,0,0,23.3,7.4,144.77,0.0,0.0
2012-03-22,3,0,0,0,23.2,7.4,132.49,0.0,0.0
2012-03-22,4,0,0,0,23.2,7.5,119.19,0.0,0.0
2012-03-22,5,0,0,0,23.2,7.9,105.44,0.0,0.0
2012-03-22,6,0,0,0,23.4,8.3,91.5,0.0,0.0
2012-03-22,7,100,6,98,23.7,8.7,77.45,430000.0,399529.096
2012-03-22,8,329,353,172,23.9,8.8,63.61,1414700.0,1358666.007
2012-03-22,9,373,160,270,24.1,8.8,50.04,1603900.0,1541994.08
2012-03-22,10,541,245,345,24.3,8.7,37.16,2326300.0,2239126.844
2012-03-22,11,665,232,456,24.4,8.7,26.13,2859500.0,2750782.742
2012-03-22,12,708,238,485,24.4,8.8,20.3,3044400.0,2927637.753
2012-03-22,13,697,295,427,24.4,8.9,23.86,2997100.0,2882423.912
2012-03-22,14,722,380,407,24.4,8.7,33.96,3104600.0,2985154.662
2012-03-22,15,546,261,366,24.3,8.5,46.51,2347800.0,2259805.695
2012-03-22,16,335,110,280,24.2,8.3,59.95,1440500.0,1383683.516
2012-03-22,17,141,14,137,23.9,8.3,73.75,606300.0,571868.477
2012-03-22,18,12,0,12,23.8,8.1,87.5,51600.0,28722.454
2012-03-22,19,0,0,0,23.7,8.0,101.7,0.0,0.0
2012-03-22,20,0,0,0,23.7,8.0,115.5,0.0,0.0
2012-03-22,21,0,0,0,23.6,8.0,128.92,0.0,0.0
2012-03-22,22,0,0,0,23.5,8.0,141.51,0.0,0.0
2012-03-22,23,0,0,0,23.3,7.8,152.03,0.0,0.0
2012-03-23,0,0,0,0,23.2,7.5,157.36,0.0,0.0
2012-03-23,1,0,0,0,23.1,7.4,154.06,0.0,0.0
2012-03-23,2,0,0,0,23.0,7.4,144.46,0.0,0.0
2012-03-23,3,0,0,0,23.0,7.7,132.23,0.0,0.0
2012-03-23,4,0,0,0,23.0,8.1,118.95,0.0,0.0
2012-03-23,5,0,0,0,23.1,8.1,105.22,0.0,0.0
2012-03-23,6,0,0,0,23.3,8.1,91.29,0.0,0.0
2012-03-23,7,121,28,115,23.7,8.3,77.24,520300.0,487834.061
2012-03-23,8,197,16,190,23.9,8.5,63.39,847100.0,806824.617
2012-03-23,9,642,843,98,24.1,8.5,49.79,2760600.0,2656064.527
2012-03-23,10,826,896,109,24.3,8.2,36.87,3551800.0,3411442.101
2012-03-23,11,701,236,489,24.5,8.0,25.78,3014300.0,2898867.547
2012-03-23,12,1002,951,108,24.6,7.8,19.9,4308600.0,3583333.333
2012-03-23,13,641,169,486,24.7,7.8,23.56,2756300.0,2651944.425
2012-03-23,14,869,918,106,24.8,7.9,33.78,3736700.0,3583333.333
2012-03-23,15,698,866,101,24.8,8.2,46.39,3001400.0,2886535.061
2012-03-23,16,477,769,91,24.6,8.5,59.86,2051100.0,1974084.54
2012-03-23,17,8,0,8,24.3,8.7,73.67,34400.0,11838.188
2012-03-23,18,23,92,19,24.0,8.8,87.43,98900.0,75140.993
2012-03-23,19,0,0,0,23.8,9.0,101.63,0.0,0.0
2012-03-23,20,0,0,0,23.7,9.0,115.4,0.0,0.0
2012-03-23,21,0,0,0,23.6,8.9,128.8,0.0,0.0
2012-03-23,22,0,0,0,23.6,8.6,141.32,0.0,0.0
2012-03-23,23,0,0,0,23.5,8.3,151.75,0.0,0.0
2012-03-24,0,0,0,0,23.4,8.0,156.97,0.0,0.0
2012-03-24,1,0,0,0,23.4,7.8,153.68,0.0,0.0
2012-03-24,2,0,0,0,23.3,7.7,144.14,0.0,0.0
2012-03-24,3,0,0,0,23.3,7.8,131.96,0.0,0.0
2012-03-24,4,0,0,0,23.3,7.8,118.72,0.0,0.0
2012-03-24,5,0,0,0,23.4,7.9,105.0,0.0,0.0
2012-03-24,6,0,0,0,23.5,7.9,91.08,0.0,0.0
2012-03-24,7,79,1,78,23.7,8.1,77.03,339700.0,311153.623
2012-03-24,8,122,0,122,23.9,8.1,63.16,524600.0,492037.301
2012-03-24,9,235,1,234,24.1,8.1,49.55,1010500.0,965973.594
2012-03-24,10,416,38,385,24.2,8.1,36.59,1788800.0,1720856.549
2012-03-24,11,539,95,453,24.4,8.1,25.43,2317700.0,2230854.185
2012-03-24,12,388,4,384,24.4,8.1,19.5,1668400.0,1604421.539
2012-03-24,13,637,163,487,24.4,8.3,23.27,2739100.0,2635462.419
2012-03-24,14,845,861,128,24.3,8.6,33.6,3633500.0,3489134.717
2012-03-24,15,677,807,119,24.1,8.9,46.27,2911100.0,2800167.367
2012-03-24,16,460,708,104,23.9,9.1,59.77,1978000.0,1903572.6
2012-03-24,17,95,1,94,23.6,9.1,73.59,408500.0,378493.712
2012-03-24,18,22,53,20,23.4,8.9,87.36,94600.0,70921.925
2012-03-24,19,0,0,0,23.3,8.7,101.55,0.0,0.0
2012-03-24,20,0,0,0,23.3,8.4,115.31,0.0,0.0
2012-03-24,21,0,0,0,23.2,8.2,128.67,0.0,0.0
2012-03-24,22,0,0,0,23.2,7.9,141.14,0.0,0.0
2012-03-24,23,0,0,0,23.1,7.6,151.47,0.0,0.0
2012-03-25,0,0,0,0,23.1,7.3,156.59,0.0,0.0
2012-03-25,1,0,0,0,23.0,7.2,153.3,0.0,0.0
2012-03-25,2,0,0,0,23.0,7.0,143.82,0.0,0.0
2012-03-25,3,0,0,0,23.0,6.9,131.69,0.0,0.0
2012-03-25,4,0,0,0,23.0,6.9,118.48,0.0,0.0
2012-03-25,5,0,0,0,23.0,7.0,104.78,0.0,0.0
2012-03-25,6,0,0,0,23.2,7.2,90.86,0.0,0.0
2012-03-25,7,168,432,70,23.4,7.4,76.82,722400.0,685213.495
2012-03-25,8,411,691,97,23.6,7.4,62.94,1767300.0,1700073.776
2012-03-25,9,638,807,112,23.7,7.3,49.3,2743400.0,2639583.16
2012-03-25,10,821,866,123,23.8,7.1,36.3,3530300.0,3390987.083
2012-03-25,11,944,908,122,24.0,6.9,25.07,4059200.0,3583333.333
2012-03-25,12,994,923,121,24.2,6.7,19.11,4274200.0,3583333.333
2012-03-25,13,965,919,119,24.2,6.6,22.98,4149500.0,3583333.333
2012-03-25,14,863,900,112,24.3,6.5,33.42,3710900.0,3562685.008
2012-03-25,15,694,853,103,24.2,6.5,46.15,2984200.0,2870089.507
2012-03-25,16,475,763,90,24.1,6.6,59.68,2042500.0,1965791.416
2012-03-25,17,231,573,68,23.9,6.5,73.52,993300.0,949231.942
2012-03-25,18,24,102,20,23.6,6.4,87.29,103200.0,79359.901
2012-03-25,19,0,0,0,23.4,6.5,101.47,0.0,0.0
2012-03-25,20,0,0,0,23.3,6.6,115.21,0.0,0.0
2012-03-25,21,0,0,0,23.2,6.6,128.54,0.0,0.0
2012-03-25,22,0,0,0,23.1,6.6,140.95,0.0,0.0
2012-03-25,23,0,0,0,22.9,6.6,151.19,0.0,0.0
2012-03-26,0,0,0,0,22.8,6.6,156.2,0.0,0.0
2012-03-26,1,0,0,0,22.6,6.6,152.91,0.0,0.0
2012-03-26,2,0,0,0,22.5,6.7,143.51,0.0,0.0
2012-03-26,3,0,0,0,22.4,6.7,131.43,0.0,0.0
2012-03-26,4,0,0,0,22.3,6.7,118.24,0.0,0.0
2012-03-26,5,0,0,0,22.4,6.7,104.56,0.0,0.0
2012-03-26,6,0,0,0,22.6,6.9,90.08,0.0,0.0
2012-03-26,7,177,470,68,23.0,7.0,76.6,761100.0,722969.267
2012-03-26,8,19,0,19,23.2,7.0,62.72,81700.0,58263.763
2012-03-26,9,96,0,96,23.5,6.9,49.06,412800.0,382701.108
2012-03-26,10,119,0,119,23.7,6.9,36.02,511700.0,479427.102
2012-03-26,11,130,0,130,23.8,6.8,24.72,559000.0,525657.462
2012-03-26,12,409,4,405,23.9,6.8,18.71,1758700.0,1691759.548
2012-03-26,13,806,352,482,23.9,6.9,22.69,3465800.0,3329598.047
2012-03-26,14,869,887,127,23.8,7.0,33.25,3736700.0,3583333.333
2012-03-26,15,699,842,114,23.6,7.1,46.04,3005700.0,2890646.05
2012-03-26,16,477,752,97,23.4,7.1,59.6,2051100.0,1974084.54
2012-03-26,17,233,573,70,23.1,7.1,73.45,1001900.0,957603.088
2012-03-26,18,24,110,19,22.9,7.0,87.22,103200.0,79359.901
2012-03-26,19,0,0,0,22.8,6.9,101.39,0.0,0.0
2012-03-26,20,0,0,0,22.7,6.7,115.11,0.0,0.0
2012-03-26,21,0,0,0,22.6,6.5,128.41,0.0,0.0
2012-03-26,22,0,0,0,22.6,6.2,140.76,0.0,0.0
2012-03-26,23,0,0,0,22.5,6.0,150.9,0.0,0.0
2012-03-27,0,0,0,0,22.4,5.8,155.82,0.0,0.0
2012-03-27,1,0,0,0,22.4,5.7,152.53,0.0,0.0
2012-03-27,2,0,0,0,22.3,5.8,143.19,0.0,0.0
2012-03-27,3,0,0,0,22.3,5.7,131.16,0.0,0.0
2012-03-27,4,0,0,0,22.3,5.8,118.0,0.0,0.0
2012-03-27,5,0,0,0,22.4,5.9,104.34,0.0,0.0
2012-03-27,6,0,0,0,22.6,6.2,89.9,0.0,0.0
2012-03-27,7,185,534,59,23.0,6.6,76.39,795500.0,756519.081
2012-03-27,8,148,1,148,23.3,6.9,62.5,636400.0,601265.414
2012-03-27,9,270,3,267,23.6,7.1,48.82,1161000.0,1112353.931
2012-03-27,10,106,0,106,23.9,7.1,35.74,455800.0,424766.28
2012-03-27,11,442,13,430,24.1,7.1,24.37,1900600.0,1828862.537
2012-03-27,12,775,265,523,24.2,7.0,18.31,3332500.0,3202613.378
2012-03-27,13,689,190,513,24.3,6.9,22.41,2962700.0,2849528.968
2012-03-27,14,888,932,107,24.2,6.8,33.08,3818400.0,3583333.333
2012-03-27,15,715,885,99,24.1,6.7,45.93,3074500.0,2956400.124
2012-03-27,16,492,796,88,23.8,6.7,59.51,2115600.0,2036262.586
2012-03-27,17,242,616,66,23.5,6.8,73.38,1040600.0,995265.329
2012-03-27,18,27,141,20,23.2,6.9,87.16,116100.0,92015.666
2012-03-27,19,0,0,0,23.0,6.9,101.31,0.0,0.0
2012-03-27,20,0,0,0,22.8,6.7,115.02,0.0,0.0
2012-03-27,21,0,0,0,22.7,6.6,128.28,0.0,0.0
2012-03-27,22,0,0,0,22.6,6.3,140.57,0.0,0.0
2012-03-27,23,0,0,0,22.5,5.9,150.61,0.0,0.0
2012-03-28,0,0,0,0,22.4,5.5,155.43,0.0,0.0
2012-03-28,1,0,0,0,22.3,5.1,152.15,0.0,0.0
2012-03-28,2,0,0,0,22.2,4.8,142.87,0.0,0.0
2012-03-28,3,0,0,0,22.1,4.7,130.89,0.0,0.0
2012-03-28,4,0,0,0,22.1,4.7,117.76,0.0,0.0
2012-03-28,5,0,0,0,22.1,4.9,104.12,0.0,0.0
2012-03-28,6,0,0,0,22.4,5.2,89.72,0.0,0.0
2012-03-28,7,197,593,55,22.8,5.4,76.18,847100.0,806824.617
2012-03-28,8,449,802,76,23.1,5.4,62.28,1930700.0,1857922.606
2012-03-28,9,681,897,88,23.4,5.4,48.58,2928300.0,2816623.792
2012-03-28,10,867,947,95,23.7,5.4,35.47,3728100.0,3579022.482
2012-03-28,11,989,975,98,23.9,5.4,24.03,4252700.0,3583333.333
2012-03-28,12,1036,984,100,24.1,5.4,17.92,4454800.0,3583333.333
2012-03-28,13,676,181,508,24.3,5.3,22.14,2906800.0,2796052.861
2012-03-28,14,895,944,103,24.4,5.1,32.92,3848500.0,3583333.333
2012-03-28,15,505,156,397,24.4,5.0,45.82,2171500.0,2090121.128
2012-03-28,16,497,815,83,24.3,5.1,59.43,2137100.0,2056980.607
2012-03-28,17,247,642,63,24.0,5.2,73.3,1062100.0,1016183.201
2012-03-28,18,28,172,19,23.6,5.2,87.09,120400.0,96233.934
2012-03-28,19,0,0,0,23.3,5.3,101.23,0.0,0.0
2012-03-28,20,0,0,0,23.1,5.4,114.92,0.0,0.0
2012-03-28,21,0,0,0,22.9,5.4,128.14,0.0,0.0
2012-03-28,22,0,0,0,22.8,5.3,140.38,0.0,0.0
2012-03-28,23,0,0,0,22.6,5.2,150.33,0.0,0.0
2012-03-29,0,0,0,0,22.5,5.0,155.05,0.0,0.0
2012-03-29,1,0,0,0,22.3,4.9,151.77,0.0,0.0
2012-03-29,2,0,0,0,22.2,4.8,142.55,0.0,0.0
2012-03-29,3,0,0,0,22.2,4.8,130.62,0.0,0.0
2012-03-29,4,0,0,0,22.2,4.8,117.52,0.0,0.0
2012-03-29,5,0,0,0,22.3,4.9,103.9,0.0,0.0
2012-03-29,6,0,0,0,22.6,5.0,89.54,0.0,0.0
2012-03-29,7,195,542,63,23.0,5.2,75.97,838500.0,798441.96
2012-03-29,8,446,767,86,23.3,5.1,62.07,1917800.0,1845469.25
2012-03-29,9,675,866,100,23.6,5.0,48.35,2902500.0,2791938.195
2012-03-29,10,860,921,108,23.9,5.1,35.2,3698000.0,3550430.223
2012-03-29,11,984,960,105,24.1,5.2,23.69,4231200.0,3583333.333
2012-03-29,12,1028,968,106,24.3,5.3,17.53,4420400.0,3583333.333
2012-03-29,13,998,962,105,24.4,5.6,21.86,4291400.0,3583333.333
2012-03-29,14,883,913,115,24.5,5.9,32.76,3796900.0,3583333.333
2012-03-29,15,710,863,107,24.4,6.3,45.71,3053000.0,2935856.373
2012-03-29,16,487,774,93,24.2,6.5,59.35,2094100.0,2015540.567
2012-03-29,17,241,596,69,24.0,6.6,73.23,1036300.0,991081.275
2012-03-29,18,27,133,20,23.7,6.5,87.02,116100.0,92015.666
2012-03-29,19,0,0,0,23.6,6.6,101.15,0.0,0.0
2012-03-29,20,0,0,0,23.5,6.7,114.82,0.0,0.0
2012-03-29,21,0,0,0,23.4,6.8,128.01,0.0,0.0
2012-03-29,22,0,0,0,23.2,6.8,140.18,0.0,0.0
2012-03-29,23,0,0,0,23.0,6.8,150.04,0.0,0.0
2012-03-30,0,0,0,0,22.8,6.8,154.66,0.0,0.0
2012-03-30,1,0,0,0,22.6,6.9,151.39,0.0,0.0
2012-03-30,2,0,0,0,22.6,7.0,142.23,0.0,0.0
2012-03-30,3,0,0,0,22.6,7.2,130.34,0.0,0.0
2012-03-30,4,0,0,0,22.7,7.4,117.28,0.0,0.0
2012-03-30,5,0,0,0,22.9,7.6,103.68,0.0,0.0
2012-03-30,6,0,0,0,23.2,7.9,89.36,0.0,0.0
2012-03-30,7,75,1,75,23.6,8.2,75.77,322500.0,294312.205
2012-03-30,8,256,33,240,23.9,8.4,61.85,1100800.0,1053825.298
2012-03-30,9,466,131,379,24.2,8.5,48.12,2003800.0,1928464.443
2012-03-30,10,858,906,115,24.4,8.6,34.93,3689400.0,3542259.568
2012-03-30,11,701,203,515,24.6,8.6,23.35,3014300.0,2898867.547
2012-03-30,12,465,14,452,24.6,8.6,17.13,1999500.0,1924316.202
2012-03-30,13,990,930,125,24.6,8.7,21.6,4257000.0,3583333.333
2012-03-30,14,878,885,133,24.5,8.8,32.6,3775400.0,3583333.333
2012-03-30,15,707,833,124,24.4,8.9,45.61,3040100.0,2923528.203
2012-03-30,16,484,737,107,24.2,9.0,59.27,2081200.0,2003105.438
2012-03-30,17,238,547,80,24.0,9.0,73.17,1023400.0,978528.154
2012-03-30,18,27,101,22,23.8,9.0,86.96,116100.0,92015.666
2012-03-30,19,0,0,0,23.7,9.0,101.07,0.0,0.0
2012-03-30,20,0,0,0,23.6,9.1,114.72,0.0,0.0
2012-03-30,21,0,0,0,23.5,9.1,127.87,0.0,0.0
2012-03-30,22,0,0,0,23.4,9.0,139.99,0.0,0.0
2012-03-30,23,0,0,0,23.3,8.9,149.75,0.0,0.0
2012-03-31,0,0,0,0,23.2,8.8,154.28,0.0,0.0
2012-03-31,1,0,0,0,23.1,8.6,151.02,0.0,0.0
2012-03-31,2,0,0,0,23.0,8.3,141.91,0.0,0.0
2012-03-31,3,0,0,0,23.0,8.0,130.07,0.0,0.0
2012-03-31,4,0,0,0,23.1,7.8,117.04,0.0,0.0
2012-03-31,5,0,0,0,23.1,7.8,103.46,0.0,0.0
2012-03-31,6,0,0,0,23.4,7.9,89.18,0.0,0.0
2012-03-31,7,196,487,74,23.7,8.1,75.56,842800.0,802633.368
2012-03-31,8,444,713,105,24.1,8.2,61.64,1909200.0,1837166.213
2012-03-31,9,286,4,283,24.4,8.1,47.89,1229800.0,1179205.425
2012-03-31,10,426,28,403,24.7,8.0,34.66,1831800.0,1762410.104
2012-03-31,11,978,920,131,24.9,7.7,23.01,4205400.0,3583333.333
2012-03-31,12,1021,925,135,25.2,7.1,16.74,4390300.0,3583333.333
2012-03-31,13,988,915,136,25.3,6.5,21.33,4248400.0,3583333.333
2012-03-31,14,875,869,142,25.4,6.0,32.45,3762500.0,3583333.333
2012-03-31,15,702,818,128,25.4,5.6,45.51,3018600.0,2902978.056
2012-03-31,16,479,722,110,25.2,5.3,59.2,2059700.0,1982377.024
2012-03-31,17,234,526,82,24.9,5.0,73.1,1006200.0,961788.421
2012-03-31,18,27,76,23,24.5,4.9,86.89,116100.0,92015.666
2012-03-31,19,0,0,0,24.2,4.7,100.99,0.0,0.0
2012-03-31,20,0,0,0,24.0,4.5,114.61,0.0,0.0
2012-03-31,21,0,0,0,23.9,4.3,127.73,0.0,0.0
2012-03-31,22,0,0,0,23.8,3.9,139.79,0.0,0.0
2012-03-31,23,0,0,0,23.6,3.4,149.45,0.0,0.0
2012-04-01,0,0,0,0,23.6,3.1,153.9,0.0,0.0
2012-04-01,1,0,0,0,23.5,2.8,150.64,0.0,0.0
2012-04-01,2,0,0,0,23.4,2.6,141.59,0.0,0.0
2012-04-01,3,0,0,0,23.3,2.5,129.8,0.0,0.0
2012-04-01,4,0,0,0,23.3,2.4,116.8,0.0,0.0
2012-04-01,5,0,0,0,23.3,2.4,103.24,0.0,0.0
2012-04-01,6,10,17,10,23.5,2.6,88.99,43000.0,20280.641
2012-04-01,7,197,505,69,23.7,2.8,75.36,847100.0,806824.617
2012-04-01,8,440,720,96,24.0,2.8,61.43,1892000.0,1820558.221
2012-04-01,9,667,827,110,24.2,2.9,47.66,2868100.0,2759015.112
2012-04-01,10,848,887,117,24.6,2.9,34.39,3646400.0,3501396.696
2012-04-01,11,963,904,129,25.0,3.0,22.67,4140900.0,3583333.333
2012-04-01,12,1013,926,125,25.3,3.0,16.35,4355900.0,3583333.333
2012-04-01,13,981,924,119,25.6,3.1,21.07,4218300.0,3583333.333
2012-04-01,14,873,896,115,25.8,3.2,32.3,3753900.0,3583333.333
2012-04-01,15,703,851,105,25.8,3.5,45.41,3022900.0,2907088.405
2012-04-01,16,484,766,90,25.6,3.9,59.12,2081200.0,2003105.438
2012-04-01,17,240,593,67,25.3,4.2,73.03,1032000.0,986897.062
2012-04-01,18,30,145,21,24.9,4.4,86.82,129000.0,104669.991
2012-04-01,19,0,0,0,24.6,4.4,100.91,0.0,0.0
2012-04-01,20,0,0,0,24.3,4.3,114.51,0.0,0.0
2012-04-01,21,0,0,0,24.2,4.1,127.59,0.0,0.0
2012-04-01,22,0,0,0,24.0,3.8,139.59,0.0,0.0
2012-04-01,23,0,0,0,23.8,3.4,149.16,0.0,0.0
2012-04-02,0,0,0,0,23.7,3.1,153.52,0.0,0.0
2012-04-02,1,0,0,0,23.6,3.0,150.26,0.0,0.0
2012-04-02,2,0,0,0,23.5,3.0,141.27,0.0,0.0
2012-04-02,3,0,0,0,23.4,3.1,129.53,0.0,0.0
2012-04-02,4,0,0,0,23.4,3.3,116.57,0.0,0.0
2012-04-02,5,0,0,0,23.4,3.5,103.02,0.0,0.0
2012-04-02,6,12,33,11,23.7,3.9,88.81,51600.0,28722.454
2012-04-02,7,202,536,65,24.0,4.2,75.15,868600.0,827778.462
2012-04-02,8,448,752,87,24.2,4.3,61.22,1926400.0,1853771.647
2012-04-02,9,674,850,100,24.5,4.3,47.43,2898200.0,2787823.369
2012-04-02,10,854,903,107,24.8,4.1,34.13,3672200.0,3525916.338
2012-04-02,11,972,930,111,25.1,3.9,22.34,4179600.0,3583333.333
2012-04-02,12,1016,940,113,25.4,3.7,15.97,4368800.0,3583333.333
2012-04-02,13,983,932,112,25.6,3.4,20.82,4226900.0,3583333.333
2012-04-02,14,876,903,111,25.7,3.3,32.15,3766800.0,3583333.333
2012-04-02,15,704,853,104,25.7,3.3,45.31,3027200.0,2911198.595
2012-04-02,16,484,761,92,25.6,3.4,59.05,2081200.0,2003105.438
2012-04-02,17,240,576,71,25.3,3.7,72.96,1032000.0,986897.062
2012-04-02,18,18,0,18,25.0,4.0,86.76,77400.0,54044.055
2012-04-02,19,0,0,0,24.7,4.2,100.83,0.0,0.0
2012-04-02,20,0,0,0,24.5,4.2,114.41,0.0,0.0
2012-04-02,21,0,0,0,24.3,4.2,127.45,0.0,0.0
2012-04-02,22,0,0,0,24.1,4.1,139.38,0.0,0.0
2012-04-02,23,0,0,0,23.9,4.0,148.87,0.0,0.0
2012-04-03,0,0,0,0,23.7,3.9,153.14,0.0,0.0
2012-04-03,1,0,0,0,23.6,3.9,149.89,0.0,0.0
2012-04-03,2,0,0,0,23.4,4.0,140.95,0.0,0.0
2012-04-03,3,0,0,0,23.3,4.1,129.26,0.0,0.0
2012-04-03,4,0,0,0,23.3,4.3,116.33,0.0,0.0
2012-04-03,5,0,0,0,23.3,4.4,102.8,0.0,0.0
2012-04-03,6,8,0,8,23.6,4.7,88.62,34400.0,11838.188
2012-04-03,7,206,542,65,23.9,5.0,74.95,885800.0,844538.66
2012-04-03,8,450,743,90,24.1,5.1,61.01,1935000.0,1862073.405
2012-04-03,9,676,843,103,24.3,5.0,47.21,2906800.0,2796052.861
2012-04-03,10,646,238,449,24.6,4.8,33.88,2777800.0,2672543.335
2012-04-03,11,786,339,471,24.8,4.6,22.01,3379800.0,3247690.041
2012-04-03,12,1010,923,121,25.1,4.4,15.58,4343000.0,3583333.333
2012-04-03,13,978,916,120,25.3,4.1,20.57,4205400.0,3583333.333
2012-04-03,14,869,886,118,25.5,3.7,32.01,3736700.0,3583333.333
2012-04-03,15,698,837,109,25.6,3.3,45.22,3001400.0,2886535.061
2012-04-03,16,479,748,94,25.6,3.0,58.98,2059700.0,1982377.024
2012-04-03,17,238,568,71,25.5,2.7,72.9,1023400.0,978528.154
2012-04-03,18,30,129,22,25.2,2.4,86.69,129000.0,104669.991
2012-04-03,19,0,0,0,25.0,2.3,100.74,0.0,0.0
2012-04-03,20,0,0,0,24.8,2.2,114.3,0.0,0.0
2012-04-03,21,0,0,0,24.6,2.2,127.31,0.0,0.0
2012-04-03,22,0,0,0,24.5,2.2,139.18,0.0,0.0
2012-04-03,23,0,0,0,24.3,2.2,148.57,0.0,0.0
2012-04-04,0,0,0,0,24.1,2.3,152.76,0.0,0.0
2012-04-04,1,0,0,0,23.9,2.4,149.51,0.0,0.0
2012-04-04,2,0,0,0,23.8,2.6,140.63,0.0,0.0
2012-04-04,3,0,0,0,23.6,3.1,128.99,0.0,0.0
2012-04-04,4,0,0,0,23.6,3.7,116.09,0.0,0.0
2012-04-04,5,0,0,0,23.6,4.0,102.58,0.0,0.0
2012-04-04,6,14,51,12,23.9,4.1,88.44,60200.0,37163.627
2012-04-04,7,206,527,67,24.2,4.2,74.75,885800.0,844538.66
2012-04-04,8,446,720,95,24.5,4.0,60.81,1917800.0,1845469.25
2012-04-04,9,668,814,113,24.7,3.7,46.99,2872400.0,2763131.057
2012-04-04,10,658,259,443,24.9,3.5,33.62,2829400.0,2721964.412
2012-04-04,11,781,316,487,25.2,3.4,21.69,3358300.0,3227203.047
2012-04-04,12,394,3,391,25.4,3.4,15.2,1694200.0,1629382.451
2012-04-04,13,729,332,417,25.5,3.3,20.32,3134700.0,3013901.365
2012-04-04,14,633,192,470,25.5,3.1,31.87,2721900.0,2618977.854
2012-04-04,15,619,544,235,25.5,3.3,45.13,2661700.0,2561261.734
2012-04-04,16,413,424,194,25.4,3.8,58.91,1775900.0,1708387.365
2012-04-04,17,164,88,138,25.2,4.4,72.83,705200.0,668428.995
2012-04-04,18,18,0,18,25.0,4.6,86.62,77400.0,54044.055
2012-04-04,19,0,0,0,24.8,4.6,100.66,0.0,0.0
2012-04-04,20,0,0,0,24.6,5.1,114.2,0.0,0.0
2012-04-04,21,0,0,0,24.4,5.9,127.16,0.0,0.0
2012-04-04,22,0,0,0,24.3,5.9,138.97,0.0,0.0
2012-04-04,23,0,0,0,24.1,5.4,148.28,0.0,0.0
2012-04-05,0,0,0,0,24.0,5.2,152.38,0.0,0.0
2012-04-05,1,0,0,0,23.9,5.3,149.14,0.0,0.0
2012-04-05,2,0,0,0,23.9,5.5,140.31,0.0,0.0
2012-04-05,3,0,0,0,23.8,5.8,128.72,0.0,0.0
2012-04-05,4,0,0,0,23.8,6.1,115.85,0.0,0.0
2012-04-05,5,0,0,0,23.9,6.3,102.36,0.0,0.0
2012-04-05,6,10,0,10,24.0,6.6,88.25,43000.0,20280.641
2012-04-05,7,101,2,101,24.3,6.8,74.55,434300.0,403735.693
2012-04-05,8,204,28,190,24.5,6.8,60.61,877200.0,836158.881
2012-04-05,9,465,241,300,24.6,6.6,46.78,1999500.0,1924316.202
2012-04-05,10,531,183,378,24.8,6.4,33.37,2283300.0,2197757.152
2012-04-05,11,507,57,454,24.9,6.0,21.37,2180100.0,2098404.659
2012-04-05,12,518,61,459,25.0,5.7,14.81,2227400.0,2143952.65
2012-04-05,13,519,48,474,25.1,5.5,20.08,2231700.0,2148092.417
2012-04-05,14,223,2,221,25.0,5.6,31.74,958900.0,915740.964
2012-04-05,15,376,73,325,24.9,5.8,45.04,1616800.0,1554482.45
2012-04-05,16,197,17,188,24.7,6.2,58.84,847100.0,806824.617
2012-04-05,17,5,0,5,24.6,6.6,72.77,21500.0,0.0
2012-04-05,18,15,0,15,24.4,6.9,86.56,64500.0,41383.974
2012-04-05,19,0,0,0,24.2,7.0,100.58,0.0,0.0
2012-04-05,20,0,0,0,24.1,6.8,114.09,0.0,0.0
2012-04-05,21,0,0,0,24.0,6.5,127.02,0.0,0.0
2012-04-05,22,0,0,0,23.9,6.2,138.77,0.0,0.0
2012-04-05,23,0,0,0,23.8,6.0,147.98,0.0,0.0
2012-04-06,0,0,0,0,23.7,5.7,152.01,0.0,0.0
2012-04-06,1,0,0,0,23.7,5.5,148.77,0.0,0.0
2012-04-06,2,0,0,0,23.6,5.3,140.0,0.0,0.0
2012-04-06,3,0,0,0,23.6,5.3,128.45,0.0,0.0
2012-04-06,4,0,0,0,23.6,5.4,115.61,0.0,0.0
2012-04-06,5,0,0,0,23.6,5.7,102.15,0.0,0.0
2012-04-06,6,8,0,8,23.8,6.1,88.06,34400.0,11838.188
2012-04-06,7,137,18,132,24.0,6.5,74.35,589100.0,555066.71
2012-04-06,8,173,2,172,24.1,6.6,60.41,743900.0,706190.523
2012-04-06,9,443,111,367,24.3,6.5,46.56,1904900.0,1833014.455
2012-04-06,10,394,16,381,24.5,6.4,33.13,1694200.0,1629382.451
2012-04-06,11,756,294,482,24.6,6.3,21.05,3250800.0,3124708.121
2012-04-06,12,1008,920,116,24.8,6.4,14.43,4334400.0,3583333.333
2012-04-06,13,972,903,122,24.8,6.6,19.85,4179600.0,3583333.333
2012-04-06,14,510,109,417,24.8,6.8,31.61,2193000.0,2110828.757
2012-04-06,15,380,100,309,24.7,7.3,44.96,1634000.0,1571131.371
2012-04-06,16,191,2,190,24.5,7.8,58.77,821300.0,781674.727
2012-04-06,17,106,3,105,24.2,8.1,72.7,455800.0,424766.28
2012-04-06,18,20,0,20,24.0,7.9,86.49,86000.0,62483.31
2012-04-06,19,0,0,0,24.0,7.5,100.49,0.0,0.0
2012-04-06,20,0,0,0,24.0,7.1,113.98,0.0,0.0
2012-04-06,21,0,0,0,23.9,6.8,126.87,0.0,0.0
2012-04-06,22,0,0,0,23.9,6.4,138.56,0.0,0.0
2012-04-06,23,0,0,0,23.8,6.2,147.68,0.0,0.0
2012-04-07,0,0,0,0,23.8,6.2,151.64,0.0,0.0
2012-04-07,1,0,0,0,23.7,6.2,148.4,0.0,0.0
2012-04-07,2,0,0,0,23.7,6.4,139.68,0.0,0.0
2012-04-07,3,0,0,0,23.6,6.6,128.18,0.0,0.0
2012-04-07,4,0,0,0,23.6,6.9,115.38,0.0,0.0
2012-04-07,5,0,0,0,23.6,7.2,101.93,0.0,0.0
2012-04-07,6,10,0,10,23.7,7.7,87.87,43000.0,20280.641
2012-04-07,7,73,0,72,23.9,8.1,74.16,313900.0,285890.537
2012-04-07,8,309,75,272,24.1,8.3,60.21,1328700.0,1275232.741
2012-04-07,9,395,72,346,24.3,8.2,46.35,1698500.0,1633542.043
2012-04-07,10,551,127,444,24.5,8.1,32.89,2369300.0,2280480.548
2012-04-07,11,487,32,456,24.6,8.0,20.74,2094100.0,2015540.567
2012-04-07,12,782,432,363,24.6,7.9,14.06,3362600.0,3231300.765
2012-04-07,13,747,435,337,24.6,7.8,19.62,3212100.0,3087785.486
2012-04-07,14,662,342,371,24.5,7.7,31.49,2846600.0,2738432.989
2012-04-07,15,447,157,336,24.4,7.7,44.87,1922100.0,1849620.528
2012-04-07,16,281,70,245,24.3,7.8,58.7,1208300.0,1158318.73
2012-04-07,17,124,17,119,24.1,7.8,72.64,533200.0,500443.3
2012-04-07,18,22,0,22,23.9,7.6,86.42,94600.0,70921.925
2012-04-07,19,0,0,0,23.8,7.3,100.41,0.0,0.0
2012-04-07,20,0,0,0,23.7,7.2,113.87,0.0,0.0
2012-04-07,21,0,0,0,23.6,7.2,126.72,0.0,0.0
2012-04-07,22,0,0,0,23.5,7.4,138.35,0.0,0.0
2012-04-07,23,0,0,0,23.3,7.5,147.39,0.0,0.0
2012-04-08,0,0,0,0,23.2,7.3,151.26,0.0,0.0
2012-04-08,1,0,0,0,23.1,7.0,148.04,0.0,0.0
2012-04-08,2,0,0,0,23.0,6.9,139.37,0.0,0.0
2012-04-08,3,0,0,0,22.9,6.8,127.91,0.0,0.0
2012-04-08,4,0,0,0,22.9,6.7,115.14,0.0,0.0
2012-04-08,5,0,0,0,22.9,6.7,101.72,0.0,0.0
2012-04-08,6,12,0,12,23.2,6.9,87.69,51600.0,28722.454
2012-04-08,7,83,0,83,23.5,7.2,73.97,356900.0,327992.482
2012-04-08,8,229,15,222,23.8,7.5,60.02,984700.0,940860.157
2012-04-08,9,401,73,350,24.1,7.8,46.15,1724300.0,1658496.24
2012-04-08,10,619,178,468,24.3,8.2,32.65,2661700.0,2561261.734
2012-04-08,11,384,3,381,24.3,8.4,20.43,1651200.0,1587777.734
2012-04-08,12,429,6,423,24.3,8.5,13.68,1844700.0,1774873.053
2012-04-08,13,537,68,473,24.2,8.5,19.4,2309100.0,2222580.886
2012-04-08,14,536,157,402,24.1,8.4,31.36,2304800.0,2218443.996
2012-04-08,15,358,32,336,23.9,8.3,44.79,1539400.0,1479530.647
2012-04-08,16,241,17,232,23.8,8.3,58.64,1036300.0,991081.275
2012-04-08,17,241,544,78,23.5,8.4,72.58,1036300.0,991081.275
2012-04-08,18,32,116,25,23.2,8.6,86.35,137600.0,113105.409
2012-04-08,19,0,0,0,23.1,8.6,100.32,0.0,0.0
2012-04-08,20,0,0,0,23.1,8.4,113.76,0.0,0.0
2012-04-08,21,0,0,0,23.0,8.3,126.57,0.0,0.0
2012-04-08,22,0,0,0,23.0,8.3,138.14,0.0,0.0
2012-04-08,23,0,0,0,22.9,8.1,147.09,0.0,0.0
2012-04-09,0,0,0,0,22.8,7.9,150.89,0.0,0.0
2012-04-09,1,0,0,0,22.7,7.6,147.67,0.0,0.0
2012-04-09,2,0,0,0,22.6,7.3,139.05,0.0,0.0
2012-04-09,3,0,0,0,22.5,7.1,127.64,0.0,0.0
2012-04-09,4,0,0,0,22.5,7.0,114.91,0.0,0.0
2012-04-09,5,0,0,0,22.5,7.1,101.51,0.0,0.0
2012-04-09,6,8,0,8,22.7,7.3,87.5,34400.0,11838.188
2012-04-09,7,8,0,8,23.0,7.6,73.78,34400.0,11838.188
2012-04-09,8,97,0,97,23.2,7.8,59.83,417100.0,386908.345
2012-04-09,9,41,0,41,23.5,7.9,45.95,176300.0,151056.875
2012-04-09,10,49,0,49,23.7,8.0,32.42,210700.0,184780.639
2012-04-09,11,82,0,82,23.8,7.9,20.13,352600.0,323783.007
2012-04-09,12,104,0,104,23.8,7.7,13.31,447200.0,416354.525
2012-04-09,13,217,0,216,23.8,7.5,19.18,933100.0,890616.015
2012-04-09,14,144,0,144,23.8,7.4,31.25,619200.0,584468.124
2012-04-09,15,248,1,248,23.7,7.3,44.71,1066400.0,1020366.296
2012-04-09,16,469,646,133,23.5,7.2,58.57,2016700.0,1940908.206
2012-04-09,17,191,76,168,23.3,7.2,72.51,821300.0,781674.727
2012-04-09,18,30,75,25,23.1,7.1,86.29,129000.0,104669.991
2012-04-09,19,0,0,0,23.0,7.1,100.24,0.0,0.0
2012-04-09,20,0,0,0,22.9,7.0,113.65,0.0,0.0
2012-04-09,21,0,0,0,22.8,6.9,126.42,0.0,0.0
2012-04-09,22,0,0,0,22.6,6.7,137.92,0.0,0.0
2012-04-09,23,0,0,0,22.5,6.4,146.79,0.0,0.0
2012-04-10,0,0,0,0,22.3,6.1,150.53,0.0,0.0
2012-04-10,1,0,0,0,22.3,6.0,147.31,0.0,0.0
2012-04-10,2,0,0,0,22.3,6.0,138.74,0.0,0.0
2012-04-10,3,0,0,0,22.4,6.3,127.38,0.0,0.0
2012-04-10,4,0,0,0,22.5,6.5,114.68,0.0,0.0
2012-04-10,5,0,0,0,22.6,6.7,101.3,0.0,0.0
2012-04-10,6,21,42,19,22.8,7.0,87.32,90300.0,66702.698
2012-04-10,7,8,0,8,23.0,7.3,73.59,34400.0,11838.188
2012-04-10,8,180,1,179,23.2,7.3,59.64,774000.0,735551.646
2012-04-10,9,105,0,105,23.4,7.3,45.75,451500.0,420560.483
2012-04-10,10,136,0,136,23.6,7.2,32.19,584800.0,550865.869
2012-04-10,11,529,68,466,23.8,7.0,19.83,2274700.0,2189481.295
2012-04-10,12,619,120,502,23.9,6.7,12.94,2661700.0,2561261.734
2012-04-10,13,493,36,459,24.0,6.6,18.97,2119900.0,2040406.51
2012-04-10,14,247,0,246,24.0,6.6,31.13,1062100.0,1016183.201
2012-04-10,15,470,115,388,23.9,6.7,44.64,2021000.0,1945055.807
2012-04-10,16,143,0,142,23.7,7.0,58.51,614900.0,580268.402
2012-04-10,17,133,7,131,23.4,7.2,72.45,571900.0,538262.385
2012-04-10,18,13,0,13,23.2,7.2,86.22,55900.0,32943.12
2012-04-10,19,0,0,0,23.0,7.2,100.15,0.0,0.0
2012-04-10,20,0,0,0,23.0,7.2,113.54,0.0,0.0
2012-04-10,21,0,0,0,22.9,7.0,126.27,0.0,0.0
2012-04-10,22,0,0,0,22.9,6.8,137.71,0.0,0.0
2012-04-10,23,0,0,0,22.9,6.4,146.5,0.0,0.0
2012-04-11,0,0,0,0,22.9,6.1,150.16,0.0,0.0
2012-04-11,1,0,0,0,22.9,5.7,146.95,0.0,0.0
2012-04-11,2,0,0,0,22.8,5.5,138.43,0.0,0.0
2012-04-11,3,0,0,0,22.7,5.3,127.12,0.0,0.0
2012-04-11,4,0,0,0,22.7,5.2,114.45,0.0,0.0
2012-04-11,5,0,0,0,22.8,5.3,101.09,0.0,0.0
2012-04-11,6,11,0,11,23.1,5.5,87.13,47300.0,24501.627
2012-04-11,7,38,0,38,23.4,5.7,73.41,163400.0,138407.825
2012-04-11,8,472,745,94,23.7,5.7,59.45,2029600.0,1953350.53
2012-04-11,9,694,835,109,24.0,5.6,45.55,2984200.0,2870089.507
2012-04-11,10,444,40,410,24.3,5.4,31.97,1909200.0,1837166.213
2012-04-11,11,594,141,461,24.5,5.3,19.54,2554200.0,2458119.293
2012-04-11,12,818,318,508,24.7,5.2,12.57,3517400.0,3378712.154
2012-04-11,13,988,908,129,24.8,5.1,18.76,4248400.0,3583333.333
2012-04-11,14,878,873,129,24.9,5.2,31.02,3775400.0,3583333.333
2012-04-11,15,707,822,121,24.9,5.3,44.56,3040100.0,2923528.203
2012-04-11,16,487,729,105,24.8,5.4,58.44,2094100.0,2015540.567
2012-04-11,17,245,552,78,24.5,5.3,72.39,1053500.0,1007816.532
2012-04-11,18,35,134,26,24.2,5.0,86.15,150500.0,125757.337
2012-04-11,19,0,0,0,24.0,4.7,100.07,0.0,0.0
2012-04-11,20,0,0,0,23.8,4.3,113.42,0.0,0.0
2012-04-11,21,0,0,0,23.7,3.9,126.11,0.0,0.0
2012-04-11,22,0,0,0,23.6,3.5,137.5,0.0,0.0
2012-04-11,23,0,0,0,23.5,3.1,146.2,0.0,0.0
2012-04-12,0,0,0,0,23.4,2.8,149.8,0.0,0.0
2012-04-12,1,0,0,0,23.3,2.6,146.59,0.0,0.0
2012-04-12,2,0,0,0,23.2,2.4,138.12,0.0,0.0
2012-04-12,3,0,0,0,23.1,2.4,126.85,0.0,0.0
2012-04-12,4,0,0,0,23.1,2.4,114.22,0.0,0.0
2012-04-12,5,0,0,0,23.1,2.5,100.89,0.0,0.0
2012-04-12,6,27,138,20,23.3,2.7,86.95,116100.0,92015.666
2012-04-12,7,236,583,68,23.7,2.9,73.22,1014800.0,970158.607
2012-04-12,8,481,762,91,24.0,2.9,59.27,2068300.0,1990668.869
2012-04-12,9,701,849,105,24.3,2.8,45.36,3014300.0,2898867.547
2012-04-12,10,494,80,427,24.6,2.6,31.75,2124200.0,2044550.274
2012-04-12,11,673,180,502,24.9,2.4,19.25,2893900.0,2783708.383
2012-04-12,12,448,10,439,25.1,2.2,12.2,1926400.0,1853771.647
2012-04-12,13,443,12,431,25.2,2.0,18.56,1904900.0,1833014.455
2012-04-12,14,347,3,345,25.3,1.9,30.91,1492100.0,1433701.267
2012-04-12,15,364,37,337,25.4,1.8,44.49,1565200.0,1504520.337
2012-04-12,16,314,64,281,25.3,1.8,58.38,1350200.0,1296097.053
2012-04-12,17,178,50,163,25.2,1.9,72.33,765400.0,727163.553
2012-04-12,18,36,154,25,24.9,1.9,86.08,154800.0,129974.326
2012-04-12,19,0,0,0,24.7,1.9,99.98,0.0,0.0
2012-04-12,20,0,0,0,24.4,1.8,113.31,0.0,0.0
2012-04-12,21,0,0,0,24.2,1.7,125.96,0.0,0.0
2012-04-12,22,0,0,0,24.0,1.6,137.28,0.0,0.0
2012-04-12,23,0,0,0,23.8,1.6,145.9,0.0,0.0
2012-04-13,0,0,0,0,23.7,1.6,149.44,0.0,0.0
2012-04-13,1,0,0,0,23.5,1.5,146.24,0.0,0.0
2012-04-13,2,0,0,0,23.4,1.4,137.82,0.0,0.0
2012-04-13,3,0,0,0,23.3,1.4,126.59,0.0,0.0
2012-04-13,4,0,0,0,23.3,1.5,113.99,0.0,0.0
2012-04-13,5,0,0,0,23.3,1.4,100.69,0.0,0.0
2012-04-13,6,29,153,21,23.5,1.4,86.77,124700.0,100452.043
2012-04-13,7,237,588,65,23.8,1.4,73.05,1019100.0,974343.461
2012-04-13,8,479,765,86,24.0,1.5,59.09,2059700.0,1982377.024
2012-04-13,9,384,71,334,24.4,1.5,45.18,1651200.0,1587777.734
2012-04-13,10,400,16,386,24.7,1.5,31.53,1720000.0,1654337.606
2012-04-13,11,983,923,110,25.0,1.5,18.97,4226900.0,3583333.333
2012-04-13,12,1023,932,111,25.2,1.5,11.84,4398900.0,3583333.333
2012-04-13,13,285,1,284,25.3,1.5,18.36,1225500.0,1175028.405
2012-04-13,14,113,0,113,25.5,1.6,30.81,485900.0,454202.388
2012-04-13,15,257,1,257,25.5,1.7,44.42,1105100.0,1058006.954
2012-04-13,16,487,742,98,25.5,1.8,58.32,2094100.0,2015540.567
2012-04-13,17,208,180,153,25.4,1.9,72.26,894400.0,852917.8
2012-04-13,18,36,156,25,25.2,2.0,86.01,154800.0,129974.326
2012-04-13,19,0,0,0,25.0,2.0,99.89,0.0,0.0
2012-04-13,20,0,0,0,24.8,2.0,113.19,0.0,0.0
2012-04-13,21,0,0,0,24.6,2.1,125.8,0.0,0.0
2012-04-13,22,0,0,0,24.4,2.1,137.06,0.0,0.0
2012-04-13,23,0,0,0,24.2,2.2,145.61,0.0,0.0
2012-04-14,0,0,0,0,24.1,2.3,149.08,0.0,0.0
2012-04-14,1,0,0,0,23.9,2.4,145.89,0.0,0.0
2012-04-14,2,0,0,0,23.8,2.5,137.51,0.0,0.0
2012-04-14,3,0,0,0,23.7,2.7,126.33,0.0,0.0
2012-04-14,4,0,0,0,23.6,3.0,113.77,0.0,0.0
2012-04-14,5,0,0,0,23.7,3.2,100.48,0.0,0.0
2012-04-14,6,31,138,22,23.9,3.5,86.6,133300.0,108887.78
2012-04-14,7,238,560,73,24.2,3.6,72.87,1023400.0,978528.154
2012-04-14,8,481,748,95,24.5,3.6,58.92,2068300.0,1990668.869
2012-04-14,9,701,838,109,24.8,3.5,44.99,3014300.0,2898867.547
2012-04-14,10,875,886,118,25.1,3.5,31.33,3762500.0,3583333.333
2012-04-14,11,988,916,121,25.5,3.7,18.69,4248400.0,3583333.333
2012-04-14,12,1029,929,118,25.7,3.9,11.48,4424700.0,3583333.333
2012-04-14,13,993,921,118,25.9,4.2,18.17,4269900.0,3583333.333
2012-04-14,14,879,879,123,25.8,4.5,30.71,3779700.0,3583333.333
2012-04-14,15,707,826,116,25.6,4.8,44.35,3040100.0,2923528.203
2012-04-14,16,489,741,99,25.4,5.2,58.26,2102700.0,2023829.854
2012-04-14,17,250,581,72,25.1,5.4,72.2,1075000.0,1028732.006
2012-04-14,18,38,192,25,24.8,5.5,85.94,163400.0,138407.825
2012-04-14,19,0,0,0,24.5,5.6,99.8,0.0,0.0
2012-04-14,20,0,0,0,24.3,5.7,113.08,0.0,0.0
2012-04-14,21,0,0,0,24.1,5.7,125.64,0.0,0.0
2012-04-14,22,0,0,0,23.9,5.6,136.84,0.0,0.0
2012-04-14,23,0,0,0,23.7,5.5,145.31,0.0,0.0
2012-04-15,0,0,0,0,23.5,5.3,148.72,0.0,0.0
2012-04-15,1,0,0,0,23.4,5.2,145.54,0.0,0.0
2012-04-15,2,0,0,0,23.2,5.0,137.21,0.0,0.0
2012-04-15,3,0,0,0,23.2,5.0,126.08,0.0,0.0
2012-04-15,4,0,0,0,23.1,5.2,113.55,0.0,0.0
2012-04-15,5,0,0,0,23.2,5.4,100.28,0.0,0.0
2012-04-15,6,34,200,22,23.5,5.9,86.42,146200.0,121540.187
2012-04-15,7,246,616,63,23.7,6.4,72.7,1057800.0,1011999.947
2012-04-15,8,488,784,82,23.9,6.7,58.75,2098400.0,2019685.291
2012-04-15,9,159,0,159,24.2,6.8,44.81,683700.0,647444.773
2012-04-15,10,375,7,369,24.6,6.9,31.12,1612500.0,1550319.82
2012-04-15,11,615,154,469,24.9,6.8,18.42,2644500.0,2544765.659
2012-04-15,12,1031,940,108,25.1,6.7,11.12,4433300.0,3583333.333
2012-04-15,13,996,933,109,25.3,6.7,17.98,4282800.0,3583333.333
2012-04-15,14,887,907,106,25.4,6.8,30.61,3814100.0,3583333.333
2012-04-15,15,715,860,99,25.3,6.9,44.28,3074500.0,2956400.124
2012-04-15,16,372,172,281,25.2,7.1,58.2,1599600.0,1537830.97
2012-04-15,17,167,30,158,25.0,7.3,72.14,718100.0,681017.61
2012-04-15,18,40,213,25,24.7,7.5,85.87,172000.0,146840.685
2012-04-15,19,0,0,0,24.4,7.6,99.71,0.0,0.0
2012-04-15,20,0,0,0,24.2,7.6,112.96,0.0,0.0
2012-04-15,21,0,0,0,24.2,7.6,125.48,0.0,0.0
2012-04-15,22,0,0,0,24.1,7.7,136.63,0.0,0.0
2012-04-15,23,0,0,0,24.1,7.7,145.02,0.0,0.0
2012-04-16,0,0,0,0,24.0,7.6,148.37,0.0,0.0
2012-04-16,1,0,0,0,23.9,7.6,145.19,0.0,0.0
2012-04-16,2,0,0,0,23.8,7.6,136.91,0.0,0.0
2012-04-16,3,0,0,0,23.7,7.5,125.82,0.0,0.0
2012-04-16,4,0,0,0,23.6,7.5,113.33,0.0,0.0
2012-04-16,5,0,0,0,23.6,7.6,100.09,0.0,0.0
2012-04-16,6,33,116,25,23.7,7.7,86.25,141900.0,117322.878
2012-04-16,7,242,540,80,24.0,7.8,72.53,1040600.0,995265.329
2012-04-16,8,486,738,101,24.2,7.7,58.58,2089800.0,2011395.684
2012-04-16,9,709,834,115,24.5,7.6,44.64,3048700.0,2931747.143
2012-04-16,10,594,150,465,24.8,7.4,30.92,2554200.0,2458119.293
2012-04-16,11,545,75,474,25.1,7.3,18.15,2343500.0,2255670.244
2012-04-16,12,1041,936,121,25.2,7.2,10.77,4476300.0,3583333.333
2012-04-16,13,1005,929,121,25.3,7.2,17.8,4321500.0,3583333.333
2012-04-16,14,896,907,115,25.4,7.2,30.51,3852800.0,3583333.333
2012-04-16,15,722,858,107,25.3,7.3,44.21,3104600.0,2985154.662
2012-04-16,16,502,772,94,25.1,7.5,58.14,2158600.0,2077694.632
2012-04-16,17,257,599,73,24.8,7.7,72.08,1105100.0,1058006.954
2012-04-16,18,40,179,27,24.5,7.9,85.8,172000.0,146840.685
2012-04-16,19,0,0,0,24.2,8.1,99.62,0.0,0.0
2012-04-16,20,0,0,0,24.1,8.2,112.84,0.0,0.0
2012-04-16,21,0,0,0,24.0,8.2,125.32,0.0,0.0
2012-04-16,22,0,0,0,23.9,8.2,136.41,0.0,0.0
2012-04-16,23,0,0,0,23.8,8.1,144.72,0.0,0.0
2012-04-17,0,0,0,0,23.8,8.0,148.02,0.0,0.0
2012-04-17,1,0,0,0,23.8,8.0,144.85,0.0,0.0
2012-04-17,2,0,0,0,23.7,8.0,136.61,0.0,0.0
2012-04-17,3,0,0,0,23.6,8.0,125.57,0.0,0.0
2012-04-17,4,0,0,0,23.6,8.1,113.11,0.0,0.0
2012-04-17,5,0,0,0,23.7,8.2,99.89,0.0,0.0
2012-04-17,6,22,0,22,23.9,8.5,86.07,94600.0,70921.925
2012-04-17,7,129,5,127,24.2,8.6,72.36,554700.0,521455.502
2012-04-17,8,175,1,174,24.4,8.6,58.42,752500.0,714580.215
2012-04-17,9,716,841,116,24.7,8.4,44.47,3078800.0,2960508.395
2012-04-17,10,892,890,127,25.0,8.3,30.73,3835600.0,3583333.333
2012-04-17,11,640,155,492,25.1,8.1,17.89,2752000.0,2647824.163
2012-04-17,12,715,188,530,25.2,7.9,10.42,3074500.0,2956400.124
2012-04-17,13,1006,920,129,25.2,7.8,17.63,4325800.0,3583333.333
2012-04-17,14,896,897,122,25.1,7.9,30.42,3852800.0,3583333.333
2012-04-17,15,722,847,114,24.9,8.0,44.15,3104600.0,2985154.662
2012-04-17,16,501,757,100,24.7,8.1,58.08,2154300.0,2073552.146
2012-04-17,17,257,584,76,24.4,8.1,72.02,1105100.0,1058006.954
2012-04-17,18,41,168,29,24.2,8.0,85.73,176300.0,151056.875
2012-04-17,19,0,0,0,24.0,7.8,99.52,0.0,0.0
2012-04-17,20,0,0,0,23.9,7.7,112.72,0.0,0.0
2012-04-17,21,0,0,0,23.9,7.6,125.16,0.0,0.0
2012-04-17,22,0,0,0,23.8,7.5,136.19,0.0,0.0
2012-04-17,23,0,0,0,23.8,7.4,144.43,0.0,0.0
2012-04-18,0,0,0,0,23.7,7.4,147.67,0.0,0.0
2012-04-18,1,0,0,0,23.6,7.3,144.51,0.0,0.0
2012-04-18,2,0,0,0,23.5,7.3,136.32,0.0,0.0
2012-04-18,3,0,0,0,23.5,7.4,125.32,0.0,0.0
2012-04-18,4,0,0,0,23.5,7.4,112.89,0.0,0.0
2012-04-18,5,0,0,0,23.6,7.6,99.7,0.0,0.0
2012-04-18,6,39,165,27,23.8,7.9,85.91,167700.0,142624.335
2012-04-18,7,104,1,104,24.2,8.1,72.19,447200.0,416354.525
2012-04-18,8,105,0,105,24.4,8.1,58.26,451500.0,420560.483
2012-04-18,9,720,857,107,24.7,8.0,44.3,3096000.0,2976939.879
2012-04-18,10,540,121,436,24.9,7.8,30.54,2322000.0,2234990.594
2012-04-18,11,643,157,493,25.0,7.6,17.64,2764900.0,2660184.469
2012-04-18,12,899,445,461,25.2,7.3,10.07,3865700.0,3583333.333
2012-04-18,13,875,462,434,25.2,7.1,17.46,3762500.0,3583333.333
2012-04-18,14,707,280,465,25.2,7.0,30.33,3040100.0,2923528.203
2012-04-18,15,552,217,395,25.2,7.1,44.08,2373600.0,2284615.039
2012-04-18,16,356,223,237,25.0,7.2,58.02,1530800.0,1471199.472
2012-04-18,17,146,9,143,24.6,7.4,71.95,627800.0,592867.089
2012-04-18,18,30,0,30,24.3,7.4,85.66,129000.0,104669.991
2012-04-18,19,0,0,0,24.1,7.3,99.43,0.0,0.0
2012-04-18,20,0,0,0,24.0,7.2,112.6,0.0,0.0
2012-04-18,21,0,0,0,23.9,7.0,125.0,0.0,0.0
2012-04-18,22,0,0,0,23.9,6.8,135.97,0.0,0.0
2012-04-18,23,0,0,0,23.8,6.6,144.13,0.0,0.0
2012-04-19,0,0,0,0,23.7,6.4,147.32,0.0,0.0
2012-04-19,1,0,0,0,23.7,6.3,144.17,0.0,0.0
2012-04-19,2,0,0,0,23.6,6.4,136.03,0.0,0.0
2012-04-19,3,0,0,0,23.6,6.5,125.08,0.0,0.0
2012-04-19,4,0,0,0,23.6,6.6,112.68,0.0,0.0
2012-04-19,5,0,0,0,23.6,6.7,99.51,0.0,0.0
2012-04-19,6,26,0,26,23.7,7.0,85.74,111800.0,87797.238
2012-04-19,7,121,3,120,24.0,7.2,72.03,520300.0,487834.061
2012-04-19,8,21,0,21,24.2,7.3,58.1,90300.0,66702.698
2012-04-19,9,143,0,143,24.4,7.4,44.14,614900.0,580268.402
2012-04-19,10,464,48,423,24.6,7.3,30.36,1995200.0,1920167.802
2012-04-19,11,1002,916,128,24.7,7.2,17.39,4308600.0,3583333.333
2012-04-19,12,1039,920,132,24.7,7.1,9.73,4467700.0,3583333.333
2012-04-19,13,1001,912,131,24.7,7.0,17.3,4304300.0,3583333.333
2012-04-19,14,892,888,125,24.6,6.9,30.25,3835600.0,3583333.333
2012-04-19,15,719,841,113,24.5,6.9,44.02,3091700.0,2972832.248
2012-04-19,16,501,763,96,24.4,7.0,57.97,2154300.0,2073552.146
2012-04-19,17,260,605,71,24.2,6.9,71.89,1118000.0,1070550.962
2012-04-19,18,43,208,27,24.0,6.8,85.59,184900.0,159488.775
2012-04-19,19,0,0,0,23.9,6.7,99.34,0.0,0.0
2012-04-19,20,0,0,0,23.8,6.5,112.48,0.0,0.0
2012-04-19,21,0,0,0,23.7,6.2,124.84,0.0,0.0
2012-04-19,22,0,0,0,23.6,5.9,135.75,0.0,0.0
2012-04-19,23,0,0,0,23.6,5.7,143.84,0.0,0.0
2012-04-20,0,0,0,0,23.5,5.5,146.98,0.0,0.0
2012-04-20,1,0,0,0,23.4,5.4,143.84,0.0,0.0
2012-04-20,2,0,0,0,23.4,5.4,135.74,0.0,0.0
2012-04-20,3,0,0,0,23.4,5.5,124.83,0.0,0.0
2012-04-20,4,0,0,0,23.5,5.6,112.47,0.0,0.0
2012-04-20,5,0,0,0,23.6,5.8,99.33,0.0,0.0
2012-04-20,6,45,230,27,23.8,6.1,85.57,193500.0,167920.036
2012-04-20,7,265,638,66,24.0,6.4,71.88,1139500.0,1091454.445
2012-04-20,8,305,53,277,24.2,6.5,57.95,1311500.0,1258538.414
2012-04-20,9,126,0,126,24.3,6.6,43.99,541800.0,508848.661
2012-04-20,10,659,215,473,24.5,6.7,30.19,2833700.0,2726081.796
2012-04-20,11,1011,941,111,24.7,6.7,17.16,4347300.0,3583333.333
2012-04-20,12,1049,948,113,24.8,6.6,9.39,4510700.0,3583333.333
2012-04-20,13,1011,943,110,24.8,6.5,17.14,4347300.0,3583333.333
2012-04-20,14,902,921,105,24.7,6.5,30.16,3878600.0,3583333.333
2012-04-20,15,728,878,96,24.7,6.5,43.96,3130400.0,3009795.173
2012-04-20,16,335,83,291,24.5,6.6,57.91,1440500.0,1383683.516
2012-04-20,17,264,641,65,24.3,6.6,71.83,1135200.0,1087274.068
2012-04-20,18,45,241,26,24.0,6.5,85.51,193500.0,167920.036
2012-04-20,19,0,0,0,23.8,6.4,99.24,0.0,0.0
2012-04-20,20,0,0,0,23.7,6.4,112.35,0.0,0.0
2012-04-20,21,0,0,0,23.6,6.3,124.68,0.0,0.0
2012-04-20,22,0,0,0,23.5,6.2,135.53,0.0,0.0
2012-04-20,23,0,0,0,23.3,6.1,143.55,0.0,0.0
2012-04-21,0,0,0,0,23.1,6.0,146.64,0.0,0.0
2012-04-21,1,0,0,0,22.9,5.9,143.51,0.0,0.0
2012-04-21,2,0,0,0,22.7,5.8,135.45,0.0,0.0
2012-04-21,3,0,0,0,22.6,5.7,124.59,0.0,0.0
2012-04-21,4,0,0,0,22.6,5.7,112.26,0.0,0.0
2012-04-21,5,0,0,0,22.7,5.8,99.14,0.0,0.0
2012-04-21,6,48,280,25,23.0,6.2,85.41,206400.0,180565.728
2012-04-21,7,269,668,59,23.4,6.6,71.72,1156700.0,1108174.353
2012-04-21,8,65,0,65,23.7,6.7,57.8,279500.0,252197.47
2012-04-21,9,202,0,202,24.1,6.7,43.84,868600.0,827778.462
2012-04-21,10,119,0,118,24.4,6.7,30.02,511700.0,479427.102
2012-04-21,11,428,8,421,24.5,6.6,16.92,1840400.0,1770718.897
2012-04-21,12,323,1,322,24.6,6.7,9.05,1388900.0,1333642.742
2012-04-21,13,326,1,325,24.7,6.9,16.99,1401800.0,1346155.094
2012-04-21,14,268,1,268,24.6,7.0,30.08,1152400.0,1103994.616
2012-04-21,15,252,1,251,24.5,7.2,43.9,1083600.0,1037097.076
2012-04-21,16,206,4,204,24.3,7.4,57.85,885800.0,844538.66
2012-04-21,17,265,656,59,24.0,7.6,71.77,1139500.0,1091454.445
2012-04-21,18,46,265,25,23.7,7.6,85.44,197800.0,172135.426
2012-04-21,19,0,0,0,23.6,7.5,99.15,0.0,0.0
2012-04-21,20,0,0,0,23.5,7.5,112.23,0.0,0.0
2012-04-21,21,0,0,0,23.4,7.5,124.51,0.0,0.0
2012-04-21,22,0,0,0,23.3,7.4,135.31,0.0,0.0
2012-04-21,23,0,0,0,23.1,7.1,143.27,0.0,0.0
2012-04-22,0,0,0,0,22.9,6.7,146.3,0.0,0.0
2012-04-22,1,0,0,0,22.8,6.6,143.18,0.0,0.0
2012-04-22,2,0,0,0,22.7,6.7,135.17,0.0,0.0
2012-04-22,3,0,0,0,22.7,6.8,124.35,0.0,0.0
2012-04-22,4,0,0,0,22.8,7.0,112.05,0.0,0.0
2012-04-22,5,0,0,0,22.9,7.2,98.96,0.0,0.0
2012-04-22,6,44,138,32,23.1,7.7,85.26,189200.0,163704.485
2012-04-22,7,253,525,87,23.4,8.2,71.57,1087900.0,1041279.372
2012-04-22,8,236,13,229,23.7,8.4,57.65,1014800.0,970158.607
2012-04-22,9,500,138,400,23.9,8.5,43.69,2150000.0,2069409.501
2012-04-22,10,630,177,476,24.1,8.5,29.85,2709000.0,2606612.752
2012-04-22,11,605,138,473,24.2,8.4,16.7,2601500.0,2503514.278
2012-04-22,12,288,1,287,24.2,8.4,8.71,1238400.0,1187558.984
2012-04-22,13,420,6,414,24.2,8.5,16.84,1806000.0,1737479.89
2012-04-22,14,329,2,328,24.1,8.6,30.0,1414700.0,1358666.007
2012-04-22,15,256,1,255,24.1,8.7,43.84,1100800.0,1053825.298
2012-04-22,16,486,695,116,24.0,8.7,57.8,2089800.0,2011395.684
2012-04-22,17,250,522,86,23.8,8.6,71.7,1075000.0,1028732.006
2012-04-22,18,42,131,32,23.6,8.5,85.37,180600.0,155272.905
2012-04-22,19,0,0,0,23.5,8.4,99.05,0.0,0.0
2012-04-22,20,0,0,0,23.4,8.4,112.11,0.0,0.0
2012-04-22,21,0,0,0,23.4,8.6,124.35,0.0,0.0
2012-04-22,22,0,0,0,23.3,8.7,135.09,0.0,0.0
2012-04-22,23,0,0,0,23.3,8.8,142.98,0.0,0.0
2012-04-23,0,0,0,0,23.3,8.9,145.97,0.0,0.0
2012-04-23,1,0,0,0,23.2,9.0,142.86,0.0,0.0
2012-04-23,2,0,0,0,23.1,9.0,134.89,0.0,0.0
2012-04-23,3,0,0,0,23.1,9.1,124.11,0.0,0.0
2012-04-23,4,0,0,0,23.0,9.1,111.85,0.0,0.0
2012-04-23,5,0,0,0,22.9,9.1,98.79,0.0,0.0
2012-04-23,6,46,137,34,23.1,9.0,85.1,197800.0,172135.426
2012-04-23,7,10,0,10,23.3,8.9,71.42,43000.0,20280.641
2012-04-23,8,352,96,301,23.7,8.8,57.51,1513600.0,1454535.202
2012-04-23,9,161,0,161,24.0,8.7,43.55,692300.0,655838.941
2012-04-23,10,894,880,130,24.2,8.6,29.69,3844200.0,3583333.333
2012-04-23,11,450,12,439,24.3,8.5,16.48,1935000.0,1862073.405
2012-04-23,12,812,287,528,24.4,8.3,8.38,3491600.0,3354157.978
2012-04-23,13,728,218,519,24.4,8.2,16.7,3130400.0,3009795.173
2012-04-23,14,298,1,298,24.3,8.1,29.93,1281400.0,1229317.185
2012-04-23,15,147,0,147,24.2,8.2,43.78,632100.0,597066.331
2012-04-23,16,62,0,62,24.0,8.4,57.74,266600.0,239559.932
2012-04-23,17,52,0,52,23.8,8.4,71.64,223600.0,197424.413
2012-04-23,18,47,199,30,23.5,8.3,85.29,202100.0,176350.657
2012-04-23,19,0,0,0,23.4,8.2,98.96,0.0,0.0
2012-04-23,20,0,0,0,23.3,8.0,111.98,0.0,0.0
2012-04-23,21,0,0,0,23.2,7.9,124.18,0.0,0.0
2012-04-23,22,0,0,0,23.1,7.6,134.87,0.0,0.0
2012-04-23,23,0,0,0,23.0,7.1,142.69,0.0,0.0
2012-04-24,0,0,0,0,22.9,6.6,145.64,0.0,0.0
2012-04-24,1,0,0,0,22.8,6.2,142.54,0.0,0.0
2012-04-24,2,0,0,0,22.8,5.9,134.62,0.0,0.0
2012-04-24,3,0,0,0,22.8,5.9,123.88,0.0,0.0
2012-04-24,4,0,0,0,22.8,6.0,111.65,0.0,0.0
2012-04-24,5,0,0,0,22.9,6.3,98.61,0.0,0.0
2012-04-24,6,51,216,32,23.2,6.8,84.95,219300.0,193209.981
2012-04-24,7,137,6,135,23.5,7.3,71.28,589100.0,555066.71
2012-04-24,8,153,0,153,23.8,7.6,57.37,657900.0,622258.43
2012-04-24,9,405,57,364,24.1,7.7,43.41,1741500.0,1675129.173
2012-04-24,10,899,894,122,24.3,7.7,29.54,3865700.0,3583333.333
2012-04-24,11,1008,917,127,24.5,7.5,16.27,4334400.0,3583333.333
2012-04-24,12,1042,922,129,24.6,7.3,8.06,4480600.0,3583333.333
2012-04-24,13,1002,911,129,24.6,7.2,16.56,4308600.0,3583333.333
2012-04-24,14,563,131,450,24.6,7.2,29.86,2420900.0,2330083.889
2012-04-24,15,162,0,162,24.5,7.2,43.73,696600.0,660035.786
2012-04-24,16,126,0,125,24.3,7.3,57.68,541800.0,508848.661
2012-04-24,17,262,590,76,24.0,7.3,71.58,1126600.0,1078912.835
2012-04-24,18,47,197,31,23.7,7.4,85.22,202100.0,176350.657
2012-04-24,19,0,0,0,23.5,7.4,98.86,0.0,0.0
2012-04-24,20,0,0,0,23.4,7.4,111.86,0.0,0.0
2012-04-24,21,0,0,0,23.3,7.2,124.02,0.0,0.0
2012-04-24,22,0,0,0,23.2,7.0,134.65,0.0,0.0
2012-04-24,23,0,0,0,23.1,6.7,142.41,0.0,0.0
2012-04-25,0,0,0,0,23.1,6.5,145.32,0.0,0.0
2012-04-25,1,0,0,0,23.0,6.5,142.23,0.0,0.0
2012-04-25,2,0,0,0,23.0,6.4,134.35,0.0,0.0
2012-04-25,3,0,0,0,23.0,6.5,123.65,0.0,0.0
2012-04-25,4,0,0,0,23.0,6.6,111.46,0.0,0.0
2012-04-25,5,0,0,0,23.0,6.9,98.44,0.0,0.0
2012-04-25,6,53,223,32,23.3,7.3,84.8,227900.0,201638.684
2012-04-25,7,272,610,75,23.6,7.6,71.14,1169600.0,1120712.606
2012-04-25,8,513,766,98,23.9,7.6,57.24,2205900.0,2123251.416
2012-04-25,9,730,847,113,24.2,7.5,43.27,3139000.0,3018007.397
2012-04-25,10,897,889,123,24.5,7.2,29.39,3857100.0,3583333.333
2012-04-25,11,1008,932,113,24.8,6.8,16.07,4334400.0,3583333.333
2012-04-25,12,1044,939,114,25.0,6.2,7.74,4489200.0,3583333.333
2012-04-25,13,1004,928,114,25.2,5.5,16.43,4317200.0,3583333.333
2012-04-25,14,664,228,466,25.3,4.7,29.79,2855200.0,2746666.317
2012-04-25,15,722,860,100,25.3,4.1,43.67,3104600.0,2985154.662
2012-04-25,16,504,779,87,25.2,3.7,57.63,2167200.0,2085979.122
2012-04-25,17,265,624,67,24.9,3.8,71.51,1139500.0,1091454.445
2012-04-25,18,49,241,28,24.6,4.1,85.14,210700.0,184780.639
2012-04-25,19,0,0,0,24.3,4.6,98.76,0.0,0.0
2012-04-25,20,0,0,0,24.1,5.0,111.73,0.0,0.0
2012-04-25,21,0,0,0,24.0,5.4,123.85,0.0,0.0
2012-04-25,22,0,0,0,23.8,5.5,134.43,0.0,0.0
2012-04-25,23,0,0,0,23.7,5.5,142.13,0.0,0.0
2012-04-26,0,0,0,0,23.6,5.5,144.99,0.0,0.0
2012-04-26,1,0,0,0,23.5,5.6,141.92,0.0,0.0
2012-04-26,2,0,0,0,23.4,5.6,134.08,0.0,0.0
2012-04-26,3,0,0,0,23.3,5.6,123.42,0.0,0.0
2012-04-26,4,0,0,0,23.2,5.6,111.26,0.0,0.0
2012-04-26,5,0,0,0,23.3,5.4,98.27,0.0,0.0
2012-04-26,6,55,265,30,23.5,5.3,84.65,236500.0,210066.747
2012-04-26,7,275,637,67,23.8,5.0,71.0,1182500.0,1133249.419
2012-04-26,8,515,790,86,24.0,4.5,57.11,2214500.0,2131532.389
2012-04-26,9,730,866,98,24.3,3.9,43.14,3139000.0,3018007.397
2012-04-26,10,899,908,107,24.6,3.2,29.25,3865700.0,3583333.333
2012-04-26,11,1001,919,117,24.9,2.7,15.87,4304300.0,3583333.333
2012-04-26,12,480,18,462,25.2,2.2,7.42,2064000.0,1986523.027
2012-04-26,13,344,1,342,25.3,1.9,16.31,1479200.0,1421198.988
2012-04-26,14,303,1,303,25.4,1.8,29.72,1302900.0,1250190.291
2012-04-26,15,221,1,221,25.4,1.7,43.62,950300.0,907366.62
2012-04-26,16,505,788,82,25.4,1.8,57.57,2171500.0,2090121.128
2012-04-26,17,267,637,64,25.2,2.0,71.45,1148100.0,1099814.719
2012-04-26,18,50,257,28,25.0,2.1,85.07,215000.0,188995.39
2012-04-26,19,0,0,0,24.7,2.2,98.66,0.0,0.0
2012-04-26,20,0,0,0,24.6,2.3,111.6,0.0,0.0
2012-04-26,21,0,0,0,24.4,2.3,123.69,0.0,0.0
2012-04-26,22,0,0,0,24.2,2.4,134.21,0.0,0.0
2012-04-26,23,0,0,0,24.1,2.5,141.85,0.0,0.0
2012-04-27,0,0,0,0,23.9,2.7,144.68,0.0,0.0
2012-04-27,1,0,0,0,23.8,2.8,141.61,0.0,0.0
2012-04-27,2,0,0,0,23.7,2.9,133.81,0.0,0.0
2012-04-27,3,0,0,0,23.6,3.0,123.2,0.0,0.0
2012-04-27,4,0,0,0,23.6,3.2,111.07,0.0,0.0
2012-04-27,5,0,0,0,23.7,3.5,98.11,0.0,0.0
2012-04-27,6,56,258,32,24.0,4.1,84.51,240800.0,214280.539
2012-04-27,7,274,627,69,24.3,4.6,70.87,1178200.0,1129070.641
2012-04-27,8,513,780,88,24.6,5.0,56.99,2205900.0,2123251.416
2012-04-27,9,727,858,100,24.9,5.4,43.02,3126100.0,3005688.821
2012-04-27,10,895,900,109,25.2,5.6,29.11,3848500.0,3583333.333
2012-04-27,11,436,10,427,25.4,5.7,15.69,1874800.0,1803947.671
2012-04-27,12,1033,917,123,25.5,5.7,7.1,4441900.0,3583333.333
2012-04-27,13,995,907,124,25.6,5.7,16.19,4278500.0,3583333.333
2012-04-27,14,885,878,122,25.6,5.7,29.65,3805500.0,3583333.333
2012-04-27,15,713,822,117,25.6,5.7,43.56,3065900.0,2948183.103
2012-04-27,16,495,724,107,25.4,5.7,57.52,2128500.0,2048693.878
2012-04-27,17,257,541,84,25.1,5.7,71.39,1105100.0,1058006.954
2012-04-27,18,46,147,34,24.8,5.7,84.99,197800.0,172135.426
2012-04-27,19,0,0,0,24.6,5.8,98.57,0.0,0.0
2012-04-27,20,0,0,0,24.5,5.9,111.48,0.0,0.0
2012-04-27,21,0,0,0,24.3,5.9,123.52,0.0,0.0
2012-04-27,22,0,0,0,24.2,5.9,133.99,0.0,0.0
2012-04-27,23,0,0,0,24.1,5.8,141.57,0.0,0.0
2012-04-28,0,0,0,0,24.0,5.7,144.36,0.0,0.0
2012-04-28,1,0,0,0,23.9,5.7,141.31,0.0,0.0
2012-04-28,2,0,0,0,23.9,5.9,133.55,0.0,0.0
2012-04-28,3,0,0,0,23.9,6.3,122.98,0.0,0.0
2012-04-28,4,0,0,0,23.9,6.6,110.89,0.0,0.0
2012-04-28,5,0,0,0,23.9,6.7,97.95,0.0,0.0
2012-04-28,6,57,234,34,24.1,6.9,84.37,245100.0,218494.171
2012-04-28,7,275,603,76,24.4,7.1,70.74,1182500.0,1133249.419
2012-04-28,8,513,760,98,24.7,7.1,56.87,2205900.0,2123251.416
2012-04-28,9,313,6,308,24.9,7.1,42.9,1345900.0,1291924.511
2012-04-28,10,896,889,118,25.2,7.0,28.98,3852800.0,3583333.333
2012-04-28,11,1007,932,110,25.5,6.7,15.51,4330100.0,3583333.333
2012-04-28,12,760,234,528,25.7,6.4,6.79,3268000.0,3141114.024
2012-04-28,13,1004,925,114,25.8,6.0,16.07,4317200.0,3583333.333
2012-04-28,14,896,903,111,25.9,5.8,29.59,3852800.0,3583333.333
2012-04-28,15,721,847,107,25.8,5.8,43.51,3100300.0,2981047.35
2012-04-28,16,503,752,98,25.7,6.0,57.46,2162900.0,2081836.957
2012-04-28,17,263,573,79,25.4,6.2,71.32,1130900.0,1083093.532
2012-04-28,18,49,177,33,25.0,6.6,84.91,210700.0,184780.639
2012-04-28,19,0,0,0,24.7,6.9,98.47,0.0,0.0
2012-04-28,20,0,0,0,24.5,7.0,111.35,0.0,0.0
2012-04-28,21,0,0,0,24.3,7.1,123.35,0.0,0.0
2012-04-28,22,0,0,0,24.2,7.0,133.77,0.0,0.0
2012-04-28,23,0,0,0,24.0,6.9,141.3,0.0,0.0
2012-04-29,0,0,0,0,23.9,6.9,144.05,0.0,0.0
2012-04-29,1,0,0,0,23.8,6.9,141.01,0.0,0.0
2012-04-29,2,0,0,0,23.8,7.0,133.29,0.0,0.0
2012-04-29,3,0,0,0,23.8,7.1,122.77,0.0,0.0
2012-04-29,4,0,0,0,23.8,7.1,110.7,0.0,0.0
2012-04-29,5,0,0,0,23.8,7.2,97.79,0.0,0.0
2012-04-29,6,61,275,33,24.1,7.3,84.23,262300.0,235347.1
2012-04-29,7,281,632,71,24.4,7.4,70.62,1208300.0,1158318.73
2012-04-29,8,520,781,92,24.6,7.5,56.75,2236000.0,2152232.024
2012-04-29,9,532,178,401,24.9,7.6,42.79,2287600.0,2201894.84
2012-04-29,10,578,139,457,25.1,7.7,28.86,2485400.0,2392055.69
2012-04-29,11,638,153,490,25.2,7.8,15.33,2743400.0,2639583.16
2012-04-29,12,468,12,456,25.3,7.7,6.49,2012400.0,1936760.445
2012-04-29,13,997,890,142,25.4,7.5,15.96,4287100.0,3583333.333
2012-04-29,14,257,0,256,25.4,7.4,29.53,1105100.0,1058006.954
2012-04-29,15,414,75,359,25.3,7.4,43.46,1780200.0,1712543.92
2012-04-29,16,386,167,296,25.1,7.4,57.41,1659800.0,1596099.957
2012-04-29,17,266,578,80,24.9,7.4,71.26,1143800.0,1095634.662
2012-04-29,18,51,192,34,24.6,7.4,84.84,219300.0,193209.981
2012-04-29,19,0,0,0,24.3,7.4,98.37,0.0,0.0
2012-04-29,20,0,0,0,24.2,7.5,111.22,0.0,0.0
2012-04-29,21,0,0,0,24.1,7.6,123.19,0.0,0.0
2012-04-29,22,0,0,0,24.0,7.7,133.56,0.0,0.0
2012-04-29,23,0,0,0,23.9,7.7,141.03,0.0,0.0
2012-04-30,0,0,0,0,23.7,7.7,143.75,0.0,0.0
2012-04-30,1,0,0,0,23.6,7.7,140.72,0.0,0.0
2012-04-30,2,0,0,0,23.4,7.8,133.04,0.0,0.0
2012-04-30,3,0,0,0,23.4,7.8,122.55,0.0,0.0
2012-04-30,4,0,0,0,23.4,7.8,110.52,0.0,0.0
2012-04-30,5,0,0,0,23.5,8.0,97.63,0.0,0.0
2012-04-30,6,63,287,34,23.8,8.4,84.1,270900.0,243772.605
2012-04-30,7,287,650,69,24.0,8.7,70.49,1234100.0,1183382.284
2012-04-30,8,401,197,293,24.2,8.6,56.64,1724300.0,1658496.24
2012-04-30,9,382,42,352,24.4,8.5,42.68,1642600.0,1579454.872
2012-04-30,10,630,177,475,24.6,8.2,28.74,2709000.0,2606612.752
2012-04-30,11,1015,941,107,24.9,8.0,15.17,4364500.0,3583333.333
2012-04-30,12,1050,943,112,25.0,7.8,6.18,4515000.0,3583333.333
2012-04-30,13,1008,931,113,25.1,7.7,15.86,4334400.0,3583333.333
2012-04-30,14,900,914,104,25.1,7.7,29.47,3870000.0,3583333.333
2012-04-30,15,728,869,97,25.0,7.7,43.41,3130400.0,3009795.173
2012-04-30,16,511,791,85,24.8,7.8,57.36,2197300.0,2114969.803
2012-04-30,17,272,637,67,24.6,8.0,71.2,1169600.0,1120712.606
2012-04-30,18,54,259,30,24.3,8.1,84.76,232200.0,205852.795
2012-04-30,19,0,0,0,24.0,8.1,98.27,0.0,0.0
2012-04-30,20,0,0,0,23.9,8.1,111.09,0.0,0.0
2012-04-30,21,0,0,0,23.9,7.9,123.02,0.0,0.0
2012-04-30,22,0,0,0,23.8,7.7,133.34,0.0,0.0
2012-04-30,23,0,0,0,23.7,7.4,140.76,0.0,0.0
2012-05-01,0,0,0,0,23.7,7.2,143.44,0.0,0.0
2012-05-01,1,0,0,0,23.7,7.0,140.43,0.0,0.0
2012-05-01,2,0,0,0,23.6,6.8,132.79,0.0,0.0
2012-05-01,3,0,0,0,23.6,6.6,122.34,0.0,0.0
2012-05-01,4,0,0,0,23.6,6.5,110.35,0.0,0.0
2012-05-01,5,0,0,0,23.6,6.5,97.48,0.0,0.0
2012-05-01,6,65,299,33,23.8,6.8,83.97,279500.0,252197.47
2012-05-01,7,287,653,68,24.1,7.0,70.38,1234100.0,1183382.284
2012-05-01,8,525,797,85,24.4,7.0,56.53,2257500.0,2172927.662
2012-05-01,9,738,870,97,24.6,7.0,42.57,3173400.0,3050849.901
2012-05-01,10,903,909,105,24.9,7.0,28.63,3882900.0,3583333.333
2012-05-01,11,1005,926,111,25.0,7.1,15.02,4321500.0,3583333.333
2012-05-01,12,542,59,484,25.1,7.2,5.89,2330600.0,2243262.934
2012-05-01,13,1000,920,115,25.2,7.3,15.76,4300000.0,3583333.333
2012-05-01,14,574,141,451,25.2,7.4,29.41,2468200.0,2375533.393
2012-05-01,15,721,849,104,25.2,7.6,43.36,3100300.0,2981047.35
2012-05-01,16,505,760,94,25.0,7.7,57.3,2171500.0,2090121.128
2012-05-01,17,267,595,74,24.7,7.8,71.13,1148100.0,1099814.719
2012-05-01,18,53,223,32,24.4,7.7,84.68,227900.0,201638.684
2012-05-01,19,0,0,0,24.2,7.5,98.17,0.0,0.0
2012-05-01,20,0,0,0,24.1,7.3,110.96,0.0,0.0
2012-05-01,21,0,0,0,24.0,7.1,122.86,0.0,0.0
2012-05-01,22,0,0,0,23.9,6.7,133.13,0.0,0.0
2012-05-01,23,0,0,0,23.8,6.4,140.49,0.0,0.0
2012-05-02,0,0,0,0,23.7,6.2,143.15,0.0,0.0
2012-05-02,1,0,0,0,23.6,6.2,140.14,0.0,0.0
2012-05-02,2,0,0,0,23.6,6.2,132.54,0.0,0.0
2012-05-02,3,0,0,0,23.5,6.1,122.14,0.0,0.0
2012-05-02,4,0,0,0,23.4,6.1,110.17,0.0,0.0
2012-05-02,5,0,0,0,23.4,6.4,97.33,0.0,0.0
2012-05-02,6,66,306,33,23.6,6.9,83.84,283800.0,256409.663
2012-05-02,7,18,0,18,23.9,7.2,70.26,77400.0,54044.055
2012-05-02,8,527,789,91,24.2,7.4,56.42,2266100.0,2181204.798
2012-05-02,9,741,860,106,24.5,7.5,42.47,3186300.0,3063163.201
2012-05-02,10,909,904,115,24.8,7.5,28.52,3908700.0,3583333.333
2012-05-02,11,1018,930,119,25.1,7.4,14.87,4377400.0,3583333.333
2012-05-02,12,1051,931,125,25.3,7.2,5.59,4519300.0,3583333.333
2012-05-02,13,1012,920,126,25.4,7.1,15.67,4351600.0,3583333.333
2012-05-02,14,894,872,134,25.3,7.0,29.36,3844200.0,3583333.333
2012-05-02,15,722,817,128,25.1,7.1,43.31,3104600.0,2985154.662
2012-05-02,16,504,717,116,24.9,7.3,57.25,2167200.0,2085979.122
2012-05-02,17,264,527,93,24.6,7.4,71.07,1135200.0,1087274.068
2012-05-02,18,51,132,38,24.4,7.5,84.6,219300.0,193209.981
2012-05-02,19,0,0,0,24.2,7.5,98.06,0.0,0.0
2012-05-02,20,0,0,0,24.1,7.5,110.84,0.0,0.0
2012-05-02,21,0,0,0,23.9,7.4,122.69,0.0,0.0
2012-05-02,22,0,0,0,23.8,7.2,132.92,0.0,0.0
2012-05-02,23,0,0,0,23.7,6.8,140.23,0.0,0.0
2012-05-03,0,0,0,0,23.6,6.5,142.85,0.0,0.0
2012-05-03,1,0,0,0,23.4,6.3,139.86,0.0,0.0
2012-05-03,2,0,0,0,23.4,6.1,132.3,0.0,0.0
2012-05-03,3,0,0,0,23.3,6.0,121.94,0.0,0.0
2012-05-03,4,0,0,0,23.4,6.1,110.01,0.0,0.0
2012-05-03,5,0,0,0,23.5,6.4,97.19,0.0,0.0
2012-05-03,6,66,267,36,23.7,7.0,83.72,283800.0,256409.663
2012-05-03,7,10,0,10,24.0,7.5,70.15,43000.0,20280.641
2012-05-03,8,520,766,95,24.2,7.7,56.32,2236000.0,2152232.024
2012-05-03,9,731,840,110,24.4,7.9,42.37,3143300.0,3022113.27
2012-05-03,10,895,880,121,24.6,7.9,28.42,3848500.0,3583333.333
2012-05-03,11,1000,904,125,24.8,7.8,14.73,4300000.0,3583333.333
2012-05-03,12,1036,916,123,24.9,7.7,5.31,4454800.0,3583333.333
2012-05-03,13,997,910,120,24.9,7.7,15.58,4287100.0,3583333.333
2012-05-03,14,888,890,112,24.9,7.7,29.3,3818400.0,3583333.333
2012-05-03,15,513,166,392,24.9,7.7,43.26,2205900.0,2123251.416
2012-05-03,16,351,106,294,24.7,7.8,57.19,1509300.0,1450368.734
2012-05-03,17,118,2,117,24.5,7.9,71.0,507400.0,475223.383
2012-05-03,18,55,231,33,24.2,7.9,84.52,236500.0,210066.747
2012-05-03,19,0,0,0,23.9,8.0,97.96,0.0,0.0
2012-05-03,20,0,0,0,23.8,8.0,110.71,0.0,0.0
2012-05-03,21,0,0,0,23.7,8.0,122.52,0.0,0.0
2012-05-03,22,0,0,0,23.7,7.8,132.7,0.0,0.0
2012-05-03,23,0,0,0,23.6,7.6,139.96,0.0,0.0
2012-05-04,0,0,0,0,23.6,7.4,142.56,0.0,0.0
2012-05-04,1,0,0,0,23.5,7.2,139.59,0.0,0.0
2012-05-04,2,0,0,0,23.5,7.0,132.07,0.0,0.0
2012-05-04,3,0,0,0,23.5,6.8,121.74,0.0,0.0
2012-05-04,4,0,0,0,23.5,6.7,109.84,0.0,0.0
2012-05-04,5,0,0,0,23.6,6.8,97.05,0.0,0.0
2012-05-04,6,69,296,36,23.8,7.1,83.6,296700.0,269045.283
2012-05-04,7,289,637,72,24.1,7.4,70.05,1242700.0,1191735.523
2012-05-04,8,524,774,93,24.4,7.6,56.23,2253200.0,2168788.854
2012-05-04,9,274,2,272,24.6,7.8,42.28,1178200.0,1129070.641
2012-05-04,10,900,889,117,24.8,7.8,28.32,3870000.0,3583333.333
2012-05-04,11,655,168,493,24.9,7.7,14.6,2816500.0,2709611.302
2012-05-04,12,1039,923,120,25.0,7.6,5.02,4467700.0,3583333.333
2012-05-04,13,1001,920,115,25.0,7.5,15.49,4304300.0,3583333.333
2012-05-04,14,894,898,111,25.0,7.5,29.25,3844200.0,3583333.333
2012-05-04,15,726,857,101,24.9,7.5,43.21,3121800.0,3001582.309
2012-05-04,16,511,780,88,24.8,7.6,57.14,2197300.0,2114969.803
2012-05-04,17,275,630,69,24.5,7.7,70.94,1182500.0,1133249.419
2012-05-04,18,58,262,32,24.3,7.6,84.44,249400.0,222707.643
2012-05-04,19,0,0,0,24.1,7.4,97.86,0.0,0.0
2012-05-04,20,0,0,0,24.1,7.3,110.58,0.0,0.0
2012-05-04,21,0,0,0,24.1,7.1,122.36,0.0,0.0
2012-05-04,22,0,0,0,24.1,7.0,132.49,0.0,0.0
2012-05-04,23,0,0,0,24.0,6.8,139.71,0.0,0.0
2012-05-05,0,0,0,0,23.9,6.6,142.28,0.0,0.0
2012-05-05,1,0,0,0,23.8,6.5,139.32,0.0,0.0
2012-05-05,2,0,0,0,23.6,6.4,131.84,0.0,0.0
2012-05-05,3,0,0,0,23.6,6.4,121.55,0.0,0.0
2012-05-05,4,0,0,0,23.5,6.6,109.68,0.0,0.0
2012-05-05,5,0,0,0,23.6,6.8,96.91,0.0,0.0
2012-05-05,6,73,347,33,23.8,7.2,83.49,313900.0,285890.537
2012-05-05,7,297,675,65,24.2,7.4,69.94,1277100.0,1225142.085
2012-05-05,8,534,812,82,24.5,7.5,56.13,2296200.0,2210169.738
2012-05-05,9,470,112,387,24.9,7.5,42.2,2021000.0,1945055.807
2012-05-05,10,374,5,370,25.1,7.5,28.23,1608200.0,1546157.03
2012-05-05,11,1016,940,105,25.4,7.3,14.47,4368800.0,3583333.333
2012-05-05,12,1048,941,111,25.6,7.1,4.74,4506400.0,3583333.333
2012-05-05,13,1008,927,114,25.8,6.8,15.41,4334400.0,3583333.333
2012-05-05,14,903,913,106,25.9,6.5,29.2,3882900.0,3583333.333
2012-05-05,15,498,141,395,25.9,6.2,43.16,2141400.0,2061123.732
2012-05-05,16,518,795,86,25.7,6.1,57.08,2227400.0,2143952.65
2012-05-05,17,280,649,67,25.4,6.2,70.87,1204000.0,1154140.911
2012-05-05,18,60,286,32,25.0,6.2,84.37,258000.0,231134.107
2012-05-05,19,0,0,0,24.7,6.2,97.76,0.0,0.0
2012-05-05,20,0,0,0,24.5,6.2,110.45,0.0,0.0
2012-05-05,21,0,0,0,24.3,6.2,122.2,0.0,0.0
2012-05-05,22,0,0,0,24.1,6.1,132.29,0.0,0.0
2012-05-05,23,0,0,0,24.0,5.9,139.45,0.0,0.0
2012-05-06,0,0,0,0,23.8,5.8,142.0,0.0,0.0
2012-05-06,1,0,0,0,23.8,5.7,139.05,0.0,0.0
2012-05-06,2,0,0,0,23.7,5.7,131.61,0.0,0.0
2012-05-06,3,0,0,0,23.6,5.8,121.36,0.0,0.0
2012-05-06,4,0,0,0,23.5,5.9,109.52,0.0,0.0
2012-05-06,5,0,0,0,23.6,6.1,96.78,0.0,0.0
2012-05-06,6,76,391,31,23.8,6.5,83.37,326800.0,298522.8
2012-05-06,7,301,704,59,24.1,6.8,69.85,1294300.0,1241841.528
2012-05-06,8,539,834,73,24.3,7.0,56.05,2317700.0,2230854.185
2012-05-06,9,750,899,83,24.6,7.1,42.12,3225000.0,3100094.47
2012-05-06,10,915,935,91,25.0,7.1,28.15,3934500.0,3583333.333
2012-05-06,11,1014,939,105,25.2,7.3,14.36,4360200.0,3583333.333
2012-05-06,12,1048,945,106,25.4,7.5,4.47,4506400.0,3583333.333
2012-05-06,13,1009,937,105,25.5,7.6,15.33,4338700.0,3583333.333
2012-05-06,14,898,910,103,25.5,7.7,29.15,3861400.0,3583333.333
2012-05-06,15,726,859,99,25.4,7.8,43.11,3121800.0,3001582.309
2012-05-06,16,510,771,90,25.2,7.9,57.03,2193000.0,2110828.757
2012-05-06,17,272,603,74,24.9,8.0,70.8,1169600.0,1120712.606
2012-05-06,18,58,232,35,24.6,8.0,84.28,249400.0,222707.643
2012-05-06,19,0,0,0,24.3,7.9,97.66,0.0,0.0
2012-05-06,20,0,0,0,24.2,7.9,110.32,0.0,0.0
2012-05-06,21,0,0,0,24.1,7.7,122.03,0.0,0.0
2012-05-06,22,0,0,0,24.0,7.6,132.08,0.0,0.0
2012-05-06,23,0,0,0,23.9,7.4,139.2,0.0,0.0
2012-05-07,0,0,0,0,23.8,7.3,141.72,0.0,0.0
2012-05-07,1,0,0,0,23.8,7.2,138.79,0.0,0.0
2012-05-07,2,0,0,0,23.7,7.2,131.38,0.0,0.0
2012-05-07,3,0,0,0,23.6,7.1,121.17,0.0,0.0
2012-05-07,4,0,0,0,23.6,7.0,109.37,0.0,0.0
2012-05-07,5,0,0,0,23.7,7.0,96.65,0.0,0.0
2012-05-07,6,76,346,36,23.9,7.2,83.27,326800.0,298522.8
2012-05-07,7,93,0,93,24.2,7.4,69.75,399900.0,370078.439
2012-05-07,8,302,47,276,24.4,7.5,55.96,1298600.0,1246015.989
2012-05-07,9,761,905,88,24.7,7.5,42.04,3272300.0,3145215.1
2012-05-07,10,928,945,94,24.9,7.5,28.07,3990400.0,3583333.333
2012-05-07,11,590,107,486,25.1,7.4,14.25,2537000.0,2441607.229
2012-05-07,12,1064,965,101,25.2,7.3,4.2,4575200.0,3583333.333
2012-05-07,13,1024,956,102,25.4,7.1,15.26,4403200.0,3583333.333
2012-05-07,14,911,920,108,25.4,6.9,29.1,3917300.0,3583333.333
2012-05-07,15,738,871,102,25.3,6.9,43.06,3173400.0,3050849.901
2012-05-07,16,522,789,91,25.2,7.1,56.97,2244600.0,2160510.759
2012-05-07,17,282,634,73,24.9,7.3,70.74,1212600.0,1162496.388
2012-05-07,18,62,268,35,24.5,7.6,84.2,266600.0,239559.932
2012-05-07,19,0,0,0,24.2,7.9,97.55,0.0,0.0
2012-05-07,20,0,0,0,24.0,8.0,110.19,0.0,0.0
2012-05-07,21,0,0,0,23.9,7.9,121.87,0.0,0.0
2012-05-07,22,0,0,0,23.8,7.7,131.87,0.0,0.0
2012-05-07,23,0,0,0,23.7,7.5,138.95,0.0,0.0
2012-05-08,0,0,0,0,23.7,7.2,141.45,0.0,0.0
2012-05-08,1,0,0,0,23.6,6.8,138.54,0.0,0.0
2012-05-08,2,0,0,0,23.6,6.3,131.17,0.0,0.0
2012-05-08,3,0,0,0,23.6,6.1,120.99,0.0,0.0
2012-05-08,4,0,0,0,23.6,6.5,109.22,0.0,0.0
2012-05-08,5,0,0,0,23.6,7.1,96.53,0.0,0.0
2012-05-08,6,52,3,52,23.8,7.5,83.16,223600.0,197424.413
2012-05-08,7,190,33,179,24.1,7.6,69.66,817000.0,777482.519
2012-05-08,8,254,18,244,24.3,7.3,55.88,1092200.0,1045461.507
2012-05-08,9,566,235,392,24.5,6.9,41.97,2433800.0,2342481.127
2012-05-08,10,723,314,446,24.7,6.4,28.0,3108900.0,2989261.813
2012-05-08,11,835,361,485,24.8,6.0,14.15,3590500.0,3448251.061
2012-05-08,12,884,408,477,25.0,5.9,3.94,3801200.0,3583333.333
2012-05-08,13,802,311,502,25.1,5.8,15.19,3448600.0,3313221.562
2012-05-08,14,749,521,294,25.0,5.9,29.05,3220700.0,3095991.635
2012-05-08,15,604,340,356,24.9,6.1,43.01,2597200.0,2499388.261
2012-05-08,16,437,472,180,24.7,6.4,56.92,1879100.0,1808100.548
2012-05-08,17,53,0,53,24.4,6.7,70.67,227900.0,201638.684
2012-05-08,18,43,2,43,24.1,6.9,84.12,184900.0,159488.775
2012-05-08,19,0,0,0,23.9,6.9,97.45,0.0,0.0
2012-05-08,20,0,0,0,23.8,6.9,110.06,0.0,0.0
2012-05-08,21,0,0,0,23.8,6.9,121.71,0.0,0.0
2012-05-08,22,0,0,0,23.7,6.8,131.67,0.0,0.0
2012-05-08,23,0,0,0,23.6,6.7,138.71,0.0,0.0
2012-05-09,0,0,0,0,23.5,6.7,141.18,0.0,0.0
2012-05-09,1,0,0,0,23.4,6.6,138.29,0.0,0.0
2012-05-09,2,0,0,0,23.2,6.6,130.95,0.0,0.0
2012-05-09,3,0,0,0,23.1,6.6,120.82,0.0,0.0
2012-05-09,4,0,0,0,23.1,6.8,109.08,0.0,0.0
2012-05-09,5,0,0,0,23.2,7.2,96.41,0.0,0.0
2012-05-09,6,45,1,45,23.4,7.5,83.06,193500.0,167920.036
2012-05-09,7,56,0,56,23.7,7.7,69.57,240800.0,214280.539
2012-05-09,8,535,796,87,24.0,7.7,55.81,2300500.0,2214306.947
2012-05-09,9,121,0,121,24.3,7.7,41.9,520300.0,487834.061
2012-05-09,10,906,900,110,24.5,7.6,27.93,3895800.0,3583333.333
2012-05-09,11,1011,932,107,24.6,7.4,14.06,4347300.0,3583333.333
2012-05-09,12,493,26,467,24.7,7.2,3.68,2119900.0,2040406.51
2012-05-09,13,309,1,308,24.8,7.1,15.12,1328700.0,1275232.741
2012-05-09,14,338,2,336,24.8,7.2,29.0,1453400.0,1396190.112
2012-05-09,15,237,1,236,24.8,7.3,42.97,1019100.0,974343.461
2012-05-09,16,517,799,80,24.7,7.4,56.86,2223100.0,2139812.722
2012-05-09,17,282,654,65,24.5,7.3,70.6,1212600.0,1162496.388
2012-05-09,18,63,297,32,24.2,7.3,84.04,270900.0,243772.605
2012-05-09,19,0,0,0,24.0,7.3,97.35,0.0,0.0
2012-05-09,20,0,0,0,23.9,7.3,109.93,0.0,0.0
2012-05-09,21,0,0,0,23.7,7.3,121.55,0.0,0.0
2012-05-09,22,0,0,0,23.6,7.1,131.47,0.0,0.0
2012-05-09,23,0,0,0,23.4,6.7,138.46,0.0,0.0
2012-05-10,0,0,0,0,23.2,6.4,140.92,0.0,0.0
2012-05-10,1,0,0,0,23.0,6.1,138.04,0.0,0.0
2012-05-10,2,0,0,0,22.8,5.8,130.74,0.0,0.0
2012-05-10,3,0,0,0,22.7,5.5,120.65,0.0,0.0
2012-05-10,4,0,0,0,22.6,5.4,108.93,0.0,0.0
2012-05-10,5,0,0,0,22.7,5.5,96.29,0.0,0.0
2012-05-10,6,74,279,40,23.0,5.8,82.97,318200.0,290101.451
2012-05-10,7,293,608,80,23.4,6.0,69.49,1259900.0,1208440.083
2012-05-10,8,527,765,97,23.7,6.0,55.74,2266100.0,2181204.798
2012-05-10,9,737,842,110,24.0,5.8,41.83,3169100.0,3046745.147
2012-05-10,10,899,884,118,24.3,5.6,27.87,3865700.0,3583333.333
2012-05-10,11,1005,919,114,24.6,5.4,13.98,4321500.0,3583333.333
2012-05-10,12,1036,923,115,24.8,5.2,3.42,4454800.0,3583333.333
2012-05-10,13,998,914,115,25.0,5.2,15.06,4291400.0,3583333.333
2012-05-10,14,884,873,120,25.1,5.2,28.96,3801200.0,3583333.333
2012-05-10,15,716,825,111,25.1,5.5,42.92,3078800.0,2960508.395
2012-05-10,16,505,744,98,24.9,5.8,56.8,2171500.0,2090121.128
2012-05-10,17,273,591,76,24.6,6.0,70.53,1173900.0,1124891.703
2012-05-10,18,61,241,35,24.3,6.0,83.96,262300.0,235347.1
2012-05-10,19,0,0,0,24.0,6.0,97.25,0.0,0.0
2012-05-10,20,0,0,0,23.8,5.8,109.81,0.0,0.0
2012-05-10,21,0,0,0,23.7,5.6,121.39,0.0,0.0
2012-05-10,22,0,0,0,23.6,5.4,131.27,0.0,0.0
2012-05-10,23,0,0,0,23.4,5.2,138.23,0.0,0.0
2012-05-11,0,0,0,0,23.3,5.0,140.67,0.0,0.0
2012-05-11,1,0,0,0,23.3,4.9,137.8,0.0,0.0
2012-05-11,2,0,0,0,23.2,4.8,130.54,0.0,0.0
2012-05-11,3,0,0,0,23.2,4.8,120.48,0.0,0.0
2012-05-11,4,0,0,0,23.2,4.8,108.8,0.0,0.0
2012-05-11,5,0,0,0,23.3,4.9,96.18,0.0,0.0
2012-05-11,6,79,332,37,23.7,5.2,82.88,339700.0,311153.623
2012-05-11,7,300,653,70,24.0,5.4,69.41,1290000.0,1237666.907
2012-05-11,8,534,792,87,24.3,5.4,55.67,2296200.0,2210169.738
2012-05-11,9,743,865,98,24.6,5.4,41.78,3194900.0,3071371.269
2012-05-11,10,908,908,105,24.9,5.3,27.81,3904400.0,3583333.333
2012-05-11,11,1009,925,111,25.2,5.2,13.91,4338700.0,3583333.333
2012-05-11,12,1042,932,112,25.4,5.1,3.17,4480600.0,3583333.333
2012-05-11,13,1004,924,111,25.5,5.0,15.0,4317200.0,3583333.333
2012-05-11,14,890,879,121,25.6,5.0,28.91,3827000.0,3583333.333
2012-05-11,15,721,832,112,25.5,5.0,42.87,3100300.0,2981047.35
2012-05-11,16,511,754,98,25.4,5.0,56.75,2197300.0,2114969.803
2012-05-11,17,277,600,77,25.1,5.1,70.47,1191100.0,1141606.496
2012-05-11,18,63,248,36,24.8,5.1,83.88,270900.0,243772.605
2012-05-11,19,0,0,0,24.5,5.1,97.14,0.0,0.0
2012-05-11,20,0,0,0,24.3,5.1,109.68,0.0,0.0
2012-05-11,21,0,0,0,24.1,5.2,121.23,0.0,0.0
2012-05-11,22,0,0,0,23.9,5.1,131.07,0.0,0.0
2012-05-11,23,0,0,0,23.8,4.9,137.99,0.0,0.0
2012-05-12,0,0,0,0,23.6,4.7,140.42,0.0,0.0
2012-05-12,1,0,0,0,23.5,4.5,137.57,0.0,0.0
2012-05-12,2,0,0,0,23.4,4.3,130.34,0.0,0.0
2012-05-12,3,0,0,0,23.4,4.2,120.32,0.0,0.0
2012-05-12,4,0,0,0,23.3,4.3,108.67,0.0,0.0
2012-05-12,5,0,0,0,23.4,4.4,96.07,0.0,0.0
2012-05-12,6,79,321,39,23.8,4.8,82.79,339700.0,311153.623
2012-05-12,7,300,643,74,24.1,5.1,69.34,1290000.0,1237666.907
2012-05-12,8,535,783,93,24.4,5.1,55.61,2300500.0,2214306.947
2012-05-12,9,744,856,105,24.7,5.0,41.72,3199200.0,3075475.063
2012-05-12,10,909,899,114,25.0,4.8,27.76,3908700.0,3583333.333
2012-05-12,11,1014,926,114,25.3,4.5,13.84,4360200.0,3583333.333
2012-05-12,12,1047,933,115,25.5,4.2,2.93,4502100.0,3583333.333
2012-05-12,13,1008,926,113,25.7,4.0,14.94,4334400.0,3583333.333
2012-05-12,14,902,909,106,25.8,3.9,28.87,3878600.0,3583333.333
2012-05-12,15,732,863,99,25.8,4.1,42.82,3147600.0,3026218.982
2012-05-12,16,519,784,88,25.6,4.5,56.69,2231700.0,2148092.417
2012-05-12,17,283,633,71,25.3,4.7,70.4,1216900.0,1166673.887
2012-05-12,18,66,283,35,24.8,4.7,83.79,283800.0,256409.663
2012-05-12,19,0,0,0,24.5,4.6,97.04,0.0,0.0
2012-05-12,20,0,0,0,24.2,4.4,109.55,0.0,0.0
2012-05-12,21,0,0,0,24.0,4.2,121.07,0.0,0.0
2012-05-12,22,0,0,0,23.7,4.0,130.88,0.0,0.0
2012-05-12,23,0,0,0,23.6,3.7,137.76,0.0,0.0
2012-05-13,0,0,0,0,23.4,3.3,140.17,0.0,0.0
2012-05-13,1,0,0,0,23.3,3.0,137.34,0.0,0.0
2012-05-13,2,0,0,0,23.2,2.7,130.15,0.0,0.0
2012-05-13,3,0,0,0,23.1,2.5,120.16,0.0,0.0
2012-05-13,4,0,0,0,23.0,2.4,108.54,0.0,0.0
2012-05-13,5,0,0,0,23.1,2.6,95.97,0.0,0.0
2012-05-13,6,79,323,38,23.3,2.8,82.7,339700.0,311153.623
2012-05-13,7,147,7,144,23.6,2.9,69.27,632100.0,597066.331
2012-05-13,8,531,781,90,23.9,2.9,55.55,2283300.0,2197757.152
2012-05-13,9,739,855,101,24.3,2.9,41.67,3177700.0,3054954.494
2012-05-13,10,901,895,109,24.6,2.8,27.71,3874300.0,3583333.333
2012-05-13,11,1004,921,110,24.8,2.7,13.78,4317200.0,3583333.333
2012-05-13,12,1034,924,112,25.1,2.6,2.69,4446200.0,3583333.333
2012-05-13,13,995,913,113,25.2,2.6,14.88,4278500.0,3583333.333
2012-05-13,14,889,894,106,25.3,2.5,28.82,3822700.0,3583333.333
2012-05-13,15,723,851,98,25.3,2.6,42.77,3108900.0,2989261.813
2012-05-13,16,512,777,85,25.2,2.7,56.63,2201600.0,2119110.689
2012-05-13,17,281,640,65,25.0,2.7,70.33,1208300.0,1158318.73
2012-05-13,18,44,1,44,24.8,2.6,83.71,189200.0,163704.485
2012-05-13,19,0,0,0,24.5,2.5,96.94,0.0,0.0
2012-05-13,20,0,0,0,24.3,2.4,109.42,0.0,0.0
2012-05-13,21,0,0,0,24.1,2.3,120.91,0.0,0.0
2012-05-13,22,0,0,0,23.9,2.2,130.69,0.0,0.0
2012-05-13,23,0,0,0,23.7,2.0,137.54,0.0,0.0
2012-05-14,0,0,0,0,23.5,2.0,139.93,0.0,0.0
2012-05-14,1,0,0,0,23.4,1.9,137.11,0.0,0.0
2012-05-14,2,0,0,0,23.3,2.0,129.96,0.0,0.0
2012-05-14,3,0,0,0,23.2,2.0,120.01,0.0,0.0
2012-05-14,4,0,0,0,23.1,2.1,108.42,0.0,0.0
2012-05-14,5,0,0,0,23.2,2.1,95.87,0.0,0.0
2012-05-14,6,79,314,39,23.4,2.1,82.62,339700.0,311153.623
2012-05-14,7,295,621,74,23.7,2.1,69.2,1268500.0,1216791.404
2012-05-14,8,525,761,93,24.0,2.0,55.49,2257500.0,2172927.662
2012-05-14,9,730,834,107,24.4,1.9,41.63,3139000.0,3018007.397
2012-05-14,10,892,878,114,24.7,1.7,27.67,3835600.0,3583333.333
2012-05-14,11,997,914,109,25.0,1.4,13.73,4287100.0,3583333.333
2012-05-14,12,1032,922,110,25.2,1.2,2.46,4437600.0,3583333.333
2012-05-14,13,994,918,107,25.4,1.0,14.83,4274200.0,3583333.333
2012-05-14,14,628,194,458,25.5,0.9,28.78,2700400.0,2598368.552
2012-05-14,15,206,0,206,25.5,0.9,42.72,885800.0,844538.66
2012-05-14,16,512,776,85,25.4,1.0,56.58,2201600.0,2119110.689
2012-05-14,17,282,637,66,25.3,1.1,70.26,1212600.0,1162496.388
2012-05-14,18,67,317,32,25.1,1.3,83.63,288100.0,260621.696
2012-05-14,19,0,0,0,24.8,1.3,96.83,0.0,0.0
2012-05-14,20,0,0,0,24.6,1.4,109.3,0.0,0.0
2012-05-14,21,0,0,0,24.4,1.5,120.76,0.0,0.0
2012-05-14,22,0,0,0,24.3,1.8,130.5,0.0,0.0
2012-05-14,23,0,0,0,24.2,2.1,137.31,0.0,0.0
2012-05-15,0,0,0,0,24.0,2.3,139.69,0.0,0.0
2012-05-15,1,0,0,0,23.9,2.3,136.9,0.0,0.0
2012-05-15,2,0,0,0,23.7,2.1,129.78,0.0,0.0
2012-05-15,3,0,0,0,23.7,1.9,119.86,0.0,0.0
2012-05-15,4,0,0,0,23.6,1.8,108.3,0.0,0.0
2012-05-15,5,0,0,0,23.6,1.7,95.77,0.0,0.0
2012-05-15,6,84,377,35,23.9,1.9,82.55,361200.0,332201.797
2012-05-15,7,304,675,63,24.2,2.0,69.14,1307200.0,1254364.432
2012-05-15,8,535,806,78,24.5,1.9,55.44,2300500.0,2214306.947
2012-05-15,9,741,874,88,24.9,1.8,41.59,3186300.0,3063163.201
2012-05-15,10,902,912,94,25.3,1.5,27.64,3878600.0,3583333.333
2012-05-15,11,999,918,107,25.7,1.4,13.68,4295700.0,3583333.333
2012-05-15,12,1032,924,108,26.0,1.4,2.23,4437600.0,3583333.333
2012-05-15,13,996,920,106,26.2,1.6,14.78,4282800.0,3583333.333
2012-05-15,14,891,902,99,26.4,1.9,28.74,3831300.0,3583333.333
2012-05-15,15,725,861,93,26.4,2.3,42.68,3117500.0,2997475.637
2012-05-15,16,516,788,82,26.3,2.6,56.52,2218800.0,2135672.636
2012-05-15,17,285,652,64,26.1,3.2,70.19,1225500.0,1175028.405
2012-05-15,18,69,328,32,25.7,3.8,83.55,296700.0,269045.283
2012-05-15,19,0,0,0,25.3,4.3,96.73,0.0,0.0
2012-05-15,20,0,0,0,25.0,4.7,109.17,0.0,0.0
2012-05-15,21,0,0,0,24.7,5.0,120.6,0.0,0.0
2012-05-15,22,0,0,0,24.5,5.0,130.31,0.0,0.0
2012-05-15,23,0,0,0,24.3,4.8,137.1,0.0,0.0
2012-05-16,0,0,0,0,24.2,4.4,139.46,0.0,0.0
2012-05-16,1,0,0,0,24.0,4.2,136.68,0.0,0.0
2012-05-16,2,0,0,0,24.0,4.0,129.6,0.0,0.0
2012-05-16,3,0,0,0,23.9,4.0,119.72,0.0,0.0
2012-05-16,4,0,0,0,23.9,3.9,108.18,0.0,0.0
2012-05-16,5,0,0,0,24.0,3.9,95.68,0.0,0.0
2012-05-16,6,84,357,38,24.3,4.0,82.47,361200.0,332201.797
2012-05-16,7,303,659,68,24.6,4.0,69.08,1302900.0,1250190.291
2012-05-16,8,535,794,84,24.8,3.9,55.4,2300500.0,2214306.947
2012-05-16,9,740,863,94,25.1,3.6,41.55,3182000.0,3059058.928
2012-05-16,10,900,901,101,25.4,3.4,27.61,3870000.0,3583333.333
2012-05-16,11,998,916,108,25.7,3.1,13.65,4291400.0,3583333.333
2012-05-16,12,374,2,372,26.0,3.0,2.01,1608200.0,1546157.03
2012-05-16,13,990,910,110,26.2,3.0,14.73,4257000.0,3583333.333
2012-05-16,14,883,887,105,26.4,3.2,28.69,3796900.0,3583333.333
2012-05-16,15,719,845,97,26.4,3.5,42.63,3091700.0,2972832.248
2012-05-16,16,512,770,86,26.4,4.0,56.46,2201600.0,2119110.689
2012-05-16,17,282,629,68,26.1,4.7,70.12,1212600.0,1162496.388
2012-05-16,18,69,302,35,25.8,5.6,83.46,296700.0,269045.283
2012-05-16,19,0,0,0,25.5,6.4,96.63,0.0,0.0
2012-05-16,20,0,0,0,25.2,7.1,109.05,0.0,0.0
2012-05-16,21,0,0,0,25.0,7.5,120.45,0.0,0.0
2012-05-16,22,0,0,0,24.8,7.6,130.12,0.0,0.0
2012-05-16,23,0,0,0,24.6,7.5,136.88,0.0,0.0
2012-05-17,0,0,0,0,24.5,7.2,139.24,0.0,0.0
2012-05-17,1,0,0,0,24.4,6.8,136.48,0.0,0.0
2012-05-17,2,0,0,0,24.3,6.5,129.43,0.0,0.0
2012-05-17,3,0,0,0,24.2,6.2,119.58,0.0,0.0
2012-05-17,4,0,0,0,24.1,6.0,108.07,0.0,0.0
2012-05-17,5,0,0,0,24.2,6.0,95.59,0.0,0.0
2012-05-17,6,87,377,37,24.4,6.2,82.41,374100.0,344828.783
2012-05-17,7,309,678,67,24.7,6.4,69.03,1328700.0,1275232.741
2012-05-17,8,543,812,81,24.9,6.5,55.36,2334900.0,2247398.864
2012-05-17,9,751,879,93,25.2,6.6,41.52,3229300.0,3104197.145
2012-05-17,10,912,915,101,25.5,6.8,27.58,3921600.0,3583333.333
2012-05-17,11,490,32,459,25.7,6.8,13.62,2107000.0,2027974.258
2012-05-17,12,1043,935,109,25.8,6.7,1.8,4484900.0,3583333.333
2012-05-17,13,1005,927,108,25.8,6.7,14.69,4321500.0,3583333.333
2012-05-17,14,898,904,105,25.8,6.6,28.65,3861400.0,3583333.333
2012-05-17,15,405,78,348,25.8,6.6,42.58,1741500.0,1675129.173
2012-05-17,16,253,21,241,25.6,6.6,56.4,1087900.0,1041279.372
2012-05-17,17,287,645,67,25.4,6.6,70.05,1234100.0,1183382.284
2012-05-17,18,71,312,35,25.1,6.6,83.38,305300.0,277468.23
2012-05-17,19,0,0,0,24.9,6.6,96.52,0.0,0.0
2012-05-17,20,0,0,0,24.8,6.5,108.92,0.0,0.0
2012-05-17,21,0,0,0,24.8,6.4,120.3,0.0,0.0
2012-05-17,22,0,0,0,24.7,6.3,129.94,0.0,0.0
2012-05-17,23,0,0,0,24.6,6.0,136.67,0.0,0.0
2012-05-18,0,0,0,0,24.5,5.7,139.02,0.0,0.0
2012-05-18,1,0,0,0,24.4,5.5,136.28,0.0,0.0
2012-05-18,2,0,0,0,24.3,5.3,129.26,0.0,0.0
2012-05-18,3,0,0,0,24.3,5.1,119.44,0.0,0.0
2012-05-18,4,0,0,0,24.2,5.1,107.97,0.0,0.0
2012-05-18,5,0,0,0,24.3,5.4,95.51,0.0,0.0
2012-05-18,6,85,334,40,24.6,5.7,82.34,365500.0,336410.953
2012-05-18,7,303,643,73,24.9,6.0,68.98,1302900.0,1250190.291
2012-05-18,8,535,787,88,25.2,6.1,55.32,2300500.0,2214306.947
2012-05-18,9,742,859,98,25.5,6.1,41.49,3190600.0,3067267.315
2012-05-18,10,904,899,107,25.8,6.1,27.56,3887200.0,3583333.333
2012-05-18,11,1006,918,114,26.0,6.0,13.59,4325800.0,3583333.333
2012-05-18,12,1040,923,118,26.2,5.8,1.59,4472000.0,3583333.333
2012-05-18,13,1004,915,118,26.3,5.7,14.64,4317200.0,3583333.333
2012-05-18,14,897,886,119,26.3,5.6,28.61,3857100.0,3583333.333
2012-05-18,15,731,841,111,26.2,5.5,42.53,3143300.0,3022113.27
2012-05-18,16,522,764,99,26.0,5.6,56.34,2244600.0,2160510.759
2012-05-18,17,288,613,78,25.7,5.8,69.98,1238400.0,1187558.984
2012-05-18,18,72,270,40,25.3,6.0,83.29,309600.0,281679.464
2012-05-18,19,0,0,0,24.9,6.2,96.42,0.0,0.0
2012-05-18,20,0,0,0,24.7,6.3,108.8,0.0,0.0
2012-05-18,21,0,0,0,24.5,6.3,120.15,0.0,0.0
2012-05-18,22,0,0,0,24.4,6.1,129.76,0.0,0.0
2012-05-18,23,0,0,0,24.2,6.0,136.47,0.0,0.0
2012-05-19,0,0,0,0,24.1,5.9,138.81,0.0,0.0
2012-05-19,1,0,0,0,24.1,6.0,136.08,0.0,0.0
2012-05-19,2,0,0,0,24.0,5.9,129.1,0.0,0.0
2012-05-19,3,0,0,0,24.0,5.7,119.32,0.0,0.0
2012-05-19,4,0,0,0,24.0,5.6,107.87,0.0,0.0
2012-05-19,5,0,0,0,24.0,5.6,95.43,0.0,0.0
2012-05-19,6,88,356,40,24.3,5.7,82.28,378400.0,349037.459
2012-05-19,7,309,659,72,24.5,5.7,68.93,1328700.0,1275232.741
2012-05-19,8,539,791,89,24.8,5.7,55.28,2317700.0,2230854.185
2012-05-19,9,746,861,101,25.1,5.7,41.46,3207800.0,3083682.171
2012-05-19,10,907,900,109,25.4,5.7,27.54,3900100.0,3583333.333
2012-05-19,11,1008,920,114,25.7,5.7,13.57,4334400.0,3583333.333
2012-05-19,12,1041,927,114,25.9,5.7,1.39,4476300.0,3583333.333
2012-05-19,13,1003,920,113,26.1,5.7,14.6,4312900.0,3583333.333
2012-05-19,14,896,893,111,26.1,5.8,28.56,3852800.0,3583333.333
2012-05-19,15,730,849,104,26.1,6.0,42.48,3139000.0,3018007.397
2012-05-19,16,521,771,92,25.9,6.3,56.28,2240300.0,2156371.471
2012-05-19,17,289,629,73,25.5,6.6,69.91,1242700.0,1191735.523
2012-05-19,18,73,307,37,25.1,6.7,83.21,313900.0,285890.537
2012-05-19,19,0,0,0,24.8,6.8,96.32,0.0,0.0
2012-05-19,20,0,0,0,24.6,6.8,108.68,0.0,0.0
2012-05-19,21,0,0,0,24.4,6.7,120.0,0.0,0.0
2012-05-19,22,0,0,0,24.3,6.5,129.59,0.0,0.0
2012-05-19,23,0,0,0,24.2,6.3,136.27,0.0,0.0
2012-05-20,0,0,0,0,24.1,5.9,138.6,0.0,0.0
2012-05-20,1,0,0,0,23.9,5.6,135.89,0.0,0.0
2012-05-20,2,0,0,0,23.8,5.3,128.94,0.0,0.0
2012-05-20,3,0,0,0,23.8,5.1,119.19,0.0,0.0
2012-05-20,4,0,0,0,23.7,5.0,107.77,0.0,0.0
2012-05-20,5,0,0,0,23.8,5.0,95.36,0.0,0.0
2012-05-20,6,90,394,37,24.1,5.2,82.23,387000.0,357454.331
2012-05-20,7,310,682,65,24.4,5.4,68.89,1333000.0,1279405.923
2012-05-20,8,371,119,303,24.8,5.5,55.25,1595300.0,1533667.701
2012-05-20,9,487,130,390,25.2,5.6,41.44,2094100.0,2015540.567
2012-05-20,10,904,910,97,25.5,5.5,27.53,3887200.0,3583333.333
2012-05-20,11,1002,927,102,25.8,5.4,13.56,4308600.0,3583333.333
2012-05-20,12,1035,931,104,26.1,5.2,1.19,4450500.0,3583333.333
2012-05-20,13,661,180,487,26.3,5.0,14.56,2842300.0,2734316.084
2012-05-20,14,556,136,436,26.4,4.9,28.52,2390800.0,2301151.405
2012-05-20,15,728,860,94,26.4,4.8,42.43,3130400.0,3009795.173
2012-05-20,16,519,783,84,26.2,4.7,56.22,2231700.0,2148092.417
2012-05-20,17,290,646,67,26.0,4.9,69.83,1247000.0,1195911.903
2012-05-20,18,75,325,36,25.6,5.3,83.13,322500.0,294312.205
2012-05-20,19,0,0,0,25.3,5.9,96.22,0.0,0.0
2012-05-20,20,0,0,0,25.1,6.4,108.56,0.0,0.0
2012-05-20,21,0,0,0,24.9,6.8,119.86,0.0,0.0
2012-05-20,22,0,0,0,24.7,7.0,129.42,0.0,0.0
2012-05-20,23,0,0,0,24.6,6.8,136.07,0.0,0.0
2012-05-21,0,0,0,0,24.6,6.6,138.4,0.0,0.0
2012-05-21,1,0,0,0,24.5,6.4,135.71,0.0,0.0
2012-05-21,2,0,0,0,24.5,6.2,128.79,0.0,0.0
2012-05-21,3,0,0,0,24.4,5.9,119.07,0.0,0.0
2012-05-21,4,0,0,0,24.4,5.6,107.68,0.0,0.0
2012-05-21,5,0,0,0,24.5,5.6,95.29,0.0,0.0
2012-05-21,6,89,366,39,24.7,5.7,82.17,382700.0,353245.975
2012-05-21,7,308,659,70,25.0,5.7,68.85,1324400.0,1271059.399
2012-05-21,8,370,115,304,25.3,5.6,55.23,1591000.0,1529504.271
2012-05-21,9,541,193,396,25.6,5.5,41.43,2326300.0,2239126.844
2012-05-21,10,900,889,111,26.0,5.3,27.52,3870000.0,3583333.333
2012-05-21,11,996,895,126,26.3,5.1,13.55,4282800.0,3583333.333
2012-05-21,12,1029,899,130,26.5,4.9,1.01,4424700.0,3583333.333
2012-05-21,13,990,888,131,26.6,4.8,14.52,4257000.0,3583333.333
2012-05-21,14,887,872,120,26.6,4.8,28.48,3814100.0,3583333.333
2012-05-21,15,723,828,111,26.6,5.1,42.38,3108900.0,2989261.813
2012-05-21,16,517,753,97,26.3,5.5,56.16,2223100.0,2139812.722
2012-05-21,17,288,613,76,26.0,6.0,69.76,1238400.0,1187558.984
2012-05-21,18,75,304,38,25.6,6.5,83.04,322500.0,294312.205
2012-05-21,19,0,0,0,25.2,6.9,96.12,0.0,0.0
2012-05-21,20,0,0,0,25.0,7.1,108.44,0.0,0.0
2012-05-21,21,0,0,0,24.8,7.1,119.71,0.0,0.0
2012-05-21,22,0,0,0,24.7,7.1,129.25,0.0,0.0
2012-05-21,23,0,0,0,24.6,6.8,135.88,0.0,0.0
2012-05-22,0,0,0,0,24.5,6.5,138.2,0.0,0.0
2012-05-22,1,0,0,0,24.5,6.2,135.54,0.0,0.0
2012-05-22,2,0,0,0,24.4,6.0,128.65,0.0,0.0
2012-05-22,3,0,0,0,24.4,5.8,118.96,0.0,0.0
2012-05-22,4,0,0,0,24.4,5.8,107.59,0.0,0.0
2012-05-22,5,0,0,0,24.5,6.0,95.22,0.0,0.0
2012-05-22,6,87,320,43,24.7,6.3,82.13,374100.0,344828.783
2012-05-22,7,304,618,80,25.1,6.6,68.82,1307200.0,1254364.432
2012-05-22,8,531,755,100,25.5,6.8,55.2,2283300.0,2197757.152
2012-05-22,9,735,829,114,25.8,7.0,41.41,3160500.0,3038535.161
2012-05-22,10,498,78,428,26.0,7.2,27.51,2141400.0,2061123.732
2012-05-22,11,491,34,457,26.2,7.2,13.55,2111300.0,2032118.502
2012-05-22,12,1025,884,141,26.3,7.2,0.83,4407500.0,3583333.333
2012-05-22,13,987,875,140,26.3,7.3,14.48,4244100.0,3583333.333
2012-05-22,14,884,859,129,26.2,7.5,28.44,3801200.0,3583333.333
2012-05-22,15,722,812,121,26.1,7.7,42.33,3104600.0,2985154.662
2012-05-22,16,516,733,107,25.8,8.0,56.1,2218800.0,2135672.636
2012-05-22,17,288,587,84,25.5,8.3,69.69,1238400.0,1187558.984
2012-05-22,18,74,267,41,25.1,8.7,82.96,318200.0,290101.451
2012-05-22,19,0,0,0,24.9,8.9,96.02,0.0,0.0
2012-05-22,20,0,0,0,24.8,9.0,108.32,0.0,0.0
2012-05-22,21,0,0,0,24.7,9.1,119.57,0.0,0.0
2012-05-22,22,0,0,0,24.7,9.0,129.08,0.0,0.0
2012-05-22,23,0,0,0,24.6,8.8,135.69,0.0,0.0
2012-05-23,0,0,0,0,24.5,8.4,138.01,0.0,0.0
2012-05-23,1,0,0,0,24.4,8.1,135.36,0.0,0.0
2012-05-23,2,0,0,0,24.3,7.9,128.51,0.0,0.0
2012-05-23,3,0,0,0,24.3,7.7,118.85,0.0,0.0
2012-05-23,4,0,0,0,24.2,7.6,107.51,0.0,0.0
2012-05-23,5,0,0,0,24.3,7.6,95.16,0.0,0.0
2012-05-23,6,54,1,54,24.5,7.5,82.08,232200.0,205852.795
2012-05-23,7,306,626,80,24.8,7.5,68.79,1315800.0,1262712.235
2012-05-23,8,536,763,100,25.1,7.5,55.18,2304800.0,2218443.996
2012-05-23,9,202,0,202,25.4,7.5,41.4,868600.0,827778.462
2012-05-23,10,899,874,123,25.7,7.7,27.51,3865700.0,3583333.333
2012-05-23,11,755,250,512,25.9,7.8,13.56,3246500.0,3120606.245
2012-05-23,12,1029,894,135,26.0,8.1,0.67,4424700.0,3583333.333
2012-05-23,13,589,112,481,26.1,8.4,14.44,2532700.0,2437478.814
2012-05-23,14,432,27,409,26.0,8.8,28.39,1857600.0,1787334.563
2012-05-23,15,504,137,402,25.9,9.2,42.28,2167200.0,2085979.122
2012-05-23,16,506,688,122,25.6,9.6,56.04,2175800.0,2094262.973
2012-05-23,17,280,530,95,25.3,9.7,69.62,1204000.0,1154140.911
2012-05-23,18,72,214,46,25.0,9.5,82.88,309600.0,281679.464
2012-05-23,19,0,0,0,24.8,9.2,95.92,0.0,0.0
2012-05-23,20,0,0,0,24.7,8.7,108.2,0.0,0.0
2012-05-23,21,0,0,0,24.7,8.3,119.43,0.0,0.0
2012-05-23,22,0,0,0,24.6,7.8,128.92,0.0,0.0
2012-05-23,23,0,0,0,24.5,7.4,135.51,0.0,0.0
2012-05-24,0,0,0,0,24.5,7.1,137.83,0.0,0.0
2012-05-24,1,0,0,0,24.4,6.9,135.2,0.0,0.0
2012-05-24,2,0,0,0,24.4,6.8,128.38,0.0,0.0
2012-05-24,3,0,0,0,24.4,6.8,118.75,0.0,0.0
2012-05-24,4,0,0,0,24.5,6.8,107.43,0.0,0.0
2012-05-24,5,0,0,0,24.6,7.1,95.1,0.0,0.0
2012-05-24,6,86,294,45,24.8,7.4,82.04,369800.0,340619.948
2012-05-24,7,299,594,84,25.1,7.7,68.76,1285700.0,1233492.126
2012-05-24,8,527,744,102,25.4,7.8,55.17,2266100.0,2181204.798
2012-05-24,9,730,820,115,25.7,7.9,41.4,3139000.0,3018007.397
2012-05-24,10,240,0,239,25.9,7.9,27.52,1032000.0,986897.062
2012-05-24,11,322,1,321,26.1,7.7,13.57,1384600.0,1329471.638
2012-05-24,12,463,14,449,26.1,7.6,0.53,1990900.0,1916019.241
2012-05-24,13,188,0,188,26.1,7.6,14.41,808400.0,769097.624
2012-05-24,14,892,885,112,26.1,7.6,28.35,3835600.0,3583333.333
2012-05-24,15,731,848,103,26.0,7.7,42.22,3143300.0,3022113.27
2012-05-24,16,112,0,112,25.8,7.9,55.98,481600.0,449997.709
2012-05-24,17,297,653,69,25.5,8.0,69.55,1277100.0,1225142.085
2012-05-24,18,81,352,37,25.1,8.2,82.79,348300.0,319573.372
2012-05-24,19,0,0,0,24.8,8.2,95.82,0.0,0.0
2012-05-24,20,0,0,0,24.7,8.3,108.08,0.0,0.0
2012-05-24,21,0,0,0,24.6,8.4,119.3,0.0,0.0
2012-05-24,22,0,0,0,24.5,8.3,128.76,0.0,0.0
2012-05-24,23,0,0,0,24.4,8.2,135.34,0.0,0.0
2012-05-25,0,0,0,0,24.4,8.0,137.65,0.0,0.0
2012-05-25,1,0,0,0,24.3,7.8,135.04,0.0,0.0
2012-05-25,2,0,0,0,24.2,7.6,128.25,0.0,0.0
2012-05-25,3,0,0,0,24.2,7.5,118.65,0.0,0.0
2012-05-25,4,0,0,0,24.2,7.5,107.36,0.0,0.0
2012-05-25,5,0,0,0,24.4,7.7,95.05,0.0,0.0
2012-05-25,6,88,303,46,24.7,7.9,82.0,378400.0,349037.459
2012-05-25,7,306,617,82,25.0,8.1,68.73,1315800.0,1262712.235
2012-05-25,8,536,761,101,25.4,8.1,55.16,2304800.0,2218443.996
2012-05-25,9,739,835,113,25.8,8.1,41.4,3177700.0,3054954.494
2012-05-25,10,899,877,121,26.0,8.1,27.52,3865700.0,3583333.333
2012-05-25,11,1002,909,119,26.3,8.0,13.58,4308600.0,3583333.333
2012-05-25,12,1036,915,121,26.4,7.9,0.42,4454800.0,3583333.333
2012-05-25,13,998,906,120,26.4,8.0,14.37,4291400.0,3583333.333
2012-05-25,14,896,894,109,26.4,8.0,28.31,3852800.0,3583333.333
2012-05-25,15,282,2,280,26.2,8.0,42.17,1212600.0,1162496.388
2012-05-25,16,527,787,86,25.9,8.1,55.92,2266100.0,2181204.798
2012-05-25,17,298,656,68,25.6,8.2,69.48,1281400.0,1229317.185
2012-05-25,18,81,348,37,25.2,8.4,82.71,348300.0,319573.372
2012-05-25,19,0,0,0,24.9,8.5,95.72,0.0,0.0
2012-05-25,20,0,0,0,24.7,8.7,107.97,0.0,0.0
2012-05-25,21,0,0,0,24.6,8.8,119.16,0.0,0.0
2012-05-25,22,0,0,0,24.6,8.9,128.61,0.0,0.0
2012-05-25,23,0,0,0,24.6,8.8,135.16,0.0,0.0
2012-05-26,0,0,0,0,24.5,8.6,137.48,0.0,0.0
2012-05-26,1,0,0,0,24.5,8.4,134.89,0.0,0.0
2012-05-26,2,0,0,0,24.4,8.1,128.13,0.0,0.0
2012-05-26,3,0,0,0,24.4,7.8,118.56,0.0,0.0
2012-05-26,4,0,0,0,24.4,7.5,107.29,0.0,0.0
2012-05-26,5,0,0,0,24.5,7.4,95.0,0.0,0.0
2012-05-26,6,90,340,43,24.7,7.5,81.97,387000.0,357454.331
2012-05-26,7,69,0,69,24.9,7.8,68.71,296700.0,269045.283
2012-05-26,8,134,0,134,25.1,8.1,55.15,576200.0,542463.706
2012-05-26,9,289,3,287,25.4,8.4,41.4,1242700.0,1191735.523
2012-05-26,10,892,863,127,25.7,8.5,27.53,3835600.0,3583333.333
2012-05-26,11,1002,914,114,25.9,8.5,13.6,4308600.0,3583333.333
2012-05-26,12,1037,923,115,26.0,8.5,0.37,4459100.0,3583333.333
2012-05-26,13,1001,918,112,26.1,8.6,14.33,4304300.0,3583333.333
2012-05-26,14,897,896,108,26.0,8.6,28.26,3857100.0,3583333.333
2012-05-26,15,733,855,99,25.8,8.7,42.12,3151900.0,3030324.535
2012-05-26,16,526,784,86,25.5,8.6,55.86,2261800.0,2177066.31
2012-05-26,17,297,651,68,25.2,8.4,69.41,1277100.0,1225142.085
2012-05-26,18,82,346,37,25.0,8.2,82.63,352600.0,323783.007
2012-05-26,19,0,0,0,24.9,8.3,95.63,0.0,0.0
2012-05-26,20,0,0,0,24.8,8.4,107.86,0.0,0.0
2012-05-26,21,0,0,0,24.7,8.5,119.03,0.0,0.0
2012-05-26,22,0,0,0,24.6,8.5,128.45,0.0,0.0
2012-05-26,23,0,0,0,24.5,8.4,135.0,0.0,0.0
2012-05-27,0,0,0,0,24.4,8.2,137.31,0.0,0.0
2012-05-27,1,0,0,0,24.4,8.0,134.74,0.0,0.0
2012-05-27,2,0,0,0,24.3,8.0,128.01,0.0,0.0
2012-05-27,3,0,0,0,24.3,7.9,118.47,0.0,0.0
2012-05-27,4,0,0,0,24.2,7.9,107.23,0.0,0.0
2012-05-27,5,0,0,0,24.3,7.9,94.95,0.0,0.0
2012-05-27,6,91,350,42,24.5,8.1,81.94,391300.0,361662.527
2012-05-27,7,308,648,72,24.7,8.2,68.7,1324400.0,1271059.399
2012-05-27,8,215,3,213,25.0,8.3,55.14,924500.0,882239.753
2012-05-27,9,391,53,351,25.3,8.3,41.4,1681300.0,1616902.715
2012-05-27,10,571,143,444,25.5,8.3,27.54,2455300.0,2363139.993
2012-05-27,11,997,907,116,25.7,8.4,13.62,4287100.0,3583333.333
2012-05-27,12,1031,916,115,25.8,8.6,0.39,4433300.0,3583333.333
2012-05-27,13,995,912,111,25.9,8.8,14.3,4278500.0,3583333.333
2012-05-27,14,891,892,105,25.9,9.0,28.22,3831300.0,3583333.333
2012-05-27,15,727,842,103,25.8,9.3,42.07,3126100.0,3005688.821
2012-05-27,16,313,55,282,25.6,9.5,55.8,1345900.0,1291924.511
2012-05-27,17,290,587,83,25.3,9.6,69.34,1247000.0,1195911.903
2012-05-27,18,78,245,46,25.0,9.6,82.55,335400.0,306943.508
2012-05-27,19,0,0,0,24.8,9.4,95.53,0.0,0.0
2012-05-27,20,0,0,0,24.7,9.1,107.75,0.0,0.0
2012-05-27,21,0,0,0,24.6,8.7,118.9,0.0,0.0
2012-05-27,22,0,0,0,24.5,8.3,128.31,0.0,0.0
2012-05-27,23,0,0,0,24.4,8.0,134.84,0.0,0.0
2012-05-28,0,0,0,0,24.4,7.7,137.15,0.0,0.0
2012-05-28,1,0,0,0,24.3,7.6,134.6,0.0,0.0
2012-05-28,2,0,0,0,24.3,7.6,127.9,0.0,0.0
2012-05-28,3,0,0,0,24.2,7.7,118.39,0.0,0.0
2012-05-28,4,0,0,0,24.2,7.9,107.17,0.0,0.0
2012-05-28,5,0,0,0,24.3,8.2,94.91,0.0,0.0
2012-05-28,6,87,254,51,24.5,8.6,81.92,374100.0,344828.783
2012-05-28,7,301,570,94,24.7,8.9,68.68,1294300.0,1241841.528
2012-05-28,8,417,198,304,25.0,9.0,55.14,1793100.0,1725012.624
2012-05-28,9,616,331,368,25.3,9.0,41.41,2648800.0,2548889.917
2012-05-28,10,898,866,130,25.5,8.9,27.56,3861400.0,3583333.333
2012-05-28,11,727,212,521,25.7,8.6,13.64,3126100.0,3005688.821
2012-05-28,12,1033,896,137,25.9,8.4,0.47,4441900.0,3583333.333
2012-05-28,13,999,899,128,26.0,8.1,14.26,4295700.0,3583333.333
2012-05-28,14,745,358,429,26.0,8.0,28.18,3203500.0,3079578.697
2012-05-28,15,736,840,112,25.9,8.0,42.02,3164800.0,3042640.234
2012-05-28,16,190,1,189,25.7,8.2,55.74,817000.0,777482.519
2012-05-28,17,300,631,77,25.3,8.4,69.26,1290000.0,1237666.907
2012-05-28,18,84,323,42,24.9,8.7,82.47,361200.0,332201.797
2012-05-28,19,0,0,0,24.7,8.9,95.44,0.0,0.0
2012-05-28,20,0,0,0,24.5,9.0,107.64,0.0,0.0
2012-05-28,21,0,0,0,24.5,9.0,118.78,0.0,0.0
2012-05-28,22,0,0,0,24.5,8.9,128.16,0.0,0.0
2012-05-28,23,0,0,0,24.5,8.8,134.68,0.0,0.0
2012-05-29,0,0,0,0,24.3,8.6,137.0,0.0,0.0
2012-05-29,1,0,0,0,24.3,8.4,134.47,0.0,0.0
2012-05-29,2,0,0,0,24.2,8.1,127.8,0.0,0.0
2012-05-29,3,0,0,0,24.3,7.8,118.31,0.0,0.0
2012-05-29,4,0,0,0,24.3,7.5,107.11,0.0,0.0
2012-05-29,5,0,0,0,24.4,7.4,94.88,0.0,0.0
2012-05-29,6,91,324,46,24.5,7.5,81.89,391300.0,361662.527
2012-05-29,7,310,631,81,24.8,7.7,68.67,1333000.0,1279405.923
2012-05-29,8,540,770,100,25.1,7.9,55.14,2322000.0,2234990.594
2012-05-29,9,744,844,111,25.3,8.1,41.42,3199200.0,3075475.063
2012-05-29,10,904,883,121,25.5,8.2,27.58,3887200.0,3583333.333
2012-05-29,11,1005,903,127,25.7,8.3,13.67,4321500.0,3583333.333
2012-05-29,12,734,201,534,25.8,8.3,0.57,3156200.0,3034429.928
2012-05-29,13,999,897,130,25.9,8.4,14.23,4295700.0,3583333.333
2012-05-29,14,889,848,141,25.8,8.5,28.13,3822700.0,3583333.333
2012-05-29,15,546,187,407,25.6,8.6,41.96,2347800.0,2259805.695
2012-05-29,16,360,92,308,25.4,8.7,55.67,1548000.0,1487861.183
2012-05-29,17,277,387,140,25.2,8.6,69.19,1191100.0,1141606.496
2012-05-29,18,57,2,56,24.9,8.5,82.39,245100.0,218494.171
2012-05-29,19,0,0,0,24.7,8.3,95.34,0.0,0.0
2012-05-29,20,0,0,0,24.6,8.2,107.53,0.0,0.0
2012-05-29,21,0,0,0,24.6,8.0,118.66,0.0,0.0
2012-05-29,22,0,0,0,24.5,7.9,128.03,0.0,0.0
2012-05-29,23,0,0,0,24.4,7.6,134.53,0.0,0.0
2012-05-30,0,0,0,0,24.3,7.3,136.85,0.0,0.0
2012-05-30,1,0,0,0,24.2,6.9,134.34,0.0,0.0
2012-05-30,2,0,0,0,24.2,6.6,127.7,0.0,0.0
2012-05-30,3,0,0,0,24.2,6.4,118.24,0.0,0.0
2012-05-30,4,0,0,0,24.2,6.5,107.06,0.0,0.0
2012-05-30,5,0,0,0,24.2,6.8,94.84,0.0,0.0
2012-05-30,6,81,82,70,24.4,7.3,81.88,348300.0,319573.372
2012-05-30,7,116,1,116,24.6,7.6,68.67,498800.0,466815.465
2012-05-30,8,379,230,247,24.9,7.8,55.14,1629700.0,1566969.38
2012-05-30,9,411,61,365,25.1,7.9,41.43,1767300.0,1700073.776
2012-05-30,10,411,42,374,25.3,7.9,27.6,1767300.0,1700073.776
2012-05-30,11,771,273,506,25.5,7.8,13.7,3315300.0,3186217.067
2012-05-30,12,804,401,403,25.6,7.7,0.69,3457200.0,3321410.124
2012-05-30,13,657,240,424,25.6,7.7,14.2,2825100.0,2717846.869
2012-05-30,14,626,287,373,25.6,7.7,28.09,2691800.0,2590123.711
2012-05-30,15,531,340,278,25.4,7.9,41.91,2283300.0,2197757.152
2012-05-30,16,364,107,303,25.2,8.1,55.61,1565200.0,1504520.337
2012-05-30,17,304,660,69,25.0,8.1,69.12,1307200.0,1254364.432
2012-05-30,18,87,370,38,24.7,8.1,82.31,374100.0,344828.783
2012-05-30,19,0,0,0,24.6,8.0,95.25,0.0,0.0
2012-05-30,20,0,0,0,24.5,8.0,107.43,0.0,0.0
2012-05-30,21,0,0,0,24.4,8.0,118.54,0.0,0.0
2012-05-30,22,0,0,0,24.4,7.7,127.89,0.0,0.0
2012-05-30,23,0,0,0,24.3,7.3,134.39,0.0,0.0
2012-05-31,0,0,0,0,24.2,7.1,136.71,0.0,0.0
2012-05-31,1,0,0,0,24.1,7.0,134.22,0.0,0.0
2012-05-31,2,0,0,0,24.0,6.8,127.6,0.0,0.0
2012-05-31,3,0,0,0,23.9,6.5,118.17,0.0,0.0
2012-05-31,4,0,0,0,23.9,6.4,107.01,0.0,0.0
2012-05-31,5,0,0,0,24.0,6.4,94.81,0.0,0.0
2012-05-31,6,94,397,38,24.2,6.7,81.86,404200.0,374286.155
2012-05-31,7,70,0,70,24.4,7.0,68.66,301000.0,273256.836
2012-05-31,8,74,0,74,24.7,7.2,55.15,318200.0,290101.451
2012-05-31,9,141,0,141,25.0,7.3,41.44,606300.0,571868.477
2012-05-31,10,98,0,98,25.2,7.4,27.62,421400.0,391115.422
2012-05-31,11,450,14,436,25.4,7.5,13.74,1935000.0,1862073.405
2012-05-31,12,1029,905,124,25.5,7.6,0.81,4424700.0,3583333.333
2012-05-31,13,992,900,120,25.5,7.6,14.16,4265600.0,3583333.333
2012-05-31,14,894,894,105,25.4,7.6,28.04,3844200.0,3583333.333
2012-05-31,15,732,853,97,25.3,7.7,41.86,3147600.0,3026218.982
2012-05-31,16,528,782,86,25.1,7.8,55.55,2270400.0,2185343.126
2012-05-31,17,301,645,70,24.8,8.0,69.05,1294300.0,1241841.528
2012-05-31,18,86,342,40,24.6,8.1,82.23,369800.0,340619.948
2012-05-31,19,0,0,0,24.4,8.2,95.16,0.0,0.0
2012-05-31,20,0,0,0,24.3,8.4,107.32,0.0,0.0
2012-05-31,21,0,0,0,24.2,8.5,118.42,0.0,0.0
2012-05-31,22,0,0,0,24.2,8.5,127.76,0.0,0.0
2012-05-31,23,0,0,0,24.1,8.3,134.25,0.0,0.0
2012-06-01,0,0,0,0,24.0,8.1,136.58,0.0,0.0
2012-06-01,1,0,0,0,24.0,7.8,134.11,0.0,0.0
2012-06-01,2,0,0,0,23.9,7.6,127.52,0.0,0.0
2012-06-01,3,0,0,0,23.9,7.5,118.11,0.0,0.0
2012-06-01,4,0,0,0,23.9,7.5,106.97,0.0,0.0
2012-06-01,5,0,0,0,24.0,7.7,94.79,0.0,0.0
2012-06-01,6,93,377,40,24.2,8.1,81.85,399900.0,370078.439
2012-06-01,7,312,666,69,24.4,8.3,68.66,1341600.0,1287751.808
2012-06-01,8,539,797,83,24.7,8.4,55.16,2317700.0,2230854.185
2012-06-01,9,742,865,94,24.9,8.5,41.46,3190600.0,3067267.315
2012-06-01,10,903,905,101,25.1,8.5,27.65,3882900.0,3583333.333
2012-06-01,11,292,1,292,25.2,8.4,13.78,1255600.0,1204264.183
2012-06-01,12,575,88,487,25.3,8.4,0.93,2472500.0,2379664.207
2012-06-01,13,996,915,109,25.3,8.3,14.13,4282800.0,3583333.333
2012-06-01,14,606,164,461,25.3,8.4,28.0,2605800.0,2507640.135
2012-06-01,15,731,841,104,25.2,8.4,41.81,3143300.0,3022113.27
2012-06-01,16,463,372,252,25.1,8.5,55.49,1990900.0,1916019.241
2012-06-01,17,70,0,70,24.9,8.5,68.99,301000.0,273256.836
2012-06-01,18,87,327,42,24.7,8.5,82.15,374100.0,344828.783
2012-06-01,19,0,0,0,24.5,8.4,95.07,0.0,0.0
2012-06-01,20,0,0,0,24.5,8.3,107.22,0.0,0.0
2012-06-01,21,0,0,0,24.4,8.2,118.31,0.0,0.0
2012-06-01,22,0,0,0,24.3,8.2,127.64,0.0,0.0
2012-06-01,23,0,0,0,24.1,7.9,134.11,0.0,0.0
2012-06-02,0,0,0,0,24.0,7.7,136.45,0.0,0.0
2012-06-02,1,0,0,0,23.9,7.4,134.0,0.0,0.0
2012-06-02,2,0,0,0,23.9,7.1,127.43,0.0,0.0
2012-06-02,3,0,0,0,23.9,7.0,118.05,0.0,0.0
2012-06-02,4,0,0,0,23.9,6.9,106.94,0.0,0.0
2012-06-02,5,0,0,0,24.1,7.2,94.77,0.0,0.0
2012-06-02,6,4,0,4,24.4,7.6,81.84,17200.0,0.0
2012-06-02,7,53,0,53,24.7,7.9,68.67,227900.0,201638.684
2012-06-02,8,548,811,85,25.0,8.1,55.17,2356400.0,2268076.116
2012-06-02,9,316,5,312,25.3,8.2,41.48,1358800.0,1304441.659
2012-06-02,10,913,910,107,25.5,8.1,27.68,3925900.0,3583333.333
2012-06-02,11,525,53,474,25.6,8.0,13.82,2257500.0,2172927.662
2012-06-02,12,754,219,535,25.7,8.0,1.05,3242200.0,3116504.21
2012-06-02,13,292,1,292,25.8,7.9,14.09,1255600.0,1204264.183
2012-06-02,14,910,911,105,25.7,7.8,27.95,3913000.0,3583333.333
2012-06-02,15,749,873,97,25.5,7.9,41.75,3220700.0,3095991.635
2012-06-02,16,543,806,85,25.2,7.9,55.43,2334900.0,2247398.864
2012-06-02,17,313,681,68,24.9,7.8,68.92,1345900.0,1291924.511
2012-06-02,18,93,396,38,24.7,7.8,82.08,399900.0,370078.439
2012-06-02,19,0,0,0,24.5,7.7,94.99,0.0,0.0
2012-06-02,20,0,0,0,24.4,7.7,107.12,0.0,0.0
2012-06-02,21,0,0,0,24.4,7.6,118.2,0.0,0.0
2012-06-02,22,0,0,0,24.4,7.5,127.51,0.0,0.0
2012-06-02,23,0,0,0,24.3,7.3,133.99,0.0,0.0
2012-06-03,0,0,0,0,24.2,7.1,136.33,0.0,0.0
2012-06-03,1,0,0,0,24.2,7.0,133.9,0.0,0.0
2012-06-03,2,0,0,0,24.0,7.0,127.36,0.0,0.0
2012-06-03,3,0,0,0,23.9,6.8,118.0,0.0,0.0
2012-06-03,4,0,0,0,23.8,6.7,106.9,0.0,0.0
2012-06-03,5,0,0,0,24.0,6.7,94.75,0.0,0.0
2012-06-03,6,93,360,42,24.3,7.0,81.84,399900.0,370078.439
2012-06-03,7,16,0,16,24.6,7.2,68.67,68800.0,45604.161
2012-06-03,8,202,1,201,24.9,7.4,55.18,868600.0,827778.462
2012-06-03,9,64,0,64,25.2,7.6,41.51,275200.0,247985.117
2012-06-03,10,432,23,411,25.4,7.7,27.71,1857600.0,1787334.563
2012-06-03,11,613,151,466,25.6,7.7,13.86,2635900.0,2536516.662
2012-06-03,12,392,2,390,25.6,7.8,1.16,1685600.0,1621062.787
2012-06-03,13,410,5,405,25.6,7.8,14.06,1763000.0,1695916.742
2012-06-03,14,254,0,254,25.6,7.9,27.91,1092200.0,1045461.507
2012-06-03,15,738,848,105,25.4,8.0,41.7,3173400.0,3050849.901
2012-06-03,16,259,19,248,25.2,8.1,55.37,1113700.0,1066369.786
2012-06-03,17,307,647,74,24.9,8.2,68.85,1320100.0,1266885.897
2012-06-03,18,91,354,41,24.6,8.2,82.0,391300.0,361662.527
2012-06-03,19,0,0,0,24.4,8.2,94.9,0.0,0.0
2012-06-03,20,0,0,0,24.3,8.0,107.03,0.0,0.0
2012-06-03,21,0,0,0,24.3,7.7,118.09,0.0,0.0
2012-06-03,22,0,0,0,24.3,7.4,127.4,0.0,0.0
2012-06-03,23,0,0,0,24.3,7.0,133.86,0.0,0.0
2012-06-04,0,0,0,0,24.2,6.6,136.21,0.0,0.0
2012-06-04,1,0,0,0,24.1,6.3,133.8,0.0,0.0
2012-06-04,2,0,0,0,24.0,6.1,127.29,0.0,0.0
2012-06-04,3,0,0,0,24.0,6.0,117.95,0.0,0.0
2012-06-04,4,0,0,0,24.1,6.0,106.88,0.0,0.0
2012-06-04,5,0,0,0,24.2,6.2,94.74,0.0,0.0
2012-06-04,6,92,358,41,24.5,6.6,81.83,395600.0,365870.563
2012-06-04,7,305,639,72,24.9,6.9,68.68,1311500.0,1258538.414
2012-06-04,8,528,770,89,25.2,7.2,55.2,2270400.0,2185343.126
2012-06-04,9,728,837,101,25.5,7.5,41.53,3130400.0,3009795.173
2012-06-04,10,620,181,461,25.7,7.7,27.74,2666000.0,2565385.354
2012-06-04,11,599,145,458,25.8,7.9,13.9,2575700.0,2478755.775
2012-06-04,12,1020,903,117,25.9,7.9,1.27,4386000.0,3583333.333
2012-06-04,13,987,899,115,25.9,7.9,14.02,4244100.0,3583333.333
2012-06-04,14,889,885,106,25.9,7.8,27.86,3822700.0,3583333.333
2012-06-04,15,732,847,99,25.8,7.7,41.64,3147600.0,3026218.982
2012-06-04,16,327,65,290,25.6,7.5,55.31,1406100.0,1350325.558
2012-06-04,17,305,646,72,25.4,7.3,68.78,1311500.0,1258538.414
2012-06-04,18,90,352,41,25.1,7.0,81.93,387000.0,357454.331
2012-06-04,19,0,0,0,24.8,6.7,94.82,0.0,0.0
2012-06-04,20,0,0,0,24.7,6.5,106.94,0.0,0.0
2012-06-04,21,0,0,0,24.5,6.3,117.99,0.0,0.0
2012-06-04,22,0,0,0,24.4,6.1,127.28,0.0,0.0
2012-06-04,23,0,0,0,24.3,6.0,133.75,0.0,0.0
2012-06-05,0,0,0,0,24.2,5.9,136.1,0.0,0.0
2012-06-05,1,0,0,0,24.2,5.9,133.71,0.0,0.0
2012-06-05,2,0,0,0,24.1,5.8,127.23,0.0,0.0
2012-06-05,3,0,0,0,24.1,5.7,117.91,0.0,0.0
2012-06-05,4,0,0,0,24.1,5.7,106.85,0.0,0.0
2012-06-05,5,0,0,0,24.2,5.9,94.73,0.0,0.0
2012-06-05,6,93,372,40,24.5,6.1,81.84,399900.0,370078.439
2012-06-05,7,310,659,70,24.8,6.3,68.69,1333000.0,1279405.923
2012-06-05,8,141,0,141,25.1,6.3,55.22,606300.0,571868.477
2012-06-05,9,213,0,212,25.4,6.5,41.56,915900.0,873862.851
2012-06-05,10,525,121,418,25.7,6.7,27.78,2257500.0,2172927.662
2012-06-05,11,681,187,499,25.8,6.8,13.95,2928300.0,2816623.792
2012-06-05,12,253,0,253,25.9,7.0,1.37,1087900.0,1041279.372
2012-06-05,13,329,1,328,25.9,7.2,13.98,1414700.0,1358666.007
2012-06-05,14,247,0,247,25.9,7.5,27.81,1062100.0,1016183.201
2012-06-05,15,276,2,275,25.8,7.7,41.59,1186800.0,1137428.037
2012-06-05,16,526,748,99,25.6,7.9,55.25,2261800.0,2177066.31
2012-06-05,17,303,623,77,25.3,8.0,68.71,1302900.0,1250190.291
2012-06-05,18,91,342,42,25.1,7.8,81.85,391300.0,361662.527
2012-06-05,19,0,0,0,24.9,7.6,94.73,0.0,0.0
2012-06-05,20,0,0,0,24.9,7.4,106.85,0.0,0.0
2012-06-05,21,0,0,0,24.9,7.3,117.89,0.0,0.0
2012-06-05,22,0,0,0,24.8,7.1,127.18,0.0,0.0
2012-06-05,23,0,0,0,24.7,7.0,133.64,0.0,0.0
2012-06-06,0,0,0,0,24.6,7.0,136.0,0.0,0.0
2012-06-06,1,0,0,0,24.6,6.8,133.63,0.0,0.0
2012-06-06,2,0,0,0,24.5,6.7,127.17,0.0,0.0
2012-06-06,3,0,0,0,24.4,6.6,117.88,0.0,0.0
2012-06-06,4,0,0,0,24.4,6.6,106.83,0.0,0.0
2012-06-06,5,0,0,0,24.5,6.7,94.72,0.0,0.0
2012-06-06,6,92,360,41,24.7,6.9,81.84,395600.0,365870.563
2012-06-06,7,56,0,56,24.9,7.1,68.71,240800.0,214280.539
2012-06-06,8,136,0,136,25.2,7.1,55.24,584800.0,550865.869
2012-06-06,9,366,30,344,25.5,7.1,41.59,1573800.0,1512848.955
2012-06-06,10,475,56,426,25.8,7.0,27.82,2042500.0,1965791.416
2012-06-06,11,432,8,424,26.0,6.9,14.0,1857600.0,1787334.563
2012-06-06,12,1027,896,132,26.2,6.8,1.47,4416100.0,3583333.333
2012-06-06,13,639,154,490,26.2,6.7,13.95,2747700.0,2643703.741
2012-06-06,14,894,875,120,26.3,6.7,27.77,3844200.0,3583333.333
2012-06-06,15,735,830,114,26.2,6.7,41.54,3160500.0,3038535.161
2012-06-06,16,532,755,102,26.1,6.8,55.19,2287600.0,2201894.84
2012-06-06,17,307,619,82,25.8,7.0,68.65,1320100.0,1266885.897
2012-06-06,18,92,322,46,25.4,7.1,81.78,395600.0,365870.563
2012-06-06,19,0,0,0,25.1,7.1,94.65,0.0,0.0
2012-06-06,20,0,0,0,24.9,7.0,106.76,0.0,0.0
2012-06-06,21,0,0,0,24.7,6.8,117.79,0.0,0.0
2012-06-06,22,0,0,0,24.7,6.4,127.07,0.0,0.0
2012-06-06,23,0,0,0,24.6,6.1,133.53,0.0,0.0
2012-06-07,0,0,0,0,24.5,5.9,135.9,0.0,0.0
2012-06-07,1,0,0,0,24.4,5.8,133.56,0.0,0.0
2012-06-07,2,0,0,0,24.4,5.9,127.11,0.0,0.0
2012-06-07,3,0,0,0,24.3,6.0,117.85,0.0,0.0
2012-06-07,4,0,0,0,24.3,6.2,106.82,0.0,0.0
2012-06-07,5,0,0,0,24.4,6.4,94.72,0.0,0.0
2012-06-07,6,93,367,41,24.6,6.8,81.85,399900.0,370078.439
2012-06-07,7,108,1,108,24.9,7.0,68.72,464400.0,433177.396
2012-06-07,8,538,791,87,25.2,7.0,55.27,2313400.0,2226717.615
2012-06-07,9,741,860,98,25.5,6.8,41.62,3186300.0,3063163.201
2012-06-07,10,902,901,105,25.9,6.5,27.86,3878600.0,3583333.333
2012-06-07,11,1002,916,113,26.2,6.1,14.04,4308600.0,3583333.333
2012-06-07,12,1038,923,114,26.5,5.8,1.57,4463400.0,3583333.333
2012-06-07,13,1005,919,113,26.7,5.5,13.91,4321500.0,3583333.333
2012-06-07,14,904,901,107,26.8,5.3,27.72,3887200.0,3583333.333
2012-06-07,15,446,95,375,26.8,5.3,41.48,1917800.0,1845469.25
2012-06-07,16,321,57,288,26.7,5.4,55.13,1380300.0,1325300.375
2012-06-07,17,122,2,121,26.4,5.7,68.58,524600.0,492037.301
2012-06-07,18,94,346,44,26.0,6.1,81.71,404200.0,374286.155
2012-06-07,19,0,0,0,25.6,6.4,94.58,0.0,0.0
2012-06-07,20,0,0,0,25.3,6.7,106.67,0.0,0.0
2012-06-07,21,0,0,0,25.1,6.9,117.7,0.0,0.0
2012-06-07,22,0,0,0,24.9,6.8,126.98,0.0,0.0
2012-06-07,23,0,0,0,24.8,6.7,133.43,0.0,0.0
2012-06-08,0,0,0,0,24.7,6.6,135.81,0.0,0.0
2012-06-08,1,0,0,0,24.5,6.7,133.49,0.0,0.0
2012-06-08,2,0,0,0,24.5,6.7,127.07,0.0,0.0
2012-06-08,3,0,0,0,24.4,6.8,117.82,0.0,0.0
2012-06-08,4,0,0,0,24.4,6.9,106.81,0.0,0.0
2012-06-08,5,0,0,0,24.5,7.0,94.72,0.0,0.0
2012-06-08,6,60,2,60,24.7,7.1,81.86,258000.0,231134.107
2012-06-08,7,102,6,100,25.1,7.2,68.74,438600.0,407942.13
2012-06-08,8,295,82,248,25.4,7.2,55.3,1268500.0,1216791.404
2012-06-08,9,471,112,387,25.8,7.1,41.65,2025300.0,1949203.249
2012-06-08,10,320,1,319,26.1,6.9,27.9,1376000.0,1321128.951
2012-06-08,11,539,75,466,26.3,6.8,14.09,2317700.0,2230854.185
2012-06-08,12,1028,907,122,26.4,6.6,1.65,4420400.0,3583333.333
2012-06-08,13,995,900,122,26.5,6.5,13.87,4278500.0,3583333.333
2012-06-08,14,897,887,112,26.6,6.4,27.67,3857100.0,3583333.333
2012-06-08,15,739,845,105,26.5,6.4,41.43,3177700.0,3054954.494
2012-06-08,16,538,774,94,26.3,6.6,55.07,2313400.0,2226717.615
2012-06-08,17,311,642,76,25.9,6.7,68.52,1337300.0,1283578.946
2012-06-08,18,95,350,44,25.5,6.9,81.64,408500.0,378493.712
2012-06-08,19,0,0,0,25.2,7.0,94.5,0.0,0.0
2012-06-08,20,0,0,0,24.9,7.0,106.59,0.0,0.0
2012-06-08,21,0,0,0,24.8,6.9,117.61,0.0,0.0
2012-06-08,22,0,0,0,24.7,6.8,126.88,0.0,0.0
2012-06-08,23,0,0,0,24.6,6.7,133.34,0.0,0.0
2012-06-09,0,0,0,0,24.5,6.6,135.73,0.0,0.0
2012-06-09,1,0,0,0,24.5,6.5,133.42,0.0,0.0
2012-06-09,2,0,0,0,24.4,6.5,127.03,0.0,0.0
2012-06-09,3,0,0,0,24.4,6.5,117.8,0.0,0.0
2012-06-09,4,0,0,0,24.4,6.5,106.8,0.0,0.0
2012-06-09,5,0,0,0,24.5,6.5,94.73,0.0,0.0
2012-06-09,6,95,388,40,24.7,6.7,81.88,408500.0,378493.712
2012-06-09,7,114,1,113,25.0,6.6,68.77,490200.0,458406.907
2012-06-09,8,315,56,283,25.3,6.4,55.32,1354500.0,1300269.436
2012-06-09,9,742,871,92,25.7,6.2,41.69,3190600.0,3067267.315
2012-06-09,10,901,907,99,26.0,6.0,27.94,3874300.0,3583333.333
2012-06-09,11,687,194,499,26.2,5.9,14.14,2954100.0,2841303.633
2012-06-09,12,515,39,476,26.4,5.8,1.74,2214500.0,2131532.389
2012-06-09,13,570,102,471,26.5,5.9,13.83,2451000.0,2359008.539
2012-06-09,14,903,902,103,26.6,6.1,27.62,3882900.0,3583333.333
2012-06-09,15,744,863,97,26.5,6.4,41.37,3199200.0,3075475.063
2012-06-09,16,181,1,181,26.3,6.6,55.01,778300.0,739745.453
2012-06-09,17,316,667,71,26.0,6.9,68.45,1358800.0,1304441.659
2012-06-09,18,98,384,42,25.6,7.1,81.57,421400.0,391115.422
2012-06-09,19,0,0,0,25.2,7.2,94.43,0.0,0.0
2012-06-09,20,0,0,0,25.0,7.1,106.51,0.0,0.0
2012-06-09,21,0,0,0,24.8,6.9,117.53,0.0,0.0
2012-06-09,22,0,0,0,24.7,6.5,126.79,0.0,0.0
2012-06-09,23,0,0,0,24.6,6.2,133.25,0.0,0.0
2012-06-10,0,0,0,0,24.5,6.0,135.66,0.0,0.0
2012-06-10,1,0,0,0,24.4,5.9,133.37,0.0,0.0
2012-06-10,2,0,0,0,24.3,5.8,126.99,0.0,0.0
2012-06-10,3,0,0,0,24.2,5.8,117.78,0.0,0.0
2012-06-10,4,0,0,0,24.2,5.9,106.8,0.0,0.0
2012-06-10,5,0,0,0,24.4,6.1,94.74,0.0,0.0
2012-06-10,6,93,375,40,24.7,6.4,81.9,399900.0,370078.439
2012-06-10,7,311,664,71,25.0,6.6,68.79,1337300.0,1283578.946
2012-06-10,8,539,793,88,25.3,6.7,55.36,2317700.0,2230854.185
2012-06-10,9,742,861,100,25.6,6.7,41.73,3190600.0,3067267.315
2012-06-10,10,902,900,107,25.8,6.6,27.98,3878600.0,3583333.333
2012-06-10,11,1004,928,105,26.0,6.5,14.2,4317200.0,3583333.333
2012-06-10,12,1038,932,106,26.2,6.4,1.81,4463400.0,3583333.333
2012-06-10,13,1003,924,106,26.3,6.3,13.79,4312900.0,3583333.333
2012-06-10,14,904,911,96,26.3,6.2,27.57,3887200.0,3583333.333
2012-06-10,15,746,873,90,26.2,6.2,41.32,3207800.0,3083682.171
2012-06-10,16,543,805,81,26.1,6.2,54.95,2334900.0,2247398.864
2012-06-10,17,318,685,66,25.8,6.2,68.39,1367400.0,1312785.625
2012-06-10,18,100,411,39,25.4,6.1,81.51,430000.0,399529.096
2012-06-10,19,0,0,0,25.1,6.0,94.35,0.0,0.0
2012-06-10,20,0,0,0,25.0,5.8,106.43,0.0,0.0
2012-06-10,21,0,0,0,24.8,5.5,117.44,0.0,0.0
2012-06-10,22,0,0,0,24.7,5.3,126.71,0.0,0.0
2012-06-10,23,0,0,0,24.6,5.1,133.17,0.0,0.0
2012-06-11,0,0,0,0,24.5,4.9,135.59,0.0,0.0
2012-06-11,1,0,0,0,24.3,4.6,133.32,0.0,0.0
2012-06-11,2,0,0,0,24.3,4.5,126.97,0.0,0.0
2012-06-11,3,0,0,0,24.3,4.5,117.77,0.0,0.0
2012-06-11,4,0,0,0,24.3,4.5,106.8,0.0,0.0
2012-06-11,5,0,0,0,24.5,4.8,94.75,0.0,0.0
2012-06-11,6,94,409,36,24.7,5.1,81.92,404200.0,374286.155
2012-06-11,7,310,683,63,25.1,5.2,68.82,1333000.0,1279405.923
2012-06-11,8,534,806,76,25.4,5.3,55.39,2296200.0,2210169.738
2012-06-11,9,735,870,86,25.7,5.2,41.77,3160500.0,3038535.161
2012-06-11,10,894,906,94,26.1,5.1,28.03,3844200.0,3583333.333
2012-06-11,11,993,918,103,26.4,5.0,14.25,4269900.0,3583333.333
2012-06-11,12,1028,923,105,26.6,4.9,1.88,4420400.0,3583333.333
2012-06-11,13,993,915,105,26.8,4.7,13.75,4269900.0,3583333.333
2012-06-11,14,897,908,92,26.8,4.6,27.52,3857100.0,3583333.333
2012-06-11,15,741,873,85,26.8,4.6,41.27,3186300.0,3063163.201
2012-06-11,16,540,808,76,26.6,4.7,54.89,2322000.0,2234990.594
2012-06-11,17,317,689,62,26.3,5.0,68.33,1363100.0,1308613.722
2012-06-11,18,100,420,38,25.9,5.2,81.44,430000.0,399529.096
2012-06-11,19,0,0,0,25.6,5.5,94.28,0.0,0.0
2012-06-11,20,0,0,0,25.3,5.7,106.36,0.0,0.0
2012-06-11,21,0,0,0,25.1,5.8,117.37,0.0,0.0
2012-06-11,22,0,0,0,25.0,5.8,126.63,0.0,0.0
2012-06-11,23,0,0,0,24.9,5.6,133.1,0.0,0.0
2012-06-12,0,0,0,0,24.8,5.3,135.52,0.0,0.0
2012-06-12,1,0,0,0,24.6,5.0,133.27,0.0,0.0
2012-06-12,2,0,0,0,24.5,4.8,126.94,0.0,0.0
2012-06-12,3,0,0,0,24.3,4.6,117.77,0.0,0.0
2012-06-12,4,0,0,0,24.3,4.5,106.81,0.0,0.0
2012-06-12,5,0,0,0,24.3,4.5,94.77,0.0,0.0
2012-06-12,6,95,427,35,24.5,4.5,81.94,408500.0,378493.712
2012-06-12,7,311,698,59,24.8,4.5,68.85,1337300.0,1283578.946
2012-06-12,8,425,279,266,25.1,4.4,55.43,1827500.0,1758255.468
2012-06-12,9,551,387,263,25.4,4.3,41.81,2369300.0,2280480.548
2012-06-12,10,742,562,246,25.8,4.2,28.07,3190600.0,3067267.315
2012-06-12,11,807,363,455,26.1,4.0,14.3,3470100.0,3333691.769
2012-06-12,12,1030,932,98,26.4,3.8,1.95,4429000.0,3583333.333
2012-06-12,13,998,928,96,26.6,3.5,13.71,4291400.0,3583333.333
2012-06-12,14,895,894,101,26.7,3.2,27.47,3848500.0,3583333.333
2012-06-12,15,736,850,97,26.7,2.9,41.21,3164800.0,3042640.234
2012-06-12,16,533,767,91,26.6,2.8,54.84,2291900.0,2206032.369
2012-06-12,17,306,610,81,26.4,2.7,68.27,1315800.0,1262712.235
2012-06-12,18,93,303,48,26.1,2.7,81.38,399900.0,370078.439
2012-06-12,19,0,0,0,25.8,2.8,94.22,0.0,0.0
2012-06-12,20,0,0,0,25.7,2.9,106.29,0.0,0.0
2012-06-12,21,0,0,0,25.5,3.0,117.29,0.0,0.0
2012-06-12,22,0,0,0,25.3,3.1,126.56,0.0,0.0
2012-06-12,23,0,0,0,25.1,3.1,133.03,0.0,0.0
2012-06-13,0,0,0,0,24.9,3.0,135.47,0.0,0.0
2012-06-13,1,0,0,0,24.8,2.9,133.24,0.0,0.0
2012-06-13,2,0,0,0,24.7,2.7,126.93,0.0,0.0
2012-06-13,3,0,0,0,24.6,2.5,117.76,0.0,0.0
2012-06-13,4,0,0,0,24.6,2.1,106.82,0.0,0.0
2012-06-13,5,0,0,0,24.6,2.0,94.79,0.0,0.0
2012-06-13,6,87,328,42,24.8,1.9,81.97,374100.0,344828.783
2012-06-13,7,298,622,74,25.0,1.9,68.88,1281400.0,1229317.185
2012-06-13,8,521,758,91,25.3,1.8,55.46,2240300.0,2156371.471
2012-06-13,9,720,827,104,25.6,1.8,41.85,3096000.0,2976939.879
2012-06-13,10,394,12,383,26.0,1.8,28.12,1694200.0,1629382.451
2012-06-13,11,361,2,359,26.4,1.9,14.35,1552300.0,1492026.212
2012-06-13,12,450,12,438,26.6,2.0,2.01,1935000.0,1862073.405
2012-06-13,13,987,904,108,26.7,2.0,13.66,4244100.0,3583333.333
2012-06-13,14,889,880,108,26.8,1.9,27.42,3822700.0,3583333.333
2012-06-13,15,734,843,99,26.8,1.9,41.16,3156200.0,3034429.928
2012-06-13,16,535,775,88,26.7,1.9,54.78,2300500.0,2214306.947
2012-06-13,17,313,649,72,26.6,1.9,68.21,1345900.0,1291924.511
2012-06-13,18,99,375,42,26.4,2.0,81.32,425700.0,395322.339
2012-06-13,19,0,0,0,26.2,2.0,94.15,0.0,0.0
2012-06-13,20,0,0,0,26.0,2.0,106.22,0.0,0.0
2012-06-13,21,0,0,0,25.8,2.1,117.23,0.0,0.0
2012-06-13,22,0,0,0,25.6,2.1,126.49,0.0,0.0
2012-06-13,23,0,0,0,25.4,2.2,132.97,0.0,0.0
2012-06-14,0,0,0,0,25.3,2.3,135.42,0.0,0.0
2012-06-14,1,0,0,0,25.1,2.4,133.21,0.0,0.0
2012-06-14,2,0,0,0,25.0,2.4,126.92,0.0,0.0
2012-06-14,3,0,0,0,25.0,2.2,117.77,0.0,0.0
2012-06-14,4,0,0,0,25.0,2.3,106.84,0.0,0.0
2012-06-14,5,0,0,0,25.0,2.7,94.81,0.0,0.0
2012-06-14,6,89,344,41,25.2,3.3,82.0,382700.0,353245.975
2012-06-14,7,130,3,129,25.4,3.9,68.92,559000.0,525657.462
2012-06-14,8,528,783,84,25.7,4.2,55.5,2270400.0,2185343.126
2012-06-14,9,730,853,94,26.1,4.2,41.89,3139000.0,3018007.397
2012-06-14,10,888,894,100,26.4,4.0,28.16,3818400.0,3583333.333
2012-06-14,11,992,919,102,26.8,3.6,14.41,4265600.0,3583333.333
2012-06-14,12,1027,923,105,27.0,3.1,2.06,4416100.0,3583333.333
2012-06-14,13,995,915,105,27.2,2.8,13.62,4278500.0,3583333.333
2012-06-14,14,898,900,99,27.3,2.7,27.37,3861400.0,3583333.333
2012-06-14,15,742,861,94,27.3,2.9,41.11,3190600.0,3067267.315
2012-06-14,16,542,791,85,27.1,3.2,54.72,2330600.0,2243262.934
2012-06-14,17,318,663,71,26.8,3.6,68.15,1367400.0,1312785.625
2012-06-14,18,91,122,72,26.4,3.8,81.26,391300.0,361662.527
2012-06-14,19,0,0,0,26.0,3.9,94.09,0.0,0.0
2012-06-14,20,0,0,0,25.7,3.8,106.16,0.0,0.0
2012-06-14,21,0,0,0,25.6,3.5,117.16,0.0,0.0
2012-06-14,22,0,0,0,25.5,3.4,126.43,0.0,0.0
2012-06-14,23,0,0,0,25.4,3.5,132.91,0.0,0.0
2012-06-15,0,0,0,0,25.3,3.6,135.38,0.0,0.0
2012-06-15,1,0,0,0,25.2,3.7,133.19,0.0,0.0
2012-06-15,2,0,0,0,25.1,3.9,126.91,0.0,0.0
2012-06-15,3,0,0,0,25.0,4.0,117.78,0.0,0.0
2012-06-15,4,0,0,0,24.9,4.1,106.86,0.0,0.0
2012-06-15,5,0,0,0,25.0,4.3,94.84,0.0,0.0
2012-06-15,6,90,360,40,25.2,4.5,82.03,387000.0,357454.331
2012-06-15,7,304,650,71,25.4,4.5,68.96,1307200.0,1254364.432
2012-06-15,8,289,40,266,25.5,4.5,55.54,1242700.0,1191735.523
2012-06-15,9,491,131,393,25.8,4.7,41.94,2111300.0,2032118.502
2012-06-15,10,625,183,464,26.1,5.0,28.21,2687500.0,2586001.052
2012-06-15,11,811,359,464,26.4,5.1,14.46,3487300.0,3350065.056
2012-06-15,12,753,360,394,26.6,5.2,2.11,3237900.0,3112402.015
2012-06-15,13,782,297,493,26.7,5.3,13.57,3362600.0,3231300.765
2012-06-15,14,595,231,390,26.7,5.4,27.32,2558500.0,2462246.909
2012-06-15,15,416,85,352,26.6,5.5,41.05,1788800.0,1720856.549
2012-06-15,16,232,6,229,26.5,5.6,54.67,997600.0,953417.595
2012-06-15,17,194,29,183,26.2,5.7,68.09,834200.0,794250.391
2012-06-15,18,19,0,19,25.9,5.8,81.2,81700.0,58263.763
2012-06-15,19,0,0,0,25.6,6.0,94.03,0.0,0.0
2012-06-15,20,0,0,0,25.4,6.0,106.1,0.0,0.0
2012-06-15,21,0,0,0,25.2,6.1,117.1,0.0,0.0
2012-06-15,22,0,0,0,25.1,6.2,126.37,0.0,0.0
2012-06-15,23,0,0,0,24.9,6.1,132.86,0.0,0.0
2012-06-16,0,0,0,0,24.8,6.0,135.34,0.0,0.0
2012-06-16,1,0,0,0,24.7,5.9,133.17,0.0,0.0
2012-06-16,2,0,0,0,24.7,5.8,126.91,0.0,0.0
2012-06-16,3,0,0,0,24.7,5.8,117.79,0.0,0.0
2012-06-16,4,0,0,0,24.7,5.8,106.88,0.0,0.0
2012-06-16,5,0,0,0,24.8,6.1,94.87,0.0,0.0
2012-06-16,6,92,387,39,25.0,6.4,82.07,395600.0,365870.563
2012-06-16,7,310,673,68,25.3,6.5,69.0,1333000.0,1279405.923
2012-06-16,8,538,803,84,25.6,6.6,55.59,2313400.0,2226717.615
2012-06-16,9,740,869,94,25.9,6.6,41.98,3182000.0,3059058.928
2012-06-16,10,899,907,100,26.1,6.7,28.26,3865700.0,3583333.333
2012-06-16,11,993,899,122,26.4,6.7,14.51,4269900.0,3583333.333
2012-06-16,12,1024,896,129,26.5,6.7,2.15,4403200.0,3583333.333
2012-06-16,13,986,878,132,26.6,6.8,13.53,4239800.0,3583333.333
2012-06-16,14,273,1,272,26.5,7.0,27.27,1173900.0,1124891.703
2012-06-16,15,517,153,401,26.4,7.3,41.0,2223100.0,2139812.722
2012-06-16,16,178,1,178,26.2,7.6,54.61,765400.0,727163.553
2012-06-16,17,307,586,88,25.9,7.9,68.04,1320100.0,1266885.897
2012-06-16,18,74,10,73,25.6,8.2,81.14,318200.0,290101.451
2012-06-16,19,0,0,0,25.4,8.3,93.97,0.0,0.0
2012-06-16,20,0,0,0,25.3,8.5,106.04,0.0,0.0
2012-06-16,21,0,0,0,25.3,8.5,117.04,0.0,0.0
2012-06-16,22,0,0,0,25.2,8.5,126.32,0.0,0.0
2012-06-16,23,0,0,0,25.2,8.4,132.82,0.0,0.0
2012-06-17,0,0,0,0,25.2,8.2,135.31,0.0,0.0
2012-06-17,1,0,0,0,25.2,8.0,133.16,0.0,0.0
2012-06-17,2,0,0,0,25.3,7.8,126.92,0.0,0.0
2012-06-17,3,0,0,0,25.3,7.5,117.81,0.0,0.0
2012-06-17,4,0,0,0,25.3,7.1,106.91,0.0,0.0
2012-06-17,5,0,0,0,25.3,7.0,94.9,0.0,0.0
2012-06-17,6,58,10,57,25.3,7.1,82.1,249400.0,222707.643
2012-06-17,7,95,7,93,25.4,7.2,69.04,408500.0,378493.712
2012-06-17,8,284,38,262,25.5,7.2,55.63,1221200.0,1170851.226
2012-06-17,9,570,257,379,25.6,7.3,42.03,2451000.0,2359008.539
2012-06-17,10,723,330,433,25.8,7.4,28.31,3108900.0,2989261.813
2012-06-17,11,591,131,464,26.0,7.5,14.56,2541300.0,2445735.485
2012-06-17,12,539,11,528,26.1,7.7,2.18,2317700.0,2230854.185
2012-06-17,13,801,307,503,26.1,8.1,13.48,3444300.0,3309127.041
2012-06-17,14,575,131,459,26.1,8.5,27.22,2472500.0,2379664.207
2012-06-17,15,417,73,362,26.0,8.8,40.95,1793100.0,1725012.624
2012-06-17,16,220,20,208,25.8,9.0,54.56,946000.0,903179.209
2012-06-17,17,166,29,155,25.6,9.1,67.98,713800.0,676821.565
2012-06-17,18,57,8,56,25.3,9.2,81.09,245100.0,218494.171
2012-06-17,19,0,0,0,25.1,9.3,93.92,0.0,0.0
2012-06-17,20,0,0,0,24.9,9.5,105.98,0.0,0.0
2012-06-17,21,0,0,0,24.8,9.6,116.99,0.0,0.0
2012-06-17,22,0,0,0,24.7,9.4,126.27,0.0,0.0
2012-06-17,23,0,0,0,24.6,9.1,132.78,0.0,0.0
2012-06-18,0,0,0,0,24.5,8.8,135.29,0.0,0.0
2012-06-18,1,0,0,0,24.5,8.6,133.16,0.0,0.0
2012-06-18,2,0,0,0,24.4,8.4,126.93,0.0,0.0
2012-06-18,3,0,0,0,24.4,8.5,117.83,0.0,0.0
2012-06-18,4,0,0,0,24.4,8.7,106.94,0.0,0.0
2012-06-18,5,0,0,0,24.5,8.9,94.94,0.0,0.0
2012-06-18,6,56,5,55,24.7,9.2,82.14,240800.0,214280.539
2012-06-18,7,221,123,177,25.0,9.4,69.08,950300.0,907366.62
2012-06-18,8,287,63,251,25.3,9.5,55.68,1234100.0,1183382.284
2012-06-18,9,498,119,410,25.6,9.4,42.08,2141400.0,2061123.732
2012-06-18,10,590,190,422,25.8,9.3,28.36,2537000.0,2441607.229
2012-06-18,11,574,94,483,25.9,9.2,14.61,2468200.0,2375533.393
2012-06-18,12,764,186,578,26.0,9.1,2.21,3285200.0,3157517.369
2012-06-18,13,663,269,401,25.9,9.0,13.43,2850900.0,2742549.733
2012-06-18,14,654,258,424,25.8,9.0,27.17,2812200.0,2705493.278
2012-06-18,15,460,144,351,25.6,8.9,40.9,1978000.0,1903572.6
2012-06-18,16,305,89,253,25.4,8.9,54.51,1311500.0,1258538.414
2012-06-18,17,243,108,203,25.1,8.9,67.93,1044900.0,999449.224
2012-06-18,18,57,1,57,24.9,8.8,81.03,245100.0,218494.171
2012-06-18,19,0,0,0,24.7,8.7,93.86,0.0,0.0
2012-06-18,20,0,0,0,24.5,8.7,105.93,0.0,0.0
2012-06-18,21,0,0,0,24.5,8.7,116.94,0.0,0.0
2012-06-18,22,0,0,0,24.4,8.7,126.23,0.0,0.0
2012-06-18,23,0,0,0,24.4,8.6,132.75,0.0,0.0
2012-06-19,0,0,0,0,24.4,8.6,135.28,0.0,0.0
2012-06-19,1,0,0,0,24.4,8.5,133.16,0.0,0.0
2012-06-19,2,0,0,0,24.4,8.1,126.95,0.0,0.0
2012-06-19,3,0,0,0,24.5,7.6,117.86,0.0,0.0
2012-06-19,4,0,0,0,24.5,7.2,106.97,0.0,0.0
2012-06-19,5,0,0,0,24.5,7.0,94.98,0.0,0.0
2012-06-19,6,86,340,40,24.7,6.9,82.19,369800.0,340619.948
2012-06-19,7,295,631,71,24.9,6.8,69.13,1268500.0,1216791.404
2012-06-19,8,209,3,208,25.1,6.6,55.73,898700.0,857107.13
2012-06-19,9,211,0,210,25.3,6.5,42.13,907300.0,865485.31
2012-06-19,10,275,1,274,25.5,6.4,28.41,1182500.0,1133249.419
2012-06-19,11,520,73,449,25.8,6.4,14.67,2236000.0,2152232.024
2012-06-19,12,1013,915,98,25.9,6.4,2.24,4355900.0,3583333.333
2012-06-19,13,983,912,96,25.9,6.5,13.38,4226900.0,3583333.333
2012-06-19,14,888,895,91,25.9,6.7,27.12,3818400.0,3583333.333
2012-06-19,15,735,853,89,25.8,7.0,40.84,3160500.0,3038535.161
2012-06-19,16,535,770,87,25.6,7.3,54.46,2300500.0,2214306.947
2012-06-19,17,313,626,77,25.5,7.4,67.88,1345900.0,1291924.511
2012-06-19,18,100,328,48,25.2,7.6,80.98,430000.0,399529.096
2012-06-19,19,0,0,0,25.0,7.6,93.81,0.0,0.0
2012-06-19,20,0,0,0,24.9,7.6,105.89,0.0,0.0
2012-06-19,21,0,0,0,24.8,7.5,116.9,0.0,0.0
2012-06-19,22,0,0,0,24.8,7.3,126.19,0.0,0.0
2012-06-19,23,0,0,0,24.7,7.1,132.73,0.0,0.0
2012-06-20,0,0,0,0,24.7,6.9,135.27,0.0,0.0
2012-06-20,1,0,0,0,24.6,6.7,133.17,0.0,0.0
2012-06-20,2,0,0,0,24.6,6.5,126.97,0.0,0.0
2012-06-20,3,0,0,0,24.6,6.3,117.9,0.0,0.0
2012-06-20,4,0,0,0,24.6,6.3,107.01,0.0,0.0
2012-06-20,5,0,0,0,24.6,6.5,95.02,0.0,0.0
2012-06-20,6,82,283,44,24.7,6.8,82.23,352600.0,323783.007
2012-06-20,7,288,584,81,24.9,7.0,69.17,1238400.0,1187558.984
2012-06-20,8,379,149,295,25.1,7.0,55.77,1629700.0,1566969.38
2012-06-20,9,529,193,386,25.3,7.1,42.18,2274700.0,2189481.295
2012-06-20,10,674,258,446,25.5,7.1,28.46,2898200.0,2787823.369
2012-06-20,11,672,182,496,25.6,7.1,14.72,2889600.0,2779593.238
2012-06-20,12,869,431,439,25.8,7.0,2.26,3736700.0,3583333.333
2012-06-20,13,977,872,129,25.8,7.0,13.33,4201100.0,3583333.333
2012-06-20,14,885,864,115,25.8,7.1,27.07,3805500.0,3583333.333
2012-06-20,15,732,823,108,25.7,7.1,40.79,3147600.0,3026218.982
2012-06-20,16,534,752,97,25.6,7.2,54.41,2296200.0,2210169.738
2012-06-20,17,314,625,78,25.4,7.2,67.83,1350200.0,1296097.053
2012-06-20,18,102,352,46,25.2,7.1,80.94,438600.0,407942.13
2012-06-20,19,0,0,0,25.0,6.9,93.77,0.0,0.0
2012-06-20,20,0,0,0,25.0,6.8,105.84,0.0,0.0
2012-06-20,21,0,0,0,24.9,6.6,116.86,0.0,0.0
2012-06-20,22,0,0,0,24.9,6.4,126.16,0.0,0.0
2012-06-20,23,0,0,0,24.8,6.2,132.71,0.0,0.0
2012-06-21,0,0,0,0,24.6,6.0,135.27,0.0,0.0
2012-06-21,1,0,0,0,24.5,5.9,133.18,0.0,0.0
2012-06-21,2,0,0,0,24.4,5.9,127.0,0.0,0.0
2012-06-21,3,0,0,0,24.4,6.0,117.93,0.0,0.0
2012-06-21,4,0,0,0,24.3,6.1,107.06,0.0,0.0
2012-06-21,5,0,0,0,24.4,6.4,95.07,0.0,0.0
2012-06-21,6,86,362,38,24.6,6.7,82.28,369800.0,340619.948
2012-06-21,7,298,651,66,24.9,6.8,69.22,1281400.0,1229317.185
2012-06-21,8,521,779,83,25.2,6.7,55.82,2240300.0,2156371.471
2012-06-21,9,721,847,94,25.5,6.5,42.23,3100300.0,2981047.35
2012-06-21,10,880,886,102,25.8,6.2,28.51,3784000.0,3583333.333
2012-06-21,11,983,909,105,26.0,6.0,14.77,4226900.0,3583333.333
2012-06-21,12,1023,918,105,26.1,5.9,2.27,4398900.0,3583333.333
2012-06-21,13,993,914,104,26.2,5.9,13.28,4269900.0,3583333.333
2012-06-21,14,896,892,102,26.1,5.9,27.02,3852800.0,3583333.333
2012-06-21,15,743,856,95,26.0,6.0,40.74,3194900.0,3071371.269
2012-06-21,16,545,791,84,25.8,6.1,54.36,2343500.0,2255670.244
2012-06-21,17,323,671,69,25.6,6.1,67.78,1388900.0,1333642.742
2012-06-21,18,107,410,42,25.3,6.1,80.89,460100.0,428971.918
2012-06-21,19,0,0,0,25.1,6.1,93.73,0.0,0.0
2012-06-21,20,0,0,0,24.9,6.0,105.8,0.0,0.0
2012-06-21,21,0,0,0,24.9,5.8,116.83,0.0,0.0
2012-06-21,22,0,0,0,24.8,5.6,126.14,0.0,0.0
2012-06-21,23,0,0,0,24.8,5.4,132.7,0.0,0.0
2012-06-22,0,0,0,0,24.7,5.2,135.28,0.0,0.0
2012-06-22,1,0,0,0,24.6,5.1,133.21,0.0,0.0
2012-06-22,2,0,0,0,24.5,5.0,127.03,0.0,0.0
2012-06-22,3,0,0,0,24.5,4.9,117.97,0.0,0.0
2012-06-22,4,0,0,0,24.5,4.9,107.1,0.0,0.0
2012-06-22,5,0,0,0,24.6,5.2,95.12,0.0,0.0
2012-06-22,6,87,385,36,24.8,5.5,82.33,374100.0,344828.783
2012-06-22,7,73,0,73,25.1,5.8,69.27,313900.0,285890.537
2012-06-22,8,248,19,237,25.4,6.0,55.87,1066400.0,1020366.296
2012-06-22,9,443,101,368,25.7,6.0,42.28,1904900.0,1833014.455
2012-06-22,10,887,903,94,26.0,6.1,28.56,3814100.0,3583333.333
2012-06-22,11,992,929,94,26.2,6.1,14.81,4265600.0,3583333.333
2012-06-22,12,1029,933,97,26.3,6.1,2.28,4424700.0,3583333.333
2012-06-22,13,1000,928,97,26.4,6.2,13.23,4300000.0,3583333.333
2012-06-22,14,904,909,94,26.4,6.4,26.97,3887200.0,3583333.333
2012-06-22,15,750,871,90,26.3,6.6,40.7,3225000.0,3100094.47
2012-06-22,16,551,806,81,26.1,6.8,54.31,2369300.0,2280480.548
2012-06-22,17,327,687,67,25.8,6.9,67.74,1406100.0,1350325.558
2012-06-22,18,109,428,41,25.5,6.8,80.85,468700.0,437382.714
2012-06-22,19,0,0,0,25.3,6.7,93.69,0.0,0.0
2012-06-22,20,0,0,0,25.2,6.5,105.77,0.0,0.0
2012-06-22,21,0,0,0,25.1,6.2,116.8,0.0,0.0
2012-06-22,22,0,0,0,25.0,6.0,126.12,0.0,0.0
2012-06-22,23,0,0,0,24.9,5.9,132.69,0.0,0.0
2012-06-23,0,0,0,0,24.8,5.9,135.29,0.0,0.0
2012-06-23,1,0,0,0,24.7,6.0,133.24,0.0,0.0
2012-06-23,2,0,0,0,24.6,6.2,127.07,0.0,0.0
2012-06-23,3,0,0,0,24.6,6.5,118.02,0.0,0.0
2012-06-23,4,0,0,0,24.6,6.7,107.15,0.0,0.0
2012-06-23,5,0,0,0,24.6,6.9,95.17,0.0,0.0
2012-06-23,6,84,338,39,24.7,7.2,82.38,361200.0,332201.797
2012-06-23,7,294,635,70,25.0,7.3,69.32,1264200.0,1212615.823
2012-06-23,8,517,767,87,25.3,7.4,55.93,2223100.0,2139812.722
2012-06-23,9,719,840,98,25.5,7.4,42.33,3091700.0,2972832.248
2012-06-23,10,879,882,105,25.7,7.4,28.61,3779700.0,3583333.333
2012-06-23,11,980,896,115,25.8,7.5,14.86,4214000.0,3583333.333
2012-06-23,12,1020,904,117,25.9,7.6,2.28,4386000.0,3583333.333
2012-06-23,13,992,901,115,25.9,7.9,13.18,4265600.0,3583333.333
2012-06-23,14,900,893,104,25.8,8.2,26.92,3870000.0,3583333.333
2012-06-23,15,748,858,97,25.6,8.5,40.65,3216400.0,3091888.64
2012-06-23,16,552,797,87,25.4,8.7,54.27,2373600.0,2284615.039
2012-06-23,17,328,678,71,25.1,8.8,67.7,1410400.0,1354495.862
2012-06-23,18,110,418,44,24.8,8.7,80.81,473000.0,441587.873
2012-06-23,19,0,0,0,24.7,8.6,93.65,0.0,0.0
2012-06-23,20,0,0,0,24.6,8.4,105.74,0.0,0.0
2012-06-23,21,0,0,0,24.6,8.2,116.78,0.0,0.0
2012-06-23,22,0,0,0,24.5,7.9,126.11,0.0,0.0
2012-06-23,23,0,0,0,24.4,7.6,132.69,0.0,0.0
2012-06-24,0,0,0,0,24.3,7.5,135.31,0.0,0.0
2012-06-24,1,0,0,0,24.3,7.5,133.27,0.0,0.0
2012-06-24,2,0,0,0,24.3,7.5,127.12,0.0,0.0
2012-06-24,3,0,0,0,24.3,7.4,118.07,0.0,0.0
2012-06-24,4,0,0,0,24.3,7.5,107.21,0.0,0.0
2012-06-24,5,0,0,0,24.4,7.6,95.22,0.0,0.0
2012-06-24,6,86,362,38,24.6,7.8,82.43,369800.0,340619.948
2012-06-24,7,299,651,70,24.9,8.0,69.38,1285700.0,1233492.126
2012-06-24,8,525,779,89,25.3,8.2,55.98,2257500.0,2172927.662
2012-06-24,9,729,849,101,25.6,8.2,42.38,3134700.0,3013901.365
2012-06-24,10,890,890,109,25.9,8.3,28.66,3827000.0,3583333.333
2012-06-24,11,997,920,108,26.1,8.3,14.91,4287100.0,3583333.333
2012-06-24,12,1036,928,109,26.2,8.3,2.28,4454800.0,3583333.333
2012-06-24,13,1006,923,107,26.3,8.4,13.13,4325800.0,3583333.333
2012-06-24,14,910,909,100,26.2,8.6,26.87,3913000.0,3583333.333
2012-06-24,15,757,874,94,26.1,8.8,40.6,3255100.0,3128809.836
2012-06-24,16,557,811,83,25.9,9.0,54.22,2395100.0,2305285.097
2012-06-24,17,333,693,69,25.6,9.1,67.65,1431900.0,1375344.986
2012-06-24,18,112,429,43,25.3,9.1,80.77,481600.0,449997.709
2012-06-24,19,0,0,0,25.0,8.9,93.61,0.0,0.0
2012-06-24,20,0,0,0,24.8,8.9,105.71,0.0,0.0
2012-06-24,21,0,0,0,24.7,8.8,116.76,0.0,0.0
2012-06-24,22,0,0,0,24.7,8.7,126.1,0.0,0.0
2012-06-24,23,0,0,0,24.6,8.6,132.7,0.0,0.0
2012-06-25,0,0,0,0,24.6,8.4,135.33,0.0,0.0
2012-06-25,1,0,0,0,24.6,8.3,133.31,0.0,0.0
2012-06-25,2,0,0,0,24.6,8.2,127.17,0.0,0.0
2012-06-25,3,0,0,0,24.6,8.1,118.13,0.0,0.0
2012-06-25,4,0,0,0,24.5,8.0,107.26,0.0,0.0
2012-06-25,5,0,0,0,24.6,8.1,95.28,0.0,0.0
2012-06-25,6,82,307,42,24.7,8.3,82.49,352600.0,323783.007
2012-06-25,7,293,611,78,24.9,8.5,69.43,1259900.0,1208440.083
2012-06-25,8,202,2,200,25.1,8.7,56.03,868600.0,827778.462
2012-06-25,9,378,45,344,25.3,8.7,42.43,1625400.0,1562807.23
2012-06-25,10,533,121,427,25.5,8.7,28.71,2291900.0,2206032.369
2012-06-25,11,750,255,504,25.7,8.6,14.96,3225000.0,3100094.47
2012-06-25,12,674,169,505,25.8,8.6,2.27,2898200.0,2787823.369
2012-06-25,13,515,52,465,25.8,8.6,13.08,2214500.0,2131532.389
2012-06-25,14,515,90,435,25.8,8.7,26.83,2214500.0,2131532.389
2012-06-25,15,751,856,101,25.6,8.8,40.56,3229300.0,3104197.145
2012-06-25,16,554,797,87,25.4,8.8,54.18,2382200.0,2292883.542
2012-06-25,17,330,686,69,25.2,8.8,67.62,1419000.0,1362835.991
2012-06-25,18,112,434,42,25.0,8.7,80.74,481600.0,449997.709
2012-06-25,19,0,0,0,24.8,8.5,93.58,0.0,0.0
2012-06-25,20,0,0,0,24.7,8.4,105.69,0.0,0.0
2012-06-25,21,0,0,0,24.7,8.2,116.74,0.0,0.0
2012-06-25,22,0,0,0,24.6,8.0,126.1,0.0,0.0
2012-06-25,23,0,0,0,24.5,7.8,132.72,0.0,0.0
2012-06-26,0,0,0,0,24.4,7.7,135.37,0.0,0.0
2012-06-26,1,0,0,0,24.4,7.6,133.36,0.0,0.0
2012-06-26,2,0,0,0,24.4,7.5,127.23,0.0,0.0
2012-06-26,3,0,0,0,24.4,7.4,118.19,0.0,0.0
2012-06-26,4,0,0,0,24.4,7.4,107.32,0.0,0.0
2012-06-26,5,0,0,0,24.4,7.5,95.34,0.0,0.0
2012-06-26,6,82,325,40,24.5,7.8,82.54,352600.0,323783.007
2012-06-26,7,43,0,43,24.7,8.1,69.49,184900.0,159488.775
2012-06-26,8,163,1,162,24.8,8.2,56.09,700900.0,664232.47
2012-06-26,9,200,0,199,25.0,8.2,42.48,860000.0,819397.404
2012-06-26,10,409,16,395,25.2,8.1,28.76,1758700.0,1691759.548
2012-06-26,11,672,187,491,25.3,8.0,15.0,2889600.0,2779593.238
2012-06-26,12,554,71,483,25.4,8.0,2.26,2382200.0,2292883.542
2012-06-26,13,444,13,432,25.4,8.1,13.03,1909200.0,1837166.213
2012-06-26,14,403,13,392,25.3,8.2,26.78,1732900.0,1666813.026
2012-06-26,15,446,99,371,25.2,8.5,40.51,1917800.0,1845469.25
2012-06-26,16,371,107,309,25.0,8.7,54.14,1595300.0,1533667.701
2012-06-26,17,331,689,68,24.9,8.9,67.58,1423300.0,1367005.816
2012-06-26,18,110,408,45,24.7,9.0,80.7,473000.0,441587.873
2012-06-26,19,0,0,0,24.7,9.1,93.56,0.0,0.0
2012-06-26,20,0,0,0,24.6,9.0,105.67,0.0,0.0
2012-06-26,21,0,0,0,24.5,8.9,116.73,0.0,0.0
2012-06-26,22,0,0,0,24.5,8.7,126.1,0.0,0.0
2012-06-26,23,0,0,0,24.4,8.5,132.74,0.0,0.0
2012-06-27,0,0,0,0,24.4,8.2,135.41,0.0,0.0
2012-06-27,1,0,0,0,24.4,8.0,133.41,0.0,0.0
2012-06-27,2,0,0,0,24.3,7.9,127.29,0.0,0.0
2012-06-27,3,0,0,0,24.3,7.7,118.25,0.0,0.0
2012-06-27,4,0,0,0,24.3,7.7,107.38,0.0,0.0
2012-06-27,5,0,0,0,24.3,7.9,95.4,0.0,0.0
2012-06-27,6,83,338,39,24.5,8.3,82.6,356900.0,327992.482
2012-06-27,7,296,646,70,24.7,8.5,69.54,1272800.0,1220966.824
2012-06-27,8,370,129,298,24.9,8.7,56.14,1591000.0,1529504.271
2012-06-27,9,728,860,95,25.0,8.7,42.54,3130400.0,3009795.173
2012-06-27,10,889,899,101,25.2,8.7,28.81,3822700.0,3583333.333
2012-06-27,11,993,916,109,25.4,8.5,15.04,4269900.0,3583333.333
2012-06-27,12,1031,915,116,25.5,8.3,2.24,4433300.0,3583333.333
2012-06-27,13,999,905,116,25.5,8.3,12.97,4295700.0,3583333.333
2012-06-27,14,904,889,110,25.4,8.3,26.73,3887200.0,3583333.333
2012-06-27,15,407,59,362,25.3,8.4,40.47,1750100.0,1683444.68
2012-06-27,16,553,793,88,25.1,8.6,54.1,2377900.0,2288749.371
2012-06-27,17,330,678,71,24.8,8.8,67.54,1419000.0,1362835.991
2012-06-27,18,111,421,43,24.6,8.8,80.68,477300.0,445792.871
2012-06-27,19,0,0,0,24.5,8.7,93.54,0.0,0.0
2012-06-27,20,0,0,0,24.4,8.5,105.65,0.0,0.0
2012-06-27,21,0,0,0,24.4,8.3,116.73,0.0,0.0
2012-06-27,22,0,0,0,24.4,7.9,126.11,0.0,0.0
2012-06-27,23,0,0,0,24.3,7.6,132.77,0.0,0.0
2012-06-28,0,0,0,0,24.3,7.2,135.45,0.0,0.0
2012-06-28,1,0,0,0,24.2,7.0,133.47,0.0,0.0
2012-06-28,2,0,0,0,24.1,6.9,127.35,0.0,0.0
2012-06-28,3,0,0,0,24.1,6.8,118.32,0.0,0.0
2012-06-28,4,0,0,0,24.1,6.7,107.45,0.0,0.0
2012-06-28,5,0,0,0,24.1,6.9,95.46,0.0,0.0
2012-06-28,6,83,373,35,24.4,7.1,82.66,356900.0,327992.482
2012-06-28,7,294,664,63,24.6,7.3,69.6,1264200.0,1212615.823
2012-06-28,8,518,795,76,24.9,7.3,56.2,2227400.0,2143952.65
2012-06-28,9,602,382,321,25.2,7.3,42.59,2588600.0,2491135.746
2012-06-28,10,541,132,425,25.5,7.3,28.86,2326300.0,2239126.844
2012-06-28,11,682,199,489,25.6,7.2,15.09,2932600.0,2820737.499
2012-06-28,12,638,159,479,25.7,7.1,2.22,2743400.0,2639583.16
2012-06-28,13,556,97,461,25.8,7.1,12.92,2390800.0,2301151.405
2012-06-28,14,597,164,450,25.7,7.3,26.69,2567100.0,2470501.662
2012-06-28,15,739,845,96,25.6,7.5,40.43,3177700.0,3054954.494
2012-06-28,16,543,779,86,25.4,7.7,54.07,2334900.0,2247398.864
2012-06-28,17,323,664,69,25.2,7.8,67.51,1388900.0,1333642.742
2012-06-28,18,50,0,50,25.0,7.8,80.65,215000.0,188995.39
2012-06-28,19,0,0,0,24.8,7.8,93.52,0.0,0.0
2012-06-28,20,0,0,0,24.8,7.7,105.64,0.0,0.0
2012-06-28,21,0,0,0,24.7,7.6,116.73,0.0,0.0
2012-06-28,22,0,0,0,24.7,7.4,126.13,0.0,0.0
2012-06-28,23,0,0,0,24.6,7.3,132.8,0.0,0.0
2012-06-29,0,0,0,0,24.6,7.1,135.51,0.0,0.0
2012-06-29,1,0,0,0,24.5,6.9,133.54,0.0,0.0
2012-06-29,2,0,0,0,24.4,6.8,127.42,0.0,0.0
2012-06-29,3,0,0,0,24.4,6.7,118.39,0.0,0.0
2012-06-29,4,0,0,0,24.3,6.6,107.52,0.0,0.0
2012-06-29,5,0,0,0,24.5,6.8,95.53,0.0,0.0
2012-06-29,6,82,378,35,24.7,7.1,82.72,352600.0,323783.007
2012-06-29,7,296,672,62,25.0,7.2,69.66,1272800.0,1220966.824
2012-06-29,8,523,800,78,25.3,7.2,56.25,2248900.0,2164649.886
2012-06-29,9,727,869,88,25.5,7.1,42.64,3126100.0,3005688.821
2012-06-29,10,891,910,94,25.8,6.9,28.91,3831300.0,3583333.333
2012-06-29,11,995,926,102,26.0,6.8,15.13,4278500.0,3583333.333
2012-06-29,12,575,91,485,26.1,6.6,2.19,2472500.0,2379664.207
2012-06-29,13,1006,928,102,26.2,6.6,12.87,4325800.0,3583333.333
2012-06-29,14,912,912,97,26.2,6.6,26.64,3921600.0,3583333.333
2012-06-29,15,758,877,90,26.1,6.9,40.39,3259400.0,3132911.392
2012-06-29,16,559,814,81,25.9,7.1,54.03,2403700.0,2313552.0
2012-06-29,17,334,698,67,25.7,7.2,67.48,1436200.0,1379514.331
2012-06-29,18,114,439,42,25.3,7.3,80.63,490200.0,458406.907
2012-06-29,19,0,0,0,25.1,7.4,93.5,0.0,0.0
2012-06-29,20,0,0,0,25.0,7.3,105.63,0.0,0.0
2012-06-29,21,0,0,0,24.8,7.2,116.74,0.0,0.0
2012-06-29,22,0,0,0,24.7,7.1,126.15,0.0,0.0
2012-06-29,23,0,0,0,24.6,6.9,132.84,0.0,0.0
2012-06-30,0,0,0,0,24.5,6.8,135.57,0.0,0.0
2012-06-30,1,0,0,0,24.5,6.7,133.61,0.0,0.0
2012-06-30,2,0,0,0,24.4,6.6,127.5,0.0,0.0
2012-06-30,3,0,0,0,24.4,6.4,118.46,0.0,0.0
2012-06-30,4,0,0,0,24.4,6.2,107.59,0.0,0.0
2012-06-30,5,0,0,0,24.4,6.2,95.6,0.0,0.0
2012-06-30,6,83,410,32,24.7,6.3,82.79,356900.0,327992.482
2012-06-30,7,297,691,57,24.9,6.3,69.72,1277100.0,1225142.085
2012-06-30,8,267,37,247,25.2,6.2,56.31,1148100.0,1099814.719
2012-06-30,9,270,2,268,25.5,6.1,42.69,1161000.0,1112353.931
2012-06-30,10,155,0,155,25.8,5.9,28.95,666500.0,630654.517
2012-06-30,11,548,93,458,26.0,5.8,15.17,2356400.0,2268076.116
2012-06-30,12,1028,934,94,26.2,5.7,2.16,4420400.0,3583333.333
2012-06-30,13,998,927,94,26.3,5.6,12.82,4291400.0,3583333.333
2012-06-30,14,903,911,89,26.3,5.6,26.6,3882900.0,3583333.333
2012-06-30,15,749,874,83,26.2,5.8,40.36,3220700.0,3095991.635
2012-06-30,16,552,812,75,26.0,6.1,54.0,2373600.0,2284615.039
2012-06-30,17,330,699,62,25.7,6.3,67.46,1419000.0,1362835.991
2012-06-30,18,113,453,39,25.4,6.5,80.61,485900.0,454202.388
2012-06-30,19,0,0,0,25.1,6.5,93.49,0.0,0.0
2012-06-30,20,0,0,0,24.9,6.4,105.63,0.0,0.0
2012-06-30,21,0,0,0,24.8,6.2,116.75,0.0,0.0
2012-06-30,22,0,0,0,24.7,5.9,126.18,0.0,0.0
2012-06-30,23,0,0,0,24.6,5.5,132.89,0.0,0.0
2012-07-01,0,0,0,0,24.5,5.0,135.63,0.0,0.0
2012-07-01,1,0,0,0,24.4,4.7,133.69,0.0,0.0
2012-07-01,2,0,0,0,24.4,4.5,127.58,0.0,0.0
2012-07-01,3,0,0,0,24.3,4.4,118.54,0.0,0.0
2012-07-01,4,0,0,0,24.3,4.4,107.67,0.0,0.0
2012-07-01,5,0,0,0,24.4,4.7,95.67,0.0,0.0
2012-07-01,6,82,412,31,24.6,5.2,82.85,352600.0,323783.007
2012-07-01,7,294,693,55,24.9,5.5,69.78,1264200.0,1212615.823
2012-07-01,8,517,811,68,25.2,5.6,56.36,2223100.0,2139812.722
2012-07-01,9,439,104,363,25.6,5.7,42.74,1887700.0,1816405.823
2012-07-01,10,880,909,85,25.9,5.7,29.0,3784000.0,3583333.333
2012-07-01,11,985,934,83,26.2,5.7,15.21,4235500.0,3583333.333
2012-07-01,12,1025,938,87,26.4,5.6,2.12,4407500.0,3583333.333
2012-07-01,13,996,931,89,26.5,5.6,12.77,4282800.0,3583333.333
2012-07-01,14,901,907,90,26.5,5.6,26.56,3874300.0,3583333.333
2012-07-01,15,750,873,84,26.4,5.7,40.32,3225000.0,3100094.47
2012-07-01,16,555,817,74,26.3,5.8,53.97,2386500.0,2297017.553
2012-07-01,17,333,708,61,26.1,6.0,67.43,1431900.0,1375344.986
2012-07-01,18,115,468,38,25.8,6.1,80.59,494500.0,462611.266
2012-07-01,19,0,0,0,25.6,6.2,93.48,0.0,0.0
2012-07-01,20,0,0,0,25.5,6.2,105.63,0.0,0.0
2012-07-01,21,0,0,0,25.4,6.1,116.76,0.0,0.0
2012-07-01,22,0,0,0,25.3,6.0,126.21,0.0,0.0
2012-07-01,23,0,0,0,25.2,5.8,132.94,0.0,0.0
2012-07-02,0,0,0,0,25.1,5.8,135.71,0.0,0.0
2012-07-02,1,0,0,0,24.9,5.8,133.78,0.0,0.0
2012-07-02,2,0,0,0,24.8,5.8,127.67,0.0,0.0
2012-07-02,3,0,0,0,24.6,5.9,118.62,0.0,0.0
2012-07-02,4,0,0,0,24.6,6.0,107.74,0.0,0.0
2012-07-02,5,0,0,0,24.7,6.2,95.74,0.0,0.0
2012-07-02,6,83,418,31,25.0,6.5,82.92,356900.0,327992.482
2012-07-02,7,298,701,57,25.3,6.7,69.84,1281400.0,1229317.185
2012-07-02,8,526,823,71,25.7,6.7,56.42,2261800.0,2177066.31
2012-07-02,9,732,887,81,26.0,6.7,42.79,3147600.0,3026218.982
2012-07-02,10,895,923,88,26.2,6.6,29.05,3848500.0,3583333.333
2012-07-02,11,1001,944,91,26.5,6.5,15.25,4304300.0,3583333.333
2012-07-02,12,1042,950,93,26.6,6.5,2.09,4480600.0,3583333.333
2012-07-02,13,1013,942,94,26.7,6.5,12.72,4355900.0,3583333.333
2012-07-02,14,918,922,93,26.7,6.7,26.52,3947400.0,3583333.333
2012-07-02,15,762,883,88,26.5,7.0,40.29,3276600.0,3149316.016
2012-07-02,16,562,819,80,26.3,7.3,53.94,2416600.0,2325951.157
2012-07-02,17,337,704,66,26.0,7.6,67.41,1449100.0,1392021.407
2012-07-02,18,90,53,81,25.6,7.7,80.58,387000.0,357454.331
2012-07-02,19,0,0,0,25.3,7.7,93.48,0.0,0.0
2012-07-02,20,0,0,0,25.1,7.7,105.64,0.0,0.0
2012-07-02,21,0,0,0,25.0,7.6,116.78,0.0,0.0
2012-07-02,22,0,0,0,24.9,7.2,126.25,0.0,0.0
2012-07-02,23,0,0,0,24.8,6.8,133.01,0.0,0.0
2012-07-03,0,0,0,0,24.7,6.4,135.79,0.0,0.0
2012-07-03,1,0,0,0,24.6,6.2,133.87,0.0,0.0
2012-07-03,2,0,0,0,24.6,6.2,127.76,0.0,0.0
2012-07-03,3,0,0,0,24.5,6.4,118.71,0.0,0.0
2012-07-03,4,0,0,0,24.5,6.6,107.82,0.0,0.0
2012-07-03,5,0,0,0,24.5,6.8,95.81,0.0,0.0
2012-07-03,6,79,370,33,24.7,7.0,82.98,339700.0,311153.623
2012-07-03,7,290,667,61,24.9,7.1,69.91,1247000.0,1195911.903
2012-07-03,8,513,790,77,25.2,7.0,56.48,2205900.0,2123251.416
2012-07-03,9,715,855,88,25.5,6.9,42.85,3074500.0,2956400.124
2012-07-03,10,641,219,450,25.6,6.8,29.09,2756300.0,2651944.425
2012-07-03,11,585,148,442,25.7,6.8,15.28,2515500.0,2420963.552
2012-07-03,12,812,332,480,25.8,6.9,2.05,3491600.0,3354157.978
2012-07-03,13,990,911,101,25.8,6.9,12.67,4257000.0,3583333.333
2012-07-03,14,523,99,434,25.7,7.0,26.48,2248900.0,2164649.886
2012-07-03,15,743,848,96,25.6,7.1,40.26,3194900.0,3071371.269
2012-07-03,16,547,783,86,25.6,7.2,53.92,2352100.0,2263940.985
2012-07-03,17,327,670,70,25.5,7.3,67.4,1406100.0,1350325.558
2012-07-03,18,111,420,43,25.3,7.2,80.57,477300.0,445792.871
2012-07-03,19,0,0,0,25.2,7.1,93.47,0.0,0.0
2012-07-03,20,0,0,0,25.1,7.0,105.65,0.0,0.0
2012-07-03,21,0,0,0,25.0,6.7,116.81,0.0,0.0
2012-07-03,22,0,0,0,24.9,6.4,126.29,0.0,0.0
2012-07-03,23,0,0,0,24.8,6.0,133.07,0.0,0.0
2012-07-04,0,0,0,0,24.6,5.7,135.87,0.0,0.0
2012-07-04,1,0,0,0,24.4,5.3,133.96,0.0,0.0
2012-07-04,2,0,0,0,24.3,5.1,127.86,0.0,0.0
2012-07-04,3,0,0,0,24.2,5.0,118.8,0.0,0.0
2012-07-04,4,0,0,0,24.2,5.0,107.91,0.0,0.0
2012-07-04,5,0,0,0,24.3,5.3,95.89,0.0,0.0
2012-07-04,6,79,391,32,24.6,5.7,83.05,339700.0,311153.623
2012-07-04,7,292,684,58,24.9,6.0,69.97,1255600.0,1204264.183
2012-07-04,8,519,814,70,25.1,6.3,56.53,2231700.0,2148092.417
2012-07-04,9,725,884,78,25.5,6.5,42.9,3117500.0,2997475.637
2012-07-04,10,888,922,82,25.8,6.7,29.14,3818400.0,3583333.333
2012-07-04,11,994,940,88,26.2,6.8,15.32,4274200.0,3583333.333
2012-07-04,12,1035,947,89,26.4,6.8,2.01,4450500.0,3583333.333
2012-07-04,13,1009,944,88,26.6,6.9,12.63,4338700.0,3583333.333
2012-07-04,14,914,922,89,26.7,6.9,26.45,3930200.0,3583333.333
2012-07-04,15,607,322,362,26.6,7.0,40.23,2610100.0,2511765.833
2012-07-04,16,561,822,77,26.4,7.1,53.89,2412300.0,2321818.264
2012-07-04,17,336,705,65,26.1,7.2,67.38,1444800.0,1387852.541
2012-07-04,18,114,444,42,25.7,7.2,80.56,490200.0,458406.907
2012-07-04,19,0,0,0,25.5,7.2,93.48,0.0,0.0
2012-07-04,20,0,0,0,25.3,7.2,105.67,0.0,0.0
2012-07-04,21,0,0,0,25.1,7.2,116.84,0.0,0.0
2012-07-04,22,0,0,0,25.0,7.2,126.35,0.0,0.0
2012-07-04,23,0,0,0,25.0,7.1,133.15,0.0,0.0
2012-07-05,0,0,0,0,24.9,7.2,135.97,0.0,0.0
2012-07-05,1,0,0,0,24.9,7.2,134.06,0.0,0.0
2012-07-05,2,0,0,0,24.9,7.2,127.96,0.0,0.0
2012-07-05,3,0,0,0,24.9,7.2,118.9,0.0,0.0
2012-07-05,4,0,0,0,24.9,7.3,107.99,0.0,0.0
2012-07-05,5,0,0,0,25.0,7.4,95.97,0.0,0.0
2012-07-05,6,76,348,34,25.2,7.7,83.12,326800.0,298522.8
2012-07-05,7,288,656,64,25.5,7.9,70.03,1238400.0,1187558.984
2012-07-05,8,513,785,81,25.7,8.1,56.59,2205900.0,2123251.416
2012-07-05,9,440,99,367,26.0,8.1,42.95,1892000.0,1820558.221
2012-07-05,10,474,68,414,26.2,8.1,29.18,2038200.0,1961644.614
2012-07-05,11,514,61,455,26.4,8.1,15.35,2210200.0,2127391.982
2012-07-05,12,1026,917,109,26.5,8.0,1.96,4411800.0,3583333.333
2012-07-05,13,404,5,399,26.5,8.1,12.58,1737200.0,1670971.179
2012-07-05,14,704,424,324,26.5,8.1,26.41,3027200.0,2911198.595
2012-07-05,15,501,237,320,26.4,8.2,40.2,2154300.0,2073552.146
2012-07-05,16,444,421,196,26.2,8.4,53.87,1909200.0,1837166.213
2012-07-05,17,51,0,51,25.9,8.5,67.37,219300.0,193209.981
2012-07-05,18,68,3,67,25.6,8.6,80.56,292400.0,264833.57
2012-07-05,19,0,0,0,25.3,8.5,93.48,0.0,0.0
2012-07-05,20,0,0,0,25.2,8.4,105.69,0.0,0.0
2012-07-05,21,0,0,0,25.1,8.3,116.88,0.0,0.0
2012-07-05,22,0,0,0,25.1,8.2,126.4,0.0,0.0
2012-07-05,23,0,0,0,25.1,8.1,133.23,0.0,0.0
2012-07-06,0,0,0,0,25.0,7.9,136.07,0.0,0.0
2012-07-06,1,0,0,0,25.0,7.8,134.17,0.0,0.0
2012-07-06,2,0,0,0,25.0,7.7,128.06,0.0,0.0
2012-07-06,3,0,0,0,25.0,7.6,118.99,0.0,0.0
2012-07-06,4,0,0,0,25.0,7.6,108.08,0.0,0.0
2012-07-06,5,0,0,0,25.0,7.8,96.04,0.0,0.0
2012-07-06,6,73,314,36,25.3,8.0,83.19,313900.0,285890.537
2012-07-06,7,282,626,69,25.6,8.2,70.1,1212600.0,1162496.388
2012-07-06,8,180,1,180,25.9,8.2,56.65,774000.0,735551.646
2012-07-06,9,209,0,209,26.1,8.1,43.0,898700.0,857107.13
2012-07-06,10,318,2,316,26.3,7.9,29.22,1367400.0,1312785.625
2012-07-06,11,388,4,385,26.5,7.7,15.39,1668400.0,1604421.539
2012-07-06,12,567,88,479,26.6,7.5,1.92,2438100.0,2346613.22
2012-07-06,13,624,157,470,26.6,7.4,12.54,2683200.0,2581878.232
2012-07-06,14,900,885,107,26.6,7.3,26.38,3870000.0,3583333.333
2012-07-06,15,747,843,103,26.5,7.4,40.17,3212100.0,3087785.486
2012-07-06,16,550,775,93,26.3,7.5,53.86,2365000.0,2276345.897
2012-07-06,17,327,653,76,26.1,7.5,67.36,1406100.0,1350325.558
2012-07-06,18,111,396,46,25.7,7.6,80.56,477300.0,445792.871
2012-07-06,19,0,0,0,25.4,7.7,93.5,0.0,0.0
2012-07-06,20,0,0,0,25.2,7.8,105.71,0.0,0.0
2012-07-06,21,0,0,0,25.0,7.8,116.92,0.0,0.0
2012-07-06,22,0,0,0,25.0,7.8,126.47,0.0,0.0
2012-07-06,23,0,0,0,24.9,7.9,133.31,0.0,0.0
2012-07-07,0,0,0,0,24.8,7.9,136.17,0.0,0.0
2012-07-07,1,0,0,0,24.7,8.0,134.29,0.0,0.0
2012-07-07,2,0,0,0,24.7,8.0,128.17,0.0,0.0
2012-07-07,3,0,0,0,24.7,7.9,119.09,0.0,0.0
2012-07-07,4,0,0,0,24.7,7.9,108.17,0.0,0.0
2012-07-07,5,0,0,0,24.7,8.1,96.13,0.0,0.0
2012-07-07,6,73,322,36,25.0,8.5,83.26,313900.0,285890.537
2012-07-07,7,151,10,147,25.3,8.7,70.16,649300.0,613861.703
2012-07-07,8,278,39,257,25.6,8.9,56.71,1195400.0,1145784.794
2012-07-07,9,714,839,101,25.8,9.0,43.05,3070200.0,2952291.694
2012-07-07,10,638,204,461,26.0,8.9,29.27,2743400.0,2639583.16
2012-07-07,11,983,895,120,26.1,8.9,15.42,4226900.0,3583333.333
2012-07-07,12,1025,904,122,26.2,8.8,1.88,4407500.0,3583333.333
2012-07-07,13,318,1,317,26.1,8.8,12.5,1367400.0,1312785.625
2012-07-07,14,905,879,117,26.1,8.8,26.35,3891500.0,3583333.333
2012-07-07,15,756,853,104,25.9,8.9,40.15,3250800.0,3124708.121
2012-07-07,16,559,799,88,25.7,8.9,53.84,2403700.0,2313552.0
2012-07-07,17,336,694,69,25.5,8.8,67.35,1444800.0,1387852.541
2012-07-07,18,115,450,42,25.3,8.7,80.56,494500.0,462611.266
2012-07-07,19,0,0,0,25.1,8.6,93.51,0.0,0.0
2012-07-07,20,0,0,0,25.1,8.5,105.74,0.0,0.0
2012-07-07,21,0,0,0,25.1,8.4,116.97,0.0,0.0
2012-07-07,22,0,0,0,25.1,8.3,126.53,0.0,0.0
2012-07-07,23,0,0,0,25.0,8.2,133.41,0.0,0.0
2012-07-08,0,0,0,0,24.9,8.1,136.29,0.0,0.0
2012-07-08,1,0,0,0,24.7,8.0,134.41,0.0,0.0
2012-07-08,2,0,0,0,24.6,7.9,128.29,0.0,0.0
2012-07-08,3,0,0,0,24.5,7.8,119.2,0.0,0.0
2012-07-08,4,0,0,0,24.5,7.7,108.26,0.0,0.0
2012-07-08,5,0,0,0,24.6,7.7,96.21,0.0,0.0
2012-07-08,6,75,369,32,24.8,7.8,83.33,322500.0,294312.205
2012-07-08,7,290,679,60,25.1,7.9,70.22,1247000.0,1195911.903
2012-07-08,8,516,801,77,25.3,8.0,56.76,2218800.0,2135672.636
2012-07-08,9,437,97,366,25.7,8.0,43.1,1879100.0,1808100.548
2012-07-08,10,565,141,442,26.0,8.1,29.31,2429500.0,2338348.874
2012-07-08,11,991,916,108,26.2,8.1,15.45,4261300.0,3583333.333
2012-07-08,12,592,103,488,26.4,8.0,1.83,2545600.0,2449863.581
2012-07-08,13,1001,902,120,26.4,8.0,12.46,4304300.0,3583333.333
2012-07-08,14,913,907,100,26.4,8.0,26.32,3925900.0,3583333.333
2012-07-08,15,760,871,93,26.3,8.1,40.13,3268000.0,3141114.024
2012-07-08,16,561,810,83,26.1,8.1,53.83,2412300.0,2321818.264
2012-07-08,17,337,702,66,25.8,8.2,67.35,1449100.0,1392021.407
2012-07-08,18,116,456,41,25.5,8.1,80.57,498800.0,466815.465
2012-07-08,19,0,0,0,25.2,8.1,93.53,0.0,0.0
2012-07-08,20,0,0,0,25.0,8.0,105.78,0.0,0.0
2012-07-08,21,0,0,0,24.8,7.9,117.02,0.0,0.0
2012-07-08,22,0,0,0,24.7,7.5,126.61,0.0,0.0
2012-07-08,23,0,0,0,24.7,7.2,133.51,0.0,0.0
2012-07-09,0,0,0,0,24.6,7.0,136.41,0.0,0.0
2012-07-09,1,0,0,0,24.6,6.9,134.53,0.0,0.0
2012-07-09,2,0,0,0,24.6,7.1,128.41,0.0,0.0
2012-07-09,3,0,0,0,24.6,7.2,119.31,0.0,0.0
2012-07-09,4,0,0,0,24.6,7.4,108.36,0.0,0.0
2012-07-09,5,0,0,0,24.7,7.5,96.29,0.0,0.0
2012-07-09,6,74,361,33,24.9,7.7,83.41,318200.0,290101.451
2012-07-09,7,34,0,34,25.2,7.8,70.29,146200.0,121540.187
2012-07-09,8,515,796,79,25.5,7.8,56.82,2214500.0,2131532.389
2012-07-09,9,270,2,268,25.9,7.8,43.15,1161000.0,1112353.931
2012-07-09,10,547,131,432,26.1,7.7,29.35,2352100.0,2263940.985
2012-07-09,11,519,61,460,26.3,7.5,15.49,2231700.0,2148092.417
2012-07-09,12,457,12,445,26.3,7.5,1.79,1965100.0,1891124.52
2012-07-09,13,294,1,293,26.3,7.5,12.42,1264200.0,1212615.823
2012-07-09,14,912,907,99,26.3,7.5,26.29,3921600.0,3583333.333
2012-07-09,15,759,873,92,26.1,7.7,40.11,3263700.0,3137012.788
2012-07-09,16,561,812,81,26.0,7.8,53.82,2412300.0,2321818.264
2012-07-09,17,336,701,66,25.7,7.8,67.35,1444800.0,1387852.541
2012-07-09,18,115,454,41,25.5,7.8,80.58,494500.0,462611.266
2012-07-09,19,0,0,0,25.3,7.7,93.55,0.0,0.0
2012-07-09,20,0,0,0,25.2,7.6,105.81,0.0,0.0
2012-07-09,21,0,0,0,25.1,7.3,117.08,0.0,0.0
2012-07-09,22,0,0,0,25.0,6.9,126.69,0.0,0.0
2012-07-09,23,0,0,0,24.9,6.5,133.61,0.0,0.0
2012-07-10,0,0,0,0,24.9,6.2,136.53,0.0,0.0
2012-07-10,1,0,0,0,24.8,6.1,134.66,0.0,0.0
2012-07-10,2,0,0,0,24.7,6.1,128.53,0.0,0.0
2012-07-10,3,0,0,0,24.7,6.2,119.42,0.0,0.0
2012-07-10,4,0,0,0,24.7,6.4,108.45,0.0,0.0
2012-07-10,5,0,0,0,24.7,6.7,96.38,0.0,0.0
2012-07-10,6,71,339,33,24.9,7.1,83.48,305300.0,277468.23
2012-07-10,7,282,648,64,25.1,7.4,70.35,1212600.0,1162496.388
2012-07-10,8,167,1,167,25.4,7.6,56.88,718100.0,681017.61
2012-07-10,9,714,853,92,25.7,7.6,43.2,3070200.0,2952291.694
2012-07-10,10,506,92,425,26.0,7.6,29.39,2175800.0,2094262.973
2012-07-10,11,598,150,453,26.2,7.6,15.52,2571400.0,2474628.799
2012-07-10,12,452,12,440,26.3,7.5,1.76,1943600.0,1870374.523
2012-07-10,13,1001,921,101,26.3,7.4,12.38,4304300.0,3583333.333
2012-07-10,14,906,901,99,26.2,7.5,26.27,3895800.0,3583333.333
2012-07-10,15,754,863,94,26.1,7.5,40.1,3242200.0,3116504.21
2012-07-10,16,556,799,84,25.9,7.6,53.82,2390800.0,2301151.405
2012-07-10,17,137,3,135,25.7,7.7,67.35,589100.0,555066.71
2012-07-10,18,66,2,65,25.4,7.5,80.59,283800.0,256409.663
2012-07-10,19,0,0,0,25.3,7.4,93.58,0.0,0.0
2012-07-10,20,0,0,0,25.2,7.1,105.86,0.0,0.0
2012-07-10,21,0,0,0,25.1,6.9,117.14,0.0,0.0
2012-07-10,22,0,0,0,25.0,6.5,126.78,0.0,0.0
2012-07-10,23,0,0,0,24.9,6.2,133.72,0.0,0.0
2012-07-11,0,0,0,0,24.8,5.9,136.66,0.0,0.0
2012-07-11,1,0,0,0,24.6,5.7,134.8,0.0,0.0
2012-07-11,2,0,0,0,24.5,5.6,128.66,0.0,0.0
2012-07-11,3,0,0,0,24.4,5.5,119.53,0.0,0.0
2012-07-11,4,0,0,0,24.3,5.5,108.55,0.0,0.0
2012-07-11,5,0,0,0,24.4,5.6,96.46,0.0,0.0
2012-07-11,6,73,380,30,24.7,5.9,83.55,313900.0,285890.537
2012-07-11,7,287,682,58,25.0,6.1,70.42,1234100.0,1183382.284
2012-07-11,8,515,807,74,25.4,6.1,56.93,2214500.0,2131532.389
2012-07-11,9,720,871,85,25.7,6.0,43.25,3096000.0,2976939.879
2012-07-11,10,460,57,410,26.0,5.9,29.43,1978000.0,1903572.6
2012-07-11,11,271,1,271,26.2,5.9,15.55,1165300.0,1116533.348
2012-07-11,12,139,0,139,26.4,5.9,1.73,597700.0,563467.914
2012-07-11,13,127,0,127,26.5,6.0,12.35,546100.0,513051.101
2012-07-11,14,180,0,180,26.5,6.0,26.25,774000.0,735551.646
2012-07-11,15,483,119,392,26.5,6.0,40.09,2076900.0,1998960.075
2012-07-11,16,558,799,86,26.3,6.2,53.81,2399400.0,2309418.628
2012-07-11,17,333,681,71,26.0,6.4,67.36,1431900.0,1375344.986
2012-07-11,18,113,426,43,25.7,6.6,80.61,485900.0,454202.388
2012-07-11,19,0,0,0,25.5,6.8,93.61,0.0,0.0
2012-07-11,20,0,0,0,25.3,6.9,105.9,0.0,0.0
2012-07-11,21,0,0,0,25.1,6.8,117.21,0.0,0.0
2012-07-11,22,0,0,0,25.0,6.6,126.87,0.0,0.0
2012-07-11,23,0,0,0,24.9,6.2,133.84,0.0,0.0
2012-07-12,0,0,0,0,24.7,5.9,136.8,0.0,0.0
2012-07-12,1,0,0,0,24.6,5.7,134.94,0.0,0.0
2012-07-12,2,0,0,0,24.5,5.6,128.79,0.0,0.0
2012-07-12,3,0,0,0,24.4,5.5,119.65,0.0,0.0
2012-07-12,4,0,0,0,24.4,5.7,108.66,0.0,0.0
2012-07-12,5,0,0,0,24.4,6.0,96.55,0.0,0.0
2012-07-12,6,73,389,30,24.6,6.3,83.63,313900.0,285890.537
2012-07-12,7,288,699,55,24.9,6.4,70.49,1238400.0,1187558.984
2012-07-12,8,138,0,138,25.1,6.2,56.99,593400.0,559267.392
2012-07-12,9,724,892,75,25.4,6.0,43.3,3113200.0,2993368.805
2012-07-12,10,426,29,400,25.7,5.8,29.48,1831800.0,1762410.104
2012-07-12,11,346,2,345,26.0,5.7,15.58,1487800.0,1429534.0
2012-07-12,12,452,11,440,26.3,5.8,1.71,1943600.0,1870374.523
2012-07-12,13,1009,940,91,26.4,6.0,12.32,4338700.0,3583333.333
2012-07-12,14,915,920,90,26.4,6.2,26.23,3934500.0,3583333.333
2012-07-12,15,760,882,85,26.3,6.4,40.08,3268000.0,3141114.024
2012-07-12,16,560,816,78,26.1,6.7,53.81,2408000.0,2317685.212
2012-07-12,17,334,699,65,25.7,6.9,67.37,1436200.0,1379514.331
2012-07-12,18,113,438,41,25.4,7.0,80.63,485900.0,454202.388
2012-07-12,19,0,0,0,25.2,7.0,93.65,0.0,0.0
2012-07-12,20,0,0,0,25.1,6.9,105.96,0.0,0.0
2012-07-12,21,0,0,0,25.1,6.7,117.28,0.0,0.0
2012-07-12,22,0,0,0,25.1,6.4,126.97,0.0,0.0
2012-07-12,23,0,0,0,25.0,6.1,133.97,0.0,0.0
2012-07-13,0,0,0,0,24.9,6.0,136.95,0.0,0.0
2012-07-13,1,0,0,0,24.8,6.1,135.09,0.0,0.0
2012-07-13,2,0,0,0,24.8,6.2,128.93,0.0,0.0
2012-07-13,3,0,0,0,24.8,6.4,119.77,0.0,0.0
2012-07-13,4,0,0,0,24.9,6.5,108.76,0.0,0.0
2012-07-13,5,0,0,0,25.0,6.7,96.64,0.0,0.0
2012-07-13,6,67,328,31,25.2,7.0,83.71,288100.0,260621.696
2012-07-13,7,14,0,14,25.5,7.3,70.55,60200.0,37163.627
2012-07-13,8,500,776,78,25.9,7.6,57.05,2150000.0,2069409.501
2012-07-13,9,702,842,90,26.2,7.8,43.35,3018600.0,2902978.056
2012-07-13,10,865,881,98,26.4,8.1,29.52,3719500.0,3570854.065
2012-07-13,11,969,889,113,26.6,8.2,15.61,4166700.0,3583333.333
2012-07-13,12,373,2,371,26.7,8.2,1.7,1603900.0,1541994.08
2012-07-13,13,984,887,117,26.7,8.2,12.3,4231200.0,3583333.333
2012-07-13,14,892,866,115,26.6,8.4,26.22,3835600.0,3583333.333
2012-07-13,15,741,826,109,26.5,8.6,40.07,3186300.0,3063163.201
2012-07-13,16,547,764,96,26.3,8.7,53.82,2352100.0,2263940.985
2012-07-13,17,326,650,76,26.1,8.8,67.38,1401800.0,1346155.094
2012-07-13,18,109,395,45,25.8,8.7,80.66,468700.0,437382.714
2012-07-13,19,0,0,0,25.5,8.7,93.69,0.0,0.0
2012-07-13,20,0,0,0,25.4,8.7,106.01,0.0,0.0
2012-07-13,21,0,0,0,25.4,8.8,117.36,0.0,0.0
2012-07-13,22,0,0,0,25.4,8.8,127.07,0.0,0.0
2012-07-13,23,0,0,0,25.3,8.6,134.1,0.0,0.0
2012-07-14,0,0,0,0,25.3,8.3,137.1,0.0,0.0
2012-07-14,1,0,0,0,25.2,7.9,135.24,0.0,0.0
2012-07-14,2,0,0,0,25.2,7.6,129.07,0.0,0.0
2012-07-14,3,0,0,0,25.1,7.3,119.89,0.0,0.0
2012-07-14,4,0,0,0,25.1,7.2,108.86,0.0,0.0
2012-07-14,5,0,0,0,25.2,7.2,96.73,0.0,0.0
2012-07-14,6,64,270,35,25.4,7.3,83.78,275200.0,247985.117
2012-07-14,7,271,602,71,25.7,7.4,70.62,1165300.0,1116533.348
2012-07-14,8,496,744,92,26.1,7.4,57.11,2132800.0,2052837.323
2012-07-14,9,701,818,106,26.4,7.3,43.39,3014300.0,2898867.547
2012-07-14,10,866,862,117,26.6,7.1,29.55,3723800.0,3574938.353
2012-07-14,11,980,907,107,26.8,7.0,15.64,4214000.0,3583333.333
2012-07-14,12,1023,916,108,26.9,7.0,1.7,4398900.0,3583333.333
2012-07-14,13,999,913,107,26.9,7.1,12.28,4295700.0,3583333.333
2012-07-14,14,907,899,100,26.9,7.3,26.21,3900100.0,3583333.333
2012-07-14,15,756,866,93,26.7,7.6,40.07,3250800.0,3124708.121
2012-07-14,16,557,804,83,26.4,7.8,53.82,2395100.0,2305285.097
2012-07-14,17,332,686,68,26.1,7.7,67.4,1427600.0,1371175.481
2012-07-14,18,111,424,42,25.8,7.4,80.68,477300.0,445792.871
2012-07-14,19,0,0,0,25.6,7.2,93.73,0.0,0.0
2012-07-14,20,0,0,0,25.5,7.1,106.07,0.0,0.0
2012-07-14,21,0,0,0,25.4,6.9,117.44,0.0,0.0
2012-07-14,22,0,0,0,25.3,6.7,127.18,0.0,0.0
2012-07-14,23,0,0,0,25.3,6.7,134.24,0.0,0.0
2012-07-15,0,0,0,0,25.1,6.9,137.26,0.0,0.0
2012-07-15,1,0,0,0,25.0,7.0,135.4,0.0,0.0
2012-07-15,2,0,0,0,24.8,6.9,129.21,0.0,0.0
2012-07-15,3,0,0,0,24.7,6.7,120.01,0.0,0.0
2012-07-15,4,0,0,0,24.7,6.5,108.97,0.0,0.0
2012-07-15,5,0,0,0,24.7,6.5,96.82,0.0,0.0
2012-07-15,6,37,0,37,24.9,6.6,83.86,159100.0,134191.156
2012-07-15,7,280,661,61,25.1,6.6,70.69,1204000.0,1154140.911
2012-07-15,8,509,798,76,25.3,6.7,57.16,2188700.0,2106687.551
2012-07-15,9,716,865,87,25.6,6.8,43.44,3078800.0,2960508.395
2012-07-15,10,190,0,190,25.9,6.9,29.59,817000.0,777482.519
2012-07-15,11,987,917,104,26.1,6.9,15.67,4244100.0,3583333.333
2012-07-15,12,767,253,514,26.2,7.0,1.71,3298100.0,3169818.199
2012-07-15,13,441,13,429,26.2,7.1,12.26,1896300.0,1824710.459
2012-07-15,14,906,900,98,26.2,7.3,26.2,3895800.0,3583333.333
2012-07-15,15,470,113,384,26.1,7.7,40.07,2021000.0,1945055.807
2012-07-15,16,366,99,308,25.9,8.0,53.83,1573800.0,1512848.955
2012-07-15,17,80,0,80,25.7,8.1,67.42,344000.0,315363.578
2012-07-15,18,87,44,80,25.5,8.0,80.72,374100.0,344828.783
2012-07-15,19,0,0,0,25.4,7.9,93.78,0.0,0.0
2012-07-15,20,0,0,0,25.3,7.6,106.14,0.0,0.0
2012-07-15,21,0,0,0,25.2,7.3,117.53,0.0,0.0
2012-07-15,22,0,0,0,25.1,7.1,127.3,0.0,0.0
2012-07-15,23,0,0,0,25.1,6.9,134.38,0.0,0.0
2012-07-16,0,0,0,0,25.0,6.7,137.42,0.0,0.0
2012-07-16,1,0,0,0,25.0,6.6,135.57,0.0,0.0
2012-07-16,2,0,0,0,25.0,6.4,129.36,0.0,0.0
2012-07-16,3,0,0,0,24.9,6.4,120.14,0.0,0.0
2012-07-16,4,0,0,0,24.9,6.3,109.08,0.0,0.0
2012-07-16,5,0,0,0,25.0,6.2,96.91,0.0,0.0
2012-07-16,6,65,331,30,25.2,6.2,83.94,279500.0,252197.47
2012-07-16,7,274,653,59,25.5,6.0,70.75,1178200.0,1129070.641
2012-07-16,8,500,791,72,25.8,5.8,57.22,2150000.0,2069409.501
2012-07-16,9,703,857,81,26.1,5.6,43.49,3022900.0,2907088.405
2012-07-16,10,864,892,89,26.4,5.5,29.63,3715200.0,3566769.616
2012-07-16,11,962,883,112,26.6,5.6,15.7,4136600.0,3583333.333
2012-07-16,12,1004,888,116,26.6,6.0,1.73,4317200.0,3583333.333
2012-07-16,13,978,881,116,26.6,6.4,12.25,4205400.0,3583333.333
2012-07-16,14,564,142,437,26.6,6.8,26.19,2425200.0,2334216.462
2012-07-16,15,169,0,169,26.5,7.2,40.07,726700.0,689409.22
2012-07-16,16,120,0,120,26.3,7.6,53.85,516000.0,483630.662
2012-07-16,17,322,648,73,26.0,7.7,67.45,1384600.0,1329471.638
2012-07-16,18,106,387,44,25.8,7.8,80.75,455800.0,424766.28
2012-07-16,19,0,0,0,25.5,7.8,93.83,0.0,0.0
2012-07-16,20,0,0,0,25.4,7.8,106.21,0.0,0.0
2012-07-16,21,0,0,0,25.3,7.8,117.62,0.0,0.0
2012-07-16,22,0,0,0,25.3,7.7,127.42,0.0,0.0
2012-07-16,23,0,0,0,25.2,7.6,134.53,0.0,0.0
2012-07-17,0,0,0,0,25.1,7.4,137.59,0.0,0.0
2012-07-17,1,0,0,0,25.0,7.3,135.74,0.0,0.0
2012-07-17,2,0,0,0,25.0,7.2,129.51,0.0,0.0
2012-07-17,3,0,0,0,24.9,7.1,120.27,0.0,0.0
2012-07-17,4,0,0,0,24.8,7.1,109.19,0.0,0.0
2012-07-17,5,0,0,0,24.8,7.1,97.01,0.0,0.0
2012-07-17,6,63,295,32,25.0,7.3,84.01,270900.0,243772.605
2012-07-17,7,271,628,65,25.3,7.3,70.82,1165300.0,1116533.348
2012-07-17,8,498,771,81,25.6,7.4,57.27,2141400.0,2061123.732
2012-07-17,9,702,837,95,25.9,7.4,43.53,3018600.0,2902978.056
2012-07-17,10,417,28,393,26.2,7.4,29.67,1793100.0,1725012.624
2012-07-17,11,972,897,109,26.3,7.5,15.73,4179600.0,3583333.333
2012-07-17,12,432,8,424,26.4,7.6,1.77,1857600.0,1787334.563
2012-07-17,13,985,888,117,26.4,7.7,12.24,4235500.0,3583333.333
2012-07-17,14,892,868,113,26.3,7.9,26.19,3835600.0,3583333.333
2012-07-17,15,741,831,105,26.2,8.0,40.08,3186300.0,3063163.201
2012-07-17,16,544,765,93,26.0,8.2,53.86,2339200.0,2251534.634
2012-07-17,17,320,637,77,25.7,8.3,67.47,1376000.0,1321128.951
2012-07-17,18,104,355,47,25.5,8.2,80.79,447200.0,416354.525
2012-07-17,19,0,0,0,25.3,8.1,93.88,0.0,0.0
2012-07-17,20,0,0,0,25.3,8.0,106.29,0.0,0.0
2012-07-17,21,0,0,0,25.2,7.9,117.72,0.0,0.0
2012-07-17,22,0,0,0,25.2,7.6,127.54,0.0,0.0
2012-07-17,23,0,0,0,25.2,7.3,134.69,0.0,0.0
2012-07-18,0,0,0,0,25.2,7.1,137.76,0.0,0.0
2012-07-18,1,0,0,0,25.2,6.9,135.91,0.0,0.0
2012-07-18,2,0,0,0,25.2,6.9,129.67,0.0,0.0
2012-07-18,3,0,0,0,25.2,6.9,120.4,0.0,0.0
2012-07-18,4,0,0,0,25.2,7.0,109.3,0.0,0.0
2012-07-18,5,0,0,0,25.2,7.2,97.1,0.0,0.0
2012-07-18,6,60,265,32,25.4,7.5,84.09,258000.0,231134.107
2012-07-18,7,264,601,68,25.7,7.6,70.88,1135200.0,1087274.068
2012-07-18,8,226,13,219,26.0,7.6,57.33,971800.0,928301.28
2012-07-18,9,694,818,101,26.2,7.6,43.58,2984200.0,2870089.507
2012-07-18,10,857,859,112,26.4,7.6,29.71,3685100.0,3538174.0
2012-07-18,11,964,874,122,26.6,7.6,15.76,4145200.0,3583333.333
2012-07-18,12,1006,880,126,26.7,7.7,1.83,4325800.0,3583333.333
2012-07-18,13,979,872,127,26.7,7.8,12.23,4209700.0,3583333.333
2012-07-18,14,894,879,105,26.6,7.9,26.19,3844200.0,3583333.333
2012-07-18,15,742,839,100,26.5,8.1,40.09,3190600.0,3067267.315
2012-07-18,16,545,772,90,26.3,8.2,53.88,2343500.0,2255670.244
2012-07-18,17,321,647,74,26.0,8.2,67.5,1380300.0,1325300.375
2012-07-18,18,104,371,45,25.8,8.2,80.84,447200.0,416354.525
2012-07-18,19,0,0,0,25.6,8.0,93.95,0.0,0.0
2012-07-18,20,0,0,0,25.4,7.9,106.36,0.0,0.0
2012-07-18,21,0,0,0,25.4,7.6,117.82,0.0,0.0
2012-07-18,22,0,0,0,25.3,7.3,127.68,0.0,0.0
2012-07-18,23,0,0,0,25.2,7.0,134.85,0.0,0.0
2012-07-19,0,0,0,0,25.1,6.7,137.95,0.0,0.0
2012-07-19,1,0,0,0,25.1,6.6,136.09,0.0,0.0
2012-07-19,2,0,0,0,25.0,6.6,129.83,0.0,0.0
2012-07-19,3,0,0,0,24.9,6.7,120.54,0.0,0.0
2012-07-19,4,0,0,0,24.9,6.8,109.41,0.0,0.0
2012-07-19,5,0,0,0,24.9,7.0,97.2,0.0,0.0
2012-07-19,6,63,321,30,25.0,7.3,84.17,270900.0,243772.605
2012-07-19,7,10,0,10,25.2,7.5,70.95,43000.0,20280.641
2012-07-19,8,78,0,78,25.5,7.5,57.38,335400.0,306943.508
2012-07-19,9,716,867,89,25.8,7.4,43.62,3078800.0,2960508.395
2012-07-19,10,883,904,98,26.0,7.3,29.74,3796900.0,3583333.333
2012-07-19,11,996,934,96,26.3,7.2,15.79,4282800.0,3583333.333
2012-07-19,12,1037,940,98,26.4,7.1,1.9,4459100.0,3583333.333
2012-07-19,13,1011,935,98,26.5,7.0,12.24,4347300.0,3583333.333
2012-07-19,14,916,917,93,26.4,6.9,26.2,3938800.0,3583333.333
2012-07-19,15,761,885,85,26.3,6.9,40.11,3272300.0,3145215.1
2012-07-19,16,562,828,74,26.1,6.8,53.91,2416600.0,2325951.157
2012-07-19,17,334,717,61,25.8,6.7,67.54,1436200.0,1379514.331
2012-07-19,18,112,470,37,25.5,6.5,80.89,481600.0,449997.709
2012-07-19,19,0,0,0,25.3,6.3,94.01,0.0,0.0
2012-07-19,20,0,0,0,25.1,6.1,106.45,0.0,0.0
2012-07-19,21,0,0,0,25.0,6.0,117.93,0.0,0.0
2012-07-19,22,0,0,0,24.9,5.8,127.81,0.0,0.0
2012-07-19,23,0,0,0,24.8,5.6,135.02,0.0,0.0
2012-07-20,0,0,0,0,24.7,5.3,138.13,0.0,0.0
2012-07-20,1,0,0,0,24.7,4.9,136.27,0.0,0.0
2012-07-20,2,0,0,0,24.6,4.5,129.99,0.0,0.0
2012-07-20,3,0,0,0,24.7,4.3,120.68,0.0,0.0
2012-07-20,4,0,0,0,24.7,4.2,109.53,0.0,0.0
2012-07-20,5,0,0,0,24.8,4.1,97.29,0.0,0.0
2012-07-20,6,63,355,27,24.9,4.0,84.24,270900.0,243772.605
2012-07-20,7,48,0,48,25.1,4.0,71.02,206400.0,180565.728
2012-07-20,8,506,820,64,25.3,4.0,57.44,2175800.0,2094262.973
2012-07-20,9,714,887,72,25.6,3.9,43.67,3070200.0,2952291.694
2012-07-20,10,882,927,77,25.9,3.9,29.78,3792600.0,3583333.333
2012-07-20,11,991,936,90,26.3,3.9,15.82,4261300.0,3583333.333
2012-07-20,12,1035,946,90,26.5,3.9,1.99,4450500.0,3583333.333
2012-07-20,13,1009,942,88,26.7,3.9,12.24,4338700.0,3583333.333
2012-07-20,14,916,928,83,26.8,3.9,26.21,3938800.0,3583333.333
2012-07-20,15,762,896,77,26.8,3.9,40.12,3276600.0,3149316.016
2012-07-20,16,562,837,70,26.7,4.0,53.94,2416600.0,2325951.157
2012-07-20,17,336,730,57,26.4,4.2,67.58,1444800.0,1387852.541
2012-07-20,18,112,485,35,26.1,4.4,80.94,481600.0,449997.709
2012-07-20,19,0,0,0,25.7,4.6,94.08,0.0,0.0
2012-07-20,20,0,0,0,25.5,4.7,106.54,0.0,0.0
2012-07-20,21,0,0,0,25.3,4.7,118.05,0.0,0.0
2012-07-20,22,0,0,0,25.1,4.4,127.96,0.0,0.0
2012-07-20,23,0,0,0,24.9,3.9,135.19,0.0,0.0
2012-07-21,0,0,0,0,24.8,3.4,138.33,0.0,0.0
2012-07-21,1,0,0,0,24.7,3.0,136.46,0.0,0.0
2012-07-21,2,0,0,0,24.6,2.8,130.15,0.0,0.0
2012-07-21,3,0,0,0,24.6,2.5,120.81,0.0,0.0
2012-07-21,4,0,0,0,24.6,2.3,109.64,0.0,0.0
2012-07-21,5,0,0,0,24.7,2.2,97.39,0.0,0.0
2012-07-21,6,63,366,27,25.0,2.2,84.32,270900.0,243772.605
2012-07-21,7,137,8,134,25.4,2.2,71.08,589100.0,555066.71
2012-07-21,8,505,814,68,25.8,2.2,57.49,2171500.0,2090121.128
2012-07-21,9,714,882,77,26.3,2.0,43.71,3070200.0,2952291.694
2012-07-21,10,263,1,263,26.6,1.9,29.82,1130900.0,1083093.532
2012-07-21,11,519,66,455,26.8,1.7,15.86,2231700.0,2148092.417
2012-07-21,12,621,126,494,26.9,1.6,2.09,2670300.0,2569508.813
2012-07-21,13,552,90,464,26.9,1.4,12.26,2373600.0,2284615.039
2012-07-21,14,416,17,400,26.9,1.4,26.22,1788800.0,1720856.549
2012-07-21,15,761,890,80,26.8,1.5,40.15,3272300.0,3145215.1
2012-07-21,16,402,167,304,26.7,1.8,53.97,1728600.0,1662654.713
2012-07-21,17,334,724,58,26.5,2.2,67.62,1436200.0,1379514.331
2012-07-21,18,111,480,36,26.2,2.8,81.0,477300.0,445792.871
2012-07-21,19,0,0,0,26.0,3.3,94.15,0.0,0.0
2012-07-21,20,0,0,0,25.7,3.7,106.63,0.0,0.0
2012-07-21,21,0,0,0,25.5,4.0,118.17,0.0,0.0
2012-07-21,22,0,0,0,25.4,4.3,128.11,0.0,0.0
2012-07-21,23,0,0,0,25.3,4.5,135.37,0.0,0.0
2012-07-22,0,0,0,0,25.2,4.5,138.52,0.0,0.0
2012-07-22,1,0,0,0,25.2,4.4,136.65,0.0,0.0
2012-07-22,2,0,0,0,25.1,4.1,130.32,0.0,0.0
2012-07-22,3,0,0,0,25.1,3.8,120.96,0.0,0.0
2012-07-22,4,0,0,0,25.1,3.7,109.76,0.0,0.0
2012-07-22,5,0,0,0,25.2,3.7,97.48,0.0,0.0
2012-07-22,6,62,361,26,25.4,3.8,84.4,266600.0,239559.932
2012-07-22,7,274,685,53,25.7,3.8,71.15,1178200.0,1129070.641
2012-07-22,8,504,816,66,26.0,3.7,57.55,2167200.0,2085979.122
2012-07-22,9,713,884,75,26.3,3.6,43.76,3065900.0,2948183.103
2012-07-22,10,880,922,81,26.7,3.4,29.85,3784000.0,3583333.333
2012-07-22,11,988,929,95,27.0,3.3,15.89,4248400.0,3583333.333
2012-07-22,12,1035,939,96,27.2,3.2,2.2,4450500.0,3583333.333
2012-07-22,13,1007,933,95,27.3,3.3,12.28,4330100.0,3583333.333
2012-07-22,14,914,919,89,27.4,3.5,26.24,3930200.0,3583333.333
2012-07-22,15,760,884,84,27.3,3.8,40.17,3268000.0,3141114.024
2012-07-22,16,560,824,75,27.1,4.1,54.0,2408000.0,2317685.212
2012-07-22,17,331,711,61,26.7,4.4,67.67,1423300.0,1367005.816
2012-07-22,18,108,456,37,26.4,4.7,81.06,464400.0,433177.396
2012-07-22,19,0,0,0,26.1,5.0,94.23,0.0,0.0
2012-07-22,20,0,0,0,25.9,5.4,106.73,0.0,0.0
2012-07-22,21,0,0,0,25.8,5.8,118.29,0.0,0.0
2012-07-22,22,0,0,0,25.7,5.9,128.26,0.0,0.0
2012-07-22,23,0,0,0,25.7,6.0,135.56,0.0,0.0
2012-07-23,0,0,0,0,25.7,5.9,138.73,0.0,0.0
2012-07-23,1,0,0,0,25.6,5.8,136.85,0.0,0.0
2012-07-23,2,0,0,0,25.6,5.7,130.5,0.0,0.0
2012-07-23,3,0,0,0,25.5,5.6,121.1,0.0,0.0
2012-07-23,4,0,0,0,25.5,5.6,109.88,0.0,0.0
2012-07-23,5,0,0,0,25.5,5.7,97.58,0.0,0.0
2012-07-23,6,34,0,34,25.6,5.8,84.48,146200.0,121540.187
2012-07-23,7,170,31,160,25.8,6.0,71.21,731000.0,693604.786
2012-07-23,8,497,784,77,26.1,6.0,57.6,2137100.0,2056980.607
2012-07-23,9,397,79,339,26.4,5.9,43.8,1707100.0,1641860.748
2012-07-23,10,873,896,96,26.8,5.9,29.89,3753900.0,3583333.333
2012-07-23,11,981,908,108,27.1,5.9,15.92,4218300.0,3583333.333
2012-07-23,12,1024,915,110,27.3,5.8,2.33,4403200.0,3583333.333
2012-07-23,13,753,260,499,27.4,5.8,12.3,3237900.0,3112402.015
2012-07-23,14,648,203,466,27.4,6.0,26.27,2786400.0,2680781.78
2012-07-23,15,752,857,98,27.4,6.2,40.2,3233600.0,3108299.66
2012-07-23,16,552,793,86,27.1,6.5,54.04,2373600.0,2284615.039
2012-07-23,17,326,676,70,26.8,6.8,67.72,1401800.0,1346155.094
2012-07-23,18,104,403,42,26.4,7.0,81.12,447200.0,416354.525
2012-07-23,19,0,0,0,26.0,7.1,94.31,0.0,0.0
2012-07-23,20,0,0,0,25.8,7.1,106.83,0.0,0.0
2012-07-23,21,0,0,0,25.6,7.0,118.42,0.0,0.0
2012-07-23,22,0,0,0,25.5,7.0,128.42,0.0,0.0
2012-07-23,23,0,0,0,25.4,6.8,135.75,0.0,0.0
2012-07-24,0,0,0,0,25.3,6.8,138.94,0.0,0.0
2012-07-24,1,0,0,0,25.3,6.8,137.05,0.0,0.0
2012-07-24,2,0,0,0,25.2,6.8,130.67,0.0,0.0
2012-07-24,3,0,0,0,25.1,6.9,121.24,0.0,0.0
2012-07-24,4,0,0,0,25.1,7.0,109.99,0.0,0.0
2012-07-24,5,0,0,0,25.2,7.1,97.67,0.0,0.0
2012-07-24,6,53,214,33,25.4,7.4,84.55,227900.0,201638.684
2012-07-24,7,256,562,76,25.8,7.5,71.28,1100800.0,1053825.298
2012-07-24,8,485,722,98,26.1,7.5,57.65,2085500.0,2007250.641
2012-07-24,9,469,124,379,26.3,7.5,43.84,2016700.0,1940908.206
2012-07-24,10,864,863,115,26.4,7.5,29.92,3715200.0,3566769.616
2012-07-24,11,979,908,106,26.5,7.5,15.96,4209700.0,3583333.333
2012-07-24,12,1021,908,114,26.6,7.5,2.48,4390300.0,3583333.333
2012-07-24,13,993,895,119,26.6,7.5,12.33,4269900.0,3583333.333
2012-07-24,14,904,895,102,26.6,7.6,26.29,3887200.0,3583333.333
2012-07-24,15,750,858,95,26.5,7.7,40.24,3225000.0,3100094.47
2012-07-24,16,550,791,86,26.3,7.9,54.09,2365000.0,2276345.897
2012-07-24,17,323,669,70,26.1,8.0,67.78,1388900.0,1333642.742
2012-07-24,18,103,400,41,25.8,8.1,81.19,442900.0,412148.407
2012-07-24,19,0,0,0,25.6,8.0,94.4,0.0,0.0
2012-07-24,20,0,0,0,25.5,7.8,106.94,0.0,0.0
2012-07-24,21,0,0,0,25.4,7.5,118.55,0.0,0.0
2012-07-24,22,0,0,0,25.4,7.2,128.59,0.0,0.0
2012-07-24,23,0,0,0,25.2,6.9,135.95,0.0,0.0
2012-07-25,0,0,0,0,25.1,6.8,139.16,0.0,0.0
2012-07-25,1,0,0,0,25.0,6.7,137.26,0.0,0.0
2012-07-25,2,0,0,0,25.0,6.6,130.85,0.0,0.0
2012-07-25,3,0,0,0,24.9,6.5,121.39,0.0,0.0
2012-07-25,4,0,0,0,25.0,6.4,110.11,0.0,0.0
2012-07-25,5,0,0,0,25.1,6.5,97.77,0.0,0.0
2012-07-25,6,57,315,28,25.4,6.8,84.63,245100.0,218494.171
2012-07-25,7,270,665,58,25.8,7.0,71.34,1161000.0,1112353.931
2012-07-25,8,503,803,74,26.2,7.0,57.7,2162900.0,2081836.957
2012-07-25,9,714,872,85,26.6,7.0,43.88,3070200.0,2952291.694
2012-07-25,10,884,910,95,26.9,7.0,29.96,3801200.0,3583333.333
2012-07-25,11,992,923,104,27.1,6.9,15.99,4265600.0,3583333.333
2012-07-25,12,1036,930,107,27.1,6.9,2.63,4454800.0,3583333.333
2012-07-25,13,1009,924,106,27.1,7.0,12.37,4338700.0,3583333.333
2012-07-25,14,915,908,101,27.0,7.2,26.33,3934500.0,3583333.333
2012-07-25,15,757,865,97,26.8,7.4,40.28,3255100.0,3128809.836
2012-07-25,16,554,797,87,26.6,7.6,54.13,2382200.0,2292883.542
2012-07-25,17,325,675,71,26.2,7.8,67.84,1397500.0,1341984.47
2012-07-25,18,103,403,42,25.9,7.9,81.26,442900.0,412148.407
2012-07-25,19,0,0,0,25.6,7.9,94.49,0.0,0.0
2012-07-25,20,0,0,0,25.4,7.9,107.05,0.0,0.0
2012-07-25,21,0,0,0,25.3,7.7,118.69,0.0,0.0
2012-07-25,22,0,0,0,25.2,7.6,128.76,0.0,0.0
2012-07-25,23,0,0,0,25.0,7.4,136.15,0.0,0.0
2012-07-26,0,0,0,0,24.9,7.2,139.38,0.0,0.0
2012-07-26,1,0,0,0,24.9,7.0,137.47,0.0,0.0
2012-07-26,2,0,0,0,24.8,6.7,131.03,0.0,0.0
2012-07-26,3,0,0,0,24.7,6.4,121.54,0.0,0.0
2012-07-26,4,0,0,0,24.7,6.2,110.23,0.0,0.0
2012-07-26,5,0,0,0,24.9,6.2,97.87,0.0,0.0
2012-07-26,6,57,334,26,25.2,6.3,84.71,245100.0,218494.171
2012-07-26,7,270,672,56,25.6,6.5,71.4,1161000.0,1112353.931
2012-07-26,8,503,811,70,25.9,6.6,57.75,2162900.0,2081836.957
2012-07-26,9,712,879,79,26.3,6.7,43.93,3061600.0,2944074.353
2012-07-26,10,881,918,85,26.5,6.8,29.99,3788300.0,3583333.333
2012-07-26,11,991,936,91,26.7,6.8,16.03,4261300.0,3583333.333
2012-07-26,12,1035,942,94,26.8,6.8,2.8,4450500.0,3583333.333
2012-07-26,13,1007,934,95,26.9,6.9,12.42,4330100.0,3583333.333
2012-07-26,14,912,911,96,26.8,7.0,26.36,3921600.0,3583333.333
2012-07-26,15,757,875,89,26.7,7.1,40.32,3255100.0,3128809.836
2012-07-26,16,555,815,78,26.5,7.2,54.19,2386500.0,2297017.553
2012-07-26,17,327,697,64,26.2,7.2,67.9,1406100.0,1350325.558
2012-07-26,18,103,423,39,25.9,7.2,81.34,442900.0,412148.407
2012-07-26,19,0,0,0,25.6,7.2,94.59,0.0,0.0
2012-07-26,20,0,0,0,25.5,7.1,107.17,0.0,0.0
2012-07-26,21,0,0,0,25.3,7.0,118.84,0.0,0.0
2012-07-26,22,0,0,0,25.2,6.8,128.94,0.0,0.0
2012-07-26,23,0,0,0,25.1,6.6,136.36,0.0,0.0
2012-07-27,0,0,0,0,25.0,6.4,139.6,0.0,0.0
2012-07-27,1,0,0,0,25.0,6.3,137.68,0.0,0.0
2012-07-27,2,0,0,0,24.9,6.2,131.21,0.0,0.0
2012-07-27,3,0,0,0,24.8,6.2,121.69,0.0,0.0
2012-07-27,4,0,0,0,24.8,6.2,110.35,0.0,0.0
2012-07-27,5,0,0,0,24.9,6.4,97.96,0.0,0.0
2012-07-27,6,57,342,26,25.1,6.6,84.78,245100.0,218494.171
2012-07-27,7,270,678,54,25.5,6.8,71.46,1161000.0,1112353.931
2012-07-27,8,502,815,68,25.8,6.8,57.8,2158600.0,2077694.632
2012-07-27,9,714,884,78,26.1,6.7,43.97,3070200.0,2952291.694
2012-07-27,10,881,921,84,26.3,6.5,30.03,3788300.0,3583333.333
2012-07-27,11,990,941,87,26.5,6.4,16.07,4257000.0,3583333.333
2012-07-27,12,1035,947,89,26.6,6.3,2.97,4450500.0,3583333.333
2012-07-27,13,1007,940,89,26.6,6.3,12.47,4330100.0,3583333.333
2012-07-27,14,909,913,92,26.5,6.3,26.41,3908700.0,3583333.333
2012-07-27,15,753,875,87,26.4,6.4,40.37,3237900.0,3112402.015
2012-07-27,16,551,809,79,26.2,6.5,54.24,2369300.0,2280480.548
2012-07-27,17,322,687,65,26.0,6.6,67.97,1384600.0,1329471.638
2012-07-27,18,100,414,39,25.7,6.6,81.42,430000.0,399529.096
2012-07-27,19,0,0,0,25.5,6.6,94.69,0.0,0.0
2012-07-27,20,0,0,0,25.4,6.7,107.29,0.0,0.0
2012-07-27,21,0,0,0,25.4,6.7,118.99,0.0,0.0
2012-07-27,22,0,0,0,25.4,6.6,129.12,0.0,0.0
2012-07-27,23,0,0,0,25.4,6.5,136.58,0.0,0.0
2012-07-28,0,0,0,0,25.4,6.4,139.84,0.0,0.0
2012-07-28,1,0,0,0,25.4,6.2,137.9,0.0,0.0
2012-07-28,2,0,0,0,25.3,6.0,131.4,0.0,0.0
2012-07-28,3,0,0,0,25.3,5.8,121.84,0.0,0.0
2012-07-28,4,0,0,0,25.3,5.7,110.47,0.0,0.0
2012-07-28,5,0,0,0,25.3,5.7,98.06,0.0,0.0
2012-07-28,6,53,295,27,25.4,6.0,84.86,227900.0,201638.684
2012-07-28,7,30,0,30,25.7,6.1,71.53,129000.0,104669.991
2012-07-28,8,197,4,195,25.9,6.2,57.85,847100.0,806824.617
2012-07-28,9,105,0,105,26.1,6.1,44.01,451500.0,420560.483
2012-07-28,10,535,132,420,26.3,6.0,30.06,2300500.0,2214306.947
2012-07-28,11,987,937,87,26.5,6.0,16.11,4244100.0,3583333.333
2012-07-28,12,1031,943,89,26.6,6.1,3.16,4433300.0,3583333.333
2012-07-28,13,1005,938,89,26.7,6.3,12.53,4321500.0,3583333.333
2012-07-28,14,907,907,94,26.7,6.6,26.46,3900100.0,3583333.333
2012-07-28,15,380,41,348,26.5,6.8,40.42,1634000.0,1571131.371
2012-07-28,16,552,815,76,26.3,7.0,54.3,2373600.0,2284615.039
2012-07-28,17,12,0,12,26.0,7.2,68.04,51600.0,28722.454
2012-07-28,18,102,448,36,25.7,7.3,81.51,438600.0,407942.13
2012-07-28,19,0,0,0,25.5,7.3,94.79,0.0,0.0
2012-07-28,20,0,0,0,25.4,7.4,107.42,0.0,0.0
2012-07-28,21,0,0,0,25.3,7.5,119.14,0.0,0.0
2012-07-28,22,0,0,0,25.3,7.5,129.31,0.0,0.0
2012-07-28,23,0,0,0,25.2,7.4,136.8,0.0,0.0
2012-07-29,0,0,0,0,25.2,7.2,140.07,0.0,0.0
2012-07-29,1,0,0,0,25.1,7.0,138.13,0.0,0.0
2012-07-29,2,0,0,0,25.1,6.8,131.59,0.0,0.0
2012-07-29,3,0,0,0,25.1,6.6,121.99,0.0,0.0
2012-07-29,4,0,0,0,25.1,6.5,110.59,0.0,0.0
2012-07-29,5,0,0,0,25.1,6.7,98.16,0.0,0.0
2012-07-29,6,50,241,29,25.2,7.0,84.93,215000.0,188995.39
2012-07-29,7,256,607,65,25.4,7.2,71.59,1100800.0,1053825.298
2012-07-29,8,342,120,278,25.7,7.2,57.9,1470600.0,1412863.335
2012-07-29,9,498,171,375,25.9,7.1,44.05,2141400.0,2061123.732
2012-07-29,10,467,67,409,26.2,7.0,30.1,2008100.0,1932612.524
2012-07-29,11,319,1,318,26.4,6.9,16.15,1371700.0,1316957.368
2012-07-29,12,858,424,434,26.6,6.8,3.35,3689400.0,3542259.568
2012-07-29,13,998,921,99,26.7,6.7,12.6,4291400.0,3583333.333
2012-07-29,14,904,907,92,26.8,6.6,26.51,3887200.0,3583333.333
2012-07-29,15,750,872,87,26.8,6.6,40.47,3225000.0,3100094.47
2012-07-29,16,549,810,78,26.6,6.8,54.37,2360700.0,2272211.086
2012-07-29,17,321,694,63,26.4,6.9,68.11,1380300.0,1325300.375
2012-07-29,18,99,418,38,26.1,6.9,81.6,425700.0,395322.339
2012-07-29,19,0,0,0,25.8,7.0,94.9,0.0,0.0
2012-07-29,20,0,0,0,25.7,7.0,107.55,0.0,0.0
2012-07-29,21,0,0,0,25.5,7.1,119.3,0.0,0.0
2012-07-29,22,0,0,0,25.4,7.1,129.5,0.0,0.0
2012-07-29,23,0,0,0,25.3,7.0,137.02,0.0,0.0
2012-07-30,0,0,0,0,25.3,6.9,140.31,0.0,0.0
2012-07-30,1,0,0,0,25.2,6.8,138.35,0.0,0.0
2012-07-30,2,0,0,0,25.2,6.8,131.78,0.0,0.0
2012-07-30,3,0,0,0,25.2,6.7,122.14,0.0,0.0
2012-07-30,4,0,0,0,25.2,6.7,110.71,0.0,0.0
2012-07-30,5,0,0,0,25.2,6.8,98.25,0.0,0.0
2012-07-30,6,51,281,27,25.4,7.0,85.01,219300.0,193209.981
2012-07-30,7,260,637,59,25.7,7.1,71.65,1118000.0,1070550.962
2012-07-30,8,490,779,77,25.9,7.1,57.95,2107000.0,2027974.258
2012-07-30,9,307,10,300,26.2,7.0,44.09,1320100.0,1266885.897
2012-07-30,10,864,886,99,26.5,7.0,30.13,3715200.0,3566769.616
2012-07-30,11,975,912,99,26.7,7.0,16.2,4192500.0,3583333.333
2012-07-30,12,1016,915,103,26.9,7.1,3.55,4368800.0,3583333.333
2012-07-30,13,988,907,103,26.9,7.3,12.68,4248400.0,3583333.333
2012-07-30,14,890,879,104,26.9,7.4,26.57,3827000.0,3583333.333
2012-07-30,15,735,837,99,26.8,7.7,40.53,3160500.0,3038535.161
2012-07-30,16,241,11,234,26.6,7.9,54.44,1036300.0,991081.275
2012-07-30,17,308,636,72,26.3,8.1,68.19,1324400.0,1271059.399
2012-07-30,18,91,341,42,26.0,8.1,81.69,391300.0,361662.527
2012-07-30,19,0,0,0,25.8,8.1,95.01,0.0,0.0
2012-07-30,20,0,0,0,25.7,8.0,107.69,0.0,0.0
2012-07-30,21,0,0,0,25.6,7.9,119.46,0.0,0.0
2012-07-30,22,0,0,0,25.6,7.7,129.7,0.0,0.0
2012-07-30,23,0,0,0,25.5,7.6,137.26,0.0,0.0
2012-07-31,0,0,0,0,25.4,7.6,140.56,0.0,0.0
2012-07-31,1,0,0,0,25.4,7.5,138.58,0.0,0.0
2012-07-31,2,0,0,0,25.3,7.4,131.97,0.0,0.0
2012-07-31,3,0,0,0,25.4,7.3,122.29,0.0,0.0
2012-07-31,4,0,0,0,25.4,7.2,110.84,0.0,0.0
2012-07-31,5,0,0,0,25.4,7.3,98.35,0.0,0.0
2012-07-31,6,28,1,28,25.6,7.4,85.08,120400.0,96233.934
2012-07-31,7,245,546,73,25.9,7.5,71.71,1053500.0,1007816.532
2012-07-31,8,471,708,96,26.2,7.6,58.0,2025300.0,1949203.249
2012-07-31,9,112,0,112,26.4,7.6,44.13,481600.0,449997.709
2012-07-31,10,492,107,399,26.6,7.5,30.17,2115600.0,2036262.586
2012-07-31,11,955,862,128,26.8,7.5,16.25,4106500.0,3583333.333
2012-07-31,12,998,866,134,26.9,7.6,3.76,4291400.0,3583333.333
2012-07-31,13,971,855,137,27.0,7.6,12.77,4175300.0,3583333.333
2012-07-31,14,888,873,107,27.0,7.6,26.63,3818400.0,3583333.333
2012-07-31,15,733,831,102,26.9,7.6,40.6,3151900.0,3030324.535
2012-07-31,16,533,762,91,26.7,7.6,54.51,2291900.0,2206032.369
2012-07-31,17,307,630,74,26.4,7.6,68.28,1320100.0,1266885.897
2012-07-31,18,90,338,42,26.1,7.4,81.79,387000.0,357454.331
2012-07-31,19,0,0,0,25.9,7.2,95.13,0.0,0.0
2012-07-31,20,0,0,0,25.9,7.0,107.83,0.0,0.0
2012-07-31,21,0,0,0,25.8,6.7,119.63,0.0,0.0
2012-07-31,22,0,0,0,25.8,6.5,129.9,0.0,0.0
2012-07-31,23,0,0,0,25.7,6.3,137.49,0.0,0.0
2012-08-01,0,0,0,0,25.6,6.1,140.82,0.0,0.0
2012-08-01,1,0,0,0,25.6,6.1,138.82,0.0,0.0
2012-08-01,2,0,0,0,25.6,6.0,132.16,0.0,0.0
2012-08-01,3,0,0,0,25.6,6.0,122.45,0.0,0.0
2012-08-01,4,0,0,0,25.6,5.9,110.96,0.0,0.0
2012-08-01,5,0,0,0,25.7,6.0,98.44,0.0,0.0
2012-08-01,6,47,230,28,25.9,6.1,85.16,202100.0,176350.657
2012-08-01,7,69,0,69,26.1,6.2,71.77,296700.0,269045.283
2012-08-01,8,217,11,211,26.5,6.2,58.05,933100.0,890616.015
2012-08-01,9,692,832,95,26.7,6.1,44.17,2975600.0,2861865.771
2012-08-01,10,860,875,104,27.0,6.1,30.21,3698000.0,3550430.223
2012-08-01,11,968,890,114,27.2,6.1,16.3,4162400.0,3583333.333
2012-08-01,12,1012,898,117,27.3,6.2,3.98,4351600.0,3583333.333
2012-08-01,13,984,890,117,27.4,6.2,12.86,4231200.0,3583333.333
2012-08-01,14,889,870,112,27.4,6.3,26.7,3822700.0,3583333.333
2012-08-01,15,734,830,105,27.2,6.5,40.67,3156200.0,3034429.928
2012-08-01,16,533,759,94,27.0,6.7,54.59,2291900.0,2206032.369
2012-08-01,17,306,624,76,26.7,6.9,68.37,1315800.0,1262712.235
2012-08-01,18,88,323,43,26.3,7.0,81.89,378400.0,349037.459
2012-08-01,19,0,0,0,26.0,7.1,95.25,0.0,0.0
2012-08-01,20,0,0,0,25.9,7.1,107.97,0.0,0.0
2012-08-01,21,0,0,0,25.8,6.9,119.8,0.0,0.0
2012-08-01,22,0,0,0,25.7,6.6,130.11,0.0,0.0
2012-08-01,23,0,0,0,25.6,6.3,137.74,0.0,0.0
2012-08-02,0,0,0,0,25.5,6.0,141.07,0.0,0.0
2012-08-02,1,0,0,0,25.4,5.8,139.06,0.0,0.0
2012-08-02,2,0,0,0,25.3,5.6,132.36,0.0,0.0
2012-08-02,3,0,0,0,25.2,5.5,122.6,0.0,0.0
2012-08-02,4,0,0,0,25.2,5.4,111.08,0.0,0.0
2012-08-02,5,0,0,0,25.3,5.4,98.54,0.0,0.0
2012-08-02,6,49,301,24,25.5,5.6,85.23,210700.0,184780.639
2012-08-02,7,259,658,53,25.8,5.7,71.83,1113700.0,1066369.786
2012-08-02,8,490,799,68,26.1,5.7,58.09,2107000.0,2027974.258
2012-08-02,9,701,868,79,26.4,5.7,44.2,3014300.0,2898867.547
2012-08-02,10,342,4,339,26.6,5.7,30.24,1470600.0,1412863.335
2012-08-02,11,399,6,393,26.8,5.7,16.35,1715700.0,1650178.814
2012-08-02,12,1020,922,101,27.0,5.7,4.21,4386000.0,3583333.333
2012-08-02,13,435,12,423,27.1,5.6,12.96,1870500.0,1799794.634
2012-08-02,14,311,1,310,27.1,5.5,26.78,1337300.0,1283578.946
2012-08-02,15,499,142,391,27.0,5.5,40.74,2145700.0,2065266.697
2012-08-02,16,539,791,82,26.9,5.5,54.67,2317700.0,2230854.185
2012-08-02,17,311,669,65,26.7,5.6,68.46,1337300.0,1283578.946
2012-08-02,18,62,6,61,26.4,5.7,81.99,266600.0,239559.932
2012-08-02,19,0,0,0,26.2,5.9,95.37,0.0,0.0
2012-08-02,20,0,0,0,26.0,6.0,108.12,0.0,0.0
2012-08-02,21,0,0,0,25.9,6.1,119.98,0.0,0.0
2012-08-02,22,0,0,0,25.8,6.3,130.32,0.0,0.0
2012-08-02,23,0,0,0,25.7,6.4,137.98,0.0,0.0
2012-08-03,0,0,0,0,25.6,6.4,141.34,0.0,0.0
2012-08-03,1,0,0,0,25.4,6.5,139.3,0.0,0.0
2012-08-03,2,0,0,0,25.4,6.5,132.56,0.0,0.0
2012-08-03,3,0,0,0,25.3,6.5,122.76,0.0,0.0
2012-08-03,4,0,0,0,25.4,6.4,111.2,0.0,0.0
2012-08-03,5,0,0,0,25.5,6.2,98.63,0.0,0.0
2012-08-03,6,48,275,25,25.7,6.1,85.3,206400.0,180565.728
2012-08-03,7,255,634,58,26.0,5.8,71.89,1096500.0,1049643.483
2012-08-03,8,486,781,73,26.3,5.5,58.14,2089800.0,2011395.684
2012-08-03,9,289,5,285,26.7,5.2,44.24,1242700.0,1191735.523
2012-08-03,10,624,213,441,27.0,5.0,30.28,2683200.0,2581878.232
2012-08-03,11,978,919,97,27.2,4.8,16.4,4205400.0,3583333.333
2012-08-03,12,944,662,283,27.4,4.4,4.44,4059200.0,3583333.333
2012-08-03,13,996,921,98,27.5,4.2,13.07,4282800.0,3583333.333
2012-08-03,14,901,905,93,27.5,4.1,26.86,3874300.0,3583333.333
2012-08-03,15,745,868,88,27.4,4.3,40.82,3203500.0,3079578.697
2012-08-03,16,542,803,78,27.2,4.8,54.75,2330600.0,2243262.934
2012-08-03,17,245,262,149,26.9,5.3,68.56,1053500.0,1007816.532
2012-08-03,18,90,385,37,26.6,5.9,82.1,387000.0,357454.331
2012-08-03,19,0,0,0,26.3,6.4,95.5,0.0,0.0
2012-08-03,20,0,0,0,26.0,6.8,108.27,0.0,0.0
2012-08-03,21,0,0,0,25.8,7.0,120.16,0.0,0.0
2012-08-03,22,0,0,0,25.7,6.9,130.54,0.0,0.0
2012-08-03,23,0,0,0,25.6,6.7,138.24,0.0,0.0
2012-08-04,0,0,0,0,25.5,6.4,141.6,0.0,0.0
2012-08-04,1,0,0,0,25.4,6.0,139.54,0.0,0.0
2012-08-04,2,0,0,0,25.3,5.8,132.76,0.0,0.0
2012-08-04,3,0,0,0,25.1,5.7,122.92,0.0,0.0
2012-08-04,4,0,0,0,25.0,5.6,111.32,0.0,0.0
2012-08-04,5,0,0,0,25.1,5.7,98.73,0.0,0.0
2012-08-04,6,48,308,23,25.3,5.9,85.37,206400.0,180565.728
2012-08-04,7,259,670,52,25.5,6.0,71.94,1113700.0,1066369.786
2012-08-04,8,492,810,65,25.9,5.9,58.19,2115600.0,2036262.586
2012-08-04,9,705,884,72,26.2,5.7,44.28,3031500.0,2915308.624
2012-08-04,10,874,924,77,26.6,5.5,30.32,3758200.0,3583333.333
2012-08-04,11,985,936,88,26.8,5.4,16.46,4235500.0,3583333.333
2012-08-04,12,1030,944,89,27.1,5.5,4.68,4429000.0,3583333.333
2012-08-04,13,1003,939,88,27.2,5.6,13.19,4312900.0,3583333.333
2012-08-04,14,904,912,91,27.2,5.8,26.94,3887200.0,3583333.333
2012-08-04,15,747,874,87,27.1,6.1,40.91,3212100.0,3087785.486
2012-08-04,16,543,806,78,26.9,6.4,54.84,2334900.0,2247398.864
2012-08-04,17,310,674,65,26.6,6.6,68.66,1333000.0,1279405.923
2012-08-04,18,88,374,37,26.2,6.8,82.22,378400.0,349037.459
2012-08-04,19,0,0,0,25.9,6.9,95.64,0.0,0.0
2012-08-04,20,0,0,0,25.7,6.9,108.43,0.0,0.0
2012-08-04,21,0,0,0,25.5,6.7,120.35,0.0,0.0
2012-08-04,22,0,0,0,25.3,6.6,130.76,0.0,0.0
2012-08-04,23,0,0,0,25.2,6.4,138.49,0.0,0.0
2012-08-05,0,0,0,0,25.1,6.1,141.87,0.0,0.0
2012-08-05,1,0,0,0,25.0,5.9,139.79,0.0,0.0
2012-08-05,2,0,0,0,25.0,5.7,132.96,0.0,0.0
2012-08-05,3,0,0,0,24.9,5.6,123.07,0.0,0.0
2012-08-05,4,0,0,0,24.9,5.5,111.44,0.0,0.0
2012-08-05,5,0,0,0,24.9,5.6,98.82,0.0,0.0
2012-08-05,6,46,291,23,25.1,5.8,85.45,197800.0,172135.426
2012-08-05,7,254,648,54,25.5,5.8,72.0,1092200.0,1045461.507
2012-08-05,8,485,789,69,25.8,5.6,58.23,2085500.0,2007250.641
2012-08-05,9,694,861,79,26.2,5.4,44.32,2984200.0,2870089.507
2012-08-05,10,863,901,85,26.5,5.2,30.36,3710900.0,3562685.008
2012-08-05,11,971,911,97,26.8,5.0,16.52,4175300.0,3583333.333
2012-08-05,12,1015,919,99,27.1,4.9,4.93,4364500.0,3583333.333
2012-08-05,13,989,916,98,27.3,4.7,13.31,4252700.0,3583333.333
2012-08-05,14,894,899,93,27.3,4.8,27.03,3844200.0,3583333.333
2012-08-05,15,739,865,86,27.3,4.9,41.0,3177700.0,3054954.494
2012-08-05,16,537,802,76,27.0,5.1,54.94,2309100.0,2222580.886
2012-08-05,17,308,683,61,26.7,5.3,68.76,1324400.0,1271059.399
2012-08-05,18,87,399,34,26.3,5.5,82.33,374100.0,344828.783
2012-08-05,19,0,0,0,26.0,5.7,95.77,0.0,0.0
2012-08-05,20,0,0,0,25.8,5.7,108.59,0.0,0.0
2012-08-05,21,0,0,0,25.6,5.7,120.54,0.0,0.0
2012-08-05,22,0,0,0,25.5,5.5,130.99,0.0,0.0
2012-08-05,23,0,0,0,25.4,5.3,138.76,0.0,0.0
2012-08-06,0,0,0,0,25.3,5.1,142.15,0.0,0.0
2012-08-06,1,0,0,0,25.2,4.9,140.04,0.0,0.0
2012-08-06,2,0,0,0,25.1,4.9,133.16,0.0,0.0
2012-08-06,3,0,0,0,25.0,4.9,123.23,0.0,0.0
2012-08-06,4,0,0,0,25.0,5.0,111.57,0.0,0.0
2012-08-06,5,0,0,0,25.0,5.1,98.92,0.0,0.0
2012-08-06,6,47,319,22,25.2,5.2,85.52,202100.0,176350.657
2012-08-06,7,255,666,50,25.5,5.2,72.06,1096500.0,1049643.483
2012-08-06,8,485,799,65,25.9,5.1,58.28,2085500.0,2007250.641
2012-08-06,9,695,866,77,26.3,4.9,44.36,2988500.0,2874201.136
2012-08-06,10,321,2,319,26.6,4.8,30.4,1380300.0,1325300.375
2012-08-06,11,497,54,445,26.8,4.8,16.59,2137100.0,2056980.607
2012-08-06,12,352,2,350,27.0,5.0,5.18,1513600.0,1454535.202
2012-08-06,13,990,923,93,27.1,5.4,13.45,4257000.0,3583333.333
2012-08-06,14,890,885,102,27.2,5.8,27.13,3827000.0,3583333.333
2012-08-06,15,733,845,96,27.1,6.2,41.09,3151900.0,3030324.535
2012-08-06,16,531,776,86,26.9,6.6,55.04,2283300.0,2197757.152
2012-08-06,17,302,646,69,26.7,6.8,68.87,1298600.0,1246015.989
2012-08-06,18,83,343,38,26.4,7.0,82.46,356900.0,327992.482
2012-08-06,19,0,0,0,26.2,7.1,95.91,0.0,0.0
2012-08-06,20,0,0,0,26.1,7.1,108.75,0.0,0.0
2012-08-06,21,0,0,0,26.0,6.8,120.74,0.0,0.0
2012-08-06,22,0,0,0,26.0,6.5,131.22,0.0,0.0
2012-08-06,23,0,0,0,25.9,6.1,139.02,0.0,0.0
2012-08-07,0,0,0,0,25.8,5.8,142.43,0.0,0.0
2012-08-07,1,0,0,0,25.7,5.5,140.3,0.0,0.0
2012-08-07,2,0,0,0,25.6,5.4,133.37,0.0,0.0
2012-08-07,3,0,0,0,25.4,5.4,123.39,0.0,0.0
2012-08-07,4,0,0,0,25.3,5.5,111.69,0.0,0.0
2012-08-07,5,0,0,0,25.2,5.8,99.01,0.0,0.0
2012-08-07,6,45,287,23,25.3,6.2,85.59,193500.0,167920.036
2012-08-07,7,257,659,54,25.6,6.5,72.11,1105100.0,1058006.954
2012-08-07,8,492,801,71,26.0,6.7,58.32,2115600.0,2036262.586
2012-08-07,9,706,873,83,26.3,6.8,44.4,3035800.0,2919418.493
2012-08-07,10,878,912,92,26.6,6.8,30.44,3775400.0,3583333.333
2012-08-07,11,992,930,100,26.9,6.7,16.66,4265600.0,3583333.333
2012-08-07,12,1035,935,105,27.1,6.6,5.44,4450500.0,3583333.333
2012-08-07,13,1007,927,105,27.1,6.5,13.59,4330100.0,3583333.333
2012-08-07,14,912,921,93,27.2,6.5,27.24,3921600.0,3583333.333
2012-08-07,15,752,880,89,27.1,6.6,41.19,3233600.0,3108299.66
2012-08-07,16,544,811,81,26.9,6.9,55.14,2339200.0,2251534.634
2012-08-07,17,309,677,66,26.5,7.3,68.98,1328700.0,1275232.741
2012-08-07,18,57,4,57,26.1,7.6,82.58,245100.0,218494.171
2012-08-07,19,0,0,0,25.8,7.8,96.06,0.0,0.0
2012-08-07,20,0,0,0,25.6,7.8,108.92,0.0,0.0
2012-08-07,21,0,0,0,25.5,7.7,120.93,0.0,0.0
2012-08-07,22,0,0,0,25.4,7.5,131.45,0.0,0.0
2012-08-07,23,0,0,0,25.3,7.3,139.29,0.0,0.0
2012-08-08,0,0,0,0,25.3,7.1,142.72,0.0,0.0
2012-08-08,1,0,0,0,25.3,6.9,140.55,0.0,0.0
2012-08-08,2,0,0,0,25.3,6.8,133.58,0.0,0.0
2012-08-08,3,0,0,0,25.3,6.7,123.55,0.0,0.0
2012-08-08,4,0,0,0,25.3,6.7,111.81,0.0,0.0
2012-08-08,5,0,0,0,25.3,6.8,99.1,0.0,0.0
2012-08-08,6,45,280,24,25.4,7.1,85.66,193500.0,167920.036
2012-08-08,7,259,664,55,25.6,7.3,72.17,1113700.0,1066369.786
2012-08-08,8,496,809,72,26.0,7.4,58.37,2132800.0,2052837.323
2012-08-08,9,713,879,85,26.3,7.4,44.44,3065900.0,2948183.103
2012-08-08,10,396,13,385,26.6,7.3,30.48,1702800.0,1637701.476
2012-08-08,11,468,23,446,26.8,7.1,16.73,2012400.0,1936760.445
2012-08-08,12,1041,940,106,26.9,6.9,5.71,4476300.0,3583333.333
2012-08-08,13,1013,936,104,27.0,6.7,13.74,4355900.0,3583333.333
2012-08-08,14,912,906,107,27.1,6.7,27.35,3921600.0,3583333.333
2012-08-08,15,391,47,356,27.0,6.7,41.29,1681300.0,1616902.715
2012-08-08,16,289,40,266,26.8,6.9,55.25,1242700.0,1191735.523
2012-08-08,17,307,663,70,26.5,7.1,69.1,1320100.0,1266885.897
2012-08-08,18,82,345,38,26.2,7.3,82.71,352600.0,323783.007
2012-08-08,19,0,0,0,26.0,7.4,96.21,0.0,0.0
2012-08-08,20,0,0,0,25.8,7.4,109.09,0.0,0.0
2012-08-08,21,0,0,0,25.7,7.3,121.14,0.0,0.0
2012-08-08,22,0,0,0,25.6,7.1,131.69,0.0,0.0
2012-08-08,23,0,0,0,25.5,6.7,139.57,0.0,0.0
2012-08-09,0,0,0,0,25.3,6.3,143.01,0.0,0.0
2012-08-09,1,0,0,0,25.2,5.8,140.81,0.0,0.0
2012-08-09,2,0,0,0,25.1,5.4,133.78,0.0,0.0
2012-08-09,3,0,0,0,25.1,5.1,123.71,0.0,0.0
2012-08-09,4,0,0,0,25.0,5.0,111.93,0.0,0.0
2012-08-09,5,0,0,0,25.1,5.1,99.2,0.0,0.0
2012-08-09,6,43,243,25,25.4,5.4,85.73,184900.0,159488.775
2012-08-09,7,253,627,61,25.7,5.7,72.23,1087900.0,1041279.372
2012-08-09,8,489,779,81,26.1,5.9,58.41,2102700.0,2023829.854
2012-08-09,9,704,858,92,26.4,6.1,44.48,3027200.0,2911198.595
2012-08-09,10,693,306,430,26.7,6.1,30.52,2979900.0,2865977.719
2012-08-09,11,992,933,98,26.9,6.1,16.81,4265600.0,3583333.333
2012-08-09,12,1035,938,102,27.0,6.2,5.98,4450500.0,3583333.333
2012-08-09,13,1006,929,104,27.1,6.3,13.9,4325800.0,3583333.333
2012-08-09,14,910,917,96,27.0,6.5,27.46,3913000.0,3583333.333
2012-08-09,15,750,881,89,26.9,6.8,41.4,3225000.0,3100094.47
2012-08-09,16,542,814,79,26.6,7.0,55.36,2330600.0,2243262.934
2012-08-09,17,307,685,64,26.3,7.1,69.22,1320100.0,1266885.897
2012-08-09,18,82,373,35,26.0,7.1,82.84,352600.0,323783.007
2012-08-09,19,0,0,0,25.8,7.0,96.36,0.0,0.0
2012-08-09,20,0,0,0,25.6,6.8,109.27,0.0,0.0
2012-08-09,21,0,0,0,25.6,6.5,121.34,0.0,0.0
2012-08-09,22,0,0,0,25.5,6.2,131.94,0.0,0.0
2012-08-09,23,0,0,0,25.4,5.8,139.85,0.0,0.0
2012-08-10,0,0,0,0,25.3,5.5,143.3,0.0,0.0
2012-08-10,1,0,0,0,25.2,5.4,141.08,0.0,0.0
2012-08-10,2,0,0,0,25.1,5.3,133.99,0.0,0.0
2012-08-10,3,0,0,0,25.0,5.3,123.87,0.0,0.0
2012-08-10,4,0,0,0,25.0,5.3,112.05,0.0,0.0
2012-08-10,5,0,0,0,25.0,5.5,99.29,0.0,0.0
2012-08-10,6,44,269,24,25.3,5.8,85.79,189200.0,163704.485
2012-08-10,7,258,658,58,25.6,6.1,72.28,1109400.0,1062188.45
2012-08-10,8,498,809,75,25.9,6.2,58.46,2141400.0,2061123.732
2012-08-10,9,715,882,86,26.2,6.3,44.52,3074500.0,2956400.124
2012-08-10,10,889,923,94,26.4,6.3,30.57,3822700.0,3583333.333
2012-08-10,11,1002,942,101,26.6,6.2,16.89,4308600.0,3583333.333
2012-08-10,12,664,169,496,26.8,6.1,6.25,2855200.0,2746666.317
2012-08-10,13,1016,947,98,26.9,6.0,14.07,4368800.0,3583333.333
2012-08-10,14,916,933,89,26.9,6.0,27.58,3938800.0,3583333.333
2012-08-10,15,753,894,84,26.8,6.0,41.51,3237900.0,3112402.015
2012-08-10,16,543,828,74,26.7,6.1,55.47,2334900.0,2247398.864
2012-08-10,17,307,702,59,26.3,6.2,69.34,1320100.0,1266885.897
2012-08-10,18,81,400,32,25.9,6.3,82.98,348300.0,319573.372
2012-08-10,19,0,0,0,25.6,6.2,96.52,0.0,0.0
2012-08-10,20,0,0,0,25.4,6.1,109.45,0.0,0.0
2012-08-10,21,0,0,0,25.3,5.9,121.56,0.0,0.0
2012-08-10,22,0,0,0,25.2,5.6,132.19,0.0,0.0
2012-08-10,23,0,0,0,25.1,5.3,140.14,0.0,0.0
2012-08-11,0,0,0,0,25.0,5.2,143.6,0.0,0.0
2012-08-11,1,0,0,0,25.0,5.2,141.34,0.0,0.0
2012-08-11,2,0,0,0,24.9,5.2,134.2,0.0,0.0
2012-08-11,3,0,0,0,24.9,5.4,124.03,0.0,0.0
2012-08-11,4,0,0,0,24.9,5.5,112.17,0.0,0.0
2012-08-11,5,0,0,0,24.9,5.7,99.38,0.0,0.0
2012-08-11,6,41,261,23,25.0,6.0,85.86,176300.0,151056.875
2012-08-11,7,251,643,56,25.2,6.1,72.34,1079300.0,1032914.621
2012-08-11,8,72,0,72,25.5,6.2,58.5,309600.0,281679.464
2012-08-11,9,700,863,85,25.8,6.2,44.56,3010000.0,2894756.878
2012-08-11,10,871,904,93,26.1,6.1,30.61,3745300.0,3583333.333
2012-08-11,11,985,939,87,26.4,6.0,16.97,4235500.0,3583333.333
2012-08-11,12,1030,947,89,26.6,5.9,6.54,4429000.0,3583333.333
2012-08-11,13,1002,941,89,26.7,6.0,14.25,4308600.0,3583333.333
2012-08-11,14,902,916,90,26.7,6.1,27.71,3878600.0,3583333.333
2012-08-11,15,742,879,85,26.6,6.3,41.63,3190600.0,3067267.315
2012-08-11,16,535,812,75,26.4,6.5,55.59,2300500.0,2214306.947
2012-08-11,17,300,683,61,26.1,6.8,69.47,1290000.0,1237666.907
2012-08-11,18,77,373,33,25.8,7.0,83.12,331100.0,302733.234
2012-08-11,19,0,0,0,25.6,7.2,96.68,0.0,0.0
2012-08-11,20,0,0,0,25.5,7.4,109.63,0.0,0.0
2012-08-11,21,0,0,0,25.4,7.5,121.77,0.0,0.0
2012-08-11,22,0,0,0,25.3,7.5,132.44,0.0,0.0
2012-08-11,23,0,0,0,25.2,7.3,140.43,0.0,0.0
2012-08-12,0,0,0,0,25.2,7.1,143.9,0.0,0.0
2012-08-12,1,0,0,0,25.1,6.8,141.61,0.0,0.0
2012-08-12,2,0,0,0,25.1,6.5,134.41,0.0,0.0
2012-08-12,3,0,0,0,25.2,6.2,124.19,0.0,0.0
2012-08-12,4,0,0,0,25.2,6.0,112.29,0.0,0.0
2012-08-12,5,0,0,0,25.2,6.1,99.47,0.0,0.0
2012-08-12,6,42,286,22,25.4,6.2,85.93,180600.0,155272.905
2012-08-12,7,255,670,53,25.6,6.3,72.39,1096500.0,1049643.483
2012-08-12,8,493,817,66,25.9,6.3,58.55,2119900.0,2040406.51
2012-08-12,9,709,892,74,26.2,6.2,44.6,3048700.0,2931747.143
2012-08-12,10,881,931,80,26.5,6.1,30.66,3788300.0,3583333.333
2012-08-12,11,993,952,83,26.8,6.0,17.06,4269900.0,3583333.333
2012-08-12,12,380,2,378,27.0,5.9,6.82,1634000.0,1571131.371
2012-08-12,13,1004,946,89,27.2,5.8,14.43,4317200.0,3583333.333
2012-08-12,14,902,917,92,27.3,5.8,27.84,3878600.0,3583333.333
2012-08-12,15,741,878,86,27.3,5.9,41.75,3186300.0,3063163.201
2012-08-12,16,117,0,117,27.1,6.1,55.72,503100.0,471019.504
2012-08-12,17,66,0,66,26.8,6.3,69.6,283800.0,256409.663
2012-08-12,18,74,332,35,26.5,6.7,83.26,318200.0,290101.451
2012-08-12,19,0,0,0,26.2,7.1,96.84,0.0,0.0
2012-08-12,20,0,0,0,26.0,7.2,109.82,0.0,0.0
2012-08-12,21,0,0,0,25.9,7.2,121.99,0.0,0.0
2012-08-12,22,0,0,0,25.8,7.1,132.7,0.0,0.0
2012-08-12,23,0,0,0,25.7,7.0,140.73,0.0,0.0
2012-08-13,0,0,0,0,25.7,6.8,144.21,0.0,0.0
2012-08-13,1,0,0,0,25.6,6.6,141.88,0.0,0.0
2012-08-13,2,0,0,0,25.5,6.5,134.63,0.0,0.0
2012-08-13,3,0,0,0,25.5,6.3,124.35,0.0,0.0
2012-08-13,4,0,0,0,25.4,6.2,112.41,0.0,0.0
2012-08-13,5,0,0,0,25.4,6.1,99.56,0.0,0.0
2012-08-13,6,39,227,23,25.5,6.2,86.0,167700.0,142624.335
2012-08-13,7,247,626,59,25.8,6.3,72.44,1062100.0,1016183.201
2012-08-13,8,481,777,76,26.0,6.3,58.59,2068300.0,1990668.869
2012-08-13,9,695,853,88,26.3,6.3,44.64,2988500.0,2874201.136
2012-08-13,10,865,895,95,26.5,6.1,30.71,3719500.0,3570854.065
2012-08-13,11,977,918,99,26.8,6.0,17.16,4201100.0,3583333.333
2012-08-13,12,1018,925,101,27.0,5.8,7.11,4377400.0,3583333.333
2012-08-13,13,988,918,100,27.2,5.7,14.62,4248400.0,3583333.333
2012-08-13,14,889,896,98,27.2,5.7,27.98,3822700.0,3583333.333
2012-08-13,15,728,854,92,27.2,5.8,41.88,3130400.0,3009795.173
2012-08-13,16,218,5,215,27.0,6.1,55.85,937400.0,894803.906
2012-08-13,17,289,642,66,26.7,6.4,69.74,1242700.0,1191735.523
2012-08-13,18,70,311,34,26.3,6.7,83.41,301000.0,273256.836
2012-08-13,19,0,0,0,26.1,6.9,97.01,0.0,0.0
2012-08-13,20,0,0,0,25.9,7.0,110.01,0.0,0.0
2012-08-13,21,0,0,0,25.7,7.1,122.21,0.0,0.0
2012-08-13,22,0,0,0,25.6,7.1,132.96,0.0,0.0
2012-08-13,23,0,0,0,25.5,7.1,141.02,0.0,0.0
2012-08-14,0,0,0,0,25.4,7.1,144.52,0.0,0.0
2012-08-14,1,0,0,0,25.3,7.0,142.15,0.0,0.0
2012-08-14,2,0,0,0,25.2,6.9,134.84,0.0,0.0
2012-08-14,3,0,0,0,25.2,6.8,124.5,0.0,0.0
2012-08-14,4,0,0,0,25.3,6.7,112.53,0.0,0.0
2012-08-14,5,0,0,0,25.4,6.8,99.65,0.0,0.0
2012-08-14,6,38,212,24,25.6,7.0,86.06,163400.0,138407.825
2012-08-14,7,246,614,61,25.9,7.2,72.5,1057800.0,1011999.947
2012-08-14,8,166,1,166,26.3,7.3,58.63,713800.0,676821.565
2012-08-14,9,695,846,94,26.5,7.3,44.68,2988500.0,2874201.136
2012-08-14,10,868,891,102,26.7,7.3,30.76,3732400.0,3583106.451
2012-08-14,11,979,910,110,26.9,7.3,17.25,4209700.0,3583333.333
2012-08-14,12,1021,913,116,27.0,7.3,7.41,4390300.0,3583333.333
2012-08-14,13,990,901,119,27.1,7.4,14.82,4257000.0,3583333.333
2012-08-14,14,891,883,112,27.0,7.5,28.13,3831300.0,3583333.333
2012-08-14,15,729,840,105,26.9,7.6,42.01,3134700.0,3013901.365
2012-08-14,16,521,764,93,26.7,7.8,55.98,2240300.0,2156371.471
2012-08-14,17,287,622,73,26.4,7.8,69.88,1234100.0,1183382.284
2012-08-14,18,68,282,36,26.1,7.8,83.56,292400.0,264833.57
2012-08-14,19,0,0,0,25.9,7.7,97.18,0.0,0.0
2012-08-14,20,0,0,0,25.8,7.6,110.2,0.0,0.0
2012-08-14,21,0,0,0,25.8,7.5,122.44,0.0,0.0
2012-08-14,22,0,0,0,25.7,7.4,133.22,0.0,0.0
2012-08-14,23,0,0,0,25.6,7.5,141.33,0.0,0.0
2012-08-15,0,0,0,0,25.4,7.5,144.83,0.0,0.0
2012-08-15,1,0,0,0,25.2,7.5,142.43,0.0,0.0
2012-08-15,2,0,0,0,25.2,7.4,135.05,0.0,0.0
2012-08-15,3,0,0,0,25.2,7.4,124.66,0.0,0.0
2012-08-15,4,0,0,0,25.2,7.4,112.65,0.0,0.0
2012-08-15,5,0,0,0,25.3,7.5,99.74,0.0,0.0
2012-08-15,6,38,202,24,25.4,7.6,86.13,163400.0,138407.825
2012-08-15,7,192,139,150,25.6,7.7,72.55,825600.0,785866.775
2012-08-15,8,153,0,153,25.9,7.7,58.68,657900.0,622258.43
2012-08-15,9,700,849,96,26.3,7.6,44.72,3010000.0,2894756.878
2012-08-15,10,871,891,106,26.5,7.5,30.82,3745300.0,3583333.333
2012-08-15,11,662,183,488,26.7,7.4,17.36,2846600.0,2738432.989
2012-08-15,12,799,302,501,26.9,7.3,7.71,3435700.0,3300937.519
2012-08-15,13,1000,932,100,26.9,7.3,15.03,4300000.0,3583333.333
2012-08-15,14,898,904,102,26.9,7.3,28.28,3861400.0,3583333.333
2012-08-15,15,736,866,94,26.8,7.4,42.15,3164800.0,3042640.234
2012-08-15,16,525,796,82,26.6,7.4,56.12,2257500.0,2172927.662
2012-08-15,17,290,660,65,26.4,7.4,70.02,1247000.0,1195911.903
2012-08-15,18,68,322,33,26.1,7.3,83.71,292400.0,264833.57
2012-08-15,19,0,0,0,26.0,7.3,97.35,0.0,0.0
2012-08-15,20,0,0,0,25.9,7.3,110.4,0.0,0.0
2012-08-15,21,0,0,0,25.8,7.3,122.66,0.0,0.0
2012-08-15,22,0,0,0,25.7,7.1,133.49,0.0,0.0
2012-08-15,23,0,0,0,25.6,6.9,141.64,0.0,0.0
2012-08-16,0,0,0,0,25.5,6.7,145.15,0.0,0.0
2012-08-16,1,0,0,0,25.4,6.5,142.71,0.0,0.0
2012-08-16,2,0,0,0,25.3,6.3,135.27,0.0,0.0
2012-08-16,3,0,0,0,25.3,6.2,124.82,0.0,0.0
2012-08-16,4,0,0,0,25.2,6.1,112.76,0.0,0.0
2012-08-16,5,0,0,0,25.2,6.1,99.83,0.0,0.0
2012-08-16,6,38,230,22,25.4,6.3,86.19,163400.0,138407.825
2012-08-16,7,69,0,69,25.7,6.4,72.6,296700.0,269045.283
2012-08-16,8,483,781,78,26.1,6.4,58.72,2076900.0,1998960.075
2012-08-16,9,699,858,90,26.5,6.4,44.76,3005700.0,2890646.05
2012-08-16,10,870,898,100,26.8,6.4,30.87,3741000.0,3583333.333
2012-08-16,11,983,923,102,27.0,6.4,17.47,4226900.0,3583333.333
2012-08-16,12,1026,931,104,27.1,6.4,8.02,4411800.0,3583333.333
2012-08-16,13,996,924,104,27.2,6.5,15.24,4282800.0,3583333.333
2012-08-16,14,897,913,95,27.1,6.5,28.43,3857100.0,3583333.333
2012-08-16,15,735,874,88,27.0,6.6,42.29,3160500.0,3038535.161
2012-08-16,16,526,805,78,26.7,6.8,56.26,2261800.0,2177066.31
2012-08-16,17,289,670,62,26.4,6.9,70.17,1242700.0,1191735.523
2012-08-16,18,67,333,32,26.1,7.0,83.87,288100.0,260621.696
2012-08-16,19,0,0,0,25.9,7.0,97.53,0.0,0.0
2012-08-16,20,0,0,0,25.7,7.0,110.6,0.0,0.0
2012-08-16,21,0,0,0,25.6,6.8,122.9,0.0,0.0
2012-08-16,22,0,0,0,25.6,6.6,133.76,0.0,0.0
2012-08-16,23,0,0,0,25.5,6.2,141.95,0.0,0.0
2012-08-17,0,0,0,0,25.4,5.8,145.47,0.0,0.0
2012-08-17,1,0,0,0,25.3,5.4,142.99,0.0,0.0
2012-08-17,2,0,0,0,25.2,5.0,135.48,0.0,0.0
2012-08-17,3,0,0,0,25.1,4.8,124.98,0.0,0.0
2012-08-17,4,0,0,0,25.0,4.7,112.88,0.0,0.0
2012-08-17,5,0,0,0,25.1,4.8,99.91,0.0,0.0
2012-08-17,6,39,274,21,25.4,5.1,86.26,167700.0,142624.335
2012-08-17,7,252,670,52,25.7,5.5,72.65,1083600.0,1037097.076
2012-08-17,8,492,818,67,26.0,5.7,58.77,2115600.0,2036262.586
2012-08-17,9,709,889,78,26.4,5.9,44.81,3048700.0,2931747.143
2012-08-17,10,881,927,86,26.7,6.0,30.93,3788300.0,3583333.333
2012-08-17,11,992,937,98,27.0,6.1,17.58,4265600.0,3583333.333
2012-08-17,12,1035,945,100,27.1,6.2,8.33,4450500.0,3583333.333
2012-08-17,13,1007,944,97,27.1,6.3,15.47,4330100.0,3583333.333
2012-08-17,14,906,929,91,27.1,6.4,28.59,3895800.0,3583333.333
2012-08-17,15,742,891,84,26.9,6.5,42.44,3190600.0,3067267.315
2012-08-17,16,530,824,74,26.7,6.7,56.4,2279000.0,2193619.303
2012-08-17,17,292,695,58,26.3,6.8,70.32,1255600.0,1204264.183
2012-08-17,18,67,365,29,26.0,6.8,84.03,288100.0,260621.696
2012-08-17,19,0,0,0,25.7,6.7,97.71,0.0,0.0
2012-08-17,20,0,0,0,25.6,6.6,110.81,0.0,0.0
2012-08-17,21,0,0,0,25.5,6.4,123.13,0.0,0.0
2012-08-17,22,0,0,0,25.3,6.2,134.04,0.0,0.0
2012-08-17,23,0,0,0,25.2,5.9,142.26,0.0,0.0
2012-08-18,0,0,0,0,25.0,5.7,145.8,0.0,0.0
2012-08-18,1,0,0,0,24.8,5.5,143.27,0.0,0.0
2012-08-18,2,0,0,0,24.8,5.3,135.69,0.0,0.0
2012-08-18,3,0,0,0,24.7,5.1,125.14,0.0,0.0
2012-08-18,4,0,0,0,24.7,5.0,113.0,0.0,0.0
2012-08-18,5,0,0,0,24.8,5.0,100.0,0.0,0.0
2012-08-18,6,39,321,19,25.0,5.1,86.32,167700.0,142624.335
2012-08-18,7,8,0,8,25.4,5.2,72.7,34400.0,11838.188
2012-08-18,8,492,834,60,25.9,5.2,58.81,2115600.0,2036262.586
2012-08-18,9,362,46,330,26.3,5.2,44.85,1556600.0,1496191.08
2012-08-18,10,556,143,433,26.7,5.2,30.99,2390800.0,2301151.405
2012-08-18,11,575,116,465,26.9,5.3,17.7,2472500.0,2379664.207
2012-08-18,12,319,1,318,26.9,5.4,8.64,1371700.0,1316957.368
2012-08-18,13,995,947,83,26.9,5.5,15.7,4278500.0,3583333.333
2012-08-18,14,441,40,406,26.7,5.7,28.76,1896300.0,1824710.459
2012-08-18,15,729,886,77,26.4,5.9,42.59,3134700.0,3013901.365
2012-08-18,16,520,821,67,26.1,6.1,56.55,2236000.0,2152232.024
2012-08-18,17,285,696,53,25.8,6.3,70.48,1225500.0,1175028.405
2012-08-18,18,65,377,26,25.6,6.4,84.19,279500.0,252197.47
2012-08-18,19,0,0,0,25.4,6.5,97.89,0.0,0.0
2012-08-18,20,0,0,0,25.4,6.6,111.01,0.0,0.0
2012-08-18,21,0,0,0,25.4,6.6,123.37,0.0,0.0
2012-08-18,22,0,0,0,25.3,6.5,134.32,0.0,0.0
2012-08-18,23,0,0,0,25.3,6.3,142.58,0.0,0.0
2012-08-19,0,0,0,0,25.2,6.2,146.13,0.0,0.0
2012-08-19,1,0,0,0,25.2,6.1,143.55,0.0,0.0
2012-08-19,2,0,0,0,25.1,6.0,135.91,0.0,0.0
2012-08-19,3,0,0,0,25.1,6.0,125.29,0.0,0.0
2012-08-19,4,0,0,0,25.1,6.0,113.11,0.0,0.0
2012-08-19,5,0,0,0,25.1,6.1,100.09,0.0,0.0
2012-08-19,6,37,259,20,25.4,6.4,86.38,159100.0,134191.156
2012-08-19,7,248,661,52,25.7,6.6,72.76,1066400.0,1020366.296
2012-08-19,8,487,815,66,25.9,6.6,58.85,2094100.0,2015540.567
2012-08-19,9,703,888,75,26.2,6.5,44.9,3022900.0,2907088.405
2012-08-19,10,875,927,81,26.5,6.4,31.05,3762500.0,3583333.333
2012-08-19,11,986,939,92,26.8,6.3,17.82,4239800.0,3583333.333
2012-08-19,12,1030,948,93,27.0,6.2,8.96,4429000.0,3583333.333
2012-08-19,13,999,942,93,27.2,6.1,15.93,4295700.0,3583333.333
2012-08-19,14,900,931,85,27.2,6.1,28.94,3870000.0,3583333.333
2012-08-19,15,735,890,82,27.2,6.2,42.74,3160500.0,3038535.161
2012-08-19,16,524,820,74,27.0,6.5,56.7,2253200.0,2168788.854
2012-08-19,17,285,679,60,26.7,6.7,70.63,1225500.0,1175028.405
2012-08-19,18,61,322,30,26.3,6.9,84.36,262300.0,235347.1
2012-08-19,19,0,0,0,26.0,7.1,98.08,0.0,0.0
2012-08-19,20,0,0,0,25.8,7.1,111.22,0.0,0.0
2012-08-19,21,0,0,0,25.7,7.0,123.61,0.0,0.0
2012-08-19,22,0,0,0,25.6,6.8,134.6,0.0,0.0
2012-08-19,23,0,0,0,25.5,6.6,142.9,0.0,0.0
2012-08-20,0,0,0,0,25.4,6.4,146.46,0.0,0.0
2012-08-20,1,0,0,0,25.3,6.4,143.83,0.0,0.0
2012-08-20,2,0,0,0,25.3,6.5,136.12,0.0,0.0
2012-08-20,3,0,0,0,25.3,6.6,125.45,0.0,0.0
2012-08-20,4,0,0,0,25.3,6.8,113.22,0.0,0.0
2012-08-20,5,0,0,0,25.3,7.0,100.17,0.0,0.0
2012-08-20,6,35,237,21,25.5,7.2,86.44,150500.0,125757.337
2012-08-20,7,245,647,53,25.8,7.4,72.81,1053500.0,1007816.532
2012-08-20,8,481,798,69,26.1,7.3,58.9,2068300.0,1990668.869
2012-08-20,9,697,872,80,26.5,7.2,44.94,2997100.0,2882423.912
2012-08-20,10,538,134,423,26.8,7.0,31.12,2313400.0,2226717.615
2012-08-20,11,733,267,479,27.0,6.8,17.95,3151900.0,3030324.535
2012-08-20,12,1022,945,89,27.2,6.6,9.28,4394600.0,3583333.333
2012-08-20,13,991,938,90,27.2,6.4,16.18,4261300.0,3583333.333
2012-08-20,14,887,909,93,27.2,6.3,29.12,3814100.0,3583333.333
2012-08-20,15,722,865,88,27.1,6.4,42.9,3104600.0,2985154.662
2012-08-20,16,510,790,79,26.9,6.6,56.86,2193000.0,2110828.757
2012-08-20,17,275,646,62,26.6,6.7,70.8,1182500.0,1133249.419
2012-08-20,18,57,290,29,26.3,6.7,84.53,245100.0,218494.171
2012-08-20,19,0,0,0,26.1,6.7,98.27,0.0,0.0
2012-08-20,20,0,0,0,26.0,6.5,111.44,0.0,0.0
2012-08-20,21,0,0,0,25.9,6.1,123.86,0.0,0.0
2012-08-20,22,0,0,0,25.8,5.8,134.89,0.0,0.0
2012-08-20,23,0,0,0,25.7,5.5,143.23,0.0,0.0
2012-08-21,0,0,0,0,25.6,5.3,146.79,0.0,0.0
2012-08-21,1,0,0,0,25.6,5.1,144.12,0.0,0.0
2012-08-21,2,0,0,0,25.5,4.9,136.34,0.0,0.0
2012-08-21,3,0,0,0,25.4,4.9,125.6,0.0,0.0
2012-08-21,4,0,0,0,25.4,4.9,113.34,0.0,0.0
2012-08-21,5,0,0,0,25.4,5.0,100.25,0.0,0.0
2012-08-21,6,36,283,19,25.6,5.2,86.51,154800.0,129974.326
2012-08-21,7,248,677,48,25.9,5.4,72.86,1066400.0,1020366.296
2012-08-21,8,486,824,61,26.2,5.6,58.94,2089800.0,2011395.684
2012-08-21,9,701,895,69,26.5,5.6,44.99,3014300.0,2898867.547
2012-08-21,10,590,175,441,26.8,5.6,31.18,2537000.0,2441607.229
2012-08-21,11,982,933,94,27.1,5.6,18.08,4222600.0,3583333.333
2012-08-21,12,1024,943,94,27.3,5.6,9.61,4403200.0,3583333.333
2012-08-21,13,992,940,91,27.3,5.6,16.43,4265600.0,3583333.333
2012-08-21,14,891,925,84,27.3,5.6,29.3,3831300.0,3583333.333
2012-08-21,15,727,889,77,27.2,5.7,43.07,3126100.0,3005688.821
2012-08-21,16,516,824,68,26.9,6.0,57.02,2218800.0,2135672.636
2012-08-21,17,279,695,53,26.5,6.2,70.96,1199700.0,1149962.932
2012-08-21,18,59,362,25,26.1,6.4,84.7,253700.0,226920.955
2012-08-21,19,0,0,0,25.9,6.5,98.46,0.0,0.0
2012-08-21,20,0,0,0,25.7,6.5,111.65,0.0,0.0
2012-08-21,21,0,0,0,25.6,6.3,124.1,0.0,0.0
2012-08-21,22,0,0,0,25.5,6.1,135.17,0.0,0.0
2012-08-21,23,0,0,0,25.4,5.7,143.56,0.0,0.0
2012-08-22,0,0,0,0,25.3,5.3,147.13,0.0,0.0
2012-08-22,1,0,0,0,25.2,5.0,144.4,0.0,0.0
2012-08-22,2,0,0,0,25.1,4.9,136.55,0.0,0.0
2012-08-22,3,0,0,0,25.1,4.8,125.76,0.0,0.0
2012-08-22,4,0,0,0,25.2,4.8,113.45,0.0,0.0
2012-08-22,5,0,0,0,25.3,4.9,100.34,0.0,0.0
2012-08-22,6,35,258,19,25.6,5.2,86.57,150500.0,125757.337
2012-08-22,7,244,657,51,26.0,5.4,72.91,1049200.0,1003632.958
2012-08-22,8,480,803,67,26.4,5.5,58.99,2064000.0,1986523.027
2012-08-22,9,696,875,77,26.8,5.5,45.04,2992800.0,2878312.604
2012-08-22,10,447,56,399,27.1,5.4,31.25,1922100.0,1849620.528
2012-08-22,11,979,935,90,27.3,5.3,18.22,4209700.0,3583333.333
2012-08-22,12,1020,943,92,27.5,5.3,9.94,4386000.0,3583333.333
2012-08-22,13,988,938,90,27.6,5.2,16.68,4248400.0,3583333.333
2012-08-22,14,885,918,86,27.6,5.3,29.49,3805500.0,3583333.333
2012-08-22,15,721,880,80,27.5,5.4,43.24,3100300.0,2981047.35
2012-08-22,16,510,810,71,27.3,5.5,57.19,2193000.0,2110828.757
2012-08-22,17,273,670,56,26.9,5.7,71.13,1173900.0,1124891.703
2012-08-22,18,54,308,26,26.5,5.9,84.88,232200.0,205852.795
2012-08-22,19,0,0,0,26.2,5.9,98.66,0.0,0.0
2012-08-22,20,0,0,0,26.1,5.9,111.87,0.0,0.0
2012-08-22,21,0,0,0,26.0,5.7,124.35,0.0,0.0
2012-08-22,22,0,0,0,25.9,5.5,135.47,0.0,0.0
2012-08-22,23,0,0,0,25.8,5.2,143.89,0.0,0.0
2012-08-23,0,0,0,0,25.7,4.9,147.47,0.0,0.0
2012-08-23,1,0,0,0,25.6,4.7,144.69,0.0,0.0
2012-08-23,2,0,0,0,25.5,4.6,136.76,0.0,0.0
2012-08-23,3,0,0,0,25.5,4.5,125.91,0.0,0.0
2012-08-23,4,0,0,0,25.4,4.5,113.56,0.0,0.0
2012-08-23,5,0,0,0,25.5,4.6,100.42,0.0,0.0
2012-08-23,6,34,245,19,25.6,4.8,86.63,146200.0,121540.187
2012-08-23,7,243,650,52,25.9,4.9,72.96,1044900.0,999449.224
2012-08-23,8,106,0,106,26.2,4.8,59.03,455800.0,424766.28
2012-08-23,9,695,874,77,26.5,4.7,45.09,2988500.0,2874201.136
2012-08-23,10,396,19,380,26.7,4.5,31.32,1702800.0,1637701.476
2012-08-23,11,580,146,442,26.9,4.3,18.36,2494000.0,2400315.878
2012-08-23,12,669,184,488,27.0,4.1,10.27,2876700.0,2767246.842
2012-08-23,13,496,50,448,27.1,4.0,16.95,2132800.0,2052837.323
2012-08-23,14,603,176,451,27.2,4.0,29.69,2592900.0,2495262.083
2012-08-23,15,515,187,379,27.1,4.1,43.41,2214500.0,2131532.389
2012-08-23,16,265,35,246,27.0,4.2,57.36,1139500.0,1091454.445
2012-08-23,17,261,601,68,26.8,4.4,71.3,1122300.0,1074731.979
2012-08-23,18,48,210,30,26.5,4.5,85.05,206400.0,180565.728
2012-08-23,19,0,0,0,26.3,4.7,98.85,0.0,0.0
2012-08-23,20,0,0,0,26.3,4.8,112.09,0.0,0.0
2012-08-23,21,0,0,0,26.3,4.9,124.61,0.0,0.0
2012-08-23,22,0,0,0,26.2,4.8,135.76,0.0,0.0
2012-08-23,23,0,0,0,26.2,4.6,144.23,0.0,0.0
2012-08-24,0,0,0,0,26.1,4.5,147.82,0.0,0.0
2012-08-24,1,0,0,0,26.0,4.4,144.98,0.0,0.0
2012-08-24,2,0,0,0,25.9,4.4,136.98,0.0,0.0
2012-08-24,3,0,0,0,25.7,4.3,126.06,0.0,0.0
2012-08-24,4,0,0,0,25.6,4.2,113.67,0.0,0.0
2012-08-24,5,0,0,0,25.6,4.2,100.5,0.0,0.0
2012-08-24,6,30,139,22,25.8,4.2,86.68,129000.0,104669.991
2012-08-24,7,233,577,65,26.1,4.3,73.01,1001900.0,957603.088
2012-08-24,8,270,108,214,26.5,4.2,59.08,1161000.0,1112353.931
2012-08-24,9,607,580,198,26.9,4.0,45.14,2610100.0,2511765.833
2012-08-24,10,711,377,389,27.2,3.7,31.4,3057300.0,2939965.443
2012-08-24,11,383,4,380,27.4,3.3,18.51,1646900.0,1583616.383
2012-08-24,12,942,675,278,27.6,2.9,10.61,4050600.0,3583333.333
2012-08-24,13,730,238,503,27.6,2.5,17.22,3139000.0,3018007.397
2012-08-24,14,268,1,268,27.6,2.3,29.89,1152400.0,1103994.616
2012-08-24,15,223,1,222,27.5,2.2,43.59,958900.0,915740.964
2012-08-24,16,488,711,106,27.4,2.2,57.53,2098400.0,2019685.291
2012-08-24,17,253,542,81,27.2,2.4,71.48,1087900.0,1041279.372
2012-08-24,18,44,154,32,27.0,2.9,85.23,189200.0,163704.485
2012-08-24,19,0,0,0,26.7,3.5,99.05,0.0,0.0
2012-08-24,20,0,0,0,26.6,4.1,112.32,0.0,0.0
2012-08-24,21,0,0,0,26.4,4.6,124.86,0.0,0.0
2012-08-24,22,0,0,0,26.2,5.1,136.06,0.0,0.0
2012-08-24,23,0,0,0,26.1,5.4,144.57,0.0,0.0
2012-08-25,0,0,0,0,25.9,5.6,148.16,0.0,0.0
2012-08-25,1,0,0,0,25.8,5.8,145.27,0.0,0.0
2012-08-25,2,0,0,0,25.7,5.9,137.19,0.0,0.0
2012-08-25,3,0,0,0,25.7,6.1,126.21,0.0,0.0
2012-08-25,4,0,0,0,25.7,6.1,113.78,0.0,0.0
2012-08-25,5,0,0,0,25.7,6.1,100.58,0.0,0.0
2012-08-25,6,33,231,20,25.9,6.1,86.74,141900.0,117322.878
2012-08-25,7,244,653,54,26.2,6.3,73.06,1049200.0,1003632.958
2012-08-25,8,343,146,269,26.5,6.3,59.12,1474900.0,1417031.241
2012-08-25,9,701,880,81,26.9,6.3,45.19,3014300.0,2898867.547
2012-08-25,10,875,924,87,27.1,6.3,31.47,3762500.0,3583333.333
2012-08-25,11,987,945,92,27.4,6.3,18.67,4244100.0,3583333.333
2012-08-25,12,1027,951,94,27.6,6.2,10.95,4416100.0,3583333.333
2012-08-25,13,994,944,94,27.6,6.3,17.49,4274200.0,3583333.333
2012-08-25,14,890,924,90,27.6,6.4,30.1,3827000.0,3583333.333
2012-08-25,15,723,887,83,27.5,6.6,43.77,3108900.0,2989261.813
2012-08-25,16,508,815,72,27.3,6.8,57.7,2184400.0,2102546.185
2012-08-25,17,268,677,56,26.9,7.0,71.66,1152400.0,1103994.616
2012-08-25,18,49,305,24,26.5,7.2,85.42,210700.0,184780.639
2012-08-25,19,0,0,0,26.3,7.3,99.26,0.0,0.0
2012-08-25,20,0,0,0,26.1,7.3,112.54,0.0,0.0
2012-08-25,21,0,0,0,25.9,7.2,125.12,0.0,0.0
2012-08-25,22,0,0,0,25.8,7.0,136.36,0.0,0.0
2012-08-25,23,0,0,0,25.6,6.8,144.91,0.0,0.0
2012-08-26,0,0,0,0,25.5,6.5,148.51,0.0,0.0
2012-08-26,1,0,0,0,25.5,6.3,145.56,0.0,0.0
2012-08-26,2,0,0,0,25.4,6.1,137.4,0.0,0.0
2012-08-26,3,0,0,0,25.3,6.0,126.36,0.0,0.0
2012-08-26,4,0,0,0,25.3,6.0,113.89,0.0,0.0
2012-08-26,5,0,0,0,25.3,6.2,100.66,0.0,0.0
2012-08-26,6,33,282,18,25.5,6.4,86.8,141900.0,117322.878
2012-08-26,7,8,0,8,25.7,6.6,73.1,34400.0,11838.188
2012-08-26,8,213,11,207,26.0,6.7,59.17,915900.0,873862.851
2012-08-26,9,250,1,249,26.4,6.7,45.24,1075000.0,1028732.006
2012-08-26,10,142,0,142,26.7,6.7,31.55,610600.0,576068.519
2012-08-26,11,679,203,487,26.9,6.6,18.83,2919700.0,2808395.899
2012-08-26,12,340,1,339,27.0,6.6,11.29,1462000.0,1404527.043
2012-08-26,13,344,2,343,27.1,6.7,17.77,1479200.0,1421198.988
2012-08-26,14,887,925,89,27.0,6.8,30.31,3814100.0,3583333.333
2012-08-26,15,719,884,83,26.9,6.9,43.96,3091700.0,2972832.248
2012-08-26,16,506,815,72,26.7,7.1,57.88,2175800.0,2094262.973
2012-08-26,17,265,668,56,26.5,7.2,71.84,1139500.0,1091454.445
2012-08-26,18,29,1,29,26.2,7.4,85.6,124700.0,100452.043
2012-08-26,19,0,0,0,26.0,7.4,99.46,0.0,0.0
2012-08-26,20,0,0,0,25.9,7.4,112.77,0.0,0.0
2012-08-26,21,0,0,0,25.7,7.2,125.38,0.0,0.0
2012-08-26,22,0,0,0,25.6,6.9,136.66,0.0,0.0
2012-08-26,23,0,0,0,25.5,6.7,145.26,0.0,0.0
2012-08-27,0,0,0,0,25.4,6.5,148.87,0.0,0.0
2012-08-27,1,0,0,0,25.3,6.4,145.85,0.0,0.0
2012-08-27,2,0,0,0,25.2,6.3,137.61,0.0,0.0
2012-08-27,3,0,0,0,25.1,6.1,126.51,0.0,0.0
2012-08-27,4,0,0,0,25.1,5.9,113.99,0.0,0.0
2012-08-27,5,0,0,0,25.1,5.8,100.74,0.0,0.0
2012-08-27,6,30,200,19,25.2,6.0,86.86,129000.0,104669.991
2012-08-27,7,125,7,123,25.5,6.2,73.15,537500.0,504646.061
2012-08-27,8,195,5,193,25.8,6.4,59.21,838500.0,798441.96
2012-08-27,9,544,288,341,26.0,6.6,45.3,2339200.0,2251534.634
2012-08-27,10,441,48,400,26.3,6.6,31.63,1896300.0,1824710.459
2012-08-27,11,693,218,486,26.5,6.5,18.99,2979900.0,2865977.719
2012-08-27,12,1015,938,97,26.7,6.4,11.64,4364500.0,3583333.333
2012-08-27,13,983,935,94,26.7,6.3,18.06,4226900.0,3583333.333
2012-08-27,14,708,356,402,26.7,6.3,30.53,3044400.0,2927637.753
2012-08-27,15,710,873,83,26.6,6.4,44.15,3053000.0,2935856.373
2012-08-27,16,495,794,75,26.4,6.7,58.07,2128500.0,2048693.878
2012-08-27,17,256,637,60,26.2,6.9,72.02,1100800.0,1053825.298
2012-08-27,18,42,233,25,26.0,7.2,85.79,180600.0,155272.905
2012-08-27,19,0,0,0,25.9,7.4,99.67,0.0,0.0
2012-08-27,20,0,0,0,25.8,7.3,113.0,0.0,0.0
2012-08-27,21,0,0,0,25.7,7.1,125.64,0.0,0.0
2012-08-27,22,0,0,0,25.6,6.8,136.96,0.0,0.0
2012-08-27,23,0,0,0,25.5,6.6,145.61,0.0,0.0
2012-08-28,0,0,0,0,25.5,6.5,149.22,0.0,0.0
2012-08-28,1,0,0,0,25.4,6.5,146.14,0.0,0.0
2012-08-28,2,0,0,0,25.3,6.6,137.82,0.0,0.0
2012-08-28,3,0,0,0,25.2,6.7,126.66,0.0,0.0
2012-08-28,4,0,0,0,25.2,6.8,114.1,0.0,0.0
2012-08-28,5,0,0,0,25.2,6.8,100.81,0.0,0.0
2012-08-28,6,15,0,15,25.3,6.8,86.91,64500.0,41383.974
2012-08-28,7,133,11,130,25.6,6.9,73.2,571900.0,538262.385
2012-08-28,8,311,207,205,25.9,6.8,59.26,1337300.0,1283578.946
2012-08-28,9,294,6,290,26.3,6.6,45.35,1264200.0,1212615.823
2012-08-28,10,696,490,279,26.5,6.4,31.72,2992800.0,2878312.604
2012-08-28,11,737,268,483,26.8,6.3,19.17,3169100.0,3046745.147
2012-08-28,12,707,209,503,26.9,6.3,11.99,3040100.0,2923528.203
2012-08-28,13,549,96,458,26.9,6.4,18.35,2360700.0,2272211.086
2012-08-28,14,713,357,405,26.8,6.6,30.75,3065900.0,2948183.103
2012-08-28,15,470,244,296,26.6,6.8,44.35,2021000.0,1945055.807
2012-08-28,16,359,158,276,26.3,7.0,58.25,1543700.0,1483695.995
2012-08-28,17,181,133,140,26.0,7.1,72.21,778300.0,739745.453
2012-08-28,18,23,0,23,25.7,7.2,85.98,98900.0,75140.993
2012-08-28,19,0,0,0,25.5,7.3,99.88,0.0,0.0
2012-08-28,20,0,0,0,25.4,7.3,113.23,0.0,0.0
2012-08-28,21,0,0,0,25.3,7.2,125.91,0.0,0.0
2012-08-28,22,0,0,0,25.3,6.9,137.27,0.0,0.0
2012-08-28,23,0,0,0,25.2,6.6,145.96,0.0,0.0
2012-08-29,0,0,0,0,25.2,6.3,149.58,0.0,0.0
2012-08-29,1,0,0,0,25.1,6.1,146.44,0.0,0.0
2012-08-29,2,0,0,0,25.1,6.0,138.03,0.0,0.0
2012-08-29,3,0,0,0,25.1,6.0,126.8,0.0,0.0
2012-08-29,4,0,0,0,25.1,6.0,114.2,0.0,0.0
2012-08-29,5,0,0,0,25.2,6.2,100.89,0.0,0.0
2012-08-29,6,18,0,18,25.3,6.6,86.97,77400.0,54044.055
2012-08-29,7,52,0,52,25.5,6.9,73.25,223600.0,197424.413
2012-08-29,8,295,66,261,25.8,7.0,59.31,1268500.0,1216791.404
2012-08-29,9,494,290,290,26.0,7.0,45.41,2124200.0,2044550.274
2012-08-29,10,402,25,381,26.2,6.7,31.81,1728600.0,1662654.713
2012-08-29,11,485,46,442,26.4,6.5,19.34,2085500.0,2007250.641
2012-08-29,12,721,385,344,26.5,6.3,12.34,3100300.0,2981047.35
2012-08-29,13,458,47,414,26.5,6.0,18.65,1969400.0,1895274.04
2012-08-29,14,453,79,386,26.5,5.9,30.98,1947900.0,1874524.842
2012-08-29,15,395,111,316,26.4,5.8,44.55,1698500.0,1633542.043
2012-08-29,16,259,65,224,26.3,5.9,58.44,1113700.0,1066369.786
2012-08-29,17,40,0,40,26.1,6.1,72.4,172000.0,146840.685
2012-08-29,18,22,0,22,26.0,6.3,86.17,94600.0,70921.925
2012-08-29,19,0,0,0,25.9,6.4,100.1,0.0,0.0
2012-08-29,20,0,0,0,25.9,6.4,113.47,0.0,0.0
2012-08-29,21,0,0,0,25.8,6.4,126.17,0.0,0.0
2012-08-29,22,0,0,0,25.7,6.2,137.58,0.0,0.0
2012-08-29,23,0,0,0,25.6,5.9,146.31,0.0,0.0
2012-08-30,0,0,0,0,25.5,5.6,149.94,0.0,0.0
2012-08-30,1,0,0,0,25.4,5.4,146.73,0.0,0.0
2012-08-30,2,0,0,0,25.3,5.4,138.24,0.0,0.0
2012-08-30,3,0,0,0,25.2,5.4,126.95,0.0,0.0
2012-08-30,4,0,0,0,25.2,5.5,114.3,0.0,0.0
2012-08-30,5,0,0,0,25.3,5.6,100.96,0.0,0.0
2012-08-30,6,27,153,19,25.5,5.9,87.02,116100.0,92015.666
2012-08-30,7,232,600,59,25.8,6.1,73.3,997600.0,953417.595
2012-08-30,8,470,774,76,26.1,6.0,59.36,2021000.0,1945055.807
2012-08-30,9,686,854,87,26.5,5.9,45.47,2949800.0,2837190.726
2012-08-30,10,857,898,94,26.8,5.6,31.9,3685100.0,3538174.0
2012-08-30,11,828,455,399,27.0,5.4,19.52,3560400.0,3419622.989
2012-08-30,12,1003,921,104,27.1,5.1,12.7,4312900.0,3583333.333
2012-08-30,13,968,914,103,27.2,4.9,18.95,4162400.0,3583333.333
2012-08-30,14,574,158,439,27.3,4.8,31.21,2468200.0,2375533.393
2012-08-30,15,243,1,242,27.2,4.9,44.75,1044900.0,999449.224
2012-08-30,16,481,777,77,27.0,5.1,58.64,2068300.0,1990668.869
2012-08-30,17,244,617,59,26.8,5.4,72.59,1049200.0,1003632.958
2012-08-30,18,34,197,22,26.5,5.8,86.37,146200.0,121540.187
2012-08-30,19,0,0,0,26.3,6.0,100.31,0.0,0.0
2012-08-30,20,0,0,0,26.2,6.2,113.7,0.0,0.0
2012-08-30,21,0,0,0,26.1,6.3,126.44,0.0,0.0
2012-08-30,22,0,0,0,26.0,6.2,137.89,0.0,0.0
2012-08-30,23,0,0,0,25.9,6.1,146.67,0.0,0.0
2012-08-31,0,0,0,0,25.8,6.2,150.3,0.0,0.0
2012-08-31,1,0,0,0,25.8,6.3,147.02,0.0,0.0
2012-08-31,2,0,0,0,25.8,6.3,138.44,0.0,0.0
2012-08-31,3,0,0,0,25.7,6.4,127.09,0.0,0.0
2012-08-31,4,0,0,0,25.7,6.4,114.4,0.0,0.0
2012-08-31,5,0,0,0,25.7,6.4,101.04,0.0,0.0
2012-08-31,6,28,175,19,25.7,6.5,87.08,120400.0,96233.934
2012-08-31,7,233,619,56,26.0,6.6,73.35,1001900.0,957603.088
2012-08-31,8,160,1,159,26.2,6.7,59.4,688000.0,651641.937
2012-08-31,9,508,213,359,26.4,6.6,45.53,2184400.0,2102546.185
2012-08-31,10,316,2,314,26.6,6.5,32.0,1358800.0,1304441.659
2012-08-31,11,740,283,474,26.8,6.4,19.71,3182000.0,3059058.928
2012-08-31,12,477,28,450,27.0,6.3,13.06,2051100.0,1974084.54
2012-08-31,13,977,935,94,27.1,6.4,19.26,4201100.0,3583333.333
2012-08-31,14,870,913,91,27.2,6.6,31.45,3741000.0,3583333.333
2012-08-31,15,702,876,83,27.1,6.9,44.96,3018600.0,2902978.056
2012-08-31,16,486,801,72,26.9,7.2,58.84,2089800.0,2011395.684
2012-08-31,17,247,648,55,26.6,7.5,72.79,1062100.0,1016183.201
2012-08-31,18,34,225,21,26.2,7.6,86.56,146200.0,121540.187
2012-08-31,19,0,0,0,26.0,7.7,100.53,0.0,0.0
2012-08-31,20,0,0,0,25.8,7.7,113.94,0.0,0.0
2012-08-31,21,0,0,0,25.6,7.6,126.71,0.0,0.0
2012-08-31,22,0,0,0,25.5,7.5,138.2,0.0,0.0
2012-08-31,23,0,0,0,25.3,7.3,147.03,0.0,0.0
2012-09-01,0,0,0,0,25.2,7.0,150.66,0.0,0.0
2012-09-01,1,0,0,0,25.1,6.8,147.31,0.0,0.0
2012-09-01,2,0,0,0,25.0,6.6,138.65,0.0,0.0
2012-09-01,3,0,0,0,25.0,6.4,127.23,0.0,0.0
2012-09-01,4,0,0,0,25.0,6.3,114.5,0.0,0.0
2012-09-01,5,0,0,0,25.2,6.2,101.11,0.0,0.0
2012-09-01,6,29,241,17,25.4,6.4,87.13,124700.0,100452.043
2012-09-01,7,242,674,50,25.8,6.7,73.4,1040600.0,995265.329
2012-09-01,8,183,2,182,26.1,6.9,59.45,786900.0,748132.587
2012-09-01,9,224,1,224,26.5,7.0,45.59,963200.0,919927.895
2012-09-01,10,111,0,111,26.8,7.1,32.09,477300.0,445792.871
2012-09-01,11,530,79,455,27.1,7.2,19.9,2279000.0,2193619.303
2012-09-01,12,1021,948,99,27.2,7.2,13.42,4390300.0,3583333.333
2012-09-01,13,985,942,97,27.2,7.2,19.57,4235500.0,3583333.333
2012-09-01,14,875,921,92,27.1,7.2,31.69,3762500.0,3583333.333
2012-09-01,15,705,883,83,26.9,7.4,45.17,3031500.0,2915308.624
2012-09-01,16,488,811,71,26.6,7.7,59.03,2098400.0,2019685.291
2012-09-01,17,247,658,54,26.3,7.8,72.99,1062100.0,1016183.201
2012-09-01,18,33,228,20,26.0,7.7,86.76,141900.0,117322.878
2012-09-01,19,0,0,0,25.8,7.6,100.75,0.0,0.0
2012-09-01,20,0,0,0,25.7,7.5,114.18,0.0,0.0
2012-09-01,21,0,0,0,25.6,7.3,126.98,0.0,0.0
2012-09-01,22,0,0,0,25.5,7.2,138.52,0.0,0.0
2012-09-01,23,0,0,0,25.4,7.1,147.39,0.0,0.0
2012-09-02,0,0,0,0,25.3,6.9,151.03,0.0,0.0
2012-09-02,1,0,0,0,25.2,6.9,147.6,0.0,0.0
2012-09-02,2,0,0,0,25.2,7.2,138.85,0.0,0.0
2012-09-02,3,0,0,0,25.2,7.5,127.37,0.0,0.0
2012-09-02,4,0,0,0,25.1,7.9,114.6,0.0,0.0
2012-09-02,5,0,0,0,24.9,7.9,101.19,0.0,0.0
2012-09-02,6,28,202,18,25.0,7.7,87.19,120400.0,96233.934
2012-09-02,7,238,645,54,25.4,7.5,73.45,1023400.0,978528.154
2012-09-02,8,411,379,218,25.7,7.4,59.51,1767300.0,1700073.776
2012-09-02,9,53,0,53,26.1,7.4,45.65,227900.0,201638.684
2012-09-02,10,235,0,235,26.3,7.5,32.2,1010500.0,965973.594
2012-09-02,11,391,4,387,26.5,7.7,20.1,1681300.0,1616902.715
2012-09-02,12,679,183,502,26.7,7.7,13.79,2919700.0,2808395.899
2012-09-02,13,967,901,120,26.8,7.8,19.89,4158100.0,3583333.333
2012-09-02,14,655,376,336,26.7,8.0,31.93,2816500.0,2709611.302
2012-09-02,15,564,455,244,26.6,8.3,45.38,2425200.0,2334216.462
2012-09-02,16,424,518,159,26.3,8.5,59.24,1823200.0,1754100.672
2012-09-02,17,201,301,114,26.0,8.6,73.19,864300.0,823588.013
2012-09-02,18,17,0,17,25.8,8.6,86.96,73100.0,49824.188
2012-09-02,19,0,0,0,25.7,8.5,100.97,0.0,0.0
2012-09-02,20,0,0,0,25.6,8.5,114.42,0.0,0.0
2012-09-02,21,0,0,0,25.6,8.5,127.25,0.0,0.0
2012-09-02,22,0,0,0,25.5,8.5,138.83,0.0,0.0
2012-09-02,23,0,0,0,25.4,8.3,147.76,0.0,0.0
2012-09-03,0,0,0,0,25.3,8.0,151.39,0.0,0.0
2012-09-03,1,0,0,0,25.3,7.6,147.9,0.0,0.0
2012-09-03,2,0,0,0,25.2,7.2,139.05,0.0,0.0
2012-09-03,3,0,0,0,25.2,6.8,127.51,0.0,0.0
2012-09-03,4,0,0,0,25.3,6.5,114.7,0.0,0.0
2012-09-03,5,0,0,0,25.3,6.5,101.26,0.0,0.0
2012-09-03,6,27,189,18,25.5,6.7,87.24,116100.0,92015.666
2012-09-03,7,14,0,14,25.8,7.1,73.5,60200.0,37163.627
2012-09-03,8,478,802,71,26.1,7.3,59.56,2055400.0,1978230.862
2012-09-03,9,695,878,82,26.4,7.5,45.72,2988500.0,2874201.136
2012-09-03,10,868,920,90,26.6,7.6,32.3,3732400.0,3583106.451
2012-09-03,11,978,945,91,26.9,7.6,20.31,4205400.0,3583333.333
2012-09-03,12,1017,951,95,27.1,7.6,14.15,4373100.0,3583333.333
2012-09-03,13,982,944,96,27.2,7.7,20.21,4222600.0,3583333.333
2012-09-03,14,873,921,94,27.2,7.8,32.19,3753900.0,3583333.333
2012-09-03,15,701,878,86,27.0,8.0,45.6,3014300.0,2898867.547
2012-09-03,16,482,799,75,26.8,8.2,59.44,2072600.0,1994814.552
2012-09-03,17,239,636,57,26.4,8.3,73.39,1027700.0,982712.688
2012-09-03,18,28,181,19,26.0,8.3,87.16,120400.0,96233.934
2012-09-03,19,0,0,0,25.8,8.2,101.19,0.0,0.0
2012-09-03,20,0,0,0,25.7,8.1,114.67,0.0,0.0
2012-09-03,21,0,0,0,25.6,7.9,127.53,0.0,0.0
2012-09-03,22,0,0,0,25.6,7.6,139.15,0.0,0.0
2012-09-03,23,0,0,0,25.5,7.2,148.12,0.0,0.0
2012-09-04,0,0,0,0,25.5,6.9,151.76,0.0,0.0
2012-09-04,1,0,0,0,25.4,6.6,148.19,0.0,0.0
2012-09-04,2,0,0,0,25.4,6.3,139.26,0.0,0.0
2012-09-04,3,0,0,0,25.4,6.2,127.65,0.0,0.0
2012-09-04,4,0,0,0,25.4,6.1,114.8,0.0,0.0
2012-09-04,5,0,0,0,25.4,6.3,101.33,0.0,0.0
2012-09-04,6,27,206,18,25.6,6.6,87.29,116100.0,92015.666
2012-09-04,7,113,4,112,25.9,6.8,73.55,485900.0,454202.388
2012-09-04,8,481,811,71,26.3,6.9,59.61,2068300.0,1990668.869
2012-09-04,9,701,889,81,26.6,7.0,45.79,3014300.0,2898867.547
2012-09-04,10,873,932,87,27.0,7.0,32.41,3753900.0,3583333.333
2012-09-04,11,981,948,93,27.2,6.9,20.51,4218300.0,3583333.333
2012-09-04,12,1020,956,95,27.4,6.7,14.52,4386000.0,3583333.333
2012-09-04,13,982,948,95,27.5,6.6,20.54,4222600.0,3583333.333
2012-09-04,14,453,56,406,27.5,6.6,32.44,1947900.0,1874524.842
2012-09-04,15,700,881,86,27.4,6.7,45.82,3010000.0,2894756.878
2012-09-04,16,479,797,76,27.2,7.0,59.65,2059700.0,1982377.024
2012-09-04,17,235,624,59,26.8,7.4,73.6,1010500.0,965973.594
2012-09-04,18,26,154,19,26.5,7.7,87.36,111800.0,87797.238
2012-09-04,19,0,0,0,26.2,8.0,101.41,0.0,0.0
2012-09-04,20,0,0,0,26.0,8.1,114.91,0.0,0.0
2012-09-04,21,0,0,0,25.9,8.0,127.8,0.0,0.0
2012-09-04,22,0,0,0,25.8,7.9,139.47,0.0,0.0
2012-09-04,23,0,0,0,25.7,7.6,148.49,0.0,0.0
2012-09-05,0,0,0,0,25.6,7.4,152.13,0.0,0.0
2012-09-05,1,0,0,0,25.5,7.2,148.48,0.0,0.0
2012-09-05,2,0,0,0,25.5,7.1,139.46,0.0,0.0
2012-09-05,3,0,0,0,25.4,7.0,127.79,0.0,0.0
2012-09-05,4,0,0,0,25.3,7.0,114.89,0.0,0.0
2012-09-05,5,0,0,0,25.3,7.2,101.4,0.0,0.0
2012-09-05,6,13,0,13,25.4,7.6,87.35,55900.0,32943.12
2012-09-05,7,233,632,54,25.6,8.0,73.6,1001900.0,957603.088
2012-09-05,8,184,3,183,25.9,8.2,59.66,791200.0,752325.914
2012-09-05,9,339,31,317,26.2,8.3,45.86,1457700.0,1400358.658
2012-09-05,10,229,0,229,26.4,8.1,32.52,984700.0,940860.157
2012-09-05,11,577,112,472,26.7,7.9,20.73,2481100.0,2387925.355
2012-09-05,12,790,313,488,26.8,7.5,14.9,3397000.0,3264076.758
2012-09-05,13,474,32,443,26.9,7.3,20.86,2038200.0,1961644.614
2012-09-05,14,338,3,335,27.0,7.0,32.7,1453400.0,1396190.112
2012-09-05,15,689,860,92,27.0,6.9,46.05,2962700.0,2849528.968
2012-09-05,16,470,776,81,26.8,7.0,59.86,2021000.0,1945055.807
2012-09-05,17,228,602,60,26.6,7.1,73.8,980400.0,936674.024
2012-09-05,18,23,126,18,26.2,7.2,87.56,98900.0,75140.993
2012-09-05,19,0,0,0,26.0,7.3,101.64,0.0,0.0
2012-09-05,20,0,0,0,25.8,7.3,115.15,0.0,0.0
2012-09-05,21,0,0,0,25.7,7.2,128.08,0.0,0.0
2012-09-05,22,0,0,0,25.5,6.9,139.79,0.0,0.0
2012-09-05,23,0,0,0,25.4,6.6,148.86,0.0,0.0
2012-09-06,0,0,0,0,25.3,6.2,152.51,0.0,0.0
2012-09-06,1,0,0,0,25.2,6.0,148.77,0.0,0.0
2012-09-06,2,0,0,0,25.1,5.9,139.65,0.0,0.0
2012-09-06,3,0,0,0,25.0,5.9,127.92,0.0,0.0
2012-09-06,4,0,0,0,25.0,5.9,114.99,0.0,0.0
2012-09-06,5,0,0,0,25.0,5.9,101.47,0.0,0.0
2012-09-06,6,27,229,16,25.3,6.1,87.4,116100.0,92015.666
2012-09-06,7,238,671,49,25.7,6.2,73.65,1023400.0,978528.154
2012-09-06,8,480,826,63,26.0,6.3,59.72,2064000.0,1986523.027
2012-09-06,9,699,901,72,26.3,6.3,45.93,3005700.0,2890646.05
2012-09-06,10,869,939,78,26.5,6.3,32.64,3736700.0,3583333.333
2012-09-06,11,977,955,85,26.8,6.2,20.95,4201100.0,3583333.333
2012-09-06,12,1014,961,87,27.0,6.1,15.27,4360200.0,3583333.333
2012-09-06,13,975,953,87,27.2,6.0,21.2,4192500.0,3583333.333
2012-09-06,14,863,927,86,27.2,6.0,32.96,3710900.0,3562685.008
2012-09-06,15,690,880,81,27.2,6.0,46.28,2967000.0,2853641.396
2012-09-06,16,468,792,73,27.0,6.0,60.08,2012400.0,1936760.445
2012-09-06,17,225,612,56,26.6,6.1,74.01,967500.0,924114.667
2012-09-06,18,21,129,16,26.3,6.2,87.76,90300.0,66702.698
2012-09-06,19,0,0,0,26.1,6.3,101.86,0.0,0.0
2012-09-06,20,0,0,0,25.9,6.3,115.4,0.0,0.0
2012-09-06,21,0,0,0,25.8,6.2,128.35,0.0,0.0
2012-09-06,22,0,0,0,25.7,5.9,140.11,0.0,0.0
2012-09-06,23,0,0,0,25.6,5.5,149.23,0.0,0.0
2012-09-07,0,0,0,0,25.5,5.2,152.88,0.0,0.0
2012-09-07,1,0,0,0,25.3,4.9,149.06,0.0,0.0
2012-09-07,2,0,0,0,25.2,4.5,139.85,0.0,0.0
2012-09-07,3,0,0,0,25.1,4.2,128.05,0.0,0.0
2012-09-07,4,0,0,0,25.1,4.1,115.08,0.0,0.0
2012-09-07,5,0,0,0,25.0,4.0,101.54,0.0,0.0
2012-09-07,6,12,0,12,25.1,4.0,87.45,51600.0,28722.454
2012-09-07,7,108,4,107,25.3,3.9,73.7,464400.0,433177.396
2012-09-07,8,357,209,252,25.4,3.6,59.77,1535100.0,1475365.139
2012-09-07,9,350,43,320,25.6,3.3,46.01,1505000.0,1446202.107
2012-09-07,10,457,66,401,25.7,3.0,32.76,1965100.0,1891124.52
2012-09-07,11,604,173,443,25.9,2.8,21.17,2597200.0,2499388.261
2012-09-07,12,436,12,425,26.0,2.6,15.65,1874800.0,1803947.671
2012-09-07,13,383,13,371,26.1,2.5,21.53,1646900.0,1583616.383
2012-09-07,14,480,157,349,26.1,2.4,33.23,2064000.0,1986523.027
2012-09-07,15,398,84,340,26.1,2.4,46.51,1711400.0,1646019.861
2012-09-07,16,182,4,180,26.1,2.5,60.29,782600.0,743939.1
2012-09-07,17,118,22,112,26.1,2.5,74.22,507400.0,475223.383
2012-09-07,18,9,0,9,26.0,2.5,87.96,38700.0,16059.494
2012-09-07,19,0,0,0,25.8,2.5,102.09,0.0,0.0
2012-09-07,20,0,0,0,25.7,2.7,115.65,0.0,0.0
2012-09-07,21,0,0,0,25.6,2.9,128.63,0.0,0.0
2012-09-07,22,0,0,0,25.5,3.0,140.43,0.0,0.0
2012-09-07,23,0,0,0,25.4,3.1,149.6,0.0,0.0
2012-09-08,0,0,0,0,25.3,3.2,153.26,0.0,0.0
2012-09-08,1,0,0,0,25.2,3.3,149.35,0.0,0.0
2012-09-08,2,0,0,0,25.1,3.5,140.04,0.0,0.0
2012-09-08,3,0,0,0,25.1,3.7,128.18,0.0,0.0
2012-09-08,4,0,0,0,25.1,4.0,115.17,0.0,0.0
2012-09-08,5,0,0,0,25.2,4.2,101.61,0.0,0.0
2012-09-08,6,23,148,16,25.4,4.6,87.51,98900.0,75140.993
2012-09-08,7,225,610,54,25.7,4.7,73.75,967500.0,924114.667
2012-09-08,8,463,781,70,26.0,4.5,59.83,1990900.0,1916019.241
2012-09-08,9,291,9,285,26.4,4.2,46.08,1251300.0,1200088.123
2012-09-08,10,562,159,428,26.7,3.8,32.88,2416600.0,2325951.157
2012-09-08,11,954,928,90,26.9,3.6,21.4,4102200.0,3583333.333
2012-09-08,12,989,935,90,27.0,3.4,16.02,4252700.0,3583333.333
2012-09-08,13,950,929,89,27.1,3.5,21.87,4085000.0,3583333.333
2012-09-08,14,839,896,92,27.1,3.6,33.49,3607700.0,3464606.442
2012-09-08,15,667,848,86,27.1,3.9,46.74,2868100.0,2759015.112
2012-09-08,16,450,759,76,26.9,4.2,60.51,1935000.0,1862073.405
2012-09-08,17,7,0,7,26.7,4.5,74.44,30100.0,7616.722
2012-09-08,18,17,97,14,26.4,4.7,88.16,73100.0,49824.188
2012-09-08,19,0,0,0,26.1,4.9,102.32,0.0,0.0
2012-09-08,20,0,0,0,26.0,5.1,115.89,0.0,0.0
2012-09-08,21,0,0,0,25.9,5.1,128.91,0.0,0.0
2012-09-08,22,0,0,0,25.8,5.1,140.75,0.0,0.0
2012-09-08,23,0,0,0,25.7,5.1,149.98,0.0,0.0
2012-09-09,0,0,0,0,25.7,5.1,153.63,0.0,0.0
2012-09-09,1,0,0,0,25.6,5.2,149.64,0.0,0.0
2012-09-09,2,0,0,0,25.6,5.3,140.24,0.0,0.0
2012-09-09,3,0,0,0,25.5,5.4,128.31,0.0,0.0
2012-09-09,4,0,0,0,25.5,5.4,115.26,0.0,0.0
2012-09-09,5,0,0,0,25.6,5.4,101.67,0.0,0.0
2012-09-09,6,23,161,16,25.8,5.5,87.56,98900.0,75140.993
2012-09-09,7,226,618,53,26.1,5.7,73.8,971800.0,928301.28
2012-09-09,8,337,159,257,26.3,5.7,59.89,1449100.0,1392021.407
2012-09-09,9,237,1,236,26.6,5.7,46.16,1019100.0,974343.461
2012-09-09,10,243,1,242,26.8,5.8,33.01,1044900.0,999449.224
2012-09-09,11,469,38,434,27.0,5.9,21.64,2016700.0,1940908.206
2012-09-09,12,985,922,100,27.1,6.1,16.4,4235500.0,3583333.333
2012-09-09,13,945,914,99,27.2,6.4,22.21,4063500.0,3583333.333
2012-09-09,14,832,880,101,27.2,6.6,33.77,3577600.0,3435982.847
2012-09-09,15,661,835,91,27.1,6.9,46.98,2842300.0,2734316.084
2012-09-09,16,241,31,226,27.0,7.1,60.73,1036300.0,991081.275
2012-09-09,17,208,575,56,26.8,7.3,74.65,894400.0,852917.8
2012-09-09,18,16,84,13,26.5,7.2,88.36,68800.0,45604.161
2012-09-09,19,0,0,0,26.4,7.2,102.55,0.0,0.0
2012-09-09,20,0,0,0,26.3,7.2,116.14,0.0,0.0
2012-09-09,21,0,0,0,26.2,7.1,129.19,0.0,0.0
2012-09-09,22,0,0,0,26.1,6.9,141.08,0.0,0.0
2012-09-09,23,0,0,0,26.0,6.6,150.35,0.0,0.0
2012-09-10,0,0,0,0,25.9,6.4,154.01,0.0,0.0
2012-09-10,1,0,0,0,25.8,6.2,149.92,0.0,0.0
2012-09-10,2,0,0,0,25.7,6.1,140.43,0.0,0.0
2012-09-10,3,0,0,0,25.7,6.1,128.44,0.0,0.0
2012-09-10,4,0,0,0,25.7,6.1,115.35,0.0,0.0
2012-09-10,5,0,0,0,25.7,6.3,101.74,0.0,0.0
2012-09-10,6,23,181,16,25.9,6.7,87.61,98900.0,75140.993
2012-09-10,7,229,638,51,26.2,7.0,73.86,984700.0,940860.157
2012-09-10,8,468,802,66,26.4,7.2,59.95,2012400.0,1936760.445
2012-09-10,9,684,878,77,26.5,7.4,46.25,2941200.0,2828964.432
2012-09-10,10,853,919,83,26.7,7.4,33.14,3667900.0,3521830.13
2012-09-10,11,957,934,90,26.8,7.4,21.88,4115100.0,3583333.333
2012-09-10,12,991,938,94,26.9,7.4,16.79,4261300.0,3583333.333
2012-09-10,13,951,927,95,26.8,7.3,22.56,4089300.0,3583333.333
2012-09-10,14,836,894,96,26.8,7.4,34.04,3594800.0,3452340.146
2012-09-10,15,663,847,88,26.6,7.5,47.22,2850900.0,2742549.733
2012-09-10,16,446,765,74,26.4,7.7,60.95,1917800.0,1845469.25
2012-09-10,17,67,0,66,26.1,7.8,74.87,288100.0,260621.696
2012-09-10,18,8,0,8,25.9,7.9,88.56,34400.0,11838.188
2012-09-10,19,0,0,0,25.7,8.0,102.77,0.0,0.0
2012-09-10,20,0,0,0,25.6,8.0,116.39,0.0,0.0
2012-09-10,21,0,0,0,25.5,7.9,129.46,0.0,0.0
2012-09-10,22,0,0,0,25.5,7.6,141.4,0.0,0.0
2012-09-10,23,0,0,0,25.5,7.3,150.73,0.0,0.0
2012-09-11,0,0,0,0,25.4,6.9,154.39,0.0,0.0
2012-09-11,1,0,0,0,25.4,6.7,150.21,0.0,0.0
2012-09-11,2,0,0,0,25.3,6.7,140.62,0.0,0.0
2012-09-11,3,0,0,0,25.2,6.7,128.57,0.0,0.0
2012-09-11,4,0,0,0,25.2,6.8,115.44,0.0,0.0
2012-09-11,5,0,0,0,25.2,6.8,101.81,0.0,0.0
2012-09-11,6,11,0,11,25.4,7.1,87.66,47300.0,24501.627
2012-09-11,7,231,650,50,25.8,7.4,73.91,993300.0,949231.942
2012-09-11,8,359,227,246,26.0,7.4,60.01,1543700.0,1483695.995
2012-09-11,9,541,302,332,26.3,7.4,46.33,2326300.0,2239126.844
2012-09-11,10,682,336,401,26.5,7.3,33.28,2932600.0,2820737.499
2012-09-11,11,961,929,100,26.7,7.2,22.12,4132300.0,3583333.333
2012-09-11,12,997,936,103,26.8,7.2,17.17,4287100.0,3583333.333
2012-09-11,13,956,927,102,26.9,7.2,22.9,4110800.0,3583333.333
2012-09-11,14,842,900,99,26.8,7.2,34.32,3620600.0,3476871.299
2012-09-11,15,668,854,91,26.7,7.2,47.46,2872400.0,2763131.057
2012-09-11,16,448,767,78,26.5,7.4,61.17,1926400.0,1853771.647
2012-09-11,17,206,578,57,26.1,7.5,75.08,885800.0,844538.66
2012-09-11,18,13,58,12,25.9,7.5,88.76,55900.0,32943.12
2012-09-11,19,0,0,0,25.7,7.4,103.0,0.0,0.0
2012-09-11,20,0,0,0,25.7,7.3,116.64,0.0,0.0
2012-09-11,21,0,0,0,25.6,7.1,129.74,0.0,0.0
2012-09-11,22,0,0,0,25.6,6.7,141.72,0.0,0.0
2012-09-11,23,0,0,0,25.5,6.4,151.1,0.0,0.0
2012-09-12,0,0,0,0,25.3,6.1,154.77,0.0,0.0
2012-09-12,1,0,0,0,25.2,5.9,150.49,0.0,0.0
2012-09-12,2,0,0,0,25.2,5.9,140.8,0.0,0.0
2012-09-12,3,0,0,0,25.2,6.0,128.69,0.0,0.0
2012-09-12,4,0,0,0,25.2,6.1,115.53,0.0,0.0
2012-09-12,5,0,0,0,25.2,6.3,101.88,0.0,0.0
2012-09-12,6,22,157,16,25.4,6.6,87.72,94600.0,70921.925
2012-09-12,7,170,100,142,25.8,6.9,73.96,731000.0,693604.786
2012-09-12,8,469,791,74,26.1,7.1,60.08,2016700.0,1940908.206
2012-09-12,9,686,871,86,26.3,7.2,46.42,2949800.0,2837190.726
2012-09-12,10,856,913,94,26.5,7.2,33.42,3680800.0,3534088.272
2012-09-12,11,964,944,91,26.6,7.2,22.37,4145200.0,3583333.333
2012-09-12,12,998,947,95,26.7,7.3,17.55,4291400.0,3583333.333
2012-09-12,13,956,936,96,26.6,7.4,23.25,4110800.0,3583333.333
2012-09-12,14,841,909,92,26.5,7.6,34.6,3616300.0,3472783.173
2012-09-12,15,664,857,87,26.4,7.8,47.7,2855200.0,2746666.317
2012-09-12,16,292,79,254,26.2,7.9,61.4,1255600.0,1204264.183
2012-09-12,17,81,1,81,26.0,7.9,75.3,348300.0,319573.372
2012-09-12,18,12,59,11,25.8,7.9,88.96,51600.0,28722.454
2012-09-12,19,0,0,0,25.7,7.9,103.23,0.0,0.0
2012-09-12,20,0,0,0,25.6,7.8,116.88,0.0,0.0
2012-09-12,21,0,0,0,25.5,7.6,130.02,0.0,0.0
2012-09-12,22,0,0,0,25.5,7.3,142.05,0.0,0.0
2012-09-12,23,0,0,0,25.4,6.9,151.48,0.0,0.0
2012-09-13,0,0,0,0,25.4,6.4,155.15,0.0,0.0
2012-09-13,1,0,0,0,25.3,6.1,150.78,0.0,0.0
2012-09-13,2,0,0,0,25.4,5.9,140.99,0.0,0.0
2012-09-13,3,0,0,0,25.4,5.9,128.82,0.0,0.0
2012-09-13,4,0,0,0,25.4,5.9,115.62,0.0,0.0
2012-09-13,5,0,0,0,25.4,6.1,101.94,0.0,0.0
2012-09-13,6,22,155,16,25.6,6.5,87.77,94600.0,70921.925
2012-09-13,7,64,0,64,25.9,6.9,74.02,275200.0,247985.117
2012-09-13,8,474,814,68,26.2,7.0,60.14,2038200.0,1961644.614
2012-09-13,9,503,200,365,26.5,7.0,46.51,2162900.0,2081836.957
2012-09-13,10,560,149,436,26.7,6.9,33.56,2408000.0,2317685.212
2012-09-13,11,146,0,146,26.9,6.8,22.62,627800.0,592867.089
2012-09-13,12,665,182,492,27.0,6.6,17.94,2859500.0,2750782.742
2012-09-13,13,960,941,98,27.0,6.5,23.61,4128000.0,3583333.333
2012-09-13,14,847,924,89,27.0,6.6,34.89,3642100.0,3497309.53
2012-09-13,15,669,876,82,26.9,6.8,47.95,2876700.0,2767246.842
2012-09-13,16,446,790,70,26.7,7.1,61.63,1917800.0,1845469.25
2012-09-13,17,141,46,129,26.4,7.4,75.52,606300.0,571868.477
2012-09-13,18,0,0,0,26.1,7.6,89.16,0.0,0.0
2012-09-13,19,0,0,0,25.9,7.7,103.46,0.0,0.0
2012-09-13,20,0,0,0,25.7,7.6,117.13,0.0,0.0
2012-09-13,21,0,0,0,25.6,7.3,130.3,0.0,0.0
2012-09-13,22,0,0,0,25.5,6.9,142.37,0.0,0.0
2012-09-13,23,0,0,0,25.4,6.5,151.86,0.0,0.0
2012-09-14,0,0,0,0,25.3,6.2,155.53,0.0,0.0
2012-09-14,1,0,0,0,25.2,6.1,151.06,0.0,0.0
2012-09-14,2,0,0,0,25.1,6.1,141.17,0.0,0.0
2012-09-14,3,0,0,0,25.1,6.1,128.94,0.0,0.0
2012-09-14,4,0,0,0,25.0,6.0,115.7,0.0,0.0
2012-09-14,5,0,0,0,25.0,6.0,102.01,0.0,0.0
2012-09-14,6,22,193,15,25.2,6.2,87.82,94600.0,70921.925
2012-09-14,7,66,0,66,25.5,6.4,74.08,283800.0,256409.663
2012-09-14,8,352,197,254,25.8,6.5,60.21,1513600.0,1454535.202
2012-09-14,9,248,1,247,26.1,6.5,46.6,1066400.0,1020366.296
2012-09-14,10,420,35,391,26.4,6.4,33.71,1806000.0,1737479.89
2012-09-14,11,790,391,430,26.6,6.2,22.88,3397000.0,3264076.758
2012-09-14,12,717,233,497,26.8,6.1,18.33,3083100.0,2964616.506
2012-09-14,13,773,368,437,26.8,6.1,23.96,3323900.0,3194415.542
2012-09-14,14,658,313,402,26.8,6.2,35.17,2829400.0,2721964.412
2012-09-14,15,659,863,84,26.7,6.5,48.2,2833700.0,2726081.796
2012-09-14,16,437,773,73,26.5,6.7,61.86,1879100.0,1808100.548
2012-09-14,17,196,578,53,26.2,6.7,75.74,842800.0,802633.368
2012-09-14,18,0,0,0,26.0,6.8,89.35,0.0,0.0
2012-09-14,19,0,0,0,25.8,6.9,103.7,0.0,0.0
2012-09-14,20,0,0,0,25.7,6.8,117.38,0.0,0.0
2012-09-14,21,0,0,0,25.6,6.7,130.57,0.0,0.0
2012-09-14,22,0,0,0,25.5,6.4,142.69,0.0,0.0
2012-09-14,23,0,0,0,25.4,6.2,152.24,0.0,0.0
2012-09-15,0,0,0,0,25.4,6.0,155.91,0.0,0.0
2012-09-15,1,0,0,0,25.3,5.8,151.34,0.0,0.0
2012-09-15,2,0,0,0,25.3,5.6,141.35,0.0,0.0
2012-09-15,3,0,0,0,25.3,5.4,129.06,0.0,0.0
2012-09-15,4,0,0,0,25.2,5.2,115.79,0.0,0.0
2012-09-15,5,0,0,0,25.2,5.0,102.07,0.0,0.0
2012-09-15,6,21,158,15,25.3,5.1,87.87,90300.0,66702.698
2012-09-15,7,88,1,87,25.6,5.2,74.13,378400.0,349037.459
2012-09-15,8,55,0,55,25.8,5.2,60.28,236500.0,210066.747
2012-09-15,9,495,196,361,26.1,5.2,46.7,2128500.0,2048693.878
2012-09-15,10,622,225,435,26.3,5.2,33.86,2674600.0,2573632.112
2012-09-15,11,963,959,81,26.6,5.1,23.14,4140900.0,3583333.333
2012-09-15,12,996,964,83,26.8,5.0,18.72,4282800.0,3583333.333
2012-09-15,13,953,955,83,26.9,5.0,24.32,4097900.0,3583333.333
2012-09-15,14,839,933,79,26.9,5.0,35.46,3607700.0,3464606.442
2012-09-15,15,662,886,74,26.9,5.1,48.45,2846600.0,2738432.989
2012-09-15,16,439,800,65,26.7,5.4,62.09,1887700.0,1816405.823
2012-09-15,17,197,615,48,26.5,5.6,75.97,847100.0,806824.617
2012-09-15,18,0,0,0,26.2,5.9,89.54,0.0,0.0
2012-09-15,19,0,0,0,25.9,6.1,103.93,0.0,0.0
2012-09-15,20,0,0,0,25.8,6.2,117.63,0.0,0.0
2012-09-15,21,0,0,0,25.7,6.0,130.85,0.0,0.0
2012-09-15,22,0,0,0,25.6,5.8,143.01,0.0,0.0
2012-09-15,23,0,0,0,25.4,5.5,152.62,0.0,0.0
2012-09-16,0,0,0,0,25.3,5.3,156.29,0.0,0.0
2012-09-16,1,0,0,0,25.2,5.1,151.62,0.0,0.0
2012-09-16,2,0,0,0,25.0,5.0,141.53,0.0,0.0
2012-09-16,3,0,0,0,24.9,4.9,129.18,0.0,0.0
2012-09-16,4,0,0,0,24.9,4.9,115.87,0.0,0.0
2012-09-16,5,0,0,0,24.9,5.0,102.14,0.0,0.0
2012-09-16,6,22,216,14,25.1,5.2,87.93,94600.0,70921.925
2012-09-16,7,231,674,47,25.5,5.3,74.19,993300.0,949231.942
2012-09-16,8,472,829,62,25.9,5.3,60.35,2029600.0,1953350.53
2012-09-16,9,690,904,71,26.4,5.2,46.8,2967000.0,2853641.396
2012-09-16,10,859,944,77,26.8,5.2,34.02,3693700.0,3546344.975
2012-09-16,11,965,965,80,27.1,5.1,23.41,4149500.0,3583333.333
2012-09-16,12,998,971,81,27.2,5.1,19.11,4291400.0,3583333.333
2012-09-16,13,953,960,80,27.3,5.2,24.67,4097900.0,3583333.333
2012-09-16,14,838,937,78,27.2,5.3,35.76,3603400.0,3460517.837
2012-09-16,15,659,889,72,27.0,5.5,48.7,2833700.0,2726081.796
2012-09-16,16,436,805,62,26.8,5.7,62.32,1874800.0,1803947.671
2012-09-16,17,194,622,45,26.4,5.9,76.19,834200.0,794250.391
2012-09-16,18,0,0,0,26.0,6.1,89.73,0.0,0.0
2012-09-16,19,0,0,0,25.8,6.3,104.16,0.0,0.0
2012-09-16,20,0,0,0,25.6,6.4,117.87,0.0,0.0
2012-09-16,21,0,0,0,25.5,6.4,131.12,0.0,0.0
2012-09-16,22,0,0,0,25.4,6.3,143.33,0.0,0.0
2012-09-16,23,0,0,0,25.3,6.0,153.0,0.0,0.0
2012-09-17,0,0,0,0,25.2,5.7,156.68,0.0,0.0
2012-09-17,1,0,0,0,25.2,5.5,151.89,0.0,0.0
2012-09-17,2,0,0,0,25.1,5.4,141.71,0.0,0.0
2012-09-17,3,0,0,0,25.0,5.3,129.29,0.0,0.0
2012-09-17,4,0,0,0,25.0,5.2,115.95,0.0,0.0
2012-09-17,5,0,0,0,25.0,5.2,102.2,0.0,0.0
2012-09-17,6,21,186,14,25.3,5.4,87.98,90300.0,66702.698
2012-09-17,7,111,4,110,25.7,5.7,74.25,477300.0,445792.871
2012-09-17,8,464,803,68,26.1,5.8,60.42,1995200.0,1920167.802
2012-09-17,9,681,882,78,26.5,5.9,46.9,2928300.0,2816623.792
2012-09-17,10,849,922,86,26.8,5.9,34.17,3650700.0,3505483.703
2012-09-17,11,751,330,449,27.1,5.9,23.68,3229300.0,3104197.145
2012-09-17,12,699,221,491,27.3,5.9,19.5,3005700.0,2890646.05
2012-09-17,13,941,934,95,27.4,5.9,25.03,4046300.0,3583333.333
2012-09-17,14,826,912,88,27.4,6.0,36.05,3551800.0,3411442.101
2012-09-17,15,650,868,80,27.2,6.3,48.95,2795000.0,2689019.586
2012-09-17,16,428,779,69,27.0,6.7,62.55,1840400.0,1770718.897
2012-09-17,17,187,586,49,26.6,7.0,76.41,804100.0,764904.936
2012-09-17,18,0,0,0,26.3,7.2,89.92,0.0,0.0
2012-09-17,19,0,0,0,26.0,7.4,104.39,0.0,0.0
2012-09-17,20,0,0,0,25.9,7.4,118.12,0.0,0.0
2012-09-17,21,0,0,0,25.8,7.2,131.4,0.0,0.0
2012-09-17,22,0,0,0,25.7,6.8,143.66,0.0,0.0
2012-09-17,23,0,0,0,25.6,6.4,153.38,0.0,0.0
2012-09-18,0,0,0,0,25.5,6.0,157.06,0.0,0.0
2012-09-18,1,0,0,0,25.3,5.7,152.17,0.0,0.0
2012-09-18,2,0,0,0,25.2,5.5,141.88,0.0,0.0
2012-09-18,3,0,0,0,25.1,5.3,129.41,0.0,0.0
2012-09-18,4,0,0,0,25.0,5.3,116.04,0.0,0.0
2012-09-18,5,0,0,0,24.9,5.3,102.27,0.0,0.0
2012-09-18,6,20,178,14,25.0,5.5,88.04,86000.0,62483.31
2012-09-18,7,15,0,15,25.3,5.6,74.31,64500.0,41383.974
2012-09-18,8,45,0,45,25.5,5.5,60.49,193500.0,167920.036
2012-09-18,9,286,6,282,25.9,5.3,47.0,1229800.0,1179205.425
2012-09-18,10,855,935,83,26.2,5.0,34.34,3676500.0,3530002.385
2012-09-18,11,960,953,89,26.6,4.8,23.96,4128000.0,3583333.333
2012-09-18,12,992,959,91,26.9,4.8,19.89,4265600.0,3583333.333
2012-09-18,13,785,409,415,27.0,4.9,25.4,3375500.0,3243592.962
2012-09-18,14,705,611,212,27.1,5.2,36.35,3031500.0,2915308.624
2012-09-18,15,648,860,86,27.1,5.5,49.21,2786400.0,2680781.78
2012-09-18,16,422,759,75,26.9,5.8,62.79,1814600.0,1745790.601
2012-09-18,17,180,541,55,26.6,6.1,76.64,774000.0,735551.646
2012-09-18,18,0,0,0,26.3,6.2,90.11,0.0,0.0
2012-09-18,19,0,0,0,26.1,6.3,104.62,0.0,0.0
2012-09-18,20,0,0,0,26.0,6.1,118.36,0.0,0.0
2012-09-18,21,0,0,0,25.9,5.7,131.67,0.0,0.0
2012-09-18,22,0,0,0,25.8,5.3,143.97,0.0,0.0
2012-09-18,23,0,0,0,25.6,4.8,153.76,0.0,0.0
2012-09-19,0,0,0,0,25.5,4.3,157.44,0.0,0.0
2012-09-19,1,0,0,0,25.4,3.9,152.44,0.0,0.0
2012-09-19,2,0,0,0,25.3,3.5,142.05,0.0,0.0
2012-09-19,3,0,0,0,25.3,3.3,129.52,0.0,0.0
2012-09-19,4,0,0,0,25.2,3.3,116.12,0.0,0.0
2012-09-19,5,0,0,0,25.2,3.5,102.33,0.0,0.0
2012-09-19,6,18,126,14,25.3,3.8,88.09,77400.0,54044.055
2012-09-19,7,217,608,54,25.4,4.1,74.37,933100.0,890616.015
2012-09-19,8,456,783,71,25.7,4.3,60.57,1960800.0,1886974.84
2012-09-19,9,670,865,82,26.0,4.3,47.11,2881000.0,2771362.467
2012-09-19,10,836,906,89,26.4,4.1,34.5,3594800.0,3452340.146
2012-09-19,11,937,917,101,26.7,3.9,24.23,4029100.0,3583333.333
2012-09-19,12,967,922,102,26.9,3.6,20.28,4158100.0,3583333.333
2012-09-19,13,923,914,100,27.0,3.4,25.76,3968900.0,3583333.333
2012-09-19,14,807,884,97,27.1,3.3,36.64,3470100.0,3333691.769
2012-09-19,15,630,833,89,27.0,3.4,49.47,2709000.0,2606612.752
2012-09-19,16,410,740,74,26.8,3.6,63.02,1763000.0,1695916.742
2012-09-19,17,174,540,51,26.5,3.8,76.86,748200.0,710385.449
2012-09-19,18,0,0,0,26.1,4.0,90.9,0.0,0.0
2012-09-19,19,0,0,0,25.8,4.2,104.85,0.0,0.0
2012-09-19,20,0,0,0,25.5,4.3,118.61,0.0,0.0
2012-09-19,21,0,0,0,25.3,4.3,131.94,0.0,0.0
2012-09-19,22,0,0,0,25.2,4.2,144.29,0.0,0.0
2012-09-19,23,0,0,0,25.1,3.8,154.14,0.0,0.0
2012-09-20,0,0,0,0,25.1,3.4,157.82,0.0,0.0
2012-09-20,1,0,0,0,25.0,3.1,152.71,0.0,0.0
2012-09-20,2,0,0,0,25.0,2.7,142.22,0.0,0.0
2012-09-20,3,0,0,0,25.0,2.4,129.63,0.0,0.0
2012-09-20,4,0,0,0,25.0,2.1,116.2,0.0,0.0
2012-09-20,5,0,0,0,25.1,2.0,102.39,0.0,0.0
2012-09-20,6,12,0,12,25.2,2.1,88.14,51600.0,28722.454
2012-09-20,7,220,639,48,25.4,2.3,74.43,946000.0,903179.209
2012-09-20,8,209,14,202,25.6,2.5,60.65,898700.0,857107.13
2012-09-20,9,203,1,203,25.8,2.6,47.22,872900.0,831968.751
2012-09-20,10,498,117,401,26.1,2.6,34.67,2141400.0,2061123.732
2012-09-20,11,738,443,335,26.3,2.4,24.52,3173400.0,3050849.901
2012-09-20,12,454,52,405,26.5,2.2,20.68,1952200.0,1878675.001
2012-09-20,13,288,1,287,26.6,2.1,26.12,1238400.0,1187558.984
2012-09-20,14,311,3,309,26.6,2.1,36.94,1337300.0,1283578.946
2012-09-20,15,358,66,316,26.5,2.1,49.73,1539400.0,1479530.647
2012-09-20,16,404,720,80,26.4,2.2,63.26,1737200.0,1670971.179
2012-09-20,17,125,49,114,26.2,2.3,77.08,537500.0,504646.061
2012-09-20,18,0,0,0,26.0,2.4,91.13,0.0,0.0
2012-09-20,19,0,0,0,25.8,2.4,105.08,0.0,0.0
2012-09-20,20,0,0,0,25.6,2.4,118.85,0.0,0.0
2012-09-20,21,0,0,0,25.5,2.3,132.21,0.0,0.0
2012-09-20,22,0,0,0,25.4,2.2,144.61,0.0,0.0
2012-09-20,23,0,0,0,25.3,2.2,154.52,0.0,0.0
2012-09-21,0,0,0,0,25.3,2.2,158.21,0.0,0.0
2012-09-21,1,0,0,0,25.2,2.2,152.97,0.0,0.0
2012-09-21,2,0,0,0,25.2,2.3,142.39,0.0,0.0
2012-09-21,3,0,0,0,25.2,2.5,129.74,0.0,0.0
2012-09-21,4,0,0,0,25.2,2.7,116.28,0.0,0.0
2012-09-21,5,0,0,0,25.2,2.8,102.46,0.0,0.0
2012-09-21,6,17,109,14,25.3,2.9,88.2,73100.0,49824.188
2012-09-21,7,214,591,56,25.6,3.0,74.5,920200.0,878051.382
2012-09-21,8,452,774,74,26.0,2.9,60.73,1943600.0,1870374.523
2012-09-21,9,466,159,359,26.4,2.9,47.33,2003800.0,1928464.443
2012-09-21,10,836,908,91,26.7,2.9,34.85,3594800.0,3452340.146
2012-09-21,11,607,158,464,27.0,2.9,24.8,2610100.0,2511765.833
2012-09-21,12,483,43,443,27.2,2.8,21.07,2076900.0,1998960.075
2012-09-21,13,551,133,433,27.3,2.9,26.49,2369300.0,2280480.548
2012-09-21,14,808,895,95,27.4,3.1,37.24,3474400.0,3337785.33
2012-09-21,15,630,849,85,27.3,3.5,49.99,2709000.0,2606612.752
2012-09-21,16,409,760,70,27.2,4.0,63.5,1758700.0,1691759.548
2012-09-21,17,171,561,47,26.9,4.6,77.31,735300.0,697800.191
2012-09-21,18,0,0,0,26.5,5.3,91.35,0.0,0.0
2012-09-21,19,0,0,0,26.2,5.7,105.3,0.0,0.0
2012-09-21,20,0,0,0,26.1,6.0,119.1,0.0,0.0
2012-09-21,21,0,0,0,25.9,6.1,132.48,0.0,0.0
2012-09-21,22,0,0,0,25.8,6.0,144.93,0.0,0.0
2012-09-21,23,0,0,0,25.7,5.8,154.9,0.0,0.0
2012-09-22,0,0,0,0,25.6,5.6,158.59,0.0,0.0
2012-09-22,1,0,0,0,25.5,5.4,153.24,0.0,0.0
2012-09-22,2,0,0,0,25.4,5.3,142.55,0.0,0.0
2012-09-22,3,0,0,0,25.3,5.3,129.85,0.0,0.0
2012-09-22,4,0,0,0,25.2,5.3,116.35,0.0,0.0
2012-09-22,5,0,0,0,25.2,5.5,102.52,0.0,0.0
2012-09-22,6,18,169,13,25.4,5.9,88.25,77400.0,54044.055
2012-09-22,7,80,1,80,25.8,6.3,74.56,344000.0,315363.578
2012-09-22,8,337,180,249,26.1,6.6,60.81,1449100.0,1392021.407
2012-09-22,9,478,177,358,26.4,6.8,47.44,2055400.0,1978230.862
2012-09-22,10,314,2,312,26.6,6.8,35.03,1350200.0,1296097.053
2012-09-22,11,514,84,437,26.8,6.7,25.09,2210200.0,2127391.982
2012-09-22,12,753,305,469,26.9,6.7,21.46,3237900.0,3112402.015
2012-09-22,13,504,80,432,27.0,6.7,26.85,2167200.0,2085979.122
2012-09-22,14,304,2,303,26.9,6.9,37.55,1307200.0,1254364.432
2012-09-22,15,205,1,204,26.8,7.1,50.25,881500.0,840348.85
2012-09-22,16,257,58,232,26.6,7.3,63.73,1105100.0,1058006.954
2012-09-22,17,118,36,110,26.3,7.5,77.53,507400.0,475223.383
2012-09-22,18,0,0,0,26.0,7.6,91.57,0.0,0.0
2012-09-22,19,0,0,0,25.8,7.5,105.53,0.0,0.0
2012-09-22,20,0,0,0,25.7,7.4,119.34,0.0,0.0
2012-09-22,21,0,0,0,25.6,7.2,132.75,0.0,0.0
2012-09-22,22,0,0,0,25.5,7.0,145.24,0.0,0.0
2012-09-22,23,0,0,0,25.4,6.8,155.28,0.0,0.0
2012-09-23,0,0,0,0,25.4,6.7,158.97,0.0,0.0
2012-09-23,1,0,0,0,25.4,6.7,153.5,0.0,0.0
2012-09-23,2,0,0,0,25.3,6.8,142.71,0.0,0.0
2012-09-23,3,0,0,0,25.4,6.8,129.95,0.0,0.0
2012-09-23,4,0,0,0,25.4,6.8,116.43,0.0,0.0
2012-09-23,5,0,0,0,25.4,6.8,102.59,0.0,0.0
2012-09-23,6,17,114,13,25.5,6.9,88.31,73100.0,49824.188
2012-09-23,7,216,610,54,25.8,7.1,74.63,928800.0,886427.964
2012-09-23,8,455,791,70,26.1,7.1,60.89,1956500.0,1882825.001
2012-09-23,9,331,35,308,26.4,7.2,47.56,1423300.0,1367005.816
2012-09-23,10,417,43,383,26.7,7.3,35.21,1793100.0,1725012.624
2012-09-23,11,938,945,83,26.9,7.3,25.38,4033400.0,3583333.333
2012-09-23,12,484,47,440,27.0,7.4,21.86,2081200.0,2003105.438
2012-09-23,13,922,941,86,27.0,7.5,27.22,3964600.0,3583333.333
2012-09-23,14,804,910,85,27.0,7.6,37.85,3457200.0,3321410.124
2012-09-23,15,624,856,80,26.9,7.7,50.51,2683200.0,2581878.232
2012-09-23,16,401,757,69,26.7,7.9,63.97,1724300.0,1658496.24
2012-09-23,17,162,539,48,26.4,7.9,77.76,696600.0,660035.786
2012-09-23,18,0,0,0,26.1,7.9,91.8,0.0,0.0
2012-09-23,19,0,0,0,26.0,7.8,105.76,0.0,0.0
2012-09-23,20,0,0,0,25.9,7.7,119.58,0.0,0.0
2012-09-23,21,0,0,0,25.8,7.5,133.02,0.0,0.0
2012-09-23,22,0,0,0,25.7,7.3,145.55,0.0,0.0
2012-09-23,23,0,0,0,25.7,7.1,155.66,0.0,0.0
2012-09-24,0,0,0,0,25.7,7.0,159.35,0.0,0.0
2012-09-24,1,0,0,0,25.6,6.9,153.76,0.0,0.0
2012-09-24,2,0,0,0,25.6,6.7,142.87,0.0,0.0
2012-09-24,3,0,0,0,25.5,6.5,130.06,0.0,0.0
2012-09-24,4,0,0,0,25.5,6.4,116.51,0.0,0.0
2012-09-24,5,0,0,0,25.4,6.3,102.65,0.0,0.0
2012-09-24,6,16,94,13,25.5,6.5,88.36,68800.0,45604.161
2012-09-24,7,122,9,120,25.8,6.7,74.69,524600.0,492037.301
2012-09-24,8,451,769,78,26.0,6.9,60.98,1939300.0,1866224.044
2012-09-24,9,466,155,361,26.3,6.9,47.68,2003800.0,1928464.443
2012-09-24,10,177,0,177,26.5,6.9,35.39,761100.0,722969.267
2012-09-24,11,182,0,182,26.7,6.8,25.68,782600.0,743939.1
2012-09-24,12,204,0,204,26.8,6.8,22.25,877200.0,836158.881
2012-09-24,13,355,3,353,26.8,6.8,27.59,1526500.0,1467033.644
2012-09-24,14,209,0,209,26.7,6.9,38.16,898700.0,857107.13
2012-09-24,15,302,27,285,26.6,6.9,50.77,1298600.0,1246015.989
2012-09-24,16,194,16,187,26.4,7.0,64.21,834200.0,794250.391
2012-09-24,17,163,558,46,26.1,7.0,77.98,700900.0,664232.47
2012-09-24,18,0,0,0,25.9,7.0,92.02,0.0,0.0
2012-09-24,19,0,0,0,25.7,6.9,105.98,0.0,0.0
2012-09-24,20,0,0,0,25.7,6.8,119.82,0.0,0.0
2012-09-24,21,0,0,0,25.6,6.8,133.28,0.0,0.0
2012-09-24,22,0,0,0,25.5,6.7,145.86,0.0,0.0
2012-09-24,23,0,0,0,25.4,6.6,156.04,0.0,0.0
2012-09-25,0,0,0,0,25.4,6.4,159.73,0.0,0.0
2012-09-25,1,0,0,0,25.3,6.3,154.01,0.0,0.0
2012-09-25,2,0,0,0,25.3,6.1,143.03,0.0,0.0
2012-09-25,3,0,0,0,25.2,6.0,130.16,0.0,0.0
2012-09-25,4,0,0,0,25.2,5.9,116.58,0.0,0.0
2012-09-25,5,0,0,0,25.2,5.9,102.71,0.0,0.0
2012-09-25,6,7,0,7,25.4,6.1,88.42,30100.0,7616.722
2012-09-25,7,216,624,52,25.7,6.3,74.76,928800.0,886427.964
2012-09-25,8,457,799,70,26.0,6.4,61.06,1965100.0,1891124.52
2012-09-25,9,673,881,81,26.4,6.4,47.8,2893900.0,2783708.383
2012-09-25,10,840,926,87,26.6,6.4,35.58,3612000.0,3468694.888
2012-09-25,11,942,947,91,26.8,6.3,25.97,4050600.0,3583333.333
2012-09-25,12,971,952,92,26.9,6.2,22.65,4175300.0,3583333.333
2012-09-25,13,922,939,92,26.9,6.3,27.95,3964600.0,3583333.333
2012-09-25,14,801,910,88,26.9,6.4,38.46,3444300.0,3309127.041
2012-09-25,15,619,858,79,26.7,6.6,51.04,2661700.0,2561261.734
2012-09-25,16,63,0,63,26.5,6.9,64.45,270900.0,243772.605
2012-09-25,17,157,548,45,26.2,6.9,78.21,675100.0,639049.965
2012-09-25,18,0,0,0,26.0,6.8,92.24,0.0,0.0
2012-09-25,19,0,0,0,25.9,6.6,106.21,0.0,0.0
2012-09-25,20,0,0,0,25.8,6.4,120.05,0.0,0.0
2012-09-25,21,0,0,0,25.7,6.1,133.54,0.0,0.0
2012-09-25,22,0,0,0,25.6,5.9,146.17,0.0,0.0
2012-09-25,23,0,0,0,25.4,5.7,156.41,0.0,0.0
2012-09-26,0,0,0,0,25.3,5.6,160.11,0.0,0.0
2012-09-26,1,0,0,0,25.2,5.5,154.27,0.0,0.0
2012-09-26,2,0,0,0,25.1,5.6,143.18,0.0,0.0
2012-09-26,3,0,0,0,25.0,5.7,130.26,0.0,0.0
2012-09-26,4,0,0,0,24.9,5.9,116.66,0.0,0.0
2012-09-26,5,0,0,0,24.9,6.0,102.77,0.0,0.0
2012-09-26,6,16,131,12,25.1,6.4,88.48,68800.0,45604.161
2012-09-26,7,217,631,52,25.4,6.8,74.83,933100.0,890616.015
2012-09-26,8,175,3,174,25.8,6.9,61.15,752500.0,714580.215
2012-09-26,9,480,180,359,26.1,7.0,47.93,2064000.0,1986523.027
2012-09-26,10,319,3,317,26.4,6.9,35.77,1371700.0,1316957.368
2012-09-26,11,502,75,435,26.6,6.7,26.27,2158600.0,2077694.632
2012-09-26,12,567,110,466,26.8,6.5,23.04,2438100.0,2346613.22
2012-09-26,13,921,938,95,26.9,6.4,28.32,3960300.0,3583333.333
2012-09-26,14,375,23,357,27.0,6.3,38.77,1612500.0,1550319.82
2012-09-26,15,346,61,308,26.9,6.3,51.3,1487800.0,1429534.0
2012-09-26,16,188,14,182,26.7,6.4,64.69,808400.0,769097.624
2012-09-26,17,153,528,47,26.5,6.6,78.43,657900.0,622258.43
2012-09-26,18,0,0,0,26.1,6.8,92.46,0.0,0.0
2012-09-26,19,0,0,0,25.8,6.9,106.43,0.0,0.0
2012-09-26,20,0,0,0,25.7,7.0,120.29,0.0,0.0
2012-09-26,21,0,0,0,25.6,6.9,133.8,0.0,0.0
2012-09-26,22,0,0,0,25.5,6.7,146.47,0.0,0.0
2012-09-26,23,0,0,0,25.4,6.4,156.79,0.0,0.0
2012-09-27,0,0,0,0,25.4,6.1,160.49,0.0,0.0
2012-09-27,1,0,0,0,25.3,6.0,154.52,0.0,0.0
2012-09-27,2,0,0,0,25.2,5.9,143.33,0.0,0.0
2012-09-27,3,0,0,0,25.1,5.9,130.36,0.0,0.0
2012-09-27,4,0,0,0,25.1,5.9,116.73,0.0,0.0
2012-09-27,5,0,0,0,25.1,6.0,102.84,0.0,0.0
2012-09-27,6,16,139,12,25.3,6.2,88.53,68800.0,45604.161
2012-09-27,7,217,638,50,25.6,6.5,74.9,933100.0,890616.015
2012-09-27,8,457,806,69,25.9,6.7,61.24,1965100.0,1891124.52
2012-09-27,9,672,886,80,26.2,6.7,48.06,2889600.0,2779593.238
2012-09-27,10,838,927,88,26.5,6.7,35.97,3603400.0,3460517.837
2012-09-27,11,637,183,473,26.7,6.6,26.58,2739100.0,2635462.419
2012-09-27,12,427,13,415,26.8,6.5,23.44,1836100.0,1766564.58
2012-09-27,13,159,0,159,26.8,6.5,28.69,683700.0,647444.773
2012-09-27,14,301,2,299,26.7,6.7,39.08,1294300.0,1241841.528
2012-09-27,15,242,3,240,26.5,6.8,51.56,1040600.0,995265.329
2012-09-27,16,95,0,95,26.2,6.9,64.93,408500.0,378493.712
2012-09-27,17,152,552,44,25.9,6.9,78.66,653600.0,618060.147
2012-09-27,18,0,0,0,25.6,6.9,92.68,0.0,0.0
2012-09-27,19,0,0,0,25.5,6.9,106.65,0.0,0.0
2012-09-27,20,0,0,0,25.5,6.8,120.52,0.0,0.0
2012-09-27,21,0,0,0,25.6,6.8,134.06,0.0,0.0
2012-09-27,22,0,0,0,25.6,6.7,146.78,0.0,0.0
2012-09-27,23,0,0,0,25.6,6.6,157.16,0.0,0.0
2012-09-28,0,0,0,0,25.7,6.5,160.87,0.0,0.0
2012-09-28,1,0,0,0,25.7,6.4,154.76,0.0,0.0
2012-09-28,2,0,0,0,25.6,6.3,143.48,0.0,0.0
2012-09-28,3,0,0,0,25.6,6.3,130.46,0.0,0.0
2012-09-28,4,0,0,0,25.5,6.4,116.8,0.0,0.0
2012-09-28,5,0,0,0,25.5,6.6,102.9,0.0,0.0
2012-09-28,6,6,0,6,25.7,7.0,88.59,25800.0,3395.096
2012-09-28,7,214,625,53,26.0,7.4,74.98,920200.0,878051.382
2012-09-28,8,214,14,207,26.3,7.6,61.34,920200.0,878051.382
2012-09-28,9,465,156,361,26.6,7.7,48.19,1999500.0,1924316.202
2012-09-28,10,528,133,420,26.9,7.7,36.16,2270400.0,2185343.126
2012-09-28,11,603,155,464,27.0,7.5,26.88,2592900.0,2495262.083
2012-09-28,12,815,616,251,27.1,7.3,23.83,3504500.0,3366435.786
2012-09-28,13,832,705,216,27.1,7.1,29.06,3577600.0,3435982.847
2012-09-28,14,502,114,414,27.0,6.9,39.38,2158600.0,2077694.632
2012-09-28,15,483,257,324,26.9,6.7,51.83,2076900.0,1998960.075
2012-09-28,16,260,118,210,26.7,6.7,65.16,1118000.0,1070550.962
2012-09-28,17,54,0,54,26.5,6.6,78.88,232200.0,205852.795
2012-09-28,18,0,0,0,26.3,6.5,92.9,0.0,0.0
2012-09-28,19,0,0,0,26.2,6.6,106.87,0.0,0.0
2012-09-28,20,0,0,0,26.1,6.6,120.75,0.0,0.0
2012-09-28,21,0,0,0,26.0,6.5,134.32,0.0,0.0
2012-09-28,22,0,0,0,26.0,6.2,147.08,0.0,0.0
2012-09-28,23,0,0,0,25.9,5.7,157.53,0.0,0.0
2012-09-29,0,0,0,0,25.8,5.2,161.25,0.0,0.0
2012-09-29,1,0,0,0,25.7,4.8,155.01,0.0,0.0
2012-09-29,2,0,0,0,25.6,4.8,143.62,0.0,0.0
2012-09-29,3,0,0,0,25.6,5.0,130.56,0.0,0.0
2012-09-29,4,0,0,0,25.6,5.2,116.88,0.0,0.0
2012-09-29,5,0,0,0,25.6,5.3,102.96,0.0,0.0
2012-09-29,6,8,0,8,25.7,5.5,88.65,34400.0,11838.188
2012-09-29,7,171,206,118,26.0,5.7,75.05,735300.0,697800.191
2012-09-29,8,155,1,154,26.4,5.7,61.43,666500.0,630654.517
2012-09-29,9,61,0,61,26.7,5.5,48.32,262300.0,235347.1
2012-09-29,10,643,423,302,27.0,5.3,36.37,2764900.0,2660184.469
2012-09-29,11,753,359,434,27.3,5.0,27.19,3237900.0,3112402.015
2012-09-29,12,531,89,450,27.5,4.6,24.23,2283300.0,2197757.152
2012-09-29,13,631,331,342,27.7,4.2,29.42,2713300.0,2610734.613
2012-09-29,14,581,346,315,27.7,3.8,39.69,2498300.0,2404445.733
2012-09-29,15,235,3,234,27.7,3.7,52.09,1010500.0,965973.594
2012-09-29,16,380,742,71,27.5,3.8,65.4,1634000.0,1571131.371
2012-09-29,17,100,27,95,27.2,4.1,79.1,430000.0,399529.096
2012-09-29,18,0,0,0,26.8,4.4,93.11,0.0,0.0
2012-09-29,19,0,0,0,26.6,4.6,107.09,0.0,0.0
2012-09-29,20,0,0,0,26.4,4.6,120.98,0.0,0.0
2012-09-29,21,0,0,0,26.3,4.4,134.57,0.0,0.0
2012-09-29,22,0,0,0,26.2,4.2,147.37,0.0,0.0
2012-09-29,23,0,0,0,26.1,3.9,157.9,0.0,0.0
2012-09-30,0,0,0,0,26.1,3.6,161.63,0.0,0.0
2012-09-30,1,0,0,0,26.0,3.3,155.25,0.0,0.0
2012-09-30,2,0,0,0,25.9,3.0,143.77,0.0,0.0
2012-09-30,3,0,0,0,25.8,2.9,130.65,0.0,0.0
2012-09-30,4,0,0,0,25.7,2.9,116.95,0.0,0.0
2012-09-30,5,0,0,0,25.7,2.9,103.03,0.0,0.0
2012-09-30,6,13,56,12,25.8,3.1,88.71,55900.0,32943.12
2012-09-30,7,205,565,60,26.0,3.2,75.13,881500.0,840348.85
2012-09-30,8,443,761,80,26.2,3.1,61.53,1904900.0,1833014.455
2012-09-30,9,164,0,164,26.4,2.9,48.46,705200.0,668428.995
2012-09-30,10,512,124,412,26.6,2.6,36.57,2201600.0,2119110.689
2012-09-30,11,610,164,465,26.8,2.4,27.5,2623000.0,2524141.967
2012-09-30,12,909,737,239,26.9,2.2,24.62,3908700.0,3583333.333
2012-09-30,13,897,914,104,27.0,2.0,29.79,3857100.0,3583333.333
2012-09-30,14,777,882,101,27.0,1.9,40.0,3341100.0,3210810.573
2012-09-30,15,389,98,329,27.0,1.8,52.36,1672700.0,1608582.091
2012-09-30,16,196,56,173,26.9,1.8,65.64,842800.0,802633.368
2012-09-30,17,93,40,85,26.8,1.8,79.32,399900.0,370078.439
2012-09-30,18,0,0,0,26.6,1.7,93.33,0.0,0.0
2012-09-30,19,0,0,0,26.5,1.6,107.31,0.0,0.0
2012-09-30,20,0,0,0,26.5,1.5,121.21,0.0,0.0
2012-09-30,21,0,0,0,26.4,1.5,134.82,0.0,0.0
2012-09-30,22,0,0,0,26.3,1.5,147.67,0.0,0.0
2012-09-30,23,0,0,0,26.2,1.4,158.27,0.0,0.0
2012-10-01,0,0,0,0,26.0,1.5,162.0,0.0,0.0
2012-10-01,1,0,0,0,25.9,1.5,155.48,0.0,0.0
2012-10-01,2,0,0,0,25.7,1.4,143.91,0.0,0.0
2012-10-01,3,0,0,0,25.6,1.4,130.74,0.0,0.0
2012-10-01,4,0,0,0,25.4,1.4,117.02,0.0,0.0
2012-10-01,5,0,0,0,25.4,1.4,103.09,0.0,0.0
2012-10-01,6,5,0,5,25.5,1.4,88.77,21500.0,0.0
2012-10-01,7,135,26,128,25.8,1.6,75.2,580500.0,546664.867
2012-10-01,8,352,256,230,26.1,1.7,61.63,1513600.0,1454535.202
2012-10-01,9,657,864,85,26.5,1.8,48.6,2825100.0,2717846.869
2012-10-01,10,424,54,381,26.8,1.9,36.78,1823200.0,1754100.672
2012-10-01,11,827,554,336,27.0,1.9,27.81,3556100.0,3415532.625
2012-10-01,12,217,0,216,27.2,2.0,25.01,933100.0,890616.015
2012-10-01,13,381,8,374,27.4,1.9,30.16,1638300.0,1575293.202
2012-10-01,14,306,3,304,27.4,1.8,40.31,1315800.0,1262712.235
2012-10-01,15,263,11,256,27.4,1.8,52.62,1130900.0,1083093.532
2012-10-01,16,251,76,220,27.3,2.0,65.88,1079300.0,1032914.621
2012-10-01,17,62,1,61,27.1,2.1,79.54,266600.0,239559.932
2012-10-01,18,0,0,0,26.9,2.2,93.54,0.0,0.0
2012-10-01,19,0,0,0,26.6,2.2,107.52,0.0,0.0
2012-10-01,20,0,0,0,26.4,2.2,121.43,0.0,0.0
2012-10-01,21,0,0,0,26.3,2.0,135.06,0.0,0.0
2012-10-01,22,0,0,0,26.1,1.7,147.96,0.0,0.0
2012-10-01,23,0,0,0,25.9,1.5,158.64,0.0,0.0
2012-10-02,0,0,0,0,25.8,1.5,162.38,0.0,0.0
2012-10-02,1,0,0,0,25.7,1.8,155.71,0.0,0.0
2012-10-02,2,0,0,0,25.6,2.1,144.04,0.0,0.0
2012-10-02,3,0,0,0,25.6,2.5,130.84,0.0,0.0
2012-10-02,4,0,0,0,25.5,2.7,117.09,0.0,0.0
2012-10-02,5,0,0,0,25.5,2.7,103.16,0.0,0.0
2012-10-02,6,5,0,5,25.6,2.7,88.83,21500.0,0.0
2012-10-02,7,22,0,22,25.8,2.8,75.28,94600.0,70921.925
2012-10-02,8,169,3,167,26.0,2.7,61.74,726700.0,689409.22
2012-10-02,9,446,284,258,26.2,2.5,48.74,1917800.0,1845469.25
2012-10-02,10,421,54,378,26.5,2.2,36.99,1810300.0,1741635.325
2012-10-02,11,548,129,434,26.6,1.9,28.12,2356400.0,2268076.116
2012-10-02,12,735,492,290,26.8,1.6,25.4,3160500.0,3038535.161
2012-10-02,13,716,357,408,26.9,1.5,30.52,3078800.0,2960508.395
2012-10-02,14,501,135,398,27.0,1.5,40.61,2154300.0,2073552.146
2012-10-02,15,368,86,316,27.1,1.6,52.89,1582400.0,1521176.933
2012-10-02,16,163,10,159,27.0,1.7,66.11,700900.0,664232.47
2012-10-02,17,89,18,86,26.8,1.9,79.76,382700.0,353245.975
2012-10-02,18,0,0,0,26.7,2.4,93.76,0.0,0.0
2012-10-02,19,0,0,0,26.5,3.2,107.74,0.0,0.0
2012-10-02,20,0,0,0,26.3,3.6,121.65,0.0,0.0
2012-10-02,21,0,0,0,26.1,3.6,135.31,0.0,0.0
2012-10-02,22,0,0,0,26.0,3.4,148.25,0.0,0.0
2012-10-02,23,0,0,0,25.9,3.3,159.0,0.0,0.0
2012-10-03,0,0,0,0,25.8,3.2,162.75,0.0,0.0
2012-10-03,1,0,0,0,25.7,3.2,155.94,0.0,0.0
2012-10-03,2,0,0,0,25.7,3.2,144.18,0.0,0.0
2012-10-03,3,0,0,0,25.7,3.3,130.93,0.0,0.0
2012-10-03,4,0,0,0,25.7,3.4,117.17,0.0,0.0
2012-10-03,5,0,0,0,25.7,3.5,103.22,0.0,0.0
2012-10-03,6,5,0,5,25.8,3.7,88.89,21500.0,0.0
2012-10-03,7,120,10,117,26.0,3.8,75.36,516000.0,483630.662
2012-10-03,8,297,98,251,26.2,3.8,61.84,1277100.0,1225142.085
2012-10-03,9,582,478,268,26.4,3.7,48.89,2502600.0,2408575.427
2012-10-03,10,430,63,381,26.7,3.6,37.21,1849000.0,1779027.049
2012-10-03,11,907,915,102,27.0,3.5,28.44,3900100.0,3583333.333
2012-10-03,12,932,922,102,27.2,3.5,25.79,4007600.0,3583333.333
2012-10-03,13,759,601,243,27.3,3.6,30.89,3263700.0,3137012.788
2012-10-03,14,464,168,337,27.3,3.7,40.92,1995200.0,1920167.802
2012-10-03,15,102,1,102,27.2,3.9,53.15,438600.0,407942.13
2012-10-03,16,125,9,121,27.1,4.1,66.35,537500.0,504646.061
2012-10-03,17,58,5,57,26.8,4.3,79.98,249400.0,222707.643
2012-10-03,18,0,0,0,26.6,4.4,93.97,0.0,0.0
2012-10-03,19,0,0,0,26.3,4.4,107.95,0.0,0.0
2012-10-03,20,0,0,0,26.1,4.3,121.87,0.0,0.0
2012-10-03,21,0,0,0,26.0,4.1,135.55,0.0,0.0
2012-10-03,22,0,0,0,25.8,3.9,148.53,0.0,0.0
2012-10-03,23,0,0,0,25.8,3.5,159.36,0.0,0.0
2012-10-04,0,0,0,0,25.7,3.2,163.12,0.0,0.0
2012-10-04,1,0,0,0,25.7,3.0,156.17,0.0,0.0
2012-10-04,2,0,0,0,25.7,2.9,144.31,0.0,0.0
2012-10-04,3,0,0,0,25.7,2.9,131.02,0.0,0.0
2012-10-04,4,0,0,0,25.6,2.9,117.24,0.0,0.0
2012-10-04,5,0,0,0,25.6,3.0,103.29,0.0,0.0
2012-10-04,6,12,78,10,25.8,3.3,88.95,51600.0,28722.454
2012-10-04,7,201,591,52,26.1,3.5,75.45,864300.0,823588.013
2012-10-04,8,354,292,216,26.4,3.5,61.95,1522200.0,1462867.656
2012-10-04,9,648,866,80,26.7,3.3,49.04,2786400.0,2680781.78
2012-10-04,10,811,912,86,27.1,3.0,37.42,3487300.0,3350065.056
2012-10-04,11,907,925,96,27.4,2.5,28.76,3900100.0,3583333.333
2012-10-04,12,882,683,269,27.6,2.1,26.19,3792600.0,3583333.333
2012-10-04,13,880,918,96,27.7,1.8,31.25,3784000.0,3583333.333
2012-10-04,14,758,883,94,27.7,1.9,41.23,3259400.0,3132911.392
2012-10-04,15,577,827,84,27.7,2.1,53.41,2481100.0,2387925.355
2012-10-04,16,354,718,69,27.5,2.4,66.58,1522200.0,1462867.656
2012-10-04,17,122,459,43,27.2,2.6,80.19,524600.0,492037.301
2012-10-04,18,0,0,0,26.9,2.7,94.18,0.0,0.0
2012-10-04,19,0,0,0,26.7,2.9,108.15,0.0,0.0
2012-10-04,20,0,0,0,26.4,2.9,122.09,0.0,0.0
2012-10-04,21,0,0,0,26.2,2.9,135.78,0.0,0.0
2012-10-04,22,0,0,0,26.0,2.7,148.81,0.0,0.0
2012-10-04,23,0,0,0,25.8,2.4,159.72,0.0,0.0
2012-10-05,0,0,0,0,25.7,2.1,163.49,0.0,0.0
2012-10-05,1,0,0,0,25.5,2.0,156.39,0.0,0.0
2012-10-05,2,0,0,0,25.4,1.9,144.44,0.0,0.0
2012-10-05,3,0,0,0,25.3,1.9,131.11,0.0,0.0
2012-10-05,4,0,0,0,25.3,1.9,117.31,0.0,0.0
2012-10-05,5,0,0,0,25.3,1.9,103.35,0.0,0.0
2012-10-05,6,0,0,0,25.4,1.9,89.02,0.0,0.0
2012-10-05,7,202,609,49,25.6,1.9,75.53,868600.0,827778.462
2012-10-05,8,436,788,67,26.0,1.8,62.06,1874800.0,1803947.671
2012-10-05,9,647,873,77,26.4,1.7,49.19,2782100.0,2676662.638
2012-10-05,10,713,503,315,26.8,1.6,37.64,3065900.0,2948183.103
2012-10-05,11,197,0,197,27.1,1.3,29.08,847100.0,806824.617
2012-10-05,12,409,13,398,27.3,1.0,26.57,1758700.0,1691759.548
2012-10-05,13,405,21,388,27.4,1.0,31.62,1741500.0,1675129.173
2012-10-05,14,205,0,205,27.5,1.2,41.53,881500.0,840348.85
2012-10-05,15,256,12,249,27.4,1.5,53.68,1100800.0,1053825.298
2012-10-05,16,215,39,200,27.3,1.9,66.82,924500.0,882239.753
2012-10-05,17,121,487,40,27.0,2.2,80.41,520300.0,487834.061
2012-10-05,18,0,0,0,26.8,2.4,94.38,0.0,0.0
2012-10-05,19,0,0,0,26.5,2.4,108.36,0.0,0.0
2012-10-05,20,0,0,0,26.3,2.4,122.3,0.0,0.0
2012-10-05,21,0,0,0,26.1,2.4,136.01,0.0,0.0
2012-10-05,22,0,0,0,25.9,2.4,149.08,0.0,0.0
2012-10-05,23,0,0,0,25.7,2.4,160.07,0.0,0.0
2012-10-06,0,0,0,0,25.6,2.2,163.86,0.0,0.0
2012-10-06,1,0,0,0,25.4,2.0,156.61,0.0,0.0
2012-10-06,2,0,0,0,25.2,1.8,144.57,0.0,0.0
2012-10-06,3,0,0,0,25.1,1.6,131.2,0.0,0.0
2012-10-06,4,0,0,0,25.0,1.5,117.38,0.0,0.0
2012-10-06,5,0,0,0,25.0,1.5,103.42,0.0,0.0
2012-10-06,6,0,0,0,25.2,1.8,89.08,0.0,0.0
2012-10-06,7,200,613,48,25.5,2.0,75.62,860000.0,819397.404
2012-10-06,8,434,789,65,25.8,2.2,62.17,1866200.0,1795641.437
2012-10-06,9,395,91,335,26.2,2.5,49.35,1698500.0,1633542.043
2012-10-06,10,557,176,418,26.5,2.8,37.87,2395100.0,2305285.097
2012-10-06,11,666,244,454,26.6,3.1,29.4,2863800.0,2754899.007
2012-10-06,12,601,158,460,26.6,3.3,26.96,2584300.0,2487009.249
2012-10-06,13,478,88,403,26.6,3.5,31.98,2055400.0,1978230.862
2012-10-06,14,446,154,332,26.6,3.6,41.84,1917800.0,1845469.25
2012-10-06,15,388,208,266,26.7,3.7,53.94,1668400.0,1604421.539
2012-10-06,16,135,2,134,26.7,3.8,67.05,580500.0,546664.867
2012-10-06,17,77,9,75,26.6,3.8,80.62,331100.0,302733.234
2012-10-06,18,0,0,0,26.5,3.7,94.59,0.0,0.0
2012-10-06,19,0,0,0,26.4,3.7,108.56,0.0,0.0
2012-10-06,20,0,0,0,26.3,3.6,122.51,0.0,0.0
2012-10-06,21,0,0,0,26.2,3.5,136.24,0.0,0.0
2012-10-06,22,0,0,0,26.2,3.4,149.35,0.0,0.0
2012-10-06,23,0,0,0,26.1,3.3,160.43,0.0,0.0
2012-10-07,0,0,0,0,26.1,3.2,164.22,0.0,0.0
2012-10-07,1,0,0,0,26.0,3.1,156.83,0.0,0.0
2012-10-07,2,0,0,0,26.0,3.0,144.7,0.0,0.0
2012-10-07,3,0,0,0,25.9,2.9,131.28,0.0,0.0
2012-10-07,4,0,0,0,25.9,2.8,117.45,0.0,0.0
2012-10-07,5,0,0,0,25.8,2.8,103.49,0.0,0.0
2012-10-07,6,0,0,0,25.9,2.9,89.15,0.0,0.0
2012-10-07,7,196,578,53,26.2,3.1,75.7,842800.0,802633.368
2012-10-07,8,429,767,72,26.4,3.1,62.28,1844700.0,1774873.053
2012-10-07,9,638,855,83,26.7,3.2,49.5,2743400.0,2639583.16
2012-10-07,10,799,901,90,26.9,3.3,38.09,3435700.0,3300937.519
2012-10-07,11,892,910,102,27.1,3.3,29.72,3835600.0,3583333.333
2012-10-07,12,733,334,436,27.2,3.3,27.35,3151900.0,3030324.535
2012-10-07,13,864,904,100,27.3,3.4,32.34,3715200.0,3566769.616
2012-10-07,14,741,867,98,27.3,3.5,42.14,3186300.0,3063163.201
2012-10-07,15,561,813,85,27.2,3.6,54.2,2412300.0,2321818.264
2012-10-07,16,340,702,69,27.0,3.7,67.28,1462000.0,1404527.043
2012-10-07,17,111,442,41,26.8,3.8,80.83,477300.0,445792.871
2012-10-07,18,0,0,0,26.6,3.9,94.79,0.0,0.0
2012-10-07,19,0,0,0,26.4,4.1,108.76,0.0,0.0
2012-10-07,20,0,0,0,26.3,4.3,122.71,0.0,0.0
2012-10-07,21,0,0,0,26.3,4.4,136.46,0.0,0.0
2012-10-07,22,0,0,0,26.3,4.5,149.62,0.0,0.0
2012-10-07,23,0,0,0,26.3,4.5,160.77,0.0,0.0
2012-10-08,0,0,0,0,26.3,4.4,164.59,0.0,0.0
2012-10-08,1,0,0,0,26.2,4.3,157.04,0.0,0.0
2012-10-08,2,0,0,0,26.2,4.2,144.82,0.0,0.0
2012-10-08,3,0,0,0,26.1,4.1,131.37,0.0,0.0
2012-10-08,4,0,0,0,26.1,4.0,117.52,0.0,0.0
2012-10-08,5,0,0,0,26.0,3.9,103.56,0.0,0.0
2012-10-08,6,0,0,0,26.1,4.0,89.21,0.0,0.0
2012-10-08,7,197,601,50,26.3,4.2,75.79,847100.0,806824.617
2012-10-08,8,171,3,170,26.4,4.2,62.4,735300.0,697800.191
2012-10-08,9,384,81,331,26.6,4.2,49.66,1651200.0,1587777.734
2012-10-08,10,569,193,418,26.8,4.3,38.32,2446700.0,2354876.926
2012-10-08,11,772,454,379,27.0,4.3,30.04,3319600.0,3190316.385
2012-10-08,12,553,128,440,27.2,4.4,27.73,2377900.0,2288749.371
2012-10-08,13,621,202,451,27.2,4.3,32.7,2670300.0,2569508.813
2012-10-08,14,415,79,356,27.2,4.1,42.45,1784500.0,1716700.315
2012-10-08,15,268,20,256,27.1,4.1,54.46,1152400.0,1103994.616
2012-10-08,16,335,679,75,26.9,4.0,67.51,1440500.0,1383683.516
2012-10-08,17,106,401,44,26.6,3.8,81.04,455800.0,424766.28
2012-10-08,18,0,0,0,26.4,3.6,94.99,0.0,0.0
2012-10-08,19,0,0,0,26.2,3.4,108.96,0.0,0.0
2012-10-08,20,0,0,0,26.1,3.2,122.91,0.0,0.0
2012-10-08,21,0,0,0,26.0,3.1,136.68,0.0,0.0
2012-10-08,22,0,0,0,25.9,2.9,149.88,0.0,0.0
2012-10-08,23,0,0,0,25.8,2.8,161.12,0.0,0.0
2012-10-09,0,0,0,0,25.8,2.6,164.95,0.0,0.0
2012-10-09,1,0,0,0,25.7,2.5,157.24,0.0,0.0
2012-10-09,2,0,0,0,25.6,2.4,144.94,0.0,0.0
2012-10-09,3,0,0,0,25.5,2.3,131.46,0.0,0.0
2012-10-09,4,0,0,0,25.5,2.3,117.59,0.0,0.0
2012-10-09,5,0,0,0,25.5,2.2,103.63,0.0,0.0
2012-10-09,6,0,0,0,25.6,2.3,89.28,0.0,0.0
2012-10-09,7,196,600,49,25.9,2.4,75.89,842800.0,802633.368
2012-10-09,8,429,786,66,26.2,2.4,62.52,1844700.0,1774873.053
2012-10-09,9,637,870,76,26.6,2.4,49.83,2739100.0,2635462.419
2012-10-09,10,797,914,82,27.0,2.3,38.55,3427100.0,3292747.358
2012-10-09,11,892,934,86,27.2,2.1,30.36,3835600.0,3583333.333
2012-10-09,12,915,940,86,27.3,1.7,28.12,3934500.0,3583333.333
2012-10-09,13,863,928,84,27.4,1.4,33.05,3710900.0,3562685.008
2012-10-09,14,739,888,86,27.6,1.1,42.75,3177700.0,3054954.494
2012-10-09,15,557,831,77,27.7,0.9,54.71,2395100.0,2305285.097
2012-10-09,16,336,719,63,27.7,0.7,67.73,1444800.0,1387852.541
2012-10-09,17,107,455,38,27.5,0.6,81.24,460100.0,428971.918
2012-10-09,18,0,0,0,27.3,0.7,95.19,0.0,0.0
2012-10-09,19,0,0,0,27.1,0.8,109.15,0.0,0.0
2012-10-09,20,0,0,0,27.0,1.2,123.11,0.0,0.0
2012-10-09,21,0,0,0,26.9,1.4,136.9,0.0,0.0
2012-10-09,22,0,0,0,26.8,1.5,150.14,0.0,0.0
2012-10-09,23,0,0,0,26.6,1.4,161.46,0.0,0.0
2012-10-10,0,0,0,0,26.4,1.3,165.31,0.0,0.0
2012-10-10,1,0,0,0,26.2,1.2,157.45,0.0,0.0
2012-10-10,2,0,0,0,26.0,1.1,145.06,0.0,0.0
2012-10-10,3,0,0,0,25.8,1.0,131.54,0.0,0.0
2012-10-10,4,0,0,0,25.7,1.1,117.66,0.0,0.0
2012-10-10,5,0,0,0,25.7,1.5,103.7,0.0,0.0
2012-10-10,6,0,0,0,25.8,1.9,89.34,0.0,0.0
2012-10-10,7,195,595,51,26.1,2.3,75.98,838500.0,798441.96
2012-10-10,8,431,788,68,26.5,2.5,62.64,1853300.0,1783180.886
2012-10-10,9,641,875,79,27.0,2.6,49.99,2756300.0,2651944.425
2012-10-10,10,719,526,309,27.4,2.6,38.79,3091700.0,2972832.248
2012-10-10,11,892,908,111,27.7,2.6,30.69,3835600.0,3583333.333
2012-10-10,12,917,918,111,27.9,2.7,28.5,3943100.0,3583333.333
2012-10-10,13,865,909,107,28.0,2.8,33.41,3719500.0,3570854.065
2012-10-10,14,745,896,90,28.0,3.1,43.05,3203500.0,3079578.697
2012-10-10,15,562,841,80,27.9,3.6,54.97,2416600.0,2325951.157
2012-10-10,16,338,731,64,27.7,4.2,67.96,1453400.0,1396190.112
2012-10-10,17,107,469,37,27.3,4.7,81.45,460100.0,428971.918
2012-10-10,18,0,0,0,27.0,5.2,95.38,0.0,0.0
2012-10-10,19,0,0,0,26.7,5.5,109.34,0.0,0.0
2012-10-10,20,0,0,0,26.5,5.6,123.31,0.0,0.0
2012-10-10,21,0,0,0,26.4,5.6,137.11,0.0,0.0
2012-10-10,22,0,0,0,26.3,5.5,150.39,0.0,0.0
2012-10-10,23,0,0,0,26.3,5.3,161.8,0.0,0.0
2012-10-11,0,0,0,0,26.3,5.2,165.67,0.0,0.0
2012-10-11,1,0,0,0,26.2,5.1,157.65,0.0,0.0
2012-10-11,2,0,0,0,26.2,5.0,145.18,0.0,0.0
2012-10-11,3,0,0,0,26.2,5.1,131.62,0.0,0.0
2012-10-11,4,0,0,0,26.1,5.2,117.74,0.0,0.0
2012-10-11,5,0,0,0,26.1,5.3,103.77,0.0,0.0
2012-10-11,6,0,0,0,26.2,5.5,89.41,0.0,0.0
2012-10-11,7,199,634,47,26.4,5.7,76.08,855700.0,815206.635
2012-10-11,8,435,817,61,26.8,5.7,62.76,1870500.0,1799794.634
2012-10-11,9,647,901,70,27.2,5.5,50.16,2782100.0,2676662.638
2012-10-11,10,809,942,77,27.5,5.1,39.02,3478700.0,3341878.732
2012-10-11,11,903,960,80,27.7,4.8,31.01,3882900.0,3583333.333
2012-10-11,12,926,964,82,27.9,4.5,28.88,3981800.0,3583333.333
2012-10-11,13,873,952,81,28.0,4.4,33.76,3753900.0,3583333.333
2012-10-11,14,748,920,79,27.9,4.6,43.35,3216400.0,3091888.64
2012-10-11,15,564,862,72,27.8,5.1,55.22,2425200.0,2334216.462
2012-10-11,16,158,9,154,27.5,5.7,68.18,679400.0,643247.449
2012-10-11,17,105,473,37,27.1,6.3,81.65,451500.0,420560.483
2012-10-11,18,0,0,0,26.8,6.8,95.57,0.0,0.0
2012-10-11,19,0,0,0,26.5,7.1,109.53,0.0,0.0
2012-10-11,20,0,0,0,26.4,7.2,123.5,0.0,0.0
2012-10-11,21,0,0,0,26.3,7.3,137.32,0.0,0.0
2012-10-11,22,0,0,0,26.2,7.3,150.63,0.0,0.0
2012-10-11,23,0,0,0,26.2,7.2,162.13,0.0,0.0
2012-10-12,0,0,0,0,26.1,7.0,166.02,0.0,0.0
2012-10-12,1,0,0,0,26.0,6.8,157.84,0.0,0.0
2012-10-12,2,0,0,0,25.9,6.5,145.3,0.0,0.0
2012-10-12,3,0,0,0,25.9,6.2,131.71,0.0,0.0
2012-10-12,4,0,0,0,25.9,6.0,117.81,0.0,0.0
2012-10-12,5,0,0,0,25.9,5.7,103.84,0.0,0.0
2012-10-12,6,0,0,0,26.0,5.6,89.48,0.0,0.0
2012-10-12,7,197,612,51,26.3,5.6,76.17,847100.0,806824.617
2012-10-12,8,434,797,70,26.6,5.4,62.89,1866200.0,1795641.437
2012-10-12,9,644,882,81,26.9,5.3,50.33,2769200.0,2664304.251
2012-10-12,10,806,928,88,27.2,5.2,39.26,3465800.0,3329598.047
2012-10-12,11,903,952,90,27.5,5.2,31.34,3882900.0,3583333.333
2012-10-12,12,925,956,91,27.7,5.2,29.26,3977500.0,3583333.333
2012-10-12,13,871,944,90,27.8,5.3,34.11,3745300.0,3583333.333
2012-10-12,14,746,916,83,27.8,5.4,43.64,3207800.0,3083682.171
2012-10-12,15,560,854,76,27.7,5.5,55.47,2408000.0,2317685.212
2012-10-12,16,334,739,62,27.5,5.8,68.4,1436200.0,1379514.331
2012-10-12,17,102,458,37,27.1,6.1,81.85,438600.0,407942.13
2012-10-12,18,0,0,0,26.8,6.5,95.76,0.0,0.0
2012-10-12,19,0,0,0,26.5,6.8,109.71,0.0,0.0
2012-10-12,20,0,0,0,26.4,7.0,123.68,0.0,0.0
2012-10-12,21,0,0,0,26.3,7.1,137.52,0.0,0.0
2012-10-12,22,0,0,0,26.2,7.0,150.87,0.0,0.0
2012-10-12,23,0,0,0,26.2,6.7,162.46,0.0,0.0
2012-10-13,0,0,0,0,26.1,6.4,166.37,0.0,0.0
2012-10-13,1,0,0,0,26.1,6.1,158.04,0.0,0.0
2012-10-13,2,0,0,0,26.0,5.8,145.41,0.0,0.0
2012-10-13,3,0,0,0,25.9,5.5,131.79,0.0,0.0
2012-10-13,4,0,0,0,25.9,5.3,117.88,0.0,0.0
2012-10-13,5,0,0,0,25.9,5.4,103.91,0.0,0.0
2012-10-13,6,0,0,0,26.1,5.7,89.55,0.0,0.0
2012-10-13,7,144,79,125,26.5,6.0,76.27,619200.0,584468.124
2012-10-13,8,70,0,70,26.8,6.2,63.02,301000.0,273256.836
2012-10-13,9,77,0,77,27.2,6.3,50.5,331100.0,302733.234
2012-10-13,10,323,4,320,27.5,6.4,39.5,1388900.0,1333642.742
2012-10-13,11,330,2,328,27.6,6.3,31.66,1419000.0,1362835.991
2012-10-13,12,605,163,463,27.7,6.4,29.64,2601500.0,2503514.278
2012-10-13,13,860,929,95,27.7,6.5,34.46,3698000.0,3550430.223
2012-10-13,14,734,894,90,27.6,6.8,43.94,3156200.0,3034429.928
2012-10-13,15,550,831,82,27.4,7.1,55.72,2365000.0,2276345.897
2012-10-13,16,325,705,68,27.1,7.4,68.62,1397500.0,1341984.47
2012-10-13,17,95,404,39,26.8,7.4,82.04,408500.0,378493.712
2012-10-13,18,0,0,0,26.5,7.4,95.95,0.0,0.0
2012-10-13,19,0,0,0,26.4,7.5,109.89,0.0,0.0
2012-10-13,20,0,0,0,26.3,7.4,123.87,0.0,0.0
2012-10-13,21,0,0,0,26.3,7.4,137.72,0.0,0.0
2012-10-13,22,0,0,0,26.2,7.2,151.11,0.0,0.0
2012-10-13,23,0,0,0,26.1,7.0,162.78,0.0,0.0
2012-10-14,0,0,0,0,26.1,6.7,166.72,0.0,0.0
2012-10-14,1,0,0,0,26.0,6.4,158.22,0.0,0.0
2012-10-14,2,0,0,0,25.9,6.2,145.52,0.0,0.0
2012-10-14,3,0,0,0,25.9,6.0,131.87,0.0,0.0
2012-10-14,4,0,0,0,25.8,6.0,117.95,0.0,0.0
2012-10-14,5,0,0,0,25.8,6.0,103.99,0.0,0.0
2012-10-14,6,0,0,0,25.9,6.1,89.63,0.0,0.0
2012-10-14,7,6,0,6,26.2,6.3,76.37,25800.0,3395.096
2012-10-14,8,40,0,40,26.5,6.4,63.15,172000.0,146840.685
2012-10-14,9,164,0,164,26.7,6.4,50.68,705200.0,668428.995
2012-10-14,10,213,0,213,27.0,6.2,39.74,915900.0,873862.851
2012-10-14,11,559,140,440,27.3,6.0,31.99,2403700.0,2313552.0
2012-10-14,12,581,148,452,27.4,5.9,30.01,2498300.0,2404445.733
2012-10-14,13,252,1,252,27.4,6.0,34.81,1083600.0,1037097.076
2012-10-14,14,260,1,259,27.4,6.2,44.23,1118000.0,1070550.962
2012-10-14,15,254,17,244,27.2,6.6,55.97,1092200.0,1045461.507
2012-10-14,16,323,717,64,27.0,7.0,68.84,1388900.0,1333642.742
2012-10-14,17,94,428,36,26.6,7.2,82.24,404200.0,374286.155
2012-10-14,18,0,0,0,26.3,7.3,96.13,0.0,0.0
2012-10-14,19,0,0,0,26.1,7.4,110.07,0.0,0.0
2012-10-14,20,0,0,0,25.9,7.3,124.04,0.0,0.0
2012-10-14,21,0,0,0,25.8,7.1,137.91,0.0,0.0
2012-10-14,22,0,0,0,25.7,6.9,151.34,0.0,0.0
2012-10-14,23,0,0,0,25.7,6.6,163.09,0.0,0.0
2012-10-15,0,0,0,0,25.7,6.3,167.07,0.0,0.0
2012-10-15,1,0,0,0,25.6,6.1,158.41,0.0,0.0
2012-10-15,2,0,0,0,25.6,5.9,145.63,0.0,0.0
2012-10-15,3,0,0,0,25.6,5.8,131.95,0.0,0.0
2012-10-15,4,0,0,0,25.6,5.7,118.02,0.0,0.0
2012-10-15,5,0,0,0,25.6,5.8,104.06,0.0,0.0
2012-10-15,6,0,0,0,25.8,6.0,89.7,0.0,0.0
2012-10-15,7,108,7,106,26.1,6.3,76.48,464400.0,433177.396
2012-10-15,8,150,1,150,26.4,6.6,63.28,645000.0,609663.1
2012-10-15,9,407,102,342,26.7,6.7,50.86,1750100.0,1683444.68
2012-10-15,10,395,39,366,27.0,6.8,39.99,1698500.0,1633542.043
2012-10-15,11,791,531,343,27.2,6.8,32.31,3401300.0,3268173.038
2012-10-15,12,911,949,92,27.3,6.7,30.38,3917300.0,3583333.333
2012-10-15,13,854,932,92,27.3,6.7,35.16,3672200.0,3525916.338
2012-10-15,14,437,94,370,27.3,6.8,44.52,1879100.0,1808100.548
2012-10-15,15,360,102,304,27.2,7.0,56.22,1548000.0,1487861.183
2012-10-15,16,210,55,191,27.0,7.0,69.05,903000.0,861296.3
2012-10-15,17,56,2,56,26.8,6.9,82.43,240800.0,214280.539
2012-10-15,18,0,0,0,26.5,6.7,96.31,0.0,0.0
2012-10-15,19,0,0,0,26.4,6.5,110.24,0.0,0.0
2012-10-15,20,0,0,0,26.2,6.3,124.22,0.0,0.0
2012-10-15,21,0,0,0,26.1,6.1,138.1,0.0,0.0
2012-10-15,22,0,0,0,26.0,6.1,151.56,0.0,0.0
2012-10-15,23,0,0,0,25.9,6.0,163.41,0.0,0.0
2012-10-16,0,0,0,0,25.9,5.7,167.41,0.0,0.0
2012-10-16,1,0,0,0,25.8,5.3,158.59,0.0,0.0
2012-10-16,2,0,0,0,25.7,5.1,145.74,0.0,0.0
2012-10-16,3,0,0,0,25.7,5.0,132.03,0.0,0.0
2012-10-16,4,0,0,0,25.6,5.2,118.1,0.0,0.0
2012-10-16,5,0,0,0,25.6,5.5,104.14,0.0,0.0
2012-10-16,6,0,0,0,25.7,5.9,89.77,0.0,0.0
2012-10-16,7,116,52,104,25.9,6.1,76.58,498800.0,466815.465
2012-10-16,8,266,134,206,26.2,6.1,63.42,1143800.0,1095634.662
2012-10-16,9,383,163,280,26.5,5.7,51.04,1646900.0,1583616.383
2012-10-16,10,591,410,278,26.9,4.9,40.23,2541300.0,2445735.485
2012-10-16,11,656,412,309,27.2,4.1,32.64,2820800.0,2713729.165
2012-10-16,12,709,318,436,27.4,3.4,30.75,3048700.0,2931747.143
2012-10-16,13,604,325,340,27.5,3.1,35.5,2597200.0,2499388.261
2012-10-16,14,608,409,318,27.6,3.3,44.81,2614400.0,2515891.371
2012-10-16,15,540,839,76,27.6,3.6,56.46,2322000.0,2234990.594
2012-10-16,16,316,717,62,27.4,4.1,69.26,1358800.0,1304441.659
2012-10-16,17,89,418,35,27.1,4.6,82.62,382700.0,353245.975
2012-10-16,18,0,0,0,26.7,5.0,96.48,0.0,0.0
2012-10-16,19,0,0,0,26.5,5.3,110.41,0.0,0.0
2012-10-16,20,0,0,0,26.4,5.3,124.39,0.0,0.0
2012-10-16,21,0,0,0,26.2,5.0,138.28,0.0,0.0
2012-10-16,22,0,0,0,26.0,4.4,151.78,0.0,0.0
2012-10-16,23,0,0,0,25.9,3.8,163.71,0.0,0.0
2012-10-17,0,0,0,0,25.8,3.4,167.76,0.0,0.0
2012-10-17,1,0,0,0,25.6,3.1,158.76,0.0,0.0
2012-10-17,2,0,0,0,25.5,2.9,145.84,0.0,0.0
2012-10-17,3,0,0,0,25.4,2.7,132.11,0.0,0.0
2012-10-17,4,0,0,0,25.4,2.7,118.17,0.0,0.0
2012-10-17,5,0,0,0,25.3,2.8,104.21,0.0,0.0
2012-10-17,6,0,0,0,25.4,3.2,89.85,0.0,0.0
2012-10-17,7,188,604,49,25.7,3.6,76.69,808400.0,769097.624
2012-10-17,8,292,113,242,26.0,3.9,63.56,1255600.0,1204264.183
2012-10-17,9,88,0,88,26.3,4.0,51.22,378400.0,349037.459
2012-10-17,10,788,924,85,26.6,4.1,40.48,3388400.0,3255883.719
2012-10-17,11,880,935,95,26.9,4.2,32.96,3784000.0,3583333.333
2012-10-17,12,901,940,96,27.2,4.2,31.12,3874300.0,3583333.333
2012-10-17,13,844,924,95,27.4,4.3,35.84,3629200.0,3485047.071
2012-10-17,14,719,889,91,27.5,4.5,45.09,3091700.0,2972832.248
2012-10-17,15,535,827,81,27.5,4.8,56.7,2300500.0,2214306.947
2012-10-17,16,311,703,65,27.3,5.0,69.47,1337300.0,1283578.946
2012-10-17,17,85,395,36,27.0,5.1,82.8,365500.0,336410.953
2012-10-17,18,0,0,0,26.7,5.1,96.66,0.0,0.0
2012-10-17,19,0,0,0,26.6,5.0,110.58,0.0,0.0
2012-10-17,20,0,0,0,26.4,4.9,124.55,0.0,0.0
2012-10-17,21,0,0,0,26.3,4.6,138.45,0.0,0.0
2012-10-17,22,0,0,0,26.2,4.3,151.99,0.0,0.0
2012-10-17,23,0,0,0,26.1,3.9,164.01,0.0,0.0
2012-10-18,0,0,0,0,26.1,3.6,168.09,0.0,0.0
2012-10-18,1,0,0,0,26.0,3.4,158.94,0.0,0.0
2012-10-18,2,0,0,0,25.9,3.3,145.95,0.0,0.0
2012-10-18,3,0,0,0,25.8,3.2,132.19,0.0,0.0
2012-10-18,4,0,0,0,25.8,3.2,118.25,0.0,0.0
2012-10-18,5,0,0,0,25.7,3.3,104.29,0.0,0.0
2012-10-18,6,0,0,0,25.7,3.7,89.92,0.0,0.0
2012-10-18,7,9,0,9,25.9,4.0,76.8,38700.0,16059.494
2012-10-18,8,96,0,96,26.2,4.2,63.7,412800.0,382701.108
2012-10-18,9,476,253,319,26.5,4.4,51.4,2046800.0,1969938.058
2012-10-18,10,716,562,290,26.7,4.7,40.73,3078800.0,2960508.395
2012-10-18,11,658,262,439,27.0,5.1,33.29,2829400.0,2721964.412
2012-10-18,12,901,960,82,27.3,5.3,31.48,3874300.0,3583333.333
2012-10-18,13,846,947,82,27.5,5.4,36.17,3637800.0,3493222.203
2012-10-18,14,721,906,84,27.6,5.6,45.38,3100300.0,2981047.35
2012-10-18,15,536,842,76,27.6,6.0,56.94,2304800.0,2218443.996
2012-10-18,16,116,0,116,27.5,6.4,69.68,498800.0,466815.465
2012-10-18,17,85,409,35,27.2,6.5,82.98,365500.0,336410.953
2012-10-18,18,0,0,0,26.8,6.4,96.83,0.0,0.0
2012-10-18,19,0,0,0,26.6,6.4,110.74,0.0,0.0
2012-10-18,20,0,0,0,26.4,6.2,124.71,0.0,0.0
2012-10-18,21,0,0,0,26.2,5.9,138.62,0.0,0.0
2012-10-18,22,0,0,0,26.1,5.5,152.19,0.0,0.0
2012-10-18,23,0,0,0,26.0,5.1,164.31,0.0,0.0
2012-10-19,0,0,0,0,25.9,4.8,168.43,0.0,0.0
2012-10-19,1,0,0,0,25.8,4.4,159.11,0.0,0.0
2012-10-19,2,0,0,0,25.8,4.3,146.05,0.0,0.0
2012-10-19,3,0,0,0,25.7,4.5,132.27,0.0,0.0
2012-10-19,4,0,0,0,25.7,4.8,118.32,0.0,0.0
2012-10-19,5,0,0,0,25.7,5.2,104.37,0.0,0.0
2012-10-19,6,0,0,0,25.9,5.6,90.0,0.0,0.0
2012-10-19,7,185,604,48,26.2,5.8,76.91,795500.0,756519.081
2012-10-19,8,418,794,67,26.6,5.9,63.84,1797400.0,1729168.539
2012-10-19,9,341,57,305,26.9,5.9,51.59,1466300.0,1408695.269
2012-10-19,10,785,924,87,27.3,5.9,40.98,3375500.0,3243592.962
2012-10-19,11,715,365,410,27.5,6.0,33.61,3074500.0,2956400.124
2012-10-19,12,901,946,98,27.7,6.0,31.85,3874300.0,3583333.333
2012-10-19,13,848,937,95,27.7,6.1,36.51,3646400.0,3501396.696
2012-10-19,14,722,905,89,27.6,6.4,45.66,3104600.0,2985154.662
2012-10-19,15,442,343,257,27.5,6.8,57.18,1900600.0,1828862.537
2012-10-19,16,310,715,64,27.1,7.3,69.88,1333000.0,1279405.923
2012-10-19,17,82,391,35,26.7,7.6,83.16,352600.0,323783.007
2012-10-19,18,0,0,0,26.4,7.8,96.99,0.0,0.0
2012-10-19,19,0,0,0,26.2,7.9,110.89,0.0,0.0
2012-10-19,20,0,0,0,26.1,8.0,124.87,0.0,0.0
2012-10-19,21,0,0,0,26.0,8.0,138.79,0.0,0.0
2012-10-19,22,0,0,0,25.9,7.9,152.39,0.0,0.0
2012-10-19,23,0,0,0,25.9,7.7,164.59,0.0,0.0
2012-10-20,0,0,0,0,25.9,7.5,168.76,0.0,0.0
2012-10-20,1,0,0,0,25.9,7.2,159.27,0.0,0.0
2012-10-20,2,0,0,0,25.8,6.8,146.15,0.0,0.0
2012-10-20,3,0,0,0,25.8,6.3,132.35,0.0,0.0
2012-10-20,4,0,0,0,25.7,5.7,118.39,0.0,0.0
2012-10-20,5,0,0,0,25.7,5.3,104.45,0.0,0.0
2012-10-20,6,0,0,0,25.8,5.1,90.08,0.0,0.0
2012-10-20,7,181,589,49,26.0,5.1,77.02,778300.0,739745.453
2012-10-20,8,413,791,66,26.3,5.1,63.98,1775900.0,1708387.365
2012-10-20,9,621,883,75,26.5,5.1,51.78,2670300.0,2569508.813
2012-10-20,10,778,927,81,26.8,5.1,41.23,3345400.0,3214908.932
2012-10-20,11,871,953,80,27.0,5.2,33.93,3745300.0,3583333.333
2012-10-20,12,771,496,352,27.2,5.4,32.21,3315300.0,3186217.067
2012-10-20,13,836,942,82,27.3,5.5,36.84,3594800.0,3452340.146
2012-10-20,14,710,902,83,27.3,5.7,45.94,3053000.0,2935856.373
2012-10-20,15,525,833,77,27.3,6.0,57.41,2257500.0,2172927.662
2012-10-20,16,301,693,65,27.1,6.3,70.08,1294300.0,1241841.528
2012-10-20,17,76,347,36,26.9,6.6,83.33,326800.0,298522.8
2012-10-20,18,0,0,0,26.6,6.9,97.15,0.0,0.0
2012-10-20,19,0,0,0,26.3,7.1,111.05,0.0,0.0
2012-10-20,20,0,0,0,26.2,7.2,125.02,0.0,0.0
2012-10-20,21,0,0,0,26.1,7.1,138.95,0.0,0.0
2012-10-20,22,0,0,0,26.0,6.9,152.58,0.0,0.0
2012-10-20,23,0,0,0,25.9,6.8,164.87,0.0,0.0
2012-10-21,0,0,0,0,25.9,6.6,169.09,0.0,0.0
2012-10-21,1,0,0,0,25.8,6.4,159.43,0.0,0.0
2012-10-21,2,0,0,0,25.8,6.2,146.25,0.0,0.0
2012-10-21,3,0,0,0,25.8,6.0,132.43,0.0,0.0
2012-10-21,4,0,0,0,25.8,5.8,118.47,0.0,0.0
2012-10-21,5,0,0,0,25.8,5.7,104.53,0.0,0.0
2012-10-21,6,0,0,0,26.0,5.8,90.16,0.0,0.0
2012-10-21,7,71,1,71,26.3,6.1,77.14,305300.0,277468.23
2012-10-21,8,414,788,70,26.6,6.3,64.13,1780200.0,1712543.92
2012-10-21,9,624,880,82,26.9,6.4,51.97,2683200.0,2581878.232
2012-10-21,10,738,614,278,27.2,6.3,41.48,3173400.0,3050849.901
2012-10-21,11,873,939,97,27.4,6.2,34.26,3753900.0,3583333.333
2012-10-21,12,474,65,419,27.5,6.0,32.56,2038200.0,1961644.614
2012-10-21,13,656,305,414,27.6,5.9,37.16,2820800.0,2713729.165
2012-10-21,14,705,871,102,27.5,5.9,46.21,3031500.0,2915308.624
2012-10-21,15,331,72,293,27.4,6.1,57.64,1423300.0,1367005.816
2012-10-21,16,101,0,101,27.1,6.4,70.28,434300.0,403735.693
2012-10-21,17,56,9,55,26.8,6.8,83.51,240800.0,214280.539
2012-10-21,18,0,0,0,26.5,7.2,97.31,0.0,0.0
2012-10-21,19,0,0,0,26.2,7.5,111.2,0.0,0.0
2012-10-21,20,0,0,0,26.0,7.7,125.17,0.0,0.0
2012-10-21,21,0,0,0,25.8,7.6,139.11,0.0,0.0
2012-10-21,22,0,0,0,25.7,7.3,152.77,0.0,0.0
2012-10-21,23,0,0,0,25.7,6.9,165.15,0.0,0.0
2012-10-22,0,0,0,0,25.6,6.6,169.41,0.0,0.0
2012-10-22,1,0,0,0,25.6,6.3,159.59,0.0,0.0
2012-10-22,2,0,0,0,25.6,6.1,146.35,0.0,0.0
2012-10-22,3,0,0,0,25.5,5.8,132.51,0.0,0.0
2012-10-22,4,0,0,0,25.5,5.7,118.55,0.0,0.0
2012-10-22,5,0,0,0,25.6,5.7,104.62,0.0,0.0
2012-10-22,6,0,0,0,25.7,5.8,90.24,0.0,0.0
2012-10-22,7,95,2,95,25.9,5.9,77.25,408500.0,378493.712
2012-10-22,8,220,24,209,26.3,5.9,64.27,946000.0,903179.209
2012-10-22,9,392,93,335,26.6,5.8,52.16,1685600.0,1621062.787
2012-10-22,10,724,577,294,26.9,5.7,41.73,3113200.0,2993368.805
2012-10-22,11,539,128,433,27.1,5.6,34.58,2317700.0,2230854.185
2012-10-22,12,530,122,428,27.2,5.5,32.92,2279000.0,2193619.303
2012-10-22,13,561,297,325,27.3,5.5,37.49,2412300.0,2321818.264
2012-10-22,14,548,445,241,27.3,5.5,46.48,2356400.0,2268076.116
2012-10-22,15,303,90,255,27.2,5.6,57.86,1302900.0,1250190.291
2012-10-22,16,82,0,82,27.0,5.6,70.47,352600.0,323783.007
2012-10-22,17,47,1,46,26.8,5.7,83.67,202100.0,176350.657
2012-10-22,18,0,0,0,26.5,5.8,97.47,0.0,0.0
2012-10-22,19,0,0,0,26.3,5.8,111.34,0.0,0.0
2012-10-22,20,0,0,0,26.2,5.7,125.31,0.0,0.0
2012-10-22,21,0,0,0,26.1,5.5,139.26,0.0,0.0
2012-10-22,22,0,0,0,26.0,5.2,152.94,0.0,0.0
2012-10-22,23,0,0,0,25.9,4.9,165.41,0.0,0.0
2012-10-23,0,0,0,0,25.8,4.6,169.73,0.0,0.0
2012-10-23,1,0,0,0,25.7,4.3,159.74,0.0,0.0
2012-10-23,2,0,0,0,25.5,4.1,146.44,0.0,0.0
2012-10-23,3,0,0,0,25.5,3.8,132.59,0.0,0.0
2012-10-23,4,0,0,0,25.4,3.6,118.62,0.0,0.0
2012-10-23,5,0,0,0,25.4,3.5,104.7,0.0,0.0
2012-10-23,6,0,0,0,25.5,3.5,90.93,0.0,0.0
2012-10-23,7,58,0,58,25.9,3.5,77.37,249400.0,222707.643
2012-10-23,8,169,6,166,26.2,3.3,64.42,726700.0,689409.22
2012-10-23,9,435,174,329,26.5,3.0,52.35,1870500.0,1799794.634
2012-10-23,10,661,463,317,26.8,2.6,41.98,2842300.0,2734316.084
2012-10-23,11,841,904,99,27.1,2.2,34.9,3616300.0,3472783.173
2012-10-23,12,600,185,446,27.2,1.7,33.27,2580000.0,2482882.592
2012-10-23,13,804,896,96,27.2,1.4,37.81,3457200.0,3321410.124
2012-10-23,14,681,865,89,27.3,1.2,46.75,2928300.0,2816623.792
2012-10-23,15,501,800,78,27.3,1.4,58.09,2154300.0,2073552.146
2012-10-23,16,151,10,148,27.1,1.5,70.66,649300.0,613861.703
2012-10-23,17,38,0,38,26.9,1.6,83.84,163400.0,138407.825
2012-10-23,18,0,0,0,26.7,1.7,97.62,0.0,0.0
2012-10-23,19,0,0,0,26.6,1.8,111.48,0.0,0.0
2012-10-23,20,0,0,0,26.5,1.8,125.45,0.0,0.0
2012-10-23,21,0,0,0,26.3,1.8,139.4,0.0,0.0
2012-10-23,22,0,0,0,26.1,1.7,153.11,0.0,0.0
2012-10-23,23,0,0,0,26.0,1.6,165.67,0.0,0.0
2012-10-24,0,0,0,0,25.9,1.5,170.05,0.0,0.0
2012-10-24,1,0,0,0,25.8,1.5,159.89,0.0,0.0
2012-10-24,2,0,0,0,25.7,1.5,146.54,0.0,0.0
2012-10-24,3,0,0,0,25.7,1.6,132.67,0.0,0.0
2012-10-24,4,0,0,0,25.6,1.6,118.7,0.0,0.0
2012-10-24,5,0,0,0,25.6,1.7,104.78,0.0,0.0
2012-10-24,6,0,0,0,25.8,1.7,91.03,0.0,0.0
2012-10-24,7,166,536,50,26.0,1.6,77.49,713800.0,676821.565
2012-10-24,8,389,744,70,26.4,1.5,64.57,1672700.0,1608582.091
2012-10-24,9,591,840,80,26.7,1.3,52.55,2541300.0,2445735.485
2012-10-24,10,482,128,387,26.9,1.1,42.24,2072600.0,1994814.552
2012-10-24,11,666,333,394,27.1,1.0,35.21,2863800.0,2754899.007
2012-10-24,12,539,227,350,27.2,1.1,33.61,2317700.0,2230854.185
2012-10-24,13,499,198,344,27.3,1.2,38.12,2145700.0,2065266.697
2012-10-24,14,361,64,318,27.3,1.3,47.02,1552300.0,1492026.212
2012-10-24,15,362,289,210,27.2,1.4,58.31,1556600.0,1496191.08
2012-10-24,16,168,22,161,27.1,1.5,70.85,722400.0,685213.495
2012-10-24,17,26,0,26,26.9,1.6,84.0,111800.0,87797.238
2012-10-24,18,0,0,0,26.8,1.6,97.76,0.0,0.0
2012-10-24,19,0,0,0,26.6,1.5,111.62,0.0,0.0
2012-10-24,20,0,0,0,26.5,1.5,125.58,0.0,0.0
2012-10-24,21,0,0,0,26.4,1.5,139.54,0.0,0.0
2012-10-24,22,0,0,0,26.3,1.6,153.28,0.0,0.0
2012-10-24,23,0,0,0,26.2,1.6,165.92,0.0,0.0
2012-10-25,0,0,0,0,26.1,1.5,170.36,0.0,0.0
2012-10-25,1,0,0,0,25.9,1.5,160.03,0.0,0.0
2012-10-25,2,0,0,0,25.8,1.6,146.63,0.0,0.0
2012-10-25,3,0,0,0,25.7,1.6,132.75,0.0,0.0
2012-10-25,4,0,0,0,25.7,1.5,118.78,0.0,0.0
2012-10-25,5,0,0,0,25.7,1.5,104.87,0.0,0.0
2012-10-25,6,0,0,0,25.8,1.5,91.13,0.0,0.0
2012-10-25,7,160,489,55,26.0,1.5,77.61,688000.0,651641.937
2012-10-25,8,383,714,78,26.4,1.5,64.73,1646900.0,1583616.383
2012-10-25,9,376,92,321,26.7,1.5,52.74,1616800.0,1554482.45
2012-10-25,10,739,869,98,27.0,1.5,42.49,3177700.0,3054954.494
2012-10-25,11,567,166,432,27.1,1.5,35.53,2438100.0,2346613.22
2012-10-25,12,573,161,439,27.3,1.6,33.96,2463900.0,2371402.42
2012-10-25,13,507,127,408,27.4,1.8,38.44,2180100.0,2098404.659
2012-10-25,14,78,0,78,27.4,1.8,47.28,335400.0,306943.508
2012-10-25,15,493,794,78,27.3,1.8,58.53,2119900.0,2040406.51
2012-10-25,16,276,659,62,27.2,1.7,71.03,1186800.0,1137428.037
2012-10-25,17,63,320,31,27.0,1.8,84.15,270900.0,243772.605
2012-10-25,18,0,0,0,26.8,1.9,97.91,0.0,0.0
2012-10-25,19,0,0,0,26.6,1.9,111.75,0.0,0.0
2012-10-25,20,0,0,0,26.4,1.9,125.71,0.0,0.0
2012-10-25,21,0,0,0,26.3,1.9,139.67,0.0,0.0
2012-10-25,22,0,0,0,26.1,2.0,153.43,0.0,0.0
2012-10-25,23,0,0,0,26.0,2.2,166.16,0.0,0.0
2012-10-26,0,0,0,0,25.8,2.3,170.67,0.0,0.0
2012-10-26,1,0,0,0,25.7,2.2,160.17,0.0,0.0
2012-10-26,2,0,0,0,25.6,2.1,146.72,0.0,0.0
2012-10-26,3,0,0,0,25.5,1.9,132.83,0.0,0.0
2012-10-26,4,0,0,0,25.4,1.8,118.86,0.0,0.0
2012-10-26,5,0,0,0,25.4,1.7,104.96,0.0,0.0
2012-10-26,6,0,0,0,25.5,1.7,91.23,0.0,0.0
2012-10-26,7,166,570,45,25.7,1.7,77.73,713800.0,676821.565
2012-10-26,8,266,96,225,26.0,1.6,64.88,1143800.0,1095634.662
2012-10-26,9,592,860,74,26.4,1.5,52.94,2545600.0,2449863.581
2012-10-26,10,494,143,389,26.8,1.5,42.75,2124200.0,2044550.274
2012-10-26,11,416,41,382,27.0,1.5,35.85,1788800.0,1720856.549
2012-10-26,12,551,143,433,27.2,1.5,34.3,2369300.0,2280480.548
2012-10-26,13,92,0,92,27.3,1.6,38.75,395600.0,365870.563
2012-10-26,14,68,0,68,27.3,1.8,47.53,292400.0,264833.57
2012-10-26,15,41,0,41,27.4,2.0,58.74,176300.0,151056.875
2012-10-26,16,274,646,66,27.3,2.2,71.21,1178200.0,1129070.641
2012-10-26,17,61,298,32,27.2,2.6,84.31,262300.0,235347.1
2012-10-26,18,0,0,0,26.9,2.9,98.04,0.0,0.0
2012-10-26,19,0,0,0,26.7,3.2,111.88,0.0,0.0
2012-10-26,20,0,0,0,26.5,3.6,125.83,0.0,0.0
2012-10-26,21,0,0,0,26.2,3.8,139.79,0.0,0.0
2012-10-26,22,0,0,0,26.0,3.8,153.58,0.0,0.0
2012-10-26,23,0,0,0,25.9,3.7,166.4,0.0,0.0
2012-10-27,0,0,0,0,25.8,3.5,170.97,0.0,0.0
2012-10-27,1,0,0,0,25.7,3.4,160.31,0.0,0.0
2012-10-27,2,0,0,0,25.6,3.2,146.81,0.0,0.0
2012-10-27,3,0,0,0,25.6,3.1,132.9,0.0,0.0
2012-10-27,4,0,0,0,25.5,3.1,118.94,0.0,0.0
2012-10-27,5,0,0,0,25.5,3.1,105.05,0.0,0.0
2012-10-27,6,0,0,0,25.6,3.3,91.33,0.0,0.0
2012-10-27,7,166,589,43,25.7,3.6,77.86,713800.0,676821.565
2012-10-27,8,255,74,224,26.0,3.8,65.04,1096500.0,1049643.483
2012-10-27,9,281,24,267,26.3,4.0,53.14,1208300.0,1158318.73
2012-10-27,10,530,194,389,26.7,4.2,43.0,2279000.0,2193619.303
2012-10-27,11,837,931,86,27.1,4.4,36.16,3599100.0,3456429.072
2012-10-27,12,856,936,86,27.3,4.6,34.63,3680800.0,3534088.272
2012-10-27,13,528,147,414,27.5,4.7,39.05,2270400.0,2185343.126
2012-10-27,14,676,888,80,27.5,5.0,47.79,2906800.0,2796052.861
2012-10-27,15,201,4,199,27.4,5.3,58.95,864300.0,823588.013
2012-10-27,16,18,0,18,27.1,5.7,71.39,77400.0,54044.055
2012-10-27,17,63,362,27,26.7,5.9,84.45,270900.0,243772.605
2012-10-27,18,0,0,0,26.4,5.9,98.18,0.0,0.0
2012-10-27,19,0,0,0,26.1,5.9,112.0,0.0,0.0
2012-10-27,20,0,0,0,26.0,5.8,125.94,0.0,0.0
2012-10-27,21,0,0,0,25.9,5.7,139.91,0.0,0.0
2012-10-27,22,0,0,0,25.8,5.7,153.73,0.0,0.0
2012-10-27,23,0,0,0,25.7,5.6,166.62,0.0,0.0
2012-10-28,0,0,0,0,25.6,5.5,171.27,0.0,0.0
2012-10-28,1,0,0,0,25.5,5.3,160.45,0.0,0.0
2012-10-28,2,0,0,0,25.4,5.3,146.9,0.0,0.0
2012-10-28,3,0,0,0,25.3,5.3,132.98,0.0,0.0
2012-10-28,4,0,0,0,25.3,5.4,119.02,0.0,0.0
2012-10-28,5,0,0,0,25.3,5.4,105.14,0.0,0.0
2012-10-28,6,0,0,0,25.4,5.6,91.44,0.0,0.0
2012-10-28,7,7,0,7,25.6,5.7,77.99,30100.0,7616.722
2012-10-28,8,158,3,157,25.8,5.7,65.19,679400.0,643247.449
2012-10-28,9,598,876,75,26.1,5.7,53.34,2571400.0,2474628.799
2012-10-28,10,600,331,358,26.3,5.6,43.26,2580000.0,2482882.592
2012-10-28,11,845,945,85,26.4,5.4,36.47,3633500.0,3489134.717
2012-10-28,12,456,63,404,26.6,5.2,34.96,1960800.0,1886974.84
2012-10-28,13,164,0,164,26.6,5.2,39.35,705200.0,668428.995
2012-10-28,14,131,0,131,26.7,5.3,48.04,563300.0,529859.263
2012-10-28,15,114,0,114,26.6,5.6,59.15,490200.0,458406.907
2012-10-28,16,25,0,25,26.4,5.9,71.56,107500.0,83578.649
2012-10-28,17,62,371,27,26.0,6.2,84.6,266600.0,239559.932
2012-10-28,18,0,0,0,25.8,6.4,98.31,0.0,0.0
2012-10-28,19,0,0,0,25.6,6.6,112.12,0.0,0.0
2012-10-28,20,0,0,0,25.6,6.7,126.06,0.0,0.0
2012-10-28,21,0,0,0,25.6,6.9,140.03,0.0,0.0
2012-10-28,22,0,0,0,25.6,6.9,153.86,0.0,0.0
2012-10-28,23,0,0,0,25.6,6.9,166.84,0.0,0.0
2012-10-29,0,0,0,0,25.5,6.9,171.57,0.0,0.0
2012-10-29,1,0,0,0,25.5,6.9,160.58,0.0,0.0
2012-10-29,2,0,0,0,25.5,6.8,146.99,0.0,0.0
2012-10-29,3,0,0,0,25.5,6.7,133.06,0.0,0.0
2012-10-29,4,0,0,0,25.4,6.5,119.1,0.0,0.0
2012-10-29,5,0,0,0,25.4,6.1,105.23,0.0,0.0
2012-10-29,6,0,0,0,25.5,5.8,91.54,0.0,0.0
2012-10-29,7,106,14,103,25.8,5.8,78.11,455800.0,424766.28
2012-10-29,8,76,0,76,26.1,5.9,65.35,326800.0,298522.8
2012-10-29,9,135,0,134,26.3,6.1,53.54,580500.0,546664.867
2012-10-29,10,580,267,387,26.6,6.3,43.51,2494000.0,2400315.878
2012-10-29,11,852,952,90,26.8,6.5,36.78,3663600.0,3517743.763
2012-10-29,12,870,956,90,26.9,6.5,35.29,3741000.0,3583333.333
2012-10-29,13,430,60,384,26.9,6.5,39.65,1849000.0,1779027.049
2012-10-29,14,688,913,81,26.9,6.4,48.29,2958400.0,2845416.381
2012-10-29,15,282,43,260,26.8,6.5,59.36,1212600.0,1162496.388
2012-10-29,16,121,4,120,26.6,6.7,71.72,520300.0,487834.061
2012-10-29,17,59,338,28,26.3,7.0,84.74,253700.0,226920.955
2012-10-29,18,0,0,0,26.0,7.3,98.43,0.0,0.0
2012-10-29,19,0,0,0,25.8,7.3,112.23,0.0,0.0
2012-10-29,20,0,0,0,25.7,7.2,126.16,0.0,0.0
2012-10-29,21,0,0,0,25.7,7.0,140.14,0.0,0.0
2012-10-29,22,0,0,0,25.7,6.8,153.99,0.0,0.0
2012-10-29,23,0,0,0,25.7,6.5,167.04,0.0,0.0
2012-10-30,0,0,0,0,25.6,6.2,171.86,0.0,0.0
2012-10-30,1,0,0,0,25.6,6.0,160.71,0.0,0.0
2012-10-30,2,0,0,0,25.5,5.9,147.08,0.0,0.0
2012-10-30,3,0,0,0,25.5,5.8,133.14,0.0,0.0
2012-10-30,4,0,0,0,25.5,5.7,119.18,0.0,0.0
2012-10-30,5,0,0,0,25.4,5.5,105.32,0.0,0.0
2012-10-30,6,0,0,0,25.5,5.5,91.65,0.0,0.0
2012-10-30,7,164,584,45,25.8,5.6,78.24,705200.0,668428.995
2012-10-30,8,270,101,228,26.1,5.7,65.51,1161000.0,1112353.931
2012-10-30,9,596,880,76,26.3,5.7,53.74,2562800.0,2466374.365
2012-10-30,10,573,267,380,26.6,5.8,43.76,2463900.0,2371402.42
2012-10-30,11,613,227,433,26.8,5.8,37.09,2635900.0,2536516.662
2012-10-30,12,334,3,332,26.9,5.8,35.62,1436200.0,1379514.331
2012-10-30,13,583,214,419,27.0,5.8,39.94,2506900.0,2412704.962
2012-10-30,14,675,892,85,27.0,5.9,48.53,2902500.0,2791938.195
2012-10-30,15,492,820,76,26.9,6.0,59.55,2115600.0,2036262.586
2012-10-30,16,272,682,60,26.6,6.1,71.89,1169600.0,1120712.606
2012-10-30,17,35,1,35,26.3,6.1,84.88,150500.0,125757.337
2012-10-30,18,0,0,0,26.1,6.1,98.55,0.0,0.0
2012-10-30,19,0,0,0,25.9,6.1,112.34,0.0,0.0
2012-10-30,20,0,0,0,25.8,5.9,126.26,0.0,0.0
2012-10-30,21,0,0,0,25.7,5.7,140.24,0.0,0.0
2012-10-30,22,0,0,0,25.7,5.6,154.11,0.0,0.0
2012-10-30,23,0,0,0,25.6,5.3,167.24,0.0,0.0
2012-10-31,0,0,0,0,25.6,5.0,172.15,0.0,0.0
2012-10-31,1,0,0,0,25.5,4.7,160.83,0.0,0.0
2012-10-31,2,0,0,0,25.4,4.5,147.17,0.0,0.0
2012-10-31,3,0,0,0,25.4,4.3,133.22,0.0,0.0
2012-10-31,4,0,0,0,25.3,4.2,119.27,0.0,0.0
2012-10-31,5,0,0,0,25.2,4.3,105.41,0.0,0.0
2012-10-31,6,0,0,0,25.3,4.5,91.76,0.0,0.0
2012-10-31,7,109,27,103,25.6,4.7,78.37,468700.0,437382.714
2012-10-31,8,259,81,225,25.9,4.7,65.67,1113700.0,1066369.786
2012-10-31,9,56,0,56,26.1,4.7,53.94,240800.0,214280.539
2012-10-31,10,254,1,254,26.4,4.7,44.02,1092200.0,1045461.507
2012-10-31,11,169,0,168,26.6,4.8,37.39,726700.0,689409.22
2012-10-31,12,539,135,430,26.7,5.0,35.94,2317700.0,2230854.185
2012-10-31,13,440,70,387,26.8,5.2,40.23,1892000.0,1820558.221
2012-10-31,14,679,919,73,26.7,5.5,48.77,2919700.0,2808395.899
2012-10-31,15,496,854,66,26.5,5.7,59.75,2132800.0,2052837.323
2012-10-31,16,139,7,136,26.2,5.9,72.05,597700.0,563467.914
2012-10-31,17,58,375,25,25.9,5.9,85.01,249400.0,222707.643
2012-10-31,18,0,0,0,25.6,5.9,98.67,0.0,0.0
2012-10-31,19,0,0,0,25.5,5.7,112.44,0.0,0.0
2012-10-31,20,0,0,0,25.4,5.5,126.36,0.0,0.0
2012-10-31,21,0,0,0,25.3,5.2,140.33,0.0,0.0
2012-10-31,22,0,0,0,25.2,4.9,154.22,0.0,0.0
2012-10-31,23,0,0,0,25.1,4.5,167.42,0.0,0.0
2012-11-01,0,0,0,0,25.0,4.1,172.43,0.0,0.0
2012-11-01,1,0,0,0,24.9,3.7,160.95,0.0,0.0
2012-11-01,2,0,0,0,24.9,3.3,147.25,0.0,0.0
2012-11-01,3,0,0,0,24.8,2.9,133.3,0.0,0.0
2012-11-01,4,0,0,0,24.8,2.7,119.35,0.0,0.0
2012-11-01,5,0,0,0,24.8,2.5,105.51,0.0,0.0
2012-11-01,6,0,0,0,25.0,2.4,91.87,0.0,0.0
2012-11-01,7,162,593,44,25.3,2.5,78.51,696600.0,660035.786
2012-11-01,8,389,795,64,25.7,2.7,65.84,1672700.0,1608582.091
2012-11-01,9,594,887,75,26.1,2.8,54.15,2554200.0,2458119.293
2012-11-01,10,750,935,81,26.5,3.0,44.27,3225000.0,3100094.47
2012-11-01,11,841,961,80,26.8,3.2,37.69,3616300.0,3472783.173
2012-11-01,12,859,966,80,27.0,3.4,36.25,3693700.0,3546344.975
2012-11-01,13,803,954,78,27.1,3.6,40.51,3452900.0,3317315.923
2012-11-01,14,676,908,80,27.2,3.7,49.0,2906800.0,2796052.861
2012-11-01,15,491,836,72,27.1,3.9,59.94,2111300.0,2032118.502
2012-11-01,16,270,695,58,26.9,4.1,72.2,1161000.0,1112353.931
2012-11-01,17,54,327,27,26.6,4.3,85.13,232200.0,205852.795
2012-11-01,18,0,0,0,26.2,4.4,98.78,0.0,0.0
2012-11-01,19,0,0,0,26.0,4.4,112.54,0.0,0.0
2012-11-01,20,0,0,0,25.8,4.1,126.45,0.0,0.0
2012-11-01,21,0,0,0,25.5,3.8,140.42,0.0,0.0
2012-11-01,22,0,0,0,25.3,3.3,154.32,0.0,0.0
2012-11-01,23,0,0,0,25.2,2.8,167.6,0.0,0.0
2012-11-02,0,0,0,0,25.0,2.3,172.7,0.0,0.0
2012-11-02,1,0,0,0,24.9,1.9,161.07,0.0,0.0
2012-11-02,2,0,0,0,24.8,1.6,147.34,0.0,0.0
2012-11-02,3,0,0,0,24.8,1.4,133.38,0.0,0.0
2012-11-02,4,0,0,0,24.7,1.4,119.44,0.0,0.0
2012-11-02,5,0,0,0,24.7,1.5,105.61,0.0,0.0
2012-11-02,6,0,0,0,24.8,1.7,91.99,0.0,0.0
2012-11-02,7,156,557,47,25.1,1.9,78.64,670800.0,634852.321
2012-11-02,8,383,776,68,25.4,2.0,66.0,1646900.0,1583616.383
2012-11-02,9,588,873,79,25.8,1.9,54.35,2528400.0,2433350.238
2012-11-02,10,584,300,370,26.1,1.9,44.52,2511200.0,2416834.337
2012-11-02,11,551,146,436,26.4,2.1,37.99,2369300.0,2280480.548
2012-11-02,12,425,38,394,26.6,2.4,36.57,1827500.0,1758255.468
2012-11-02,13,799,936,90,26.8,2.8,40.79,3435700.0,3300937.519
2012-11-02,14,675,910,80,26.8,3.0,49.23,2902500.0,2791938.195
2012-11-02,15,491,843,71,26.8,3.0,60.12,2111300.0,2032118.502
2012-11-02,16,270,705,57,26.7,3.0,72.35,1161000.0,1112353.931
2012-11-02,17,54,335,26,26.4,2.8,85.26,232200.0,205852.795
2012-11-02,18,0,0,0,26.2,2.7,98.89,0.0,0.0
2012-11-02,19,0,0,0,26.0,2.5,112.63,0.0,0.0
2012-11-02,20,0,0,0,25.9,2.5,126.53,0.0,0.0
2012-11-02,21,0,0,0,25.7,2.8,140.51,0.0,0.0
2012-11-02,22,0,0,0,25.5,3.0,154.42,0.0,0.0
2012-11-02,23,0,0,0,25.3,3.2,167.76,0.0,0.0
2012-11-03,0,0,0,0,25.2,3.3,172.97,0.0,0.0
2012-11-03,1,0,0,0,25.1,3.3,161.19,0.0,0.0
2012-11-03,2,0,0,0,24.9,3.1,147.43,0.0,0.0
2012-11-03,3,0,0,0,24.8,2.9,133.47,0.0,0.0
2012-11-03,4,0,0,0,24.8,2.8,119.53,0.0,0.0
2012-11-03,5,0,0,0,24.8,2.6,105.7,0.0,0.0
2012-11-03,6,0,0,0,25.0,2.6,92.1,0.0,0.0
2012-11-03,7,156,586,41,25.3,2.6,78.78,670800.0,634852.321
2012-11-03,8,381,794,60,25.7,2.5,66.17,1638300.0,1575293.202
2012-11-03,9,583,886,69,26.1,2.4,54.55,2506900.0,2412704.962
2012-11-03,10,737,932,76,26.5,2.4,44.78,3169100.0,3046745.147
2012-11-03,11,820,918,99,26.7,2.5,38.29,3526000.0,3386895.6
2012-11-03,12,764,551,323,26.9,2.6,36.87,3285200.0,3157517.369
2012-11-03,13,434,85,370,27.0,2.6,41.07,1866200.0,1795641.437
2012-11-03,14,658,872,92,27.1,2.4,49.45,2829400.0,2721964.412
2012-11-03,15,477,800,81,27.0,2.0,60.3,2051100.0,1974084.54
2012-11-03,16,259,652,63,26.9,1.5,72.5,1113700.0,1066369.786
2012-11-03,17,49,272,27,26.7,1.1,85.37,210700.0,184780.639
2012-11-03,18,0,0,0,26.5,0.9,98.99,0.0,0.0
2012-11-03,19,0,0,0,26.4,0.9,112.72,0.0,0.0
2012-11-03,20,0,0,0,26.3,1.0,126.61,0.0,0.0
2012-11-03,21,0,0,0,26.1,1.1,140.58,0.0,0.0
2012-11-03,22,0,0,0,25.9,1.1,154.51,0.0,0.0
2012-11-03,23,0,0,0,25.8,1.1,167.92,0.0,0.0
2012-11-04,0,0,0,0,25.6,1.1,173.24,0.0,0.0
2012-11-04,1,0,0,0,25.4,1.0,161.3,0.0,0.0
2012-11-04,2,0,0,0,25.3,0.9,147.51,0.0,0.0
2012-11-04,3,0,0,0,25.1,0.7,133.55,0.0,0.0
2012-11-04,4,0,0,0,25.1,0.7,119.61,0.0,0.0
2012-11-04,5,0,0,0,25.1,0.7,105.8,0.0,0.0
2012-11-04,6,0,0,0,25.1,0.7,92.22,0.0,0.0
2012-11-04,7,150,533,47,25.4,0.8,78.91,645000.0,609663.1
2012-11-04,8,374,760,69,25.7,0.9,66.33,1608200.0,1546157.03
2012-11-04,9,577,860,81,26.1,1.0,54.76,2481100.0,2387925.355
2012-11-04,10,732,910,89,26.5,1.0,45.03,3147600.0,3026218.982
2012-11-04,11,816,904,109,26.8,1.2,38.58,3508800.0,3370528.068
2012-11-04,12,786,599,309,27.0,1.4,37.18,3379800.0,3247690.041
2012-11-04,13,747,611,288,27.2,1.6,41.34,3212100.0,3087785.486
2012-11-04,14,425,95,364,27.3,1.5,49.67,1827500.0,1758255.468
2012-11-04,15,137,0,137,27.2,1.4,60.48,589100.0,555066.71
2012-11-04,16,49,0,49,27.1,1.3,72.64,210700.0,184780.639
2012-11-04,17,45,175,31,26.9,1.3,85.49,193500.0,167920.036
2012-11-04,18,0,0,0,26.6,1.4,99.09,0.0,0.0
2012-11-04,19,0,0,0,26.3,1.4,112.8,0.0,0.0
2012-11-04,20,0,0,0,26.0,1.4,126.69,0.0,0.0
2012-11-04,21,0,0,0,25.7,1.4,140.65,0.0,0.0
2012-11-04,22,0,0,0,25.5,1.4,154.59,0.0,0.0
2012-11-04,23,0,0,0,25.3,1.5,168.06,0.0,0.0
2012-11-05,0,0,0,0,25.1,1.7,173.5,0.0,0.0
2012-11-05,1,0,0,0,25.0,1.9,161.41,0.0,0.0
2012-11-05,2,0,0,0,24.8,2.1,147.6,0.0,0.0
2012-11-05,3,0,0,0,24.7,2.2,133.63,0.0,0.0
2012-11-05,4,0,0,0,24.6,2.4,119.7,0.0,0.0
2012-11-05,5,0,0,0,24.6,2.7,105.91,0.0,0.0
2012-11-05,6,0,0,0,24.7,3.0,92.33,0.0,0.0
2012-11-05,7,100,17,96,25.0,3.4,79.05,430000.0,399529.096
2012-11-05,8,181,12,177,25.4,3.7,66.5,778300.0,739745.453
2012-11-05,9,61,0,61,25.8,4.0,54.96,262300.0,235347.1
2012-11-05,10,734,925,83,26.2,4.3,45.28,3156200.0,3034429.928
2012-11-05,11,818,924,99,26.5,4.5,38.87,3517400.0,3378712.154
2012-11-05,12,838,934,97,26.7,4.7,37.48,3603400.0,3460517.837
2012-11-05,13,783,923,93,26.8,4.7,41.6,3366900.0,3235398.324
2012-11-05,14,371,64,330,26.8,4.9,49.89,1595300.0,1533667.701
2012-11-05,15,468,771,90,26.7,5.2,60.65,2012400.0,1936760.445
2012-11-05,16,53,0,53,26.4,5.7,72.78,227900.0,201638.684
2012-11-05,17,44,198,29,26.1,6.2,85.6,189200.0,163704.485
2012-11-05,18,0,0,0,25.7,6.6,99.18,0.0,0.0
2012-11-05,19,0,0,0,25.6,6.9,112.88,0.0,0.0
2012-11-05,20,0,0,0,25.5,7.0,126.75,0.0,0.0
2012-11-05,21,0,0,0,25.5,7.0,140.72,0.0,0.0
2012-11-05,22,0,0,0,25.5,7.0,154.66,0.0,0.0
2012-11-05,23,0,0,0,25.4,6.9,168.19,0.0,0.0
2012-11-06,0,0,0,0,25.4,6.9,173.75,0.0,0.0
2012-11-06,1,0,0,0,25.5,6.9,161.52,0.0,0.0
2012-11-06,2,0,0,0,25.5,6.9,147.68,0.0,0.0
2012-11-06,3,0,0,0,25.5,6.9,133.72,0.0,0.0
2012-11-06,4,0,0,0,25.4,6.9,119.79,0.0,0.0
2012-11-06,5,0,0,0,25.4,6.8,106.01,0.0,0.0
2012-11-06,6,0,0,0,25.5,6.9,92.45,0.0,0.0
2012-11-06,7,51,0,51,25.7,7.0,79.19,219300.0,193209.981
2012-11-06,8,31,0,31,26.0,7.0,66.67,133300.0,108887.78
2012-11-06,9,204,1,203,26.2,7.0,55.17,877200.0,836158.881
2012-11-06,10,201,0,201,26.5,6.9,45.53,864300.0,823588.013
2012-11-06,11,419,55,377,26.7,6.8,39.16,1801700.0,1733324.295
2012-11-06,12,412,41,380,26.8,6.6,37.77,1771600.0,1704230.651
2012-11-06,13,774,925,85,26.8,6.5,41.86,3328200.0,3198514.54
2012-11-06,14,161,0,161,26.8,6.5,50.1,692300.0,655838.941
2012-11-06,15,236,26,223,26.7,6.6,60.82,1014800.0,970158.607
2012-11-06,16,38,0,38,26.5,6.8,72.91,163400.0,138407.825
2012-11-06,17,46,293,24,26.2,6.9,85.7,197800.0,172135.426
2012-11-06,18,0,0,0,26.0,7.0,99.27,0.0,0.0
2012-11-06,19,0,0,0,25.8,7.1,112.95,0.0,0.0
2012-11-06,20,0,0,0,25.8,7.1,126.82,0.0,0.0
2012-11-06,21,0,0,0,25.7,7.0,140.78,0.0,0.0
2012-11-06,22,0,0,0,25.7,6.8,154.73,0.0,0.0
2012-11-06,23,0,0,0,25.6,6.5,168.31,0.0,0.0
2012-11-07,0,0,0,0,25.5,6.2,174.0,0.0,0.0
2012-11-07,1,0,0,0,25.5,6.1,161.63,0.0,0.0
2012-11-07,2,0,0,0,25.4,6.0,147.77,0.0,0.0
2012-11-07,3,0,0,0,25.4,6.0,133.8,0.0,0.0
2012-11-07,4,0,0,0,25.3,6.1,119.89,0.0,0.0
2012-11-07,5,0,0,0,25.4,6.2,106.11,0.0,0.0
2012-11-07,6,0,0,0,25.5,6.3,92.57,0.0,0.0
2012-11-07,7,99,21,95,25.8,6.4,79.33,425700.0,395322.339
2012-11-07,8,370,776,65,26.1,6.2,66.84,1591000.0,1529504.271
2012-11-07,9,574,877,76,26.5,5.9,55.37,2468200.0,2375533.393
2012-11-07,10,728,926,83,26.8,5.6,45.77,3130400.0,3009795.173
2012-11-07,11,537,146,425,27.1,5.3,39.44,2309100.0,2222580.886
2012-11-07,12,838,955,86,27.2,5.3,38.06,3603400.0,3460517.837
2012-11-07,13,781,940,83,27.3,5.4,42.11,3358300.0,3227203.047
2012-11-07,14,656,906,77,27.2,5.7,50.3,2820800.0,2713729.165
2012-11-07,15,475,838,68,27.0,6.0,60.98,2042500.0,1965791.416
2012-11-07,16,38,0,38,26.8,6.2,73.04,163400.0,138407.825
2012-11-07,17,46,301,24,26.5,6.4,85.8,197800.0,172135.426
2012-11-07,18,0,0,0,26.2,6.6,99.35,0.0,0.0
2012-11-07,19,0,0,0,26.0,6.8,113.02,0.0,0.0
2012-11-07,20,0,0,0,25.9,6.8,126.87,0.0,0.0
2012-11-07,21,0,0,0,25.9,6.8,140.83,0.0,0.0
2012-11-07,22,0,0,0,25.8,6.5,154.79,0.0,0.0
2012-11-07,23,0,0,0,25.7,6.2,168.42,0.0,0.0
2012-11-08,0,0,0,0,25.7,5.9,174.25,0.0,0.0
2012-11-08,1,0,0,0,25.5,5.8,161.73,0.0,0.0
2012-11-08,2,0,0,0,25.5,5.6,147.85,0.0,0.0
2012-11-08,3,0,0,0,25.4,5.4,133.89,0.0,0.0
2012-11-08,4,0,0,0,25.4,5.5,119.98,0.0,0.0
2012-11-08,5,0,0,0,25.4,5.7,106.22,0.0,0.0
2012-11-08,6,0,0,0,25.5,5.8,92.7,0.0,0.0
2012-11-08,7,87,24,83,25.7,6.1,79.48,374100.0,344828.783
2012-11-08,8,300,385,150,26.1,6.4,67.01,1290000.0,1237666.907
2012-11-08,9,376,113,313,26.4,6.6,55.58,1616800.0,1554482.45
2012-11-08,10,537,370,280,26.6,6.7,46.02,2309100.0,2222580.886
2012-11-08,11,616,435,281,26.8,6.6,39.72,2648800.0,2548889.917
2012-11-08,12,582,195,428,26.9,6.4,38.34,2502600.0,2408575.427
2012-11-08,13,767,924,85,26.9,6.3,42.36,3298100.0,3169818.199
2012-11-08,14,643,880,83,26.9,6.2,50.5,2764900.0,2660184.469
2012-11-08,15,465,815,71,26.8,6.4,61.14,1999500.0,1924316.202
2012-11-08,16,250,676,54,26.6,6.7,73.16,1075000.0,1028732.006
2012-11-08,17,44,296,23,26.3,6.8,85.89,189200.0,163704.485
2012-11-08,18,0,0,0,26.0,6.8,99.43,0.0,0.0
2012-11-08,19,0,0,0,25.8,6.7,113.08,0.0,0.0
2012-11-08,20,0,0,0,25.7,6.6,126.93,0.0,0.0
2012-11-08,21,0,0,0,25.6,6.5,140.87,0.0,0.0
2012-11-08,22,0,0,0,25.5,6.6,154.84,0.0,0.0
2012-11-08,23,0,0,0,25.4,6.7,168.52,0.0,0.0
2012-11-09,0,0,0,0,25.3,6.8,174.48,0.0,0.0
2012-11-09,1,0,0,0,25.2,6.8,161.83,0.0,0.0
2012-11-09,2,0,0,0,25.1,6.6,147.94,0.0,0.0
2012-11-09,3,0,0,0,25.0,6.4,133.97,0.0,0.0
2012-11-09,4,0,0,0,25.0,6.3,120.07,0.0,0.0
2012-11-09,5,0,0,0,25.0,6.3,106.32,0.0,0.0
2012-11-09,6,0,0,0,25.1,6.5,92.82,0.0,0.0
2012-11-09,7,140,549,41,25.4,7.0,79.62,602000.0,567668.275
2012-11-09,8,362,777,61,25.6,7.4,67.18,1556600.0,1496191.08
2012-11-09,9,562,873,71,25.8,7.7,55.78,2416600.0,2325951.157
2012-11-09,10,346,30,325,26.0,7.8,46.26,1487800.0,1429534.0
2012-11-09,11,367,17,354,26.3,7.8,40.0,1578100.0,1517013.024
2012-11-09,12,186,0,185,26.5,7.8,38.62,799800.0,760712.089
2012-11-09,13,297,3,295,26.6,7.7,42.61,1277100.0,1225142.085
2012-11-09,14,29,0,29,26.6,7.7,50.7,124700.0,100452.043
2012-11-09,15,231,24,220,26.5,7.7,61.29,993300.0,949231.942
2012-11-09,16,89,1,89,26.3,7.7,73.28,382700.0,353245.975
2012-11-09,17,44,272,25,26.1,7.8,85.98,189200.0,163704.485
2012-11-09,18,0,0,0,25.9,7.8,99.5,0.0,0.0
2012-11-09,19,0,0,0,25.8,7.9,113.14,0.0,0.0
2012-11-09,20,0,0,0,25.7,7.8,126.97,0.0,0.0
2012-11-09,21,0,0,0,25.6,7.7,140.91,0.0,0.0
2012-11-09,22,0,0,0,25.5,7.6,154.88,0.0,0.0
2012-11-09,23,0,0,0,25.4,7.5,168.61,0.0,0.0
2012-11-10,0,0,0,0,25.2,7.4,174.71,0.0,0.0
2012-11-10,1,0,0,0,25.1,7.3,161.93,0.0,0.0
2012-11-10,2,0,0,0,25.0,7.1,148.02,0.0,0.0
2012-11-10,3,0,0,0,24.9,6.9,134.06,0.0,0.0
2012-11-10,4,0,0,0,24.8,6.8,120.17,0.0,0.0
2012-11-10,5,0,0,0,24.7,6.8,106.43,0.0,0.0
2012-11-10,6,0,0,0,24.8,6.9,92.94,0.0,0.0
2012-11-10,7,95,19,92,25.1,7.1,79.76,408500.0,378493.712
2012-11-10,8,193,19,186,25.4,7.1,67.35,829900.0,790058.663
2012-11-10,9,417,203,303,25.7,7.1,55.99,1793100.0,1725012.624
2012-11-10,10,721,936,77,25.9,7.1,46.51,3100300.0,2981047.35
2012-11-10,11,812,959,80,26.2,7.1,40.27,3491600.0,3354157.978
2012-11-10,12,831,962,82,26.3,7.2,38.9,3573300.0,3431893.122
2012-11-10,13,776,948,81,26.4,7.3,42.84,3336800.0,3206712.055
2012-11-10,14,651,908,78,26.5,7.4,50.89,2799300.0,2693138.249
2012-11-10,15,469,835,70,26.4,7.5,61.43,2016700.0,1940908.206
2012-11-10,16,8,0,8,26.2,7.6,73.39,34400.0,11838.188
2012-11-10,17,43,288,23,26.0,7.8,86.07,184900.0,159488.775
2012-11-10,18,0,0,0,25.7,7.9,99.57,0.0,0.0
2012-11-10,19,0,0,0,25.6,8.0,113.19,0.0,0.0
2012-11-10,20,0,0,0,25.5,8.1,127.01,0.0,0.0
2012-11-10,21,0,0,0,25.4,8.1,140.95,0.0,0.0
2012-11-10,22,0,0,0,25.3,8.0,154.92,0.0,0.0
2012-11-10,23,0,0,0,25.3,7.8,168.69,0.0,0.0
2012-11-11,0,0,0,0,25.2,7.5,174.94,0.0,0.0
2012-11-11,1,0,0,0,25.1,7.2,162.03,0.0,0.0
2012-11-11,2,0,0,0,25.0,6.9,148.11,0.0,0.0
2012-11-11,3,0,0,0,24.9,6.7,134.15,0.0,0.0
2012-11-11,4,0,0,0,24.8,6.6,120.27,0.0,0.0
2012-11-11,5,0,0,0,24.8,6.6,106.54,0.0,0.0
2012-11-11,6,0,0,0,24.9,6.8,93.07,0.0,0.0
2012-11-11,7,137,549,41,25.2,7.1,79.91,589100.0,555066.71
2012-11-11,8,359,779,62,25.6,7.2,67.52,1543700.0,1483695.995
2012-11-11,9,561,878,73,25.9,7.2,56.19,2412300.0,2321818.264
2012-11-11,10,717,931,80,26.3,7.0,46.75,3083100.0,2964616.506
2012-11-11,11,807,948,87,26.5,6.8,40.54,3470100.0,3333691.769
2012-11-11,12,824,949,88,26.7,6.7,39.17,3543200.0,3403260.574
2012-11-11,13,769,935,86,26.8,6.6,43.08,3306700.0,3178017.953
2012-11-11,14,643,891,83,26.8,6.7,51.07,2764900.0,2660184.469
2012-11-11,15,463,819,73,26.7,6.8,61.58,1990900.0,1916019.241
2012-11-11,16,246,668,57,26.5,7.0,73.5,1057800.0,1011999.947
2012-11-11,17,41,265,23,26.2,7.2,86.15,176300.0,151056.875
2012-11-11,18,0,0,0,25.9,7.3,99.63,0.0,0.0
2012-11-11,19,0,0,0,25.6,7.3,113.24,0.0,0.0
2012-11-11,20,0,0,0,25.5,7.2,127.05,0.0,0.0
2012-11-11,21,0,0,0,25.4,7.0,140.98,0.0,0.0
2012-11-11,22,0,0,0,25.3,6.7,154.95,0.0,0.0
2012-11-11,23,0,0,0,25.2,6.5,168.75,0.0,0.0
2012-11-12,0,0,0,0,25.1,6.3,175.15,0.0,0.0
2012-11-12,1,0,0,0,25.0,6.1,162.13,0.0,0.0
2012-11-12,2,0,0,0,25.0,6.0,148.19,0.0,0.0
2012-11-12,3,0,0,0,24.9,5.8,134.24,0.0,0.0
2012-11-12,4,0,0,0,24.9,5.7,120.37,0.0,0.0
2012-11-12,5,0,0,0,24.9,5.7,106.65,0.0,0.0
2012-11-12,6,0,0,0,25.0,5.7,93.2,0.0,0.0
2012-11-12,7,4,0,4,25.3,5.8,80.05,17200.0,0.0
2012-11-12,8,45,0,45,25.6,5.9,67.7,193500.0,167920.036
2012-11-12,9,551,862,73,25.9,5.9,56.4,2369300.0,2280480.548
2012-11-12,10,492,172,375,26.2,5.9,46.99,2115600.0,2036262.586
2012-11-12,11,661,412,349,26.3,5.8,40.81,2842300.0,2734316.084
2012-11-12,12,547,160,423,26.4,5.8,39.43,2352100.0,2263940.985
2012-11-12,13,758,927,84,26.5,5.9,43.3,3259400.0,3132911.392
2012-11-12,14,635,885,82,26.4,6.2,51.25,2730500.0,2627220.456
2012-11-12,15,455,806,73,26.2,6.7,61.71,1956500.0,1882825.001
2012-11-12,16,241,649,58,25.9,7.1,73.6,1036300.0,991081.275
2012-11-12,17,39,234,23,25.6,7.2,86.22,167700.0,142624.335
2012-11-12,18,0,0,0,25.4,7.2,99.69,0.0,0.0
2012-11-12,19,0,0,0,25.3,7.1,113.28,0.0,0.0
2012-11-12,20,0,0,0,25.2,7.0,127.08,0.0,0.0
2012-11-12,21,0,0,0,25.2,6.8,141.0,0.0,0.0
2012-11-12,22,0,0,0,25.1,6.7,154.97,0.0,0.0
2012-11-12,23,0,0,0,25.0,6.5,168.81,0.0,0.0
2012-11-13,0,0,0,0,24.9,6.4,175.37,0.0,0.0
2012-11-13,1,0,0,0,24.8,6.3,162.23,0.0,0.0
2012-11-13,2,0,0,0,24.7,6.2,148.28,0.0,0.0
2012-11-13,3,0,0,0,24.6,6.2,134.33,0.0,0.0
2012-11-13,4,0,0,0,24.6,6.1,120.47,0.0,0.0
2012-11-13,5,0,0,0,24.6,6.1,106.77,0.0,0.0
2012-11-13,6,0,0,0,24.7,6.4,93.33,0.0,0.0
2012-11-13,7,130,528,40,25.0,6.7,80.2,559000.0,525657.462
2012-11-13,8,22,0,22,25.2,7.0,67.87,94600.0,70921.925
2012-11-13,9,193,1,192,25.4,7.2,56.6,829900.0,790058.663
2012-11-13,10,141,0,141,25.6,7.2,47.22,606300.0,571868.477
2012-11-13,11,236,1,235,25.8,7.1,41.07,1014800.0,970158.607
2012-11-13,12,341,7,336,25.9,7.1,39.69,1466300.0,1408695.269
2012-11-13,13,262,1,262,25.9,7.2,43.52,1126600.0,1078912.835
2012-11-13,14,130,0,130,25.9,7.3,51.42,559000.0,525657.462
2012-11-13,15,138,0,138,25.9,7.5,61.84,593400.0,559267.392
2012-11-13,16,42,0,42,25.8,7.7,73.7,180600.0,155272.905
2012-11-13,17,40,288,21,25.6,7.9,86.29,172000.0,146840.685
2012-11-13,18,0,0,0,25.5,8.0,99.74,0.0,0.0
2012-11-13,19,0,0,0,25.4,8.1,113.32,0.0,0.0
2012-11-13,20,0,0,0,25.4,8.1,127.1,0.0,0.0
2012-11-13,21,0,0,0,25.3,8.1,141.02,0.0,0.0
2012-11-13,22,0,0,0,25.3,7.9,154.99,0.0,0.0
2012-11-13,23,0,0,0,25.2,7.7,168.85,0.0,0.0
2012-11-14,0,0,0,0,25.2,7.5,175.57,0.0,0.0
2012-11-14,1,0,0,0,25.1,7.4,162.32,0.0,0.0
2012-11-14,2,0,0,0,25.0,7.3,148.37,0.0,0.0
2012-11-14,3,0,0,0,25.0,7.2,134.42,0.0,0.0
2012-11-14,4,0,0,0,24.9,7.0,120.57,0.0,0.0
2012-11-14,5,0,0,0,24.9,7.0,106.88,0.0,0.0
2012-11-14,6,0,0,0,25.0,7.2,93.45,0.0,0.0
2012-11-14,7,128,508,43,25.2,7.5,80.35,550400.0,517253.381
2012-11-14,8,119,1,119,25.5,7.8,68.04,511700.0,479427.102
2012-11-14,9,381,136,307,25.8,7.8,56.8,1638300.0,1575293.202
2012-11-14,10,334,25,318,26.0,7.8,47.46,1436200.0,1379514.331
2012-11-14,11,248,1,247,26.2,7.9,41.33,1066400.0,1020366.296
2012-11-14,12,320,3,318,26.2,7.9,39.94,1376000.0,1321128.951
2012-11-14,13,432,87,369,26.2,8.0,43.74,1857600.0,1787334.563
2012-11-14,14,307,26,291,26.2,8.1,51.59,1320100.0,1266885.897
2012-11-14,15,457,821,71,26.0,8.2,61.97,1965100.0,1891124.52
2012-11-14,16,242,665,56,25.8,8.2,73.79,1040600.0,995265.329
2012-11-14,17,38,250,22,25.6,8.2,86.36,163400.0,138407.825
2012-11-14,18,0,0,0,25.4,8.1,99.79,0.0,0.0
2012-11-14,19,0,0,0,25.3,8.0,113.35,0.0,0.0
2012-11-14,20,0,0,0,25.2,7.8,127.12,0.0,0.0
2012-11-14,21,0,0,0,25.2,7.6,141.03,0.0,0.0
2012-11-14,22,0,0,0,25.1,7.4,154.99,0.0,0.0
2012-11-14,23,0,0,0,25.1,7.2,168.89,0.0,0.0
2012-11-15,0,0,0,0,25.0,7.1,175.76,0.0,0.0
2012-11-15,1,0,0,0,24.9,7.1,162.41,0.0,0.0
2012-11-15,2,0,0,0,24.8,7.1,148.45,0.0,0.0
2012-11-15,3,0,0,0,24.7,7.2,134.51,0.0,0.0
2012-11-15,4,0,0,0,24.6,7.3,120.67,0.0,0.0
2012-11-15,5,0,0,0,24.6,7.3,106.99,0.0,0.0
2012-11-15,6,0,0,0,24.7,7.4,93.59,0.0,0.0
2012-11-15,7,64,8,63,24.9,7.6,80.5,275200.0,247985.117
2012-11-15,8,283,383,141,25.1,7.8,68.21,1216900.0,1166673.887
2012-11-15,9,437,451,191,25.3,7.8,57.0,1879100.0,1808100.548
2012-11-15,10,422,154,319,25.6,7.6,47.69,1814600.0,1745790.601
2012-11-15,11,479,168,353,25.8,7.4,41.58,2059700.0,1982377.024
2012-11-15,12,530,248,340,25.8,7.3,40.19,2279000.0,2193619.303
2012-11-15,13,550,343,303,25.9,7.3,43.95,2365000.0,2276345.897
2012-11-15,14,348,109,280,25.8,7.3,51.75,1496400.0,1437868.374
2012-11-15,15,324,227,218,25.7,7.5,62.09,1393200.0,1337813.686
2012-11-15,16,92,1,92,25.5,7.6,73.88,395600.0,365870.563
2012-11-15,17,26,2,26,25.2,7.7,86.42,111800.0,87797.238
2012-11-15,18,0,0,0,25.0,7.6,99.83,0.0,0.0
2012-11-15,19,0,0,0,24.9,7.6,113.38,0.0,0.0
2012-11-15,20,0,0,0,24.9,7.5,127.14,0.0,0.0
2012-11-15,21,0,0,0,24.9,7.3,141.03,0.0,0.0
2012-11-15,22,0,0,0,24.9,7.0,155.0,0.0,0.0
2012-11-15,23,0,0,0,24.8,6.9,168.91,0.0,0.0
2012-11-16,0,0,0,0,24.7,6.7,175.95,0.0,0.0
2012-11-16,1,0,0,0,24.6,6.6,162.5,0.0,0.0
2012-11-16,2,0,0,0,24.5,6.5,148.54,0.0,0.0
2012-11-16,3,0,0,0,24.4,6.5,134.61,0.0,0.0
2012-11-16,4,0,0,0,24.3,6.5,120.77,0.0,0.0
2012-11-16,5,0,0,0,24.4,6.8,107.11,0.0,0.0
2012-11-16,6,0,0,0,24.5,7.3,93.72,0.0,0.0
2012-11-16,7,94,63,84,24.7,7.6,80.65,404200.0,374286.155
2012-11-16,8,243,162,183,24.9,7.7,68.39,1044900.0,999449.224
2012-11-16,9,392,161,305,25.1,7.7,57.2,1685600.0,1621062.787
2012-11-16,10,494,284,304,25.3,7.6,47.92,2124200.0,2044550.274
2012-11-16,11,643,497,272,25.6,7.6,41.83,2764900.0,2660184.469
2012-11-16,12,488,107,407,25.7,7.5,40.43,2098400.0,2019685.291
2012-11-16,13,639,413,343,25.7,7.5,44.15,2747700.0,2643703.741
2012-11-16,14,540,564,192,25.6,7.7,51.91,2322000.0,2234990.594
2012-11-16,15,450,789,82,25.4,8.0,62.2,1935000.0,1862073.405
2012-11-16,16,101,2,101,25.2,8.2,73.96,434300.0,403735.693
2012-11-16,17,24,1,24,25.0,8.1,86.47,103200.0,79359.901
2012-11-16,18,0,0,0,24.9,8.0,99.87,0.0,0.0
2012-11-16,19,0,0,0,24.8,8.0,113.4,0.0,0.0
2012-11-16,20,0,0,0,24.8,7.8,127.14,0.0,0.0
2012-11-16,21,0,0,0,24.8,7.5,141.03,0.0,0.0
2012-11-16,22,0,0,0,24.9,7.2,154.99,0.0,0.0
2012-11-16,23,0,0,0,24.8,7.0,168.92,0.0,0.0
2012-11-17,0,0,0,0,24.8,6.8,176.13,0.0,0.0
2012-11-17,1,0,0,0,24.8,6.8,162.6,0.0,0.0
2012-11-17,2,0,0,0,24.7,6.7,148.63,0.0,0.0
2012-11-17,3,0,0,0,24.7,6.5,134.7,0.0,0.0
2012-11-17,4,0,0,0,24.7,6.5,120.88,0.0,0.0
2012-11-17,5,0,0,0,24.6,6.7,107.23,0.0,0.0
2012-11-17,6,0,0,0,24.6,7.1,93.85,0.0,0.0
2012-11-17,7,61,6,60,24.8,7.5,80.79,262300.0,235347.1
2012-11-17,8,155,20,148,25.0,7.8,68.56,666500.0,630654.517
2012-11-17,9,195,1,195,25.2,7.9,57.4,838500.0,798441.96
2012-11-17,10,321,17,310,25.4,7.9,48.14,1380300.0,1325300.375
2012-11-17,11,489,112,406,25.5,7.8,42.08,2102700.0,2023829.854
2012-11-17,12,536,256,342,25.6,7.6,40.66,2304800.0,2218443.996
2012-11-17,13,332,11,324,25.6,7.5,44.35,1427600.0,1371175.481
2012-11-17,14,222,1,221,25.6,7.4,52.06,954600.0,911553.872
2012-11-17,15,358,365,189,25.6,7.5,62.31,1539400.0,1479530.647
2012-11-17,16,8,0,8,25.5,7.5,74.04,34400.0,11838.188
2012-11-17,17,19,0,19,25.3,7.5,86.52,81700.0,58263.763
2012-11-17,18,0,0,0,25.2,7.5,99.9,0.0,0.0
2012-11-17,19,0,0,0,25.1,7.4,113.41,0.0,0.0
2012-11-17,20,0,0,0,25.0,7.1,127.15,0.0,0.0
2012-11-17,21,0,0,0,25.0,6.7,141.03,0.0,0.0
2012-11-17,22,0,0,0,24.9,6.3,154.98,0.0,0.0
2012-11-17,23,0,0,0,24.9,5.8,168.93,0.0,0.0
2012-11-18,0,0,0,0,24.8,5.4,176.31,0.0,0.0
2012-11-18,1,0,0,0,24.8,5.3,162.69,0.0,0.0
2012-11-18,2,0,0,0,24.7,5.3,148.72,0.0,0.0
2012-11-18,3,0,0,0,24.6,5.6,134.8,0.0,0.0
2012-11-18,4,0,0,0,24.6,5.8,120.98,0.0,0.0
2012-11-18,5,0,0,0,24.6,6.0,107.35,0.0,0.0
2012-11-18,6,0,0,0,24.7,6.3,93.98,0.0,0.0
2012-11-18,7,82,32,77,24.9,6.7,80.94,352600.0,323783.007
2012-11-18,8,86,3,85,25.1,7.1,68.73,369800.0,340619.948
2012-11-18,9,193,2,192,25.3,7.3,57.6,829900.0,790058.663
2012-11-18,10,432,107,361,25.6,7.2,48.37,1857600.0,1787334.563
2012-11-18,11,769,916,91,25.8,7.0,42.32,3306700.0,3178017.953
2012-11-18,12,547,170,418,26.0,6.6,40.89,2352100.0,2263940.985
2012-11-18,13,559,254,378,26.2,6.1,44.54,2403700.0,2313552.0
2012-11-18,14,617,866,86,26.3,5.6,52.21,2653100.0,2553014.016
2012-11-18,15,76,0,76,26.4,5.3,62.42,326800.0,298522.8
2012-11-18,16,53,0,53,26.3,5.0,74.11,227900.0,201638.684
2012-11-18,17,34,189,23,26.0,4.7,86.57,146200.0,121540.187
2012-11-18,18,0,0,0,25.8,4.6,99.93,0.0,0.0
2012-11-18,19,0,0,0,25.6,4.6,113.43,0.0,0.0
2012-11-18,20,0,0,0,25.4,4.4,127.15,0.0,0.0
2012-11-18,21,0,0,0,25.3,4.1,141.01,0.0,0.0
2012-11-18,22,0,0,0,25.1,3.8,154.97,0.0,0.0
2012-11-18,23,0,0,0,24.9,3.5,168.92,0.0,0.0
2012-11-19,0,0,0,0,24.7,3.3,176.47,0.0,0.0
2012-11-19,1,0,0,0,24.6,3.1,162.78,0.0,0.0
2012-11-19,2,0,0,0,24.5,3.0,148.81,0.0,0.0
2012-11-19,3,0,0,0,24.3,2.9,134.89,0.0,0.0
2012-11-19,4,0,0,0,24.3,2.9,121.09,0.0,0.0
2012-11-19,5,0,0,0,24.3,3.0,107.46,0.0,0.0
2012-11-19,6,0,0,0,24.5,3.3,94.11,0.0,0.0
2012-11-19,7,108,404,46,24.7,3.9,81.09,464400.0,433177.396
2012-11-19,8,318,680,73,25.1,4.5,68.9,1367400.0,1312785.625
2012-11-19,9,516,805,87,25.3,4.8,57.8,2218800.0,2135672.636
2012-11-19,10,230,1,230,25.6,4.8,48.59,989000.0,945046.129
2012-11-19,11,393,49,357,25.8,4.6,42.55,1689900.0,1625222.699
2012-11-19,12,781,910,96,26.1,4.3,41.12,3358300.0,3227203.047
2012-11-19,13,730,897,93,26.3,4.0,44.73,3139000.0,3018007.397
2012-11-19,14,613,865,84,26.4,4.0,52.34,2635900.0,2536516.662
2012-11-19,15,169,2,168,26.4,4.3,62.52,726700.0,689409.22
2012-11-19,16,230,636,57,26.4,4.5,74.18,989000.0,945046.129
2012-11-19,17,34,210,22,26.1,4.7,86.61,146200.0,121540.187
2012-11-19,18,0,0,0,25.8,5.1,99.95,0.0,0.0
2012-11-19,19,0,0,0,25.7,5.6,113.43,0.0,0.0
2012-11-19,20,0,0,0,25.5,5.9,127.14,0.0,0.0
2012-11-19,21,0,0,0,25.3,6.0,141.0,0.0,0.0
2012-11-19,22,0,0,0,25.1,6.0,154.94,0.0,0.0
2012-11-19,23,0,0,0,25.0,5.7,168.91,0.0,0.0
2012-11-20,0,0,0,0,24.9,5.4,176.62,0.0,0.0
2012-11-20,1,0,0,0,24.8,5.2,162.86,0.0,0.0
2012-11-20,2,0,0,0,24.8,5.3,148.9,0.0,0.0
2012-11-20,3,0,0,0,24.7,5.5,134.99,0.0,0.0
2012-11-20,4,0,0,0,24.7,5.7,121.2,0.0,0.0
2012-11-20,5,0,0,0,24.7,5.9,107.58,0.0,0.0
2012-11-20,6,0,0,0,24.8,6.1,94.25,0.0,0.0
2012-11-20,7,12,0,12,25.0,6.4,81.24,51600.0,28722.454
2012-11-20,8,130,11,126,25.2,6.7,69.07,559000.0,525657.462
2012-11-20,9,312,120,249,25.3,6.9,57.99,1341600.0,1287751.808
2012-11-20,10,380,92,319,25.5,6.7,48.81,1634000.0,1571131.371
2012-11-20,11,354,47,319,25.6,6.3,42.78,1522200.0,1462867.656
2012-11-20,12,539,238,360,25.8,5.9,41.33,2317700.0,2230854.185
2012-11-20,13,478,181,349,25.8,5.4,44.9,2055400.0,1978230.862
2012-11-20,14,439,229,300,25.9,5.0,52.48,1887700.0,1816405.823
2012-11-20,15,234,47,212,25.9,4.7,62.61,1006200.0,961788.421
2012-11-20,16,137,180,88,25.8,4.7,74.24,589100.0,555066.71
2012-11-20,17,22,0,22,25.5,4.8,86.64,94600.0,70921.925
2012-11-20,18,0,0,0,25.3,5.0,99.97,0.0,0.0
2012-11-20,19,0,0,0,25.2,5.2,113.43,0.0,0.0
2012-11-20,20,0,0,0,25.0,5.2,127.13,0.0,0.0
2012-11-20,21,0,0,0,24.9,5.1,140.98,0.0,0.0
2012-11-20,22,0,0,0,24.8,4.7,154.92,0.0,0.0
2012-11-20,23,0,0,0,24.7,4.4,168.88,0.0,0.0
2012-11-21,0,0,0,0,24.6,4.0,176.77,0.0,0.0
2012-11-21,1,0,0,0,24.6,3.8,162.95,0.0,0.0
2012-11-21,2,0,0,0,24.5,3.5,148.99,0.0,0.0
2012-11-21,3,0,0,0,24.5,3.2,135.09,0.0,0.0
2012-11-21,4,0,0,0,24.5,3.0,121.3,0.0,0.0
2012-11-21,5,0,0,0,24.5,2.9,107.7,0.0,0.0
2012-11-21,6,0,0,0,24.6,2.7,94.38,0.0,0.0
2012-11-21,7,97,155,74,24.8,2.6,81.39,417100.0,386908.345
2012-11-21,8,218,137,169,25.0,2.5,69.24,937400.0,894803.906
2012-11-21,9,336,90,289,25.1,2.2,58.18,1444800.0,1387852.541
2012-11-21,10,291,11,284,25.2,1.8,49.02,1251300.0,1200088.123
2012-11-21,11,282,2,281,25.3,1.4,43.01,1212600.0,1162496.388
2012-11-21,12,371,27,351,25.4,1.0,41.55,1595300.0,1533667.701
2012-11-21,13,159,0,159,25.6,0.8,45.08,683700.0,647444.773
2012-11-21,14,592,785,115,25.7,0.8,52.6,2545600.0,2449863.581
2012-11-21,15,28,0,28,25.7,0.8,62.7,120400.0,96233.934
2012-11-21,16,71,3,70,25.7,1.0,74.3,305300.0,277468.23
2012-11-21,17,18,0,18,25.6,1.0,86.67,77400.0,54044.055
2012-11-21,18,0,0,0,25.5,0.9,99.98,0.0,0.0
2012-11-21,19,0,0,0,25.4,0.9,113.43,0.0,0.0
2012-11-21,20,0,0,0,25.3,0.9,127.12,0.0,0.0
2012-11-21,21,0,0,0,25.2,1.1,140.95,0.0,0.0
2012-11-21,22,0,0,0,25.1,1.3,154.88,0.0,0.0
2012-11-21,23,0,0,0,24.9,1.6,168.85,0.0,0.0
2012-11-22,0,0,0,0,24.7,1.9,176.91,0.0,0.0
2012-11-22,1,0,0,0,24.5,2.2,163.04,0.0,0.0
2012-11-22,2,0,0,0,24.4,2.3,149.08,0.0,0.0
2012-11-22,3,0,0,0,24.2,2.4,135.19,0.0,0.0
2012-11-22,4,0,0,0,24.2,2.3,121.41,0.0,0.0
2012-11-22,5,0,0,0,24.2,2.1,107.83,0.0,0.0
2012-11-22,6,0,0,0,24.4,1.8,94.52,0.0,0.0
2012-11-22,7,48,3,48,24.6,1.7,81.54,206400.0,180565.728
2012-11-22,8,199,108,162,24.9,1.8,69.41,855700.0,815206.635
2012-11-22,9,256,32,239,25.1,1.9,58.37,1100800.0,1053825.298
2012-11-22,10,470,180,353,25.2,2.0,49.23,2021000.0,1945055.807
2012-11-22,11,322,32,298,25.3,2.2,43.23,1384600.0,1329471.638
2012-11-22,12,341,11,333,25.4,2.3,41.75,1466300.0,1408695.269
2012-11-22,13,415,85,354,25.4,2.3,45.24,1784500.0,1716700.315
2012-11-22,14,72,0,72,25.4,2.1,52.72,309600.0,281679.464
2012-11-22,15,72,0,71,25.4,1.8,62.78,309600.0,281679.464
2012-11-22,16,216,549,68,25.3,1.4,74.35,928800.0,886427.964
2012-11-22,17,17,0,17,25.2,1.1,86.7,73100.0,49824.188
2012-11-22,18,0,0,0,25.1,1.0,99.99,0.0,0.0
2012-11-22,19,0,0,0,25.0,0.9,113.42,0.0,0.0
2012-11-22,20,0,0,0,25.0,0.8,127.1,0.0,0.0
2012-11-22,21,0,0,0,24.9,0.8,140.92,0.0,0.0
2012-11-22,22,0,0,0,24.8,0.8,154.84,0.0,0.0
2012-11-22,23,0,0,0,24.7,0.8,168.81,0.0,0.0
2012-11-23,0,0,0,0,24.7,0.7,177.03,0.0,0.0
2012-11-23,1,0,0,0,24.6,0.7,163.13,0.0,0.0
2012-11-23,2,0,0,0,24.6,0.8,149.17,0.0,0.0
2012-11-23,3,0,0,0,24.5,1.0,135.29,0.0,0.0
2012-11-23,4,0,0,0,24.6,1.3,121.52,0.0,0.0
2012-11-23,5,0,0,0,24.6,1.6,107.95,0.0,0.0
2012-11-23,6,0,0,0,24.7,1.8,94.65,0.0,0.0
2012-11-23,7,100,405,41,24.9,2.0,81.69,430000.0,399529.096
2012-11-23,8,307,682,69,25.1,2.2,69.58,1320100.0,1266885.897
2012-11-23,9,502,803,83,25.3,2.3,58.56,2158600.0,2077694.632
2012-11-23,10,148,0,148,25.5,2.4,49.44,636400.0,601265.414
2012-11-23,11,418,77,362,25.7,2.5,43.44,1797400.0,1729168.539
2012-11-23,12,753,846,124,25.9,2.6,41.95,3237900.0,3112402.015
2012-11-23,13,704,837,117,26.1,2.6,45.4,3027200.0,2911198.595
2012-11-23,14,434,137,351,26.2,2.8,52.84,1866200.0,1795641.437
2012-11-23,15,242,25,230,26.1,3.1,62.85,1040600.0,995265.329
2012-11-23,16,109,2,109,26.0,3.4,74.39,468700.0,437382.714
2012-11-23,17,18,0,18,25.7,3.6,86.72,77400.0,54044.055
2012-11-23,18,0,0,0,25.4,3.7,99.99,0.0,0.0
2012-11-23,19,0,0,0,25.2,3.6,113.41,0.0,0.0
2012-11-23,20,0,0,0,25.0,3.3,127.07,0.0,0.0
2012-11-23,21,0,0,0,24.8,3.0,140.88,0.0,0.0
2012-11-23,22,0,0,0,24.7,2.7,154.8,0.0,0.0
2012-11-23,23,0,0,0,24.6,2.5,168.76,0.0,0.0
2012-11-24,0,0,0,0,24.5,2.2,177.15,0.0,0.0
2012-11-24,1,0,0,0,24.4,2.1,163.21,0.0,0.0
2012-11-24,2,0,0,0,24.3,2.1,149.27,0.0,0.0
2012-11-24,3,0,0,0,24.3,2.3,135.39,0.0,0.0
2012-11-24,4,0,0,0,24.2,2.6,121.64,0.0,0.0
2012-11-24,5,0,0,0,24.2,3.0,108.07,0.0,0.0
2012-11-24,6,0,0,0,24.3,3.4,94.79,0.0,0.0
2012-11-24,7,99,404,41,24.6,3.8,81.84,425700.0,395322.339
2012-11-24,8,308,691,69,25.0,4.2,69.75,1324400.0,1271059.399
2012-11-24,9,504,815,82,25.4,4.4,58.75,2167200.0,2085979.122
2012-11-24,10,657,877,89,25.7,4.6,49.64,2825100.0,2717846.869
2012-11-24,11,750,916,87,26.0,4.8,43.65,3225000.0,3100094.47
2012-11-24,12,774,925,88,26.2,4.9,42.14,3328200.0,3198514.54
2012-11-24,13,724,911,86,26.3,5.1,45.56,3113200.0,2993368.805
2012-11-24,14,605,859,88,26.4,5.2,52.95,2601500.0,2503514.278
2012-11-24,15,433,783,77,26.2,5.4,62.92,1861900.0,1791488.08
2012-11-24,16,227,625,59,26.0,5.6,74.43,976100.0,932487.732
2012-11-24,17,33,204,21,25.6,5.6,86.74,141900.0,117322.878
2012-11-24,18,0,0,0,25.3,5.5,99.99,0.0,0.0
2012-11-24,19,0,0,0,25.1,5.4,113.4,0.0,0.0
2012-11-24,20,0,0,0,25.0,5.1,127.04,0.0,0.0
2012-11-24,21,0,0,0,24.9,4.8,140.84,0.0,0.0
2012-11-24,22,0,0,0,24.8,4.4,154.75,0.0,0.0
2012-11-24,23,0,0,0,24.7,4.2,168.71,0.0,0.0
2012-11-25,0,0,0,0,24.6,4.1,177.26,0.0,0.0
2012-11-25,1,0,0,0,24.6,4.2,163.3,0.0,0.0
2012-11-25,2,0,0,0,24.5,4.3,149.36,0.0,0.0
2012-11-25,3,0,0,0,24.4,4.5,135.49,0.0,0.0
2012-11-25,4,0,0,0,24.3,4.6,121.75,0.0,0.0
2012-11-25,5,0,0,0,24.3,4.6,108.19,0.0,0.0
2012-11-25,6,0,0,0,24.4,4.8,94.92,0.0,0.0
2012-11-25,7,57,2,57,24.7,5.3,81.99,245100.0,218494.171
2012-11-25,8,221,97,188,24.9,5.8,69.91,950300.0,907366.62
2012-11-25,9,372,175,282,25.1,6.1,58.93,1599600.0,1537830.97
2012-11-25,10,516,287,332,25.3,6.3,49.84,2218800.0,2135672.636
2012-11-25,11,552,209,402,25.4,6.5,43.86,2373600.0,2284615.039
2012-11-25,12,544,296,325,25.5,6.9,42.33,2339200.0,2251534.634
2012-11-25,13,429,140,331,25.5,7.1,45.7,1844700.0,1774873.053
2012-11-25,14,407,222,274,25.5,7.3,53.05,1750100.0,1683444.68
2012-11-25,15,245,31,231,25.3,7.4,62.99,1053500.0,1007816.532
2012-11-25,16,101,2,101,25.1,7.3,74.47,434300.0,403735.693
2012-11-25,17,18,0,18,24.9,6.9,86.75,77400.0,54044.055
2012-11-25,18,0,0,0,24.7,6.3,99.98,0.0,0.0
2012-11-25,19,0,0,0,24.7,6.1,113.37,0.0,0.0
2012-11-25,20,0,0,0,24.6,6.1,127.01,0.0,0.0
2012-11-25,21,0,0,0,24.6,6.0,140.8,0.0,0.0
2012-11-25,22,0,0,0,24.6,5.9,154.7,0.0,0.0
2012-11-25,23,0,0,0,24.4,5.9,168.65,0.0,0.0
2012-11-26,0,0,0,0,24.3,5.8,177.35,0.0,0.0
2012-11-26,1,0,0,0,24.2,5.8,163.39,0.0,0.0
2012-11-26,2,0,0,0,24.0,5.8,149.45,0.0,0.0
2012-11-26,3,0,0,0,23.9,5.7,135.6,0.0,0.0
2012-11-26,4,0,0,0,23.9,5.7,121.86,0.0,0.0
2012-11-26,5,0,0,0,23.9,6.0,108.32,0.0,0.0
2012-11-26,6,0,0,0,24.0,6.4,95.06,0.0,0.0
2012-11-26,7,62,15,60,24.2,6.9,82.13,266600.0,239559.932
2012-11-26,8,224,101,190,24.5,7.2,70.08,963200.0,919927.895
2012-11-26,9,390,329,221,24.8,7.3,59.11,1677000.0,1612742.483
2012-11-26,10,429,197,302,24.9,7.4,50.04,1844700.0,1774873.053
2012-11-26,11,490,213,337,25.0,7.4,44.06,2107000.0,2027974.258
2012-11-26,12,528,256,339,25.0,7.4,42.51,2270400.0,2185343.126
2012-11-26,13,419,120,335,25.0,7.4,45.84,1801700.0,1733324.295
2012-11-26,14,406,192,291,24.9,7.3,53.14,1745800.0,1679287.006
2012-11-26,15,242,61,214,24.8,7.2,63.04,1040600.0,995265.329
2012-11-26,16,145,53,131,24.7,6.9,74.5,623500.0,588667.686
2012-11-26,17,24,2,24,24.4,6.6,86.75,103200.0,79359.901
2012-11-26,18,0,0,0,24.2,6.3,99.97,0.0,0.0
2012-11-26,19,0,0,0,24.1,6.1,113.35,0.0,0.0
2012-11-26,20,0,0,0,24.0,6.0,126.97,0.0,0.0
2012-11-26,21,0,0,0,24.0,6.0,140.75,0.0,0.0
2012-11-26,22,0,0,0,23.9,6.0,154.64,0.0,0.0
2012-11-26,23,0,0,0,23.9,6.1,168.58,0.0,0.0
2012-11-27,0,0,0,0,23.8,6.0,177.44,0.0,0.0
2012-11-27,1,0,0,0,23.8,5.9,163.48,0.0,0.0
2012-11-27,2,0,0,0,23.8,5.8,149.55,0.0,0.0
2012-11-27,3,0,0,0,23.7,5.9,135.7,0.0,0.0
2012-11-27,4,0,0,0,23.8,5.9,121.98,0.0,0.0
2012-11-27,5,0,0,0,23.8,5.9,108.44,0.0,0.0
2012-11-27,6,0,0,0,23.9,6.0,95.2,0.0,0.0
2012-11-27,7,98,437,39,24.2,6.2,82.28,421400.0,391115.422
2012-11-27,8,253,246,170,24.6,6.6,70.24,1087900.0,1041279.372
2012-11-27,9,203,3,201,24.8,6.7,59.29,872900.0,831968.751
2012-11-27,10,346,41,320,25.0,6.7,50.23,1487800.0,1429534.0
2012-11-27,11,185,0,185,25.1,6.7,44.25,795500.0,756519.081
2012-11-27,12,361,17,349,25.2,6.6,42.68,1552300.0,1492026.212
2012-11-27,13,331,13,322,25.2,6.6,45.97,1423300.0,1367005.816
2012-11-27,14,370,73,327,25.2,6.5,53.23,1591000.0,1529504.271
2012-11-27,15,87,0,87,25.1,6.5,63.1,374100.0,344828.783
2012-11-27,16,69,0,69,25.0,6.5,74.52,296700.0,269045.283
2012-11-27,17,36,257,21,24.7,6.3,86.75,154800.0,129974.326
2012-11-27,18,0,0,0,24.5,6.2,99.96,0.0,0.0
2012-11-27,19,0,0,0,24.4,6.1,113.32,0.0,0.0
2012-11-27,20,0,0,0,24.2,5.8,126.93,0.0,0.0
2012-11-27,21,0,0,0,24.1,5.5,140.7,0.0,0.0
2012-11-27,22,0,0,0,23.9,5.2,154.57,0.0,0.0
2012-11-27,23,0,0,0,23.9,4.8,168.51,0.0,0.0
2012-11-28,0,0,0,0,23.8,4.6,177.52,0.0,0.0
2012-11-28,1,0,0,0,23.8,4.3,163.57,0.0,0.0
2012-11-28,2,0,0,0,23.7,4.1,149.65,0.0,0.0
2012-11-28,3,0,0,0,23.7,3.8,135.81,0.0,0.0
2012-11-28,4,0,0,0,23.7,3.6,122.09,0.0,0.0
2012-11-28,5,0,0,0,23.7,3.5,108.57,0.0,0.0
2012-11-28,6,0,0,0,23.8,3.5,95.33,0.0,0.0
2012-11-28,7,99,485,35,24.1,3.7,82.43,425700.0,395322.339
2012-11-28,8,314,760,59,24.4,4.0,70.4,1350200.0,1296097.053
2012-11-28,9,308,61,278,24.6,4.2,59.47,1324400.0,1271059.399
2012-11-28,10,671,931,78,24.9,4.2,50.42,2885300.0,2775477.932
2012-11-28,11,762,948,85,25.0,4.0,44.44,3276600.0,3149316.016
2012-11-28,12,653,411,352,25.2,3.4,42.85,2807900.0,2701375.095
2012-11-28,13,735,938,85,25.3,2.7,46.1,3160500.0,3038535.161
2012-11-28,14,616,887,86,25.3,2.1,53.32,2648800.0,2548889.917
2012-11-28,15,442,809,76,25.3,1.7,63.14,1900600.0,1828862.537
2012-11-28,16,231,649,58,25.2,1.8,74.54,993300.0,949231.942
2012-11-28,17,34,226,22,25.0,1.9,86.75,146200.0,121540.187
2012-11-28,18,0,0,0,24.8,2.0,99.94,0.0,0.0
2012-11-28,19,0,0,0,24.6,1.8,113.28,0.0,0.0
2012-11-28,20,0,0,0,24.4,1.6,126.88,0.0,0.0
2012-11-28,21,0,0,0,24.2,1.6,140.64,0.0,0.0
2012-11-28,22,0,0,0,24.0,1.5,154.51,0.0,0.0
2012-11-28,23,0,0,0,23.9,1.2,168.43,0.0,0.0
2012-11-29,0,0,0,0,23.8,1.1,177.59,0.0,0.0
2012-11-29,1,0,0,0,23.7,0.9,163.65,0.0,0.0
2012-11-29,2,0,0,0,23.7,0.6,149.74,0.0,0.0
2012-11-29,3,0,0,0,23.6,0.6,135.91,0.0,0.0
2012-11-29,4,0,0,0,23.6,0.8,122.21,0.0,0.0
2012-11-29,5,0,0,0,23.6,1.0,108.69,0.0,0.0
2012-11-29,6,0,0,0,23.7,1.1,95.47,0.0,0.0
2012-11-29,7,53,8,52,23.9,1.3,82.57,227900.0,201638.684
2012-11-29,8,250,333,140,24.1,1.3,70.56,1075000.0,1028732.006
2012-11-29,9,335,107,281,24.4,1.1,59.64,1440500.0,1383683.516
2012-11-29,10,522,336,308,24.7,0.9,50.6,2244600.0,2160510.759
2012-11-29,11,443,97,374,24.9,0.7,44.62,1904900.0,1833014.455
2012-11-29,12,491,125,400,25.0,0.7,43.01,2111300.0,2032118.502
2012-11-29,13,351,30,330,25.1,0.7,46.22,1509300.0,1450368.734
2012-11-29,14,326,89,273,25.2,0.8,53.39,1401800.0,1346155.094
2012-11-29,15,230,82,193,25.2,0.8,63.18,989000.0,945046.129
2012-11-29,16,110,4,109,25.1,0.9,74.55,473000.0,441587.873
2012-11-29,17,24,2,23,25.0,0.8,86.74,103200.0,79359.901
2012-11-29,18,0,0,0,24.9,0.8,99.91,0.0,0.0
2012-11-29,19,0,0,0,24.9,0.8,113.24,0.0,0.0
2012-11-29,20,0,0,0,24.8,0.8,126.83,0.0,0.0
2012-11-29,21,0,0,0,24.8,0.9,140.58,0.0,0.0
2012-11-29,22,0,0,0,24.7,0.9,154.44,0.0,0.0
2012-11-29,23,0,0,0,24.6,0.9,168.35,0.0,0.0
2012-11-30,0,0,0,0,24.5,0.9,177.65,0.0,0.0
2012-11-30,1,0,0,0,24.4,0.8,163.74,0.0,0.0
2012-11-30,2,0,0,0,24.4,0.8,149.84,0.0,0.0
2012-11-30,3,0,0,0,24.3,0.8,136.02,0.0,0.0
2012-11-30,4,0,0,0,24.3,1.0,122.32,0.0,0.0
2012-11-30,5,0,0,0,24.3,1.2,108.82,0.0,0.0
2012-11-30,6,0,0,0,24.3,1.4,95.6,0.0,0.0
2012-11-30,7,91,450,34,24.5,1.7,82.72,391300.0,361662.527
2012-11-30,8,230,170,174,24.8,1.9,70.72,989000.0,945046.129
2012-11-30,9,501,852,72,25.0,1.8,59.81,2154300.0,2073552.146
2012-11-30,10,655,909,80,25.2,1.5,50.78,2816500.0,2709611.302
2012-11-30,11,748,930,88,25.4,1.2,44.8,3216400.0,3091888.64
2012-11-30,12,577,244,399,25.6,0.9,43.16,2481100.0,2387925.355
2012-11-30,13,555,272,368,25.6,0.7,46.33,2386500.0,2297017.553
2012-11-30,14,267,10,260,25.7,0.7,53.46,1148100.0,1099814.719
2012-11-30,15,276,125,219,25.6,0.8,63.22,1186800.0,1137428.037
2012-11-30,16,128,42,117,25.5,1.0,74.56,550400.0,517253.381
2012-11-30,17,23,2,23,25.4,1.0,86.73,98900.0,75140.993
2012-11-30,18,0,0,0,25.2,0.9,99.88,0.0,0.0
2012-11-30,19,0,0,0,25.1,0.9,113.2,0.0,0.0
2012-11-30,20,0,0,0,25.0,1.1,126.77,0.0,0.0
2012-11-30,21,0,0,0,24.9,1.4,140.51,0.0,0.0
2012-11-30,22,0,0,0,24.7,1.6,154.36,0.0,0.0
2012-11-30,23,0,0,0,24.6,1.7,168.27,0.0,0.0
2012-12-01,0,0,0,0,24.5,1.6,177.7,0.0,0.0
2012-12-01,1,0,0,0,24.4,1.5,163.83,0.0,0.0
2012-12-01,2,0,0,0,24.3,1.4,149.94,0.0,0.0
2012-12-01,3,0,0,0,24.2,1.2,136.13,0.0,0.0
2012-12-01,4,0,0,0,24.2,1.1,122.44,0.0,0.0
2012-12-01,5,0,0,0,24.1,1.2,108.94,0.0,0.0
2012-12-01,6,0,0,0,24.0,1.5,95.74,0.0,0.0
2012-12-01,7,85,394,36,24.2,1.8,82.86,365500.0,336410.953
2012-12-01,8,290,690,64,24.4,2.0,70.88,1247000.0,1195911.903
2012-12-01,9,253,30,238,24.6,1.9,59.98,1087900.0,1041279.372
2012-12-01,10,638,875,87,24.9,1.7,50.95,2743400.0,2639583.16
2012-12-01,11,731,910,87,25.1,1.3,44.97,3143300.0,3022113.27
2012-12-01,12,649,621,196,25.4,1.0,43.3,2790700.0,2684900.763
2012-12-01,13,687,635,249,25.6,1.0,46.44,2954100.0,2841303.633
2012-12-01,14,543,643,162,25.7,1.0,53.53,2334900.0,2247398.864
2012-12-01,15,313,161,241,25.7,1.0,63.25,1345900.0,1291924.511
2012-12-01,16,220,603,60,25.6,1.0,74.56,946000.0,903179.209
2012-12-01,17,16,0,16,25.5,1.1,86.71,68800.0,45604.161
2012-12-01,18,0,0,0,25.3,1.1,99.85,0.0,0.0
2012-12-01,19,0,0,0,25.2,1.1,113.15,0.0,0.0
2012-12-01,20,0,0,0,25.1,1.1,126.71,0.0,0.0
2012-12-01,21,0,0,0,25.0,1.2,140.45,0.0,0.0
2012-12-01,22,0,0,0,24.9,1.4,154.28,0.0,0.0
2012-12-01,23,0,0,0,24.8,1.8,168.17,0.0,0.0
2012-12-02,0,0,0,0,24.8,2.2,177.74,0.0,0.0
2012-12-02,1,0,0,0,24.7,2.1,163.92,0.0,0.0
2012-12-02,2,0,0,0,24.6,1.8,150.04,0.0,0.0
2012-12-02,3,0,0,0,24.6,1.4,136.24,0.0,0.0
2012-12-02,4,0,0,0,24.6,1.1,122.56,0.0,0.0
2012-12-02,5,0,0,0,24.7,1.0,109.07,0.0,0.0
2012-12-02,6,0,0,0,24.7,1.2,95.87,0.0,0.0
2012-12-02,7,18,0,18,24.9,1.6,83.0,77400.0,54044.055
2012-12-02,8,26,0,26,25.1,1.7,71.03,111800.0,87797.238
2012-12-02,9,310,156,233,25.4,1.7,60.14,1333000.0,1279405.923
2012-12-02,10,132,2,131,25.7,2.0,51.12,567600.0,534060.904
2012-12-02,11,303,27,284,25.9,2.3,45.13,1302900.0,1250190.291
2012-12-02,12,601,531,215,25.9,2.7,43.44,2584300.0,2487009.249
2012-12-02,13,495,256,319,26.0,3.2,46.54,2128500.0,2048693.878
2012-12-02,14,431,285,261,26.0,3.6,53.58,1853300.0,1783180.886
2012-12-02,15,236,75,202,25.9,4.0,63.27,1014800.0,970158.607
2012-12-02,16,124,22,118,25.7,4.2,74.56,533200.0,500443.3
2012-12-02,17,19,0,19,25.6,4.2,86.69,81700.0,58263.763
2012-12-02,18,0,0,0,25.5,4.1,99.81,0.0,0.0
2012-12-02,19,0,0,0,25.5,4.0,113.1,0.0,0.0
2012-12-02,20,0,0,0,25.5,3.9,126.65,0.0,0.0
2012-12-02,21,0,0,0,25.5,3.8,140.37,0.0,0.0
2012-12-02,22,0,0,0,25.5,3.9,154.2,0.0,0.0
2012-12-02,23,0,0,0,25.5,3.9,168.08,0.0,0.0
2012-12-03,0,0,0,0,25.4,4.0,177.78,0.0,0.0
2012-12-03,1,0,0,0,25.4,4.0,164.02,0.0,0.0
2012-12-03,2,0,0,0,25.3,4.1,150.15,0.0,0.0
2012-12-03,3,0,0,0,25.2,4.1,136.35,0.0,0.0
2012-12-03,4,0,0,0,25.2,4.1,122.67,0.0,0.0
2012-12-03,5,0,0,0,25.2,4.1,109.19,0.0,0.0
2012-12-03,6,0,0,0,25.2,4.1,96.01,0.0,0.0
2012-12-03,7,82,412,32,25.5,4.2,83.15,352600.0,323783.007
2012-12-03,8,184,43,170,25.7,4.2,71.19,791200.0,752325.914
2012-12-03,9,130,0,130,25.9,4.1,60.3,559000.0,525657.462
2012-12-03,10,633,894,73,26.0,3.8,51.29,2721900.0,2618977.854
2012-12-03,11,389,73,338,26.1,3.4,45.29,1672700.0,1608582.091
2012-12-03,12,111,0,111,26.2,3.0,43.58,477300.0,445792.871
2012-12-03,13,706,921,74,26.2,2.8,46.63,3035800.0,2919418.493
2012-12-03,14,589,848,86,26.2,2.7,53.63,2532700.0,2437478.814
2012-12-03,15,423,777,74,26.1,2.6,63.29,1818900.0,1749945.716
2012-12-03,16,153,48,140,26.0,2.6,74.55,657900.0,622258.43
2012-12-03,17,34,230,21,25.8,2.4,86.67,146200.0,121540.187
2012-12-03,18,0,0,0,25.7,2.1,99.76,0.0,0.0
2012-12-03,19,0,0,0,25.5,1.8,113.05,0.0,0.0
2012-12-03,20,0,0,0,25.4,1.6,126.59,0.0,0.0
2012-12-03,21,0,0,0,25.3,1.4,140.3,0.0,0.0
2012-12-03,22,0,0,0,25.2,1.3,154.11,0.0,0.0
2012-12-03,23,0,0,0,25.1,1.3,167.98,0.0,0.0
2012-12-04,0,0,0,0,25.0,1.1,177.8,0.0,0.0
2012-12-04,1,0,0,0,24.9,0.9,164.11,0.0,0.0
2012-12-04,2,0,0,0,24.8,0.8,150.25,0.0,0.0
2012-12-04,3,0,0,0,24.8,1.1,136.46,0.0,0.0
2012-12-04,4,0,0,0,24.7,1.6,122.79,0.0,0.0
2012-12-04,5,0,0,0,24.7,1.7,109.32,0.0,0.0
2012-12-04,6,0,0,0,24.8,1.6,96.14,0.0,0.0
2012-12-04,7,81,435,30,24.9,1.4,83.29,348300.0,319573.372
2012-12-04,8,284,718,54,25.2,1.2,71.34,1221200.0,1170851.226
2012-12-04,9,478,838,65,25.4,1.0,60.46,2055400.0,1978230.862
2012-12-04,10,630,896,71,25.7,0.8,51.45,2709000.0,2606612.752
2012-12-04,11,719,901,87,25.8,0.6,45.44,3091700.0,2972832.248
2012-12-04,12,745,909,88,25.9,0.6,43.7,3203500.0,3079578.697
2012-12-04,13,339,30,318,26.0,0.7,46.71,1457700.0,1400358.658
2012-12-04,14,244,5,240,25.9,0.8,53.68,1049200.0,1003632.958
2012-12-04,15,176,5,173,25.9,1.0,63.3,756800.0,718774.821
2012-12-04,16,139,19,134,25.8,1.1,74.53,597700.0,563467.914
2012-12-04,17,17,0,17,25.7,1.3,86.63,73100.0,49824.188
2012-12-04,18,0,0,0,25.6,1.4,99.72,0.0,0.0
2012-12-04,19,0,0,0,25.5,1.5,112.99,0.0,0.0
2012-12-04,20,0,0,0,25.4,1.6,126.52,0.0,0.0
2012-12-04,21,0,0,0,25.3,1.8,140.22,0.0,0.0
2012-12-04,22,0,0,0,25.2,1.8,154.03,0.0,0.0
2012-12-04,23,0,0,0,25.2,1.7,167.88,0.0,0.0
2012-12-05,0,0,0,0,25.1,1.6,177.82,0.0,0.0
2012-12-05,1,0,0,0,25.1,1.7,164.2,0.0,0.0
2012-12-05,2,0,0,0,25.0,1.7,150.35,0.0,0.0
2012-12-05,3,0,0,0,25.0,1.6,136.57,0.0,0.0
2012-12-05,4,0,0,0,25.0,1.6,122.91,0.0,0.0
2012-12-05,5,0,0,0,25.0,1.7,109.45,0.0,0.0
2012-12-05,6,0,0,0,25.1,1.7,96.28,0.0,0.0
2012-12-05,7,36,0,36,25.3,1.4,83.43,154800.0,129974.326
2012-12-05,8,105,12,101,25.5,1.3,71.48,451500.0,420560.483
2012-12-05,9,201,28,187,25.7,1.4,60.62,864300.0,823588.013
2012-12-05,10,366,136,282,25.8,1.6,51.6,1573800.0,1512848.955
2012-12-05,11,371,77,317,26.0,1.6,45.59,1595300.0,1533667.701
2012-12-05,12,413,109,334,26.2,1.5,43.82,1775900.0,1708387.365
2012-12-05,13,451,183,326,26.2,1.5,46.79,1939300.0,1866224.044
2012-12-05,14,304,70,263,26.3,1.6,53.72,1307200.0,1254364.432
2012-12-05,15,139,8,136,26.3,1.7,63.3,597700.0,563467.914
2012-12-05,16,21,0,21,26.2,1.8,74.52,90300.0,66702.698
2012-12-05,17,18,0,18,26.0,1.8,86.6,77400.0,54044.055
2012-12-05,18,0,0,0,25.8,1.9,99.66,0.0,0.0
2012-12-05,19,0,0,0,25.7,2.0,112.92,0.0,0.0
2012-12-05,20,0,0,0,25.5,1.9,126.44,0.0,0.0
2012-12-05,21,0,0,0,25.4,1.9,140.13,0.0,0.0
2012-12-05,22,0,0,0,25.3,1.8,153.93,0.0,0.0
2012-12-05,23,0,0,0,25.2,1.7,167.78,0.0,0.0
2012-12-06,0,0,0,0,25.2,1.7,177.84,0.0,0.0
2012-12-06,1,0,0,0,25.1,1.7,164.3,0.0,0.0
2012-12-06,2,0,0,0,25.0,1.7,150.46,0.0,0.0
2012-12-06,3,0,0,0,24.9,1.8,136.68,0.0,0.0
2012-12-06,4,0,0,0,24.9,1.9,123.03,0.0,0.0
2012-12-06,5,0,0,0,24.8,2.0,109.57,0.0,0.0
2012-12-06,6,0,0,0,24.8,2.0,96.41,0.0,0.0
2012-12-06,7,43,1,43,25.0,2.2,83.56,184900.0,159488.775
2012-12-06,8,205,105,172,25.3,2.4,71.63,881500.0,840348.85
2012-12-06,9,318,95,272,25.4,2.4,60.77,1367400.0,1312785.625
2012-12-06,10,622,850,95,25.6,2.5,51.75,2674600.0,2573632.112
2012-12-06,11,442,96,374,25.9,2.5,45.72,1900600.0,1828862.537
2012-12-06,12,165,0,165,26.1,2.5,43.93,709500.0,672625.36
2012-12-06,13,196,0,196,26.2,2.5,46.86,842800.0,802633.368
2012-12-06,14,137,0,137,26.2,2.4,53.75,589100.0,555066.71
2012-12-06,15,187,8,184,26.2,2.3,63.3,804100.0,764904.936
2012-12-06,16,220,570,68,26.1,2.3,74.49,946000.0,903179.209
2012-12-06,17,33,151,24,25.8,2.4,86.56,141900.0,117322.878
2012-12-06,18,0,0,0,25.6,2.4,99.61,0.0,0.0
2012-12-06,19,0,0,0,25.5,2.4,112.85,0.0,0.0
2012-12-06,20,0,0,0,25.3,2.3,126.37,0.0,0.0
2012-12-06,21,0,0,0,25.2,2.3,140.05,0.0,0.0
2012-12-06,22,0,0,0,25.1,2.2,153.84,0.0,0.0
2012-12-06,23,0,0,0,25.0,2.1,167.67,0.0,0.0
2012-12-07,0,0,0,0,24.9,2.0,177.85,0.0,0.0
2012-12-07,1,0,0,0,24.8,1.8,164.39,0.0,0.0
2012-12-07,2,0,0,0,24.7,1.8,150.57,0.0,0.0
2012-12-07,3,0,0,0,24.6,1.7,136.8,0.0,0.0
2012-12-07,4,0,0,0,24.5,1.6,123.15,0.0,0.0
2012-12-07,5,0,0,0,24.6,1.6,109.7,0.0,0.0
2012-12-07,6,0,0,0,24.7,1.6,96.54,0.0,0.0
2012-12-07,7,42,0,42,24.9,1.5,83.7,180600.0,155272.905
2012-12-07,8,266,609,75,25.2,1.5,71.77,1143800.0,1095634.662
2012-12-07,9,314,88,271,25.4,1.6,60.91,1350200.0,1296097.053
2012-12-07,10,616,839,99,25.7,1.8,51.9,2648800.0,2548889.917
2012-12-07,11,644,480,310,25.9,1.9,45.86,2769200.0,2664304.251
2012-12-07,12,579,275,382,26.1,1.8,44.03,2489700.0,2396185.864
2012-12-07,13,583,367,333,26.3,1.5,46.92,2506900.0,2412704.962
2012-12-07,14,25,0,25,26.4,1.5,53.77,107500.0,83578.649
2012-12-07,15,140,12,134,26.4,2.0,63.3,602000.0,567668.275
2012-12-07,16,109,15,105,26.3,2.6,74.46,468700.0,437382.714
2012-12-07,17,15,0,15,26.1,3.0,86.51,64500.0,41383.974
2012-12-07,18,0,0,0,25.9,3.2,99.55,0.0,0.0
2012-12-07,19,0,0,0,25.7,3.3,112.78,0.0,0.0
2012-12-07,20,0,0,0,25.5,3.4,126.29,0.0,0.0
2012-12-07,21,0,0,0,25.3,3.4,139.96,0.0,0.0
2012-12-07,22,0,0,0,25.2,3.3,153.74,0.0,0.0
2012-12-07,23,0,0,0,25.1,3.1,167.56,0.0,0.0
2012-12-08,0,0,0,0,25.0,2.9,177.86,0.0,0.0
2012-12-08,1,0,0,0,25.0,2.8,164.49,0.0,0.0
2012-12-08,2,0,0,0,24.9,2.8,150.67,0.0,0.0
2012-12-08,3,0,0,0,24.8,2.8,136.91,0.0,0.0
2012-12-08,4,0,0,0,24.7,2.8,123.27,0.0,0.0
2012-12-08,5,0,0,0,24.7,2.9,109.82,0.0,0.0
2012-12-08,6,0,0,0,24.7,3.0,96.67,0.0,0.0
2012-12-08,7,50,4,50,24.9,3.5,83.83,215000.0,188995.39
2012-12-08,8,88,0,88,25.2,4.0,71.91,378400.0,349037.459
2012-12-08,9,188,24,177,25.5,4.4,61.06,808400.0,769097.624
2012-12-08,10,449,172,344,25.7,4.7,52.04,1930700.0,1857922.606
2012-12-08,11,381,52,346,25.9,4.8,45.98,1638300.0,1575293.202
2012-12-08,12,756,933,86,26.0,4.7,44.13,3250800.0,3124708.121
2012-12-08,13,319,14,309,26.1,4.7,46.98,1371700.0,1316957.368
2012-12-08,14,297,30,279,26.2,4.6,53.79,1277100.0,1225142.085
2012-12-08,15,261,48,239,26.1,4.8,63.28,1122300.0,1074731.979
2012-12-08,16,90,1,90,26.0,5.2,74.43,387000.0,357454.331
2012-12-08,17,37,237,22,25.8,5.8,86.46,159100.0,134191.156
2012-12-08,18,0,0,0,25.6,6.4,99.48,0.0,0.0
2012-12-08,19,0,0,0,25.4,6.9,112.71,0.0,0.0
2012-12-08,20,0,0,0,25.3,7.2,126.2,0.0,0.0
2012-12-08,21,0,0,0,25.1,7.4,139.87,0.0,0.0
2012-12-08,22,0,0,0,25.1,7.4,153.64,0.0,0.0
2012-12-08,23,0,0,0,25.0,7.4,167.45,0.0,0.0
2012-12-09,0,0,0,0,25.0,7.6,177.86,0.0,0.0
2012-12-09,1,0,0,0,24.9,7.8,164.59,0.0,0.0
2012-12-09,2,0,0,0,24.9,7.6,150.78,0.0,0.0
2012-12-09,3,0,0,0,24.9,7.3,137.03,0.0,0.0
2012-12-09,4,0,0,0,24.8,6.9,123.39,0.0,0.0
2012-12-09,5,0,0,0,24.8,6.7,109.95,0.0,0.0
2012-12-09,6,0,0,0,24.8,6.7,96.8,0.0,0.0
2012-12-09,7,70,359,33,25.0,7.0,83.96,301000.0,273256.836
2012-12-09,8,273,688,61,25.1,7.3,72.05,1173900.0,1124891.703
2012-12-09,9,470,819,75,25.4,7.4,61.2,2021000.0,1945055.807
2012-12-09,10,245,3,243,25.6,7.3,52.18,1053500.0,1007816.532
2012-12-09,11,518,193,384,25.8,7.1,46.1,2227400.0,2143952.65
2012-12-09,12,275,2,273,26.0,6.7,44.22,1182500.0,1133249.419
2012-12-09,13,391,73,341,26.2,6.3,47.03,1681300.0,1616902.715
2012-12-09,14,176,0,176,26.2,6.0,53.8,756800.0,718774.821
2012-12-09,15,95,0,95,26.2,5.8,63.26,408500.0,378493.712
2012-12-09,16,8,0,8,26.1,5.9,74.39,34400.0,11838.188
2012-12-09,17,35,172,25,25.8,6.0,86.41,150500.0,125757.337
2012-12-09,18,0,0,0,25.5,6.1,99.42,0.0,0.0
2012-12-09,19,0,0,0,25.3,6.3,112.63,0.0,0.0
2012-12-09,20,0,0,0,25.1,6.4,126.12,0.0,0.0
2012-12-09,21,0,0,0,25.0,6.4,139.78,0.0,0.0
2012-12-09,22,0,0,0,24.9,6.4,153.54,0.0,0.0
2012-12-09,23,0,0,0,24.8,6.3,167.34,0.0,0.0
2012-12-10,0,0,0,0,24.8,6.4,177.86,0.0,0.0
2012-12-10,1,0,0,0,24.8,6.5,164.69,0.0,0.0
2012-12-10,2,0,0,0,24.8,6.5,150.89,0.0,0.0
2012-12-10,3,0,0,0,24.8,6.3,137.14,0.0,0.0
2012-12-10,4,0,0,0,24.8,6.3,123.51,0.0,0.0
2012-12-10,5,0,0,0,24.9,6.7,110.07,0.0,0.0
2012-12-10,6,0,0,0,25.0,7.3,96.93,0.0,0.0
2012-12-10,7,66,302,35,25.2,8.1,84.09,283800.0,256409.663
2012-12-10,8,267,650,68,25.4,8.8,72.19,1148100.0,1099814.719
2012-12-10,9,464,792,84,25.6,9.1,61.33,1995200.0,1920167.802
2012-12-10,10,622,869,91,25.8,8.9,52.31,2674600.0,2573632.112
2012-12-10,11,724,916,90,26.0,8.5,46.22,3113200.0,2993368.805
2012-12-10,12,755,926,92,26.1,8.2,44.3,3246500.0,3120606.245
2012-12-10,13,712,913,90,26.1,8.0,47.07,3061600.0,2944074.353
2012-12-10,14,602,874,86,26.0,8.0,53.8,2588600.0,2491135.746
2012-12-10,15,435,790,79,25.9,8.2,63.24,1870500.0,1799794.634
2012-12-10,16,161,51,148,25.6,8.3,74.34,692300.0,655838.941
2012-12-10,17,23,0,23,25.3,8.4,86.35,98900.0,75140.993
2012-12-10,18,0,0,0,25.1,8.5,99.34,0.0,0.0
2012-12-10,19,0,0,0,25.0,8.6,112.55,0.0,0.0
2012-12-10,20,0,0,0,24.9,8.8,126.03,0.0,0.0
2012-12-10,21,0,0,0,24.9,9.0,139.68,0.0,0.0
2012-12-10,22,0,0,0,24.8,8.9,153.44,0.0,0.0
2012-12-10,23,0,0,0,24.8,8.7,167.23,0.0,0.0
2012-12-11,0,0,0,0,24.7,8.4,177.86,0.0,0.0
2012-12-11,1,0,0,0,24.6,8.1,164.79,0.0,0.0
2012-12-11,2,0,0,0,24.5,7.8,151.0,0.0,0.0
2012-12-11,3,0,0,0,24.4,7.5,137.26,0.0,0.0
2012-12-11,4,0,0,0,24.3,7.5,123.63,0.0,0.0
2012-12-11,5,0,0,0,24.3,7.6,110.2,0.0,0.0
2012-12-11,6,0,0,0,24.4,7.8,97.06,0.0,0.0
2012-12-11,7,47,8,46,24.7,8.2,84.22,202100.0,176350.657
2012-12-11,8,193,82,169,25.0,8.6,72.32,829900.0,790058.663
2012-12-11,9,233,24,222,25.2,8.8,61.46,1001900.0,957603.088
2012-12-11,10,325,50,295,25.4,9.0,52.43,1397500.0,1341984.47
2012-12-11,11,557,401,280,25.5,9.0,46.32,2395100.0,2305285.097
2012-12-11,12,639,562,238,25.5,9.1,44.37,2747700.0,2643703.741
2012-12-11,13,589,543,220,25.5,9.2,47.1,2532700.0,2437478.814
2012-12-11,14,500,537,183,25.5,9.3,53.8,2150000.0,2069409.501
2012-12-11,15,336,322,191,25.4,9.5,63.21,1444800.0,1387852.541
2012-12-11,16,194,269,121,25.2,9.6,74.29,834200.0,794250.391
2012-12-11,17,22,0,22,25.0,9.6,86.29,94600.0,70921.925
2012-12-11,18,0,0,0,24.8,9.6,99.27,0.0,0.0
2012-12-11,19,0,0,0,24.8,9.5,112.46,0.0,0.0
2012-12-11,20,0,0,0,24.7,9.3,125.93,0.0,0.0
2012-12-11,21,0,0,0,24.6,9.2,139.58,0.0,0.0
2012-12-11,22,0,0,0,24.5,8.9,153.33,0.0,0.0
2012-12-11,23,0,0,0,24.4,8.6,167.11,0.0,0.0
2012-12-12,0,0,0,0,24.3,8.3,177.86,0.0,0.0
2012-12-12,1,0,0,0,24.2,8.0,164.89,0.0,0.0
2012-12-12,2,0,0,0,24.1,7.8,151.11,0.0,0.0
2012-12-12,3,0,0,0,24.1,7.9,137.37,0.0,0.0
2012-12-12,4,0,0,0,24.0,8.1,123.75,0.0,0.0
2012-12-12,5,0,0,0,23.9,8.3,110.32,0.0,0.0
2012-12-12,6,0,0,0,24.0,8.4,97.18,0.0,0.0
2012-12-12,7,66,347,32,24.3,8.6,84.35,283800.0,256409.663
2012-12-12,8,61,0,61,24.6,8.9,72.45,262300.0,235347.1
2012-12-12,9,122,0,122,24.9,9.1,61.59,524600.0,492037.301
2012-12-12,10,349,59,312,25.1,9.2,52.55,1500700.0,1442035.32
2012-12-12,11,447,101,377,25.3,9.2,46.42,1922100.0,1849620.528
2012-12-12,12,610,349,361,25.3,9.3,44.44,2623000.0,2524141.967
2012-12-12,13,432,93,368,25.2,9.4,47.13,1857600.0,1787334.563
2012-12-12,14,603,869,90,25.1,9.5,53.79,2592900.0,2495262.083
2012-12-12,15,440,803,78,25.0,9.7,63.17,1892000.0,1820558.221
2012-12-12,16,237,652,60,24.8,9.6,74.24,1019100.0,974343.461
2012-12-12,17,40,233,25,24.6,9.5,86.22,172000.0,146840.685
2012-12-12,18,0,0,0,24.5,9.3,99.19,0.0,0.0
2012-12-12,19,0,0,0,24.4,9.2,112.38,0.0,0.0
2012-12-12,20,0,0,0,24.4,9.1,125.84,0.0,0.0
2012-12-12,21,0,0,0,24.3,9.1,139.48,0.0,0.0
2012-12-12,22,0,0,0,24.3,8.9,153.23,0.0,0.0
2012-12-12,23,0,0,0,24.3,8.7,167.0,0.0,0.0
2012-12-13,0,0,0,0,24.2,8.4,177.85,0.0,0.0
2012-12-13,1,0,0,0,24.1,8.2,165.0,0.0,0.0
2012-12-13,2,0,0,0,24.0,8.1,151.22,0.0,0.0
2012-12-13,3,0,0,0,23.9,8.2,137.49,0.0,0.0
2012-12-13,4,0,0,0,23.9,8.3,123.87,0.0,0.0
2012-12-13,5,0,0,0,23.9,8.5,110.44,0.0,0.0
2012-12-13,6,0,0,0,24.0,8.6,97.31,0.0,0.0
2012-12-13,7,45,8,44,24.2,9.0,84.47,193500.0,167920.036
2012-12-13,8,207,232,137,24.5,9.3,72.57,890100.0,848728.31
2012-12-13,9,338,252,218,24.6,9.5,61.71,1453400.0,1396190.112
2012-12-13,10,501,480,210,24.7,9.6,52.67,2154300.0,2073552.146
2012-12-13,11,546,247,376,24.9,9.6,46.52,2347800.0,2259805.695
2012-12-13,12,595,313,372,25.0,9.5,44.5,2558500.0,2462246.909
2012-12-13,13,463,117,383,25.1,9.4,47.15,1990900.0,1916019.241
2012-12-13,14,596,843,98,25.2,9.3,53.78,2562800.0,2466374.365
2012-12-13,15,337,313,196,25.1,9.2,63.13,1449100.0,1392021.407
2012-12-13,16,176,152,135,25.0,9.1,74.18,756800.0,718774.821
2012-12-13,17,39,179,27,24.8,9.1,86.15,167700.0,142624.335
2012-12-13,18,0,0,0,24.7,9.1,99.1,0.0,0.0
2012-12-13,19,0,0,0,24.6,9.0,112.28,0.0,0.0
2012-12-13,20,0,0,0,24.6,9.0,125.74,0.0,0.0
2012-12-13,21,0,0,0,24.6,8.9,139.38,0.0,0.0
2012-12-13,22,0,0,0,24.5,9.0,153.12,0.0,0.0
2012-12-13,23,0,0,0,24.4,9.1,166.88,0.0,0.0
2012-12-14,0,0,0,0,24.2,9.1,177.85,0.0,0.0
2012-12-14,1,0,0,0,24.2,9.1,165.1,0.0,0.0
2012-12-14,2,0,0,0,24.1,9.0,151.34,0.0,0.0
2012-12-14,3,0,0,0,24.0,9.0,137.6,0.0,0.0
2012-12-14,4,0,0,0,24.0,9.0,123.99,0.0,0.0
2012-12-14,5,0,0,0,24.0,9.3,110.56,0.0,0.0
2012-12-14,6,0,0,0,24.1,9.5,97.43,0.0,0.0
2012-12-14,7,21,0,21,24.3,9.6,84.59,90300.0,66702.698
2012-12-14,8,205,132,166,24.6,9.7,72.7,881500.0,840348.85
2012-12-14,9,258,34,243,24.9,9.6,61.83,1109400.0,1062188.45
2012-12-14,10,434,137,350,25.1,9.4,52.77,1866200.0,1795641.437
2012-12-14,11,168,0,168,25.3,9.2,46.61,722400.0,685213.495
2012-12-14,12,478,111,399,25.3,8.9,44.55,2055400.0,1978230.862
2012-12-14,13,466,116,387,25.3,8.7,47.16,2003800.0,1928464.443
2012-12-14,14,395,98,337,25.3,8.6,53.75,1698500.0,1633542.043
2012-12-14,15,443,802,80,25.2,8.6,63.08,1904900.0,1833014.455
2012-12-14,16,103,2,102,25.0,8.7,74.11,442900.0,412148.407
2012-12-14,17,42,226,26,24.7,8.7,86.07,180600.0,155272.905
2012-12-14,18,0,0,0,24.5,8.8,99.02,0.0,0.0
2012-12-14,19,0,0,0,24.4,8.9,112.19,0.0,0.0
2012-12-14,20,0,0,0,24.3,8.7,125.64,0.0,0.0
2012-12-14,21,0,0,0,24.2,8.5,139.27,0.0,0.0
2012-12-14,22,0,0,0,24.2,8.2,153.01,0.0,0.0
2012-12-14,23,0,0,0,24.1,8.0,166.77,0.0,0.0
2012-12-15,0,0,0,0,24.1,7.9,177.85,0.0,0.0
2012-12-15,1,0,0,0,24.0,7.9,165.21,0.0,0.0
2012-12-15,2,0,0,0,24.0,7.8,151.45,0.0,0.0
2012-12-15,3,0,0,0,23.9,7.8,137.72,0.0,0.0
2012-12-15,4,0,0,0,23.8,7.8,124.11,0.0,0.0
2012-12-15,5,0,0,0,23.8,7.8,110.68,0.0,0.0
2012-12-15,6,0,0,0,23.9,7.9,97.55,0.0,0.0
2012-12-15,7,62,351,29,24.1,8.1,84.71,266600.0,239559.932
2012-12-15,8,71,0,71,24.4,8.2,72.82,305300.0,277468.23
2012-12-15,9,309,89,267,24.7,8.1,61.95,1328700.0,1275232.741
2012-12-15,10,625,893,86,24.9,8.0,52.88,2687500.0,2586001.052
2012-12-15,11,479,131,390,25.1,7.8,46.69,2059700.0,1982377.024
2012-12-15,12,755,928,94,25.2,7.8,44.6,3246500.0,3120606.245
2012-12-15,13,715,915,93,25.4,7.8,47.17,3074500.0,2956400.124
2012-12-15,14,607,877,89,25.4,7.9,53.72,2610100.0,2511765.833
2012-12-15,15,444,804,79,25.4,8.0,63.03,1909200.0,1837166.213
2012-12-15,16,240,647,62,25.2,8.2,74.04,1032000.0,986897.062
2012-12-15,17,43,240,26,24.9,8.3,85.99,184900.0,159488.775
2012-12-15,18,0,0,0,24.6,8.4,98.93,0.0,0.0
2012-12-15,19,0,0,0,24.4,8.5,112.09,0.0,0.0
2012-12-15,20,0,0,0,24.2,8.4,125.54,0.0,0.0
2012-12-15,21,0,0,0,24.0,8.3,139.17,0.0,0.0
2012-12-15,22,0,0,0,24.0,8.3,152.9,0.0,0.0
2012-12-15,23,0,0,0,24.0,8.3,166.65,0.0,0.0
2012-12-16,0,0,0,0,24.0,8.3,177.85,0.0,0.0
2012-12-16,1,0,0,0,23.9,8.2,165.32,0.0,0.0
2012-12-16,2,0,0,0,23.9,8.1,151.56,0.0,0.0
2012-12-16,3,0,0,0,23.9,8.0,137.84,0.0,0.0
2012-12-16,4,0,0,0,23.9,8.1,124.22,0.0,0.0
2012-12-16,5,0,0,0,23.9,8.2,110.8,0.0,0.0
2012-12-16,6,0,0,0,24.0,8.4,97.67,0.0,0.0
2012-12-16,7,59,297,32,24.2,8.6,84.83,253700.0,226920.955
2012-12-16,8,62,0,62,24.5,8.8,72.93,266600.0,239559.932
2012-12-16,9,292,61,264,24.8,8.8,62.06,1255600.0,1204264.183
2012-12-16,10,455,181,346,25.1,8.8,52.97,1956500.0,1882825.001
2012-12-16,11,514,172,396,25.3,8.7,46.76,2210200.0,2127391.982
2012-12-16,12,748,905,105,25.4,8.5,44.64,3216400.0,3091888.64
2012-12-16,13,708,892,102,25.3,8.4,47.17,3044400.0,2927637.753
2012-12-16,14,606,877,87,25.3,8.5,53.69,2605800.0,2507640.135
2012-12-16,15,441,797,78,25.2,8.6,62.97,1896300.0,1824710.459
2012-12-16,16,238,639,62,25.0,8.8,73.97,1023400.0,978528.154
2012-12-16,17,43,234,26,24.7,9.0,85.91,184900.0,159488.775
2012-12-16,18,0,0,0,24.5,9.1,98.83,0.0,0.0
2012-12-16,19,0,0,0,24.3,9.3,111.99,0.0,0.0
2012-12-16,20,0,0,0,24.2,9.4,125.44,0.0,0.0
2012-12-16,21,0,0,0,24.0,9.4,139.06,0.0,0.0
2012-12-16,22,0,0,0,23.9,9.5,152.79,0.0,0.0
2012-12-16,23,0,0,0,23.8,9.4,166.54,0.0,0.0
2012-12-17,0,0,0,0,23.8,9.2,177.84,0.0,0.0
2012-12-17,1,0,0,0,23.9,9.0,165.43,0.0,0.0
2012-12-17,2,0,0,0,23.9,8.9,151.67,0.0,0.0
2012-12-17,3,0,0,0,23.9,8.9,137.95,0.0,0.0
2012-12-17,4,0,0,0,23.8,9.0,124.34,0.0,0.0
2012-12-17,5,0,0,0,23.8,9.2,110.92,0.0,0.0
2012-12-17,6,0,0,0,23.9,9.4,97.79,0.0,0.0
2012-12-17,7,51,186,35,24.0,9.8,84.94,219300.0,193209.981
2012-12-17,8,91,0,91,24.2,10.1,73.04,391300.0,361662.527
2012-12-17,9,38,0,38,24.4,10.3,62.16,163400.0,138407.825
2012-12-17,10,219,1,218,24.5,10.2,53.06,941700.0,898991.637
2012-12-17,11,262,2,261,24.6,9.9,46.82,1126600.0,1078912.835
2012-12-17,12,283,2,281,24.7,9.8,44.67,1216900.0,1166673.887
2012-12-17,13,194,0,194,24.8,9.8,47.16,834200.0,794250.391
2012-12-17,14,183,1,183,24.8,10.0,53.65,786900.0,748132.587
2012-12-17,15,95,0,95,24.8,10.2,62.91,408500.0,378493.712
2012-12-17,16,230,575,70,24.7,10.3,73.89,989000.0,945046.129
2012-12-17,17,42,192,28,24.4,10.3,85.82,180600.0,155272.905
2012-12-17,18,0,0,0,24.3,10.3,98.74,0.0,0.0
2012-12-17,19,0,0,0,24.2,10.4,111.89,0.0,0.0
2012-12-17,20,0,0,0,24.1,10.3,125.33,0.0,0.0
2012-12-17,21,0,0,0,24.0,10.0,138.95,0.0,0.0
2012-12-17,22,0,0,0,24.0,9.6,152.68,0.0,0.0
2012-12-17,23,0,0,0,24.0,9.1,166.42,0.0,0.0
2012-12-18,0,0,0,0,24.0,8.7,177.84,0.0,0.0
2012-12-18,1,0,0,0,24.0,8.4,165.54,0.0,0.0
2012-12-18,2,0,0,0,24.0,8.0,151.79,0.0,0.0
2012-12-18,3,0,0,0,24.0,7.7,138.07,0.0,0.0
2012-12-18,4,0,0,0,24.1,7.5,124.46,0.0,0.0
2012-12-18,5,0,0,0,24.1,7.7,111.04,0.0,0.0
2012-12-18,6,0,0,0,24.2,7.9,97.9,0.0,0.0
2012-12-18,7,52,219,33,24.3,8.4,85.05,223600.0,197424.413
2012-12-18,8,249,614,71,24.6,8.7,73.15,1070700.0,1024549.231
2012-12-18,9,452,791,84,24.9,8.9,62.26,1943600.0,1870374.523
2012-12-18,10,614,874,90,25.0,9.0,53.15,2640200.0,2540641.24
2012-12-18,11,713,894,102,25.2,8.9,46.88,3065900.0,2948183.103
2012-12-18,12,747,907,102,25.3,8.7,44.69,3212100.0,3087785.486
2012-12-18,13,710,896,100,25.3,8.7,47.14,3053000.0,2935856.373
2012-12-18,14,607,873,89,25.3,8.7,53.6,2610100.0,2511765.833
2012-12-18,15,443,795,81,25.3,8.9,62.84,1904900.0,1833014.455
2012-12-18,16,241,634,64,25.0,9.0,73.8,1036300.0,991081.275
2012-12-18,17,45,232,28,24.8,9.0,85.73,193500.0,167920.036
2012-12-18,18,0,0,0,24.6,9.0,98.64,0.0,0.0
2012-12-18,19,0,0,0,24.5,8.9,111.79,0.0,0.0
2012-12-18,20,0,0,0,24.4,8.8,125.22,0.0,0.0
2012-12-18,21,0,0,0,24.3,8.5,138.84,0.0,0.0
2012-12-18,22,0,0,0,24.3,8.1,152.56,0.0,0.0
2012-12-18,23,0,0,0,24.2,7.7,166.31,0.0,0.0
2012-12-19,0,0,0,0,24.2,7.4,177.84,0.0,0.0
2012-12-19,1,0,0,0,24.2,7.2,165.65,0.0,0.0
2012-12-19,2,0,0,0,24.2,7.1,151.9,0.0,0.0
2012-12-19,3,0,0,0,24.2,7.0,138.18,0.0,0.0
2012-12-19,4,0,0,0,24.1,7.2,124.57,0.0,0.0
2012-12-19,5,0,0,0,24.1,7.4,111.15,0.0,0.0
2012-12-19,6,0,0,0,24.1,7.8,98.02,0.0,0.0
2012-12-19,7,51,223,32,24.3,8.2,85.16,219300.0,193209.981
2012-12-19,8,151,17,146,24.6,8.5,73.26,649300.0,613861.703
2012-12-19,9,238,26,226,24.8,8.8,62.36,1023400.0,978528.154
2012-12-19,10,472,254,320,25.0,9.0,53.23,2029600.0,1953350.53
2012-12-19,11,460,118,379,25.1,9.0,46.93,1978000.0,1903572.6
2012-12-19,12,205,0,205,25.1,9.1,44.7,881500.0,840348.85
2012-12-19,13,446,103,375,25.1,9.0,47.12,1917800.0,1845469.25
2012-12-19,14,283,19,272,25.0,9.0,53.55,1216900.0,1166673.887
2012-12-19,15,54,0,54,24.9,9.1,62.77,232200.0,205852.795
2012-12-19,16,8,0,8,24.7,9.2,73.72,34400.0,11838.188
2012-12-19,17,44,184,30,24.5,9.3,85.64,189200.0,163704.485
2012-12-19,18,0,0,0,24.3,9.4,98.53,0.0,0.0
2012-12-19,19,0,0,0,24.3,9.4,111.68,0.0,0.0
2012-12-19,20,0,0,0,24.2,9.3,125.11,0.0,0.0
2012-12-19,21,0,0,0,24.2,9.2,138.73,0.0,0.0
2012-12-19,22,0,0,0,24.1,9.0,152.45,0.0,0.0
2012-12-19,23,0,0,0,24.1,9.0,166.19,0.0,0.0
2012-12-20,0,0,0,0,24.0,9.0,177.85,0.0,0.0
2012-12-20,1,0,0,0,23.9,9.0,165.76,0.0,0.0
2012-12-20,2,0,0,0,23.8,8.9,152.02,0.0,0.0
2012-12-20,3,0,0,0,23.7,8.7,138.3,0.0,0.0
2012-12-20,4,0,0,0,23.6,8.6,124.69,0.0,0.0
2012-12-20,5,0,0,0,23.6,8.6,111.26,0.0,0.0
2012-12-20,6,0,0,0,23.6,8.8,98.13,0.0,0.0
2012-12-20,7,33,0,33,23.8,9.1,85.26,141900.0,117322.878
2012-12-20,8,130,5,129,24.0,9.4,73.36,559000.0,525657.462
2012-12-20,9,192,6,190,24.2,9.6,62.45,825600.0,785866.775
2012-12-20,10,300,26,285,24.4,9.8,53.3,1290000.0,1237666.907
2012-12-20,11,197,0,196,24.5,10.0,46.98,847100.0,806824.617
2012-12-20,12,185,0,184,24.5,10.0,44.71,795500.0,756519.081
2012-12-20,13,229,1,228,24.5,10.0,47.09,984700.0,940860.157
2012-12-20,14,373,143,288,24.5,9.9,53.49,1603900.0,1541994.08
2012-12-20,15,266,42,247,24.4,9.8,62.69,1143800.0,1095634.662
2012-12-20,16,14,0,14,24.2,9.7,73.62,60200.0,37163.627
2012-12-20,17,28,0,28,24.1,9.5,85.54,120400.0,96233.934
2012-12-20,18,0,0,0,24.0,9.4,98.43,0.0,0.0
2012-12-20,19,0,0,0,24.0,9.3,111.57,0.0,0.0
2012-12-20,20,0,0,0,23.9,9.1,125.0,0.0,0.0
2012-12-20,21,0,0,0,23.9,8.9,138.61,0.0,0.0
2012-12-20,22,0,0,0,23.8,8.6,152.34,0.0,0.0
2012-12-20,23,0,0,0,23.8,8.2,166.08,0.0,0.0
2012-12-21,0,0,0,0,23.7,7.8,177.85,0.0,0.0
2012-12-21,1,0,0,0,23.7,7.5,165.87,0.0,0.0
2012-12-21,2,0,0,0,23.6,7.4,152.13,0.0,0.0
2012-12-21,3,0,0,0,23.6,7.3,138.41,0.0,0.0
2012-12-21,4,0,0,0,23.5,7.3,124.8,0.0,0.0
2012-12-21,5,0,0,0,23.6,7.5,111.37,0.0,0.0
2012-12-21,6,0,0,0,23.7,7.7,98.24,0.0,0.0
2012-12-21,7,38,8,37,24.0,8.1,85.36,163400.0,138407.825
2012-12-21,8,77,0,77,24.3,8.4,73.45,331100.0,302733.234
2012-12-21,9,334,161,260,24.5,8.6,62.53,1436200.0,1379514.331
2012-12-21,10,408,109,343,24.7,8.5,53.37,1754400.0,1687602.194
2012-12-21,11,594,373,340,24.9,8.4,47.02,2554200.0,2458119.293
2012-12-21,12,588,283,387,25.0,8.3,44.71,2528400.0,2433350.238
2012-12-21,13,719,915,95,25.0,8.2,47.05,3091700.0,2972832.248
2012-12-21,14,615,882,89,24.9,8.4,53.42,2644500.0,2544765.659
2012-12-21,15,453,815,78,24.7,8.5,62.6,1947900.0,1874524.842
2012-12-21,16,251,668,61,24.5,8.7,73.53,1079300.0,1032914.621
2012-12-21,17,51,288,28,24.3,8.7,85.44,219300.0,193209.981
2012-12-21,18,0,0,0,24.2,8.8,98.32,0.0,0.0
2012-12-21,19,0,0,0,24.1,8.7,111.46,0.0,0.0
2012-12-21,20,0,0,0,24.0,8.4,124.89,0.0,0.0
2012-12-21,21,0,0,0,24.0,8.0,138.5,0.0,0.0
2012-12-21,22,0,0,0,23.9,7.6,152.22,0.0,0.0
2012-12-21,23,0,0,0,23.8,7.4,165.96,0.0,0.0
2012-12-22,0,0,0,0,23.7,7.1,177.86,0.0,0.0
2012-12-22,1,0,0,0,23.5,6.9,165.99,0.0,0.0
2012-12-22,2,0,0,0,23.4,6.7,152.24,0.0,0.0
2012-12-22,3,0,0,0,23.3,6.6,138.52,0.0,0.0
2012-12-22,4,0,0,0,23.2,6.5,124.91,0.0,0.0
2012-12-22,5,0,0,0,23.2,6.3,111.48,0.0,0.0
2012-12-22,6,0,0,0,23.3,6.2,98.34,0.0,0.0
2012-12-22,7,53,338,26,23.7,6.2,85.46,227900.0,201638.684
2012-12-22,8,256,709,55,24.1,6.1,73.54,1100800.0,1053825.298
2012-12-22,9,330,153,259,24.4,5.8,62.61,1419000.0,1362835.991
2012-12-22,10,467,230,329,24.7,5.5,53.43,2008100.0,1932612.524
2012-12-22,11,727,945,83,24.9,5.0,47.05,3126100.0,3005688.821
2012-12-22,12,765,955,86,25.2,4.6,44.7,3289500.0,3161617.806
2012-12-22,13,729,944,85,25.3,4.3,47.0,3134700.0,3013901.365
2012-12-22,14,625,911,81,25.5,4.2,53.35,2687500.0,2586001.052
2012-12-22,15,462,842,73,25.5,4.2,62.51,1986600.0,1911870.521
2012-12-22,16,257,696,58,25.4,4.1,73.43,1105100.0,1058006.954
2012-12-22,17,54,319,28,25.1,4.0,85.34,232200.0,205852.795
2012-12-22,18,0,0,0,24.8,4.2,98.21,0.0,0.0
2012-12-22,19,0,0,0,24.6,4.5,111.35,0.0,0.0
2012-12-22,20,0,0,0,24.3,4.5,124.77,0.0,0.0
2012-12-22,21,0,0,0,24.1,4.5,138.39,0.0,0.0
2012-12-22,22,0,0,0,24.0,4.4,152.11,0.0,0.0
2012-12-22,23,0,0,0,23.8,4.2,165.85,0.0,0.0
2012-12-23,0,0,0,0,23.7,4.0,177.87,0.0,0.0
2012-12-23,1,0,0,0,23.7,3.7,166.1,0.0,0.0
2012-12-23,2,0,0,0,23.6,3.5,152.36,0.0,0.0
2012-12-23,3,0,0,0,23.5,3.3,138.63,0.0,0.0
2012-12-23,4,0,0,0,23.5,3.3,125.02,0.0,0.0
2012-12-23,5,0,0,0,23.4,3.3,111.59,0.0,0.0
2012-12-23,6,0,0,0,23.4,3.3,98.44,0.0,0.0
2012-12-23,7,50,304,27,23.7,3.3,85.55,215000.0,188995.39
2012-12-23,8,144,14,140,23.9,3.1,73.63,619200.0,584468.124
2012-12-23,9,453,832,71,24.0,2.6,62.69,1947900.0,1874524.842
2012-12-23,10,616,906,77,24.2,2.1,53.48,2648800.0,2548889.917
2012-12-23,11,500,162,390,24.6,1.8,47.07,2150000.0,2069409.501
2012-12-23,12,632,407,342,24.8,1.6,44.69,2717600.0,2614856.314
2012-12-23,13,726,942,83,25.1,1.4,46.95,3121800.0,3001582.309
2012-12-23,14,398,97,340,25.3,1.4,53.27,1711400.0,1646019.861
2012-12-23,15,331,149,262,25.5,1.6,62.42,1423300.0,1367005.816
2012-12-23,16,258,695,58,25.5,1.8,73.32,1109400.0,1062188.45
2012-12-23,17,55,335,28,25.2,2.0,85.23,236500.0,210066.747
2012-12-23,18,0,0,0,24.9,2.4,98.1,0.0,0.0
2012-12-23,19,0,0,0,24.7,2.8,111.24,0.0,0.0
2012-12-23,20,0,0,0,24.5,3.0,124.66,0.0,0.0
2012-12-23,21,0,0,0,24.4,2.9,138.27,0.0,0.0
2012-12-23,22,0,0,0,24.2,2.7,151.99,0.0,0.0
2012-12-23,23,0,0,0,24.1,2.4,165.74,0.0,0.0
2012-12-24,0,0,0,0,24.0,2.1,177.88,0.0,0.0
2012-12-24,1,0,0,0,23.9,2.1,166.22,0.0,0.0
2012-12-24,2,0,0,0,23.8,2.2,152.47,0.0,0.0
2012-12-24,3,0,0,0,23.7,2.3,138.75,0.0,0.0
2012-12-24,4,0,0,0,23.7,2.4,125.13,0.0,0.0
2012-12-24,5,0,0,0,23.6,2.6,111.7,0.0,0.0
2012-12-24,6,0,0,0,23.7,2.8,98.54,0.0,0.0
2012-12-24,7,28,2,28,23.8,3.2,85.65,120400.0,96233.934
2012-12-24,8,98,11,95,24.1,3.5,73.72,421400.0,391115.422
2012-12-24,9,106,2,105,24.2,3.7,62.76,455800.0,424766.28
2012-12-24,10,347,126,272,24.4,3.7,53.53,1492100.0,1433701.267
2012-12-24,11,437,148,336,24.6,3.3,47.09,1879100.0,1808100.548
2012-12-24,12,441,94,373,24.8,2.8,44.67,1896300.0,1824710.459
2012-12-24,13,467,208,325,25.0,2.6,46.89,2008100.0,1932612.524
2012-12-24,14,150,3,148,25.1,2.5,53.18,645000.0,609663.1
2012-12-24,15,159,12,154,25.2,2.6,62.31,683700.0,647444.773
2012-12-24,16,112,14,108,25.1,2.8,73.22,481600.0,449997.709
2012-12-24,17,30,2,30,25.0,3.0,85.12,129000.0,104669.991
2012-12-24,18,0,0,0,24.8,3.1,97.98,0.0,0.0
2012-12-24,19,0,0,0,24.8,3.1,111.12,0.0,0.0
2012-12-24,20,0,0,0,24.7,3.2,124.54,0.0,0.0
2012-12-24,21,0,0,0,24.7,3.5,138.15,0.0,0.0
2012-12-24,22,0,0,0,24.6,3.8,151.88,0.0,0.0
2012-12-24,23,0,0,0,24.5,3.9,165.63,0.0,0.0
2012-12-25,0,0,0,0,24.5,4.0,177.89,0.0,0.0
2012-12-25,1,0,0,0,24.4,4.1,166.33,0.0,0.0
2012-12-25,2,0,0,0,24.4,4.2,152.58,0.0,0.0
2012-12-25,3,0,0,0,24.3,4.2,138.86,0.0,0.0
2012-12-25,4,0,0,0,24.3,4.3,125.23,0.0,0.0
2012-12-25,5,0,0,0,24.4,4.4,111.8,0.0,0.0
2012-12-25,6,0,0,0,24.5,4.4,98.64,0.0,0.0
2012-12-25,7,16,0,16,24.7,4.3,85.73,68800.0,45604.161
2012-12-25,8,92,1,91,24.9,4.3,73.8,395600.0,365870.563
2012-12-25,9,96,0,96,25.1,4.0,62.82,412800.0,382701.108
2012-12-25,10,79,0,79,25.2,3.8,53.57,339700.0,311153.623
2012-12-25,11,121,0,121,25.3,3.7,47.1,520300.0,487834.061
2012-12-25,12,51,0,51,25.3,3.7,44.64,219300.0,193209.981
2012-12-25,13,94,0,93,25.2,3.6,46.83,404200.0,374286.155
2012-12-25,14,370,161,273,25.1,3.6,53.09,1591000.0,1529504.271
2012-12-25,15,218,21,208,25.1,4.1,62.21,937400.0,894803.906
2012-12-25,16,130,7,128,25.0,4.7,73.1,559000.0,525657.462
2012-12-25,17,27,0,27,24.9,5.0,85.01,116100.0,92015.666
2012-12-25,18,0,0,0,24.8,5.1,97.86,0.0,0.0
2012-12-25,19,0,0,0,24.7,5.1,111.0,0.0,0.0
2012-12-25,20,0,0,0,24.6,4.9,124.43,0.0,0.0
2012-12-25,21,0,0,0,24.5,4.7,138.04,0.0,0.0
2012-12-25,22,0,0,0,24.4,4.4,151.76,0.0,0.0
2012-12-25,23,0,0,0,24.3,4.3,165.52,0.0,0.0
2012-12-26,0,0,0,0,24.2,4.4,177.9,0.0,0.0
2012-12-26,1,0,0,0,24.1,4.7,166.45,0.0,0.0
2012-12-26,2,0,0,0,24.0,5.0,152.7,0.0,0.0
2012-12-26,3,0,0,0,24.0,5.4,138.96,0.0,0.0
2012-12-26,4,0,0,0,24.0,5.7,125.34,0.0,0.0
2012-12-26,5,0,0,0,24.1,6.0,111.9,0.0,0.0
2012-12-26,6,0,0,0,24.2,6.3,98.74,0.0,0.0
2012-12-26,7,45,270,26,24.4,6.9,85.82,193500.0,167920.036
2012-12-26,8,241,652,59,24.7,7.3,73.87,1036300.0,991081.275
2012-12-26,9,441,798,77,24.9,7.4,62.88,1896300.0,1824710.459
2012-12-26,10,601,864,88,25.1,7.2,53.61,2584300.0,2487009.249
2012-12-26,11,708,908,90,25.3,6.6,47.1,3044400.0,2927637.753
2012-12-26,12,546,212,395,25.5,6.0,44.6,2347800.0,2259805.695
2012-12-26,13,713,906,92,25.7,5.5,46.75,3065900.0,2948183.103
2012-12-26,14,423,138,340,25.8,5.2,53.0,1818900.0,1749945.716
2012-12-26,15,257,37,240,25.9,5.1,62.1,1105100.0,1058006.954
2012-12-26,16,256,667,61,25.7,5.2,72.99,1100800.0,1053825.298
2012-12-26,17,57,308,30,25.3,5.2,84.89,245100.0,218494.171
2012-12-26,18,0,0,0,25.0,5.4,97.74,0.0,0.0
2012-12-26,19,0,0,0,24.8,5.7,110.88,0.0,0.0
2012-12-26,20,0,0,0,24.6,5.8,124.31,0.0,0.0
2012-12-26,21,0,0,0,24.4,5.8,137.92,0.0,0.0
2012-12-26,22,0,0,0,24.3,5.7,151.65,0.0,0.0
2012-12-26,23,0,0,0,24.2,5.7,165.41,0.0,0.0
2012-12-27,0,0,0,0,24.1,6.0,177.91,0.0,0.0
2012-12-27,1,0,0,0,24.0,6.2,166.56,0.0,0.0
2012-12-27,2,0,0,0,24.0,6.3,152.81,0.0,0.0
2012-12-27,3,0,0,0,23.9,6.4,139.07,0.0,0.0
2012-12-27,4,0,0,0,23.9,6.4,125.44,0.0,0.0
2012-12-27,5,0,0,0,23.9,6.3,112.0,0.0,0.0
2012-12-27,6,0,0,0,23.9,6.3,98.83,0.0,0.0
2012-12-27,7,45,289,25,24.2,6.3,85.9,193500.0,167920.036
2012-12-27,8,243,672,57,24.5,6.3,73.94,1044900.0,999449.224
2012-12-27,9,445,818,73,24.7,6.0,62.93,1913500.0,1841317.811
2012-12-27,10,609,888,82,25.0,5.8,53.64,2618700.0,2520016.749
2012-12-27,11,713,919,87,25.2,5.5,47.09,3065900.0,2948183.103
2012-12-27,12,753,933,88,25.4,5.2,44.55,3237900.0,3112402.015
2012-12-27,13,721,925,86,25.5,4.9,46.67,3100300.0,2981047.35
2012-12-27,14,621,896,80,25.7,4.6,52.89,2670300.0,2569508.813
2012-12-27,15,462,830,72,25.8,4.4,61.98,1986600.0,1911870.521
2012-12-27,16,262,696,57,25.7,4.1,72.87,1126600.0,1078912.835
2012-12-27,17,60,346,29,25.4,3.8,84.77,258000.0,231134.107
2012-12-27,18,0,0,0,25.0,3.6,97.62,0.0,0.0
2012-12-27,19,0,0,0,24.8,3.4,110.76,0.0,0.0
2012-12-27,20,0,0,0,24.6,3.3,124.19,0.0,0.0
2012-12-27,21,0,0,0,24.4,3.1,137.8,0.0,0.0
2012-12-27,22,0,0,0,24.2,2.9,151.54,0.0,0.0
2012-12-27,23,0,0,0,24.1,2.7,165.3,0.0,0.0
2012-12-28,0,0,0,0,23.9,2.5,177.92,0.0,0.0
2012-12-28,1,0,0,0,23.8,2.5,166.68,0.0,0.0
2012-12-28,2,0,0,0,23.7,2.3,152.92,0.0,0.0
2012-12-28,3,0,0,0,23.6,2.2,139.18,0.0,0.0
2012-12-28,4,0,0,0,23.6,2.1,125.54,0.0,0.0
2012-12-28,5,0,0,0,23.6,2.0,112.09,0.0,0.0
2012-12-28,6,0,0,0,23.7,1.9,98.91,0.0,0.0
2012-12-28,7,44,291,24,23.9,1.7,85.97,189200.0,163704.485
2012-12-28,8,240,673,54,24.1,1.4,74.01,1032000.0,986897.062
2012-12-28,9,441,822,68,24.3,1.1,62.98,1896300.0,1824710.459
2012-12-28,10,604,893,75,24.6,1.0,53.66,2597200.0,2499388.261
2012-12-28,11,705,895,95,24.8,1.1,47.08,3031500.0,2915308.624
2012-12-28,12,744,909,96,25.1,1.4,44.5,3199200.0,3075475.063
2012-12-28,13,715,905,93,25.2,1.5,46.58,3074500.0,2956400.124
2012-12-28,14,614,863,92,25.3,1.6,52.78,2640200.0,2540641.24
2012-12-28,15,458,800,80,25.3,1.6,61.87,1969400.0,1895274.04
2012-12-28,16,260,661,64,25.2,1.5,72.74,1118000.0,1070550.962
2012-12-28,17,60,303,32,25.0,1.4,84.65,258000.0,231134.107
2012-12-28,18,0,0,0,24.7,1.4,97.5,0.0,0.0
2012-12-28,19,0,0,0,24.5,1.4,110.64,0.0,0.0
2012-12-28,20,0,0,0,24.3,1.4,124.07,0.0,0.0
2012-12-28,21,0,0,0,24.2,1.4,137.69,0.0,0.0
2012-12-28,22,0,0,0,24.0,1.4,151.42,0.0,0.0
2012-12-28,23,0,0,0,23.9,1.5,165.2,0.0,0.0
2012-12-29,0,0,0,0,23.8,1.6,177.94,0.0,0.0
2012-12-29,1,0,0,0,23.7,1.8,166.8,0.0,0.0
2012-12-29,2,0,0,0,23.5,2.1,153.03,0.0,0.0
2012-12-29,3,0,0,0,23.4,2.4,139.28,0.0,0.0
2012-12-29,4,0,0,0,23.4,2.5,125.64,0.0,0.0
2012-12-29,5,0,0,0,23.4,2.6,112.18,0.0,0.0
2012-12-29,6,0,0,0,23.4,2.5,99.0,0.0,0.0
2012-12-29,7,43,285,24,23.7,2.5,86.04,184900.0,159488.775
2012-12-29,8,240,680,54,24.0,2.4,74.07,1032000.0,986897.062
2012-12-29,9,443,830,66,24.3,2.4,63.03,1904900.0,1833014.455
2012-12-29,10,606,901,73,24.7,2.4,53.67,2605800.0,2507640.135
2012-12-29,11,710,912,88,25.0,2.5,47.06,3053000.0,2935856.373
2012-12-29,12,750,927,88,25.2,2.6,44.44,3225000.0,3100094.47
2012-12-29,13,720,921,85,25.4,2.8,46.49,3096000.0,2976939.879
2012-12-29,14,623,896,79,25.6,3.0,52.67,2678900.0,2577755.252
2012-12-29,15,465,835,70,25.6,3.4,61.74,1999500.0,1924316.202
2012-12-29,16,267,710,55,25.4,3.7,72.62,1148100.0,1099814.719
2012-12-29,17,65,389,28,25.0,4.0,84.53,279500.0,252197.47
2012-12-29,18,0,0,0,24.7,4.3,97.37,0.0,0.0
2012-12-29,19,0,0,0,24.4,4.6,110.51,0.0,0.0
2012-12-29,20,0,0,0,24.2,4.7,123.95,0.0,0.0
2012-12-29,21,0,0,0,24.1,4.7,137.57,0.0,0.0
2012-12-29,22,0,0,0,24.0,4.5,151.31,0.0,0.0
2012-12-29,23,0,0,0,23.9,4.3,165.09,0.0,0.0
2012-12-30,0,0,0,0,23.8,4.1,177.95,0.0,0.0
2012-12-30,1,0,0,0,23.8,4.0,166.91,0.0,0.0
2012-12-30,2,0,0,0,23.7,3.9,153.14,0.0,0.0
2012-12-30,3,0,0,0,23.7,3.8,139.38,0.0,0.0
2012-12-30,4,0,0,0,23.7,3.8,125.74,0.0,0.0
2012-12-30,5,0,0,0,23.6,3.8,112.27,0.0,0.0
2012-12-30,6,0,0,0,23.6,3.7,99.08,0.0,0.0
2012-12-30,7,43,304,22,23.8,3.7,86.11,184900.0,159488.775
2012-12-30,8,147,23,140,24.1,3.6,74.12,632100.0,597066.331
2012-12-30,9,94,0,94,24.2,3.1,63.06,404200.0,374286.155
2012-12-30,10,366,79,319,24.3,2.7,53.68,1573800.0,1512848.955
2012-12-30,11,707,897,96,24.6,2.2,47.04,3040100.0,2923528.203
2012-12-30,12,749,915,95,24.9,1.9,44.37,3220700.0,3095991.635
2012-12-30,13,719,911,91,25.2,1.5,46.39,3091700.0,2972832.248
2012-12-30,14,619,872,89,25.4,1.2,52.55,2661700.0,2561261.734
2012-12-30,15,461,804,79,25.5,1.0,61.61,1982300.0,1907721.64
2012-12-30,16,264,666,63,25.5,1.1,72.49,1135200.0,1087274.068
2012-12-30,17,63,319,32,25.4,1.2,84.4,270900.0,243772.605
2012-12-30,18,0,0,0,25.1,1.3,97.24,0.0,0.0
2012-12-30,19,0,0,0,24.9,1.3,110.39,0.0,0.0
2012-12-30,20,0,0,0,24.7,1.3,123.83,0.0,0.0
2012-12-30,21,0,0,0,24.6,1.3,137.45,0.0,0.0
2012-12-30,22,0,0,0,24.4,1.4,151.2,0.0,0.0
2012-12-30,23,0,0,0,24.3,1.5,164.99,0.0,0.0
2012-12-31,0,0,0,0,24.2,1.6,177.96,0.0,0.0
2012-12-31,1,0,0,0,24.2,1.6,167.03,0.0,0.0
2012-12-31,2,0,0,0,24.1,1.6,153.24,0.0,0.0
2012-12-31,3,0,0,0,24.1,1.6,139.48,0.0,0.0
2012-12-31,4,0,0,0,24.1,1.6,125.83,0.0,0.0
2012-12-31,5,0,0,0,24.1,1.6,112.36,0.0,0.0
2012-12-31,6,0,0,0,24.1,1.5,99.16,0.0,0.0
2012-12-31,7,40,236,24,24.3,1.5,86.18,172000.0,146840.685
2012-12-31,8,233,639,59,24.5,1.5,74.18,1001900.0,957603.088
2012-12-31,9,434,792,76,24.8,1.5,63.09,1866200.0,1795641.437
2012-12-31,10,492,349,285,25.1,1.7,53.69,2115600.0,2036262.586
2012-12-31,11,563,317,347,25.3,1.9,47.0,2420900.0,2330083.889
2012-12-31,12,350,21,335,25.5,1.9,44.3,1505000.0,1446202.107
2012-12-31,13,378,50,343,25.6,1.9,46.28,1625400.0,1562807.23
2012-12-31,14,628,899,81,24.5,4.5,52.52,2700400.0,2598368.552
2012-12-31,15,469,836,71,24.4,4.8,61.58,2016700.0,1940908.206
2012-12-31,16,271,711,56,24.3,5.1,72.45,1165300.0,1116533.348
2012-12-31,17,67,387,29,24.0,5.3,84.37,288100.0,260621.696
2012-12-31,18,0,0,0,23.7,5.4,97.21,0.0,0.0
2012-12-31,19,0,0,0,23.5,5.3,110.36,0.0,0.0
2012-12-31,20,0,0,0,23.4,5.1,123.8,0.0,0.0
2012-12-31,21,0,0,0,23.3,4.7,137.42,0.0,0.0
2012-12-31,22,0,0,0,23.2,4.4,151.17,0.0,0.0
2012-12-31,23,0,0,0,23.1,4.1,164.96,0.0,0.0
