date,hour,n_slots_of_12,poa_wm2,dc_w,ac_w
2012-01-03,16,12,21.922,94266.159,70594.361
2012-01-03,17,12,0.18,772.711,0.0
2012-01-04,6,12,46.464,199795.78,174091.882
2012-01-04,7,12,269.451,1158639.943,1110059.987
2012-01-04,8,12,189.063,812969.633,773553.039
2012-01-04,9,11,376.428,1618639.808,1556263.434
2012-01-04,10,6,665.811,2862987.821,2754121.544
2012-01-04,11,12,540.193,2322828.756,2235787.803
2012-01-04,12,12,657.987,2829345.72,2721912.437
2012-01-04,13,12,394.91,1698113.865,1633168.523
2012-01-04,14,12,309.487,1330794.397,1277265.389
2012-01-04,15,12,149.567,643139.491,607846.414
2012-01-04,16,12,51.537,221610.632,195474.652
2012-01-04,17,12,1.168,5023.286,0.0
2012-01-05,6,12,56.166,241513.725,214979.939
2012-01-05,7,12,296.827,1276354.208,1224417.939
2012-01-05,8,12,562.237,2417617.19,2326928.793
2012-01-05,9,12,783.974,3371086.145,3239387.235
2012-01-05,10,12,820.472,3528029.085,3388826.31
2012-01-05,11,12,895.721,3851601.437,3583333.333
2012-01-05,12,12,860.523,3700247.085,3552565.02
2012-01-05,13,12,748.921,3220361.525,3095668.673
2012-01-05,14,12,574.098,2468620.115,2375936.986
2012-01-05,15,12,299.328,1287109.503,1234860.601
2012-01-05,16,12,74.156,318870.772,290758.312
2012-01-05,17,12,0.637,2737.808,0.0
2012-01-06,6,12,59.811,257189.181,230339.677
2012-01-06,7,12,301.393,1295988.844,1243481.086
2012-01-06,8,12,553.716,2380980.255,2291710.852
2012-01-06,9,12,557.048,2395307.851,2305484.905
2012-01-06,10,12,426.547,1834153.879,1764684.342
2012-01-06,11,12,570.022,2451094.438,2359099.277
2012-01-06,12,12,573.533,2466193.863,2373606.134
2012-01-06,13,12,764.099,3285626.293,3157923.885
2012-01-06,14,12,543.212,2335809.514,2248273.654
2012-01-06,15,12,323.783,1392267.98,1336909.653
2012-01-06,16,12,74.417,319993.873,291858.112
2012-01-06,17,12,0.637,2739.573,0.0
2012-01-07,6,12,59.862,257407.39,230553.476
2012-01-07,7,12,238.493,1025517.785,980589.091
2012-01-07,8,12,452.622,1946274.261,1872955.713
2012-01-07,9,12,548.824,2359943.175,2271483.319
2012-01-07,10,12,575.648,2475287.233,2382341.69
2012-01-07,11,12,516.821,2222331.26,2139072.583
2012-01-07,12,12,568.004,2442416.328,2350760.842
2012-01-07,13,12,698.606,3004003.654,2889024.287
2012-01-07,14,12,448.588,1928927.55,1856211.609
2012-01-07,15,12,325.003,1397513.68,1341997.739
2012-01-07,16,12,76.804,330256.681,301907.493
2012-01-07,17,12,0.782,3362.685,0.0
2012-01-08,6,12,44.616,191849.6,166302.068
2012-01-08,7,12,306.896,1319654.731,1266453.718
2012-01-08,8,12,467.137,2008688.249,1933179.978
2012-01-08,9,12,320.916,1379939.901,1324951.05
2012-01-08,10,12,462.909,1990509.452,1915642.44
2012-01-08,11,12,397.355,1708628.212,1643338.908
2012-01-08,12,12,502.698,2161602.586,2080587.134
2012-01-08,13,12,202.468,870614.522,829741.605
2012-01-08,14,12,408.87,1758140.435,1691218.555
2012-01-08,15,12,330.939,1423039.193,1366752.91
2012-01-08,16,12,62.587,269123.779,242032.476
2012-01-08,17,12,0.894,3843.257,0.0
2012-01-09,6,12,41.811,179787.079,154475.87
2012-01-09,7,12,296.404,1274538.711,1222655.116
2012-01-09,8,12,491.595,2113859.965,2034585.663
2012-01-09,9,12,753.06,3238156.835,3112647.04
2012-01-09,10,12,815.809,3507977.863,3369745.658
2012-01-09,11,12,886.928,3813791.975,3583333.333
2012-01-09,12,12,867.792,3731505.491,3582256.895
2012-01-09,13,12,728.752,3133635.15,3012884.524
2012-01-09,14,12,468.637,2015138.249,1939401.767
2012-01-09,15,12,213.243,916946.316,874882.058
2012-01-09,16,12,74.98,322412.623,294226.644
2012-01-09,17,12,1.15,4945.618,0.0
2012-01-10,6,12,53.024,228004.068,201740.675
2012-01-10,7,12,296.091,1273192.313,1221347.763
2012-01-10,8,12,552.662,2376447.25,2287352.609
2012-01-10,9,12,752.556,3235990.507,3110580.309
2012-01-10,10,12,847.084,3642462.746,3497654.328
2012-01-10,11,12,868.453,3734348.327,3583333.333
2012-01-10,12,12,886.846,3813435.848,3583333.333
2012-01-10,13,12,584.741,2514386.166,2419893.972
2012-01-10,14,12,379.286,1630929.013,1568158.964
2012-01-10,15,12,328.951,1414488.619,1358461.013
2012-01-10,16,12,90.191,387821.254,358258.063
2012-01-10,17,12,1.076,4628.766,0.0
2012-01-11,6,12,34.915,150134.762,125399.142
2012-01-11,7,12,292.891,1259432.225,1207985.816
2012-01-11,8,12,548.474,2358436.587,2270034.56
2012-01-11,9,12,742.941,3194644.489,3071127.412
2012-01-11,10,12,652.927,2807584.472,2701072.902
2012-01-11,11,12,665.918,2863448.286,2754562.327
2012-01-11,12,12,792.29,3406848.871,3273458.785
2012-01-11,13,12,649.233,2791699.979,2685858.623
2012-01-11,14,12,404.947,1741270.525,1674907.281
2012-01-11,15,12,186.091,800192.313,761094.632
2012-01-11,16,12,53.056,228139.624,201873.526
2012-01-11,17,12,1.146,4929.29,0.0
2012-01-12,6,12,17.333,74532.191,51229.707
2012-01-12,7,12,101.009,434337.069,403771.956
2012-01-12,8,12,354.886,1526011.043,1466559.933
2012-01-12,9,12,653.837,2811498.337,2704821.295
2012-01-12,10,12,830.673,3571892.262,3430554.19
2012-01-12,11,12,900.109,3870467.775,3583333.333
2012-01-12,12,12,868.877,3736172.209,3583333.333
2012-01-12,13,12,711.401,3059026.355,2941615.098
2012-01-12,14,12,461.993,1986569.55,1911841.142
2012-01-12,15,12,299.631,1288413.537,1236126.661
2012-01-12,16,12,79.005,339720.741,311173.93
2012-01-12,17,12,0.895,3849.436,0.0
2012-01-13,6,12,57.355,246628.342,219991.777
2012-01-13,7,12,214.605,922799.682,880583.595
2012-01-13,8,12,481.487,2070394.397,1992688.123
2012-01-13,9,12,600.061,2580260.807,2483132.89
2012-01-13,10,12,850.145,3655624.877,3510164.438
2012-01-13,11,12,872.322,3750986.556,3583333.333
2012-01-13,12,12,893.96,3844027.894,3583333.333
2012-01-13,13,12,703.911,3026815.63,2910831.198
2012-01-13,14,12,475.08,2042843.771,1966122.932
2012-01-13,15,12,350.822,1508533.908,1449626.416
2012-01-13,16,12,96.698,415803.028,385639.369
2012-01-13,17,12,1.055,4537.418,0.0
2012-01-14,6,12,54.273,233371.774,207001.137
2012-01-14,7,12,300.557,1292393.155,1239990.302
2012-01-14,8,12,428.182,1841182.861,1771475.217
2012-01-14,9,12,642.353,2762117.18,2657518.194
2012-01-14,10,12,684.108,2941666.01,2829410.208
2012-01-14,11,12,586.119,2520309.698,2425582.032
2012-01-14,12,12,414.877,1783969.561,1716187.599
2012-01-14,13,12,512.994,2205875.287,2123227.619
2012-01-14,14,12,178.559,767805.511,729509.856
2012-01-14,15,12,84.176,361956.383,332942.212
2012-01-14,16,12,36.742,157988.814,133101.477
2012-01-14,17,12,0.391,1679.577,0.0
2012-01-15,6,12,41.482,178374.46,153090.845
2012-01-15,7,12,157.987,679344.838,643193.603
2012-01-15,8,12,511.305,2198610.653,2116231.974
2012-01-15,9,12,570.316,2452360.519,2360315.748
2012-01-15,10,12,925.826,3981050.236,3583333.333
2012-01-15,11,12,961.784,4135670.628,3583333.333
2012-01-15,12,12,901.642,3877062.521,3583333.333
2012-01-15,13,12,613.872,2639649.702,2540113.401
2012-01-15,14,12,550.018,2365079.433,2276422.278
2012-01-15,15,12,101.465,436298.635,405690.86
2012-01-15,16,12,40.064,172275.811,147111.125
2012-01-15,17,12,0.738,3174.692,0.0
2012-01-16,6,12,45.007,193530.891,167950.319
2012-01-16,7,12,114.808,493676.539,461806.133
2012-01-16,8,12,327.891,1409933.108,1354043.06
2012-01-16,9,12,285.408,1227253.274,1176731.555
2012-01-16,10,12,341.748,1469516.615,1411813.206
2012-01-16,11,12,530.426,2280831.825,2195382.07
2012-01-16,17,12,0.83,3567.447,0.0
2012-01-17,6,12,8.855,38077.33,15448.229
2012-01-17,7,12,46.27,198959.729,173272.309
2012-01-17,8,12,141.676,609205.06,574706.023
2012-01-17,9,12,285.038,1225663.28,1175187.019
2012-01-17,10,12,290.232,1247996.449,1196879.683
2012-01-17,11,12,295.511,1270696.778,1218924.556
2012-01-17,12,12,209.375,900311.176,858676.798
2012-01-17,13,12,412.768,1774900.462,1707421.148
2012-01-17,14,12,249.239,1071725.575,1025546.861
2012-01-17,15,12,119.893,515540.61,483181.582
2012-01-17,16,12,19.775,85033.559,61534.965
2012-01-17,17,12,0.349,1500.411,0.0
2012-01-18,6,12,17.885,76905.747,53559.021
2012-01-18,7,12,94.404,405937.387,375986.21
2012-01-18,8,12,199.809,859178.305,818596.594
2012-01-18,9,12,575.924,2476471.234,2383479.048
2012-01-18,10,12,832.299,3578885.057,3437205.032
2012-01-18,11,12,933.634,4014628.099,3583333.333
2012-01-18,12,12,881.751,3791528.53,3583333.333
2012-01-18,13,12,709.415,3050484.606,2933452.594
2012-01-18,14,12,501.759,2157563.393,2076696.011
2012-01-18,15,12,317.74,1366283.518,1311702.418
2012-01-18,16,12,102.463,440592.016,409890.748
2012-01-18,17,12,1.961,8433.631,0.0
2012-01-19,6,12,37.319,160471.37,135535.967
2012-01-19,7,12,270.547,1163352.997,1114640.963
2012-01-19,8,12,530.347,2280491.143,2195054.234
2012-01-19,9,12,480.514,2066210.899,1988654.684
2012-01-19,10,12,480.668,2066870.851,1989290.974
2012-01-19,11,12,938.692,4036376.108,3583333.333
2012-01-19,12,6,904.232,3888195.567,3583333.333
2012-01-27,9,12,602.177,2589361.679,2491866.675
2012-01-27,10,12,435.713,1873564.809,1802754.712
2012-01-27,11,12,390.193,1677830.08,1613545.594
2012-01-27,12,12,834.597,3588765.702,3446601.785
2012-01-27,13,12,504.058,2167448.45,2086218.448
2012-01-27,14,12,467.585,2010613.629,1935037.272
2012-01-27,15,12,116.106,499255.419,467260.727
2012-01-27,16,12,57.661,247943.278,221280.252
2012-01-27,17,12,2.974,12788.352,0.0
2012-01-28,6,12,35.23,151487.649,126725.934
2012-01-28,7,12,230.11,989470.864,945504.497
2012-01-28,8,12,351.123,1509830.439,1450882.71
2012-01-28,9,12,728.503,3132561.474,3011859.245
2012-01-28,10,12,883.467,3798907.461,3583333.333
2012-01-28,11,12,934.048,4016406.086,3583333.333
2012-01-28,12,12,912.184,3922392.128,3583333.333
2012-01-28,13,12,808.787,3477782.543,3341005.369
2012-01-28,14,12,633.782,2725263.126,2622201.292
2012-01-28,15,12,403.9,1736770.618,1670555.969
2012-01-28,16,12,139.43,599550.8,565275.847
2012-01-28,17,12,4.067,17488.608,0.0
2012-01-29,6,12,57.945,249165.23,222477.601
2012-01-29,7,12,312.385,1343253.541,1289356.416
2012-01-29,8,12,551.144,2369917.375,2281074.17
2012-01-29,9,12,739.249,3178771.028,3055976.826
2012-01-29,10,12,909.222,3909654.085,3583333.333
2012-01-29,11,12,946.893,4071639.727,3583333.333
2012-01-29,12,12,926.153,3982457.092,3583333.333
2012-01-29,13,12,779.15,3350343.411,3219620.332
2012-01-29,14,12,502.977,2162799.384,2081740.032
2012-01-29,15,12,341.397,1468007.82,1410350.709
2012-01-29,16,12,136.547,587151.673,553163.332
2012-01-29,17,12,4.627,19896.326,0.0
2012-01-30,6,12,56.505,242971.805,216408.742
2012-01-30,7,12,358.467,1541407.902,1481475.693
2012-01-30,8,12,505.632,2174217.508,2092738.704
2012-01-30,9,12,645.95,2777584.206,2672336.605
2012-01-30,10,12,861.33,3703720.536,3555864.814
2012-01-30,11,12,959.039,4123865.928,3583333.333
2012-01-30,12,12,919.789,3955093.576,3583333.333
2012-01-30,13,12,679.868,2923433.816,2811968.237
2012-01-30,14,12,587.935,2528118.452,2433079.909
2012-01-30,15,12,287.495,1236226.611,1185447.936
2012-01-30,16,12,98.575,423874.353,393536.232
2012-01-30,17,12,4.089,17584.811,0.0
2012-01-31,6,12,31.142,133908.88,109485.006
2012-01-31,7,12,180.9,777868.411,739324.53
2012-01-31,8,12,352.948,1517674.938,1458483.449
2012-01-31,9,12,376.613,1619435.427,1557033.605
2012-01-31,10,12,273.286,1175129.454,1126086.56
2012-01-31,11,12,646.808,2781275.297,2675872.604
2012-01-31,12,12,286.444,1231708.169,1181058.969
2012-01-31,13,12,480.498,2066142.498,1988588.735
2012-01-31,14,12,669.888,2880516.338,2770899.551
2012-01-31,15,12,387.739,1667278.222,1603336.115
2012-01-31,16,12,114.561,492611.689,460764.975
2012-01-31,17,12,4.037,17359.75,0.0
2012-02-01,6,12,60.518,260226.552,233315.626
2012-02-01,7,12,202.388,870267.662,829403.594
2012-02-01,8,12,265.504,1141667.582,1093561.666
2012-02-01,9,12,411.465,1769301.177,1702008.364
2012-02-01,10,12,563.602,2423489.973,2332573.037
2012-02-01,11,12,887.901,3817974.148,3583333.333
2012-02-01,12,12,774.491,3330311.607,3200527.382
2012-02-01,13,12,540.695,2324988.465,2237865.271
2012-02-01,14,12,481.284,2069519.304,1991844.432
2012-02-01,15,12,445.026,1913612.531,1841426.456
2012-02-01,16,12,130.429,560844.622,527459.979
2012-02-01,17,12,4.767,20498.255,0.0
2012-02-02,6,12,63.925,274878.139,247669.81
2012-02-02,7,12,261.403,1124030.768,1076414.81
2012-02-02,8,12,479.353,2061217.18,1983839.887
2012-02-02,9,12,758.225,3260367.765,3133834.473
2012-02-02,10,12,897.323,3858488.321,3583333.333
2012-02-02,11,12,980.676,4216907.707,3583333.333
2012-02-02,12,12,871.868,3749032.05,3583333.333
2012-02-02,13,12,315.923,1358467.703,1304119.242
2012-02-02,14,12,256.46,1102776.129,1055747.06
2012-02-02,15,12,385.469,1657518.493,1593892.204
2012-02-02,16,12,127.458,548069.068,514975.441
2012-02-02,17,12,5.01,21545.012,0.0
2012-02-03,6,12,42.465,182600.063,157233.856
2012-02-03,7,12,280.988,1208250.133,1158270.281
2012-02-03,8,12,539.184,2318489.481,2231613.642
2012-02-03,9,12,741.591,3188842.313,3065589.719
2012-02-03,10,12,895.311,3849838.013,3583333.333
2012-02-03,11,12,944.274,4060377.822,3583333.333
2012-02-03,12,12,918.647,3950181.055,3583333.333
2012-02-03,13,12,808.43,3476249.918,3339546.387
2012-02-03,14,12,631.128,2713851.622,2611263.37
2012-02-03,15,12,388.782,1671762.685,1607675.186
2012-02-03,16,12,112.122,482125.144,450511.22
2012-02-03,17,12,4.611,19826.601,0.0
2012-02-04,6,12,61.448,264227.898,237235.936
2012-02-04,7,12,302.48,1300663.947,1248019.623
2012-02-04,8,12,554.934,2386215.363,2296743.909
2012-02-04,9,12,764.744,3288401.17,3160569.988
2012-02-04,10,12,911.858,3920991.01,3583333.333
2012-02-04,11,12,941.955,4050408.036,3583333.333
2012-02-04,12,12,819.084,3522061.864,3383148.293
2012-02-04,13,12,848.947,3650470.084,3505265.18
2012-02-04,14,12,601.562,2586718.309,2489330.0
2012-02-04,15,12,410.846,1766637.172,1699432.996
2012-02-04,16,12,152.374,655206.763,619628.92
2012-02-04,17,12,4.345,18685.406,0.0
2012-02-05,6,12,45.225,194465.754,168866.801
2012-02-05,7,12,300.656,1292820.33,1240405.021
2012-02-05,8,12,552.759,2376864.275,2287753.565
2012-02-05,9,12,720.894,3099842.375,2980610.222
2012-02-05,10,12,936.891,4028629.577,3583333.333
2012-02-05,11,12,973.2,4184759.647,3583333.333
2012-02-05,12,12,912.08,3921942.888,3583333.333
2012-02-05,13,12,589.481,2534766.595,2439462.964
2012-02-05,14,12,451.305,1940612.418,1867490.843
2012-02-05,15,12,284.452,1223143.473,1172739.208
2012-02-05,16,12,115.662,497347.691,465395.53
2012-02-05,17,12,3.838,16505.398,0.0
2012-02-06,6,12,28.736,123565.094,99338.766
2012-02-06,7,12,109.099,469124.528,437797.886
2012-02-06,8,12,154.816,665708.754,629882.059
2012-02-06,9,12,191.465,823299.959,783624.497
2012-02-06,10,12,658.462,2831386.72,2723866.779
2012-02-06,11,12,599.224,2576663.793,2479680.765
2012-02-06,12,12,798.391,3433080.018,3298442.463
2012-02-06,13,12,430.621,1851668.524,1781604.885
2012-02-06,14,12,417.889,1796922.958,1728707.49
2012-02-06,15,12,350.477,1507052.032,1448190.512
2012-02-06,16,12,74.078,318535.386,290429.882
2012-02-06,17,12,3.266,14043.842,0.0
2012-02-07,6,12,39.614,170340.385,145213.374
2012-02-07,7,12,157.663,677950.78,641832.797
2012-02-07,8,12,164.539,707519.017,670692.141
2012-02-07,9,12,233.43,1003750.183,959403.952
2012-02-07,10,12,669.865,2880417.488,2770804.941
2012-02-07,11,12,731.555,3145685.211,3024390.73
2012-02-07,12,12,490.187,2107802.72,2028747.913
2012-02-07,13,12,481.577,2070780.09,1993059.974
2012-02-07,14,12,469.322,2018086.556,1942245.638
2012-02-07,15,12,205.126,882041.472,840876.455
2012-02-07,16,12,58.977,253600.708,226823.667
2012-02-07,17,12,5.182,22284.185,0.0
2012-02-08,6,12,64.942,279248.902,251951.495
2012-02-08,7,12,287.457,1236064.655,1185290.624
2012-02-08,8,12,528.49,2272506.312,2187370.186
2012-02-08,9,12,648.176,2787157.266,2681507.179
2012-02-08,10,12,424.538,1825513.28,1756335.856
2012-02-08,11,12,789.763,3395982.81,3263107.736
2012-02-08,12,12,893.429,3841743.74,3583333.333
2012-02-08,13,12,521.425,2242128.294,2158131.453
2012-02-08,14,12,502.46,2160577.011,2079599.169
2012-02-08,15,12,304.248,1308264.409,1255397.662
2012-02-08,16,12,140.786,605378.028,570967.917
2012-02-08,17,11,7.856,33781.967,11231.452
2012-02-09,6,12,62.871,270344.043,243227.948
2012-02-09,7,12,256.248,1101867.939,1054863.861
2012-02-09,8,12,546.17,2348531.229,2260508.926
2012-02-09,9,12,783.327,3368306.414,3236738.49
2012-02-09,10,12,920.286,3957230.213,3583333.333
2012-02-09,11,12,979.778,4213045.474,3583333.333
2012-02-09,12,12,885.129,3806055.593,3583333.333
2012-02-09,13,12,583.39,2508575.606,2414314.098
2012-02-09,14,12,605.624,2604183.087,2506088.723
2012-02-09,15,12,402.136,1729185.601,1663221.028
2012-02-09,16,12,142.96,614727.011,580099.444
2012-02-09,17,12,7.141,30706.784,8212.433
2012-02-10,6,12,63.329,272314.358,245158.204
2012-02-10,7,12,293.111,1260377.042,1208903.348
2012-02-10,8,12,481.164,2069003.869,1991347.489
2012-02-10,9,12,528.758,2273658.114,2188478.635
2012-02-10,10,12,821.863,3534009.544,3394516.615
2012-02-10,11,12,829.622,3567372.937,3426255.638
2012-02-10,12,12,843.365,3626468.37,3482450.259
2012-02-10,13,12,695.057,2988746.244,2874436.587
2012-02-10,14,12,603.553,2595275.944,2497542.002
2012-02-10,15,12,406.218,1746738.639,1680194.591
2012-02-10,16,12,125.124,538033.087,505167.081
2012-02-10,17,12,7.413,31877.545,9361.822
2012-02-11,6,12,62.24,267633.933,240572.882
2012-02-11,7,12,227.665,978959.606,935271.737
2012-02-11,8,12,475.553,2044877.268,1968083.919
2012-02-11,9,12,719.009,3091736.628,2972867.238
2012-02-11,10,12,799.51,3437892.806,3303025.723
2012-02-11,11,12,942.759,4053865.599,3583333.333
2012-02-11,12,12,925.371,3979093.524,3583333.333
2012-02-11,13,12,793.912,3413823.132,3280101.953
2012-02-11,14,12,613.06,2636158.159,2536764.293
2012-02-11,15,12,390.534,1679295.628,1614963.513
2012-02-11,16,12,136.619,587460.14,553464.684
2012-02-11,17,12,7.855,33774.682,11224.301
2012-02-12,6,12,63.157,271575.528,244434.399
2012-02-12,7,12,325.134,1398077.658,1342544.757
2012-02-12,8,12,562.072,2416909.791,2326248.902
2012-02-12,9,12,780.722,3357102.581,3226061.928
2012-02-12,10,12,773.087,3324273.436,3194771.528
2012-02-12,11,12,357.064,1535377.135,1475633.611
2012-02-12,12,12,785.033,3375642.98,3243729.197
2012-02-12,13,12,461.153,1982957.533,1908356.075
2012-02-12,14,12,552.701,2376614.06,2287512.991
2012-02-12,15,12,204.351,878708.354,837628.656
2012-02-12,16,12,110.345,474481.435,443036.595
2012-02-12,17,12,8.339,35858.487,13270.002
2012-02-13,6,12,70.2,301859.907,274099.036
2012-02-13,7,12,318.625,1370086.617,1315392.127
2012-02-13,8,12,577.0,2481100.441,2387925.779
2012-02-13,9,12,750.331,3226421.418,3101450.678
2012-02-13,10,12,946.447,4069724.236,3583333.333
2012-02-13,11,12,772.383,3321246.039,3191885.56
2012-02-13,12,12,636.499,2736946.47,2633398.605
2012-02-13,13,12,734.632,3158919.715,3037026.473
2012-02-13,14,12,298.261,1282521.336,1230405.925
2012-02-13,15,12,216.145,929424.877,887036.582
2012-02-13,16,12,98.405,423139.692,392817.473
2012-02-13,17,12,8.272,35569.438,12986.24
2012-02-14,6,12,49.229,211686.25,185747.351
2012-02-14,7,12,257.932,1109107.861,1061904.367
2012-02-14,8,12,444.28,1910403.417,1838328.114
2012-02-14,9,12,524.139,2253797.075,2169363.557
2012-02-14,10,12,532.992,2291863.814,2205997.551
2012-02-14,11,12,537.43,2310949.035,2224359.733
2012-02-14,12,12,938.112,4033881.177,3583333.333
2012-02-14,13,12,727.689,3129060.663,3008516.169
2012-02-14,14,12,576.655,2479615.035,2386498.946
2012-02-14,15,12,502.27,2159762.377,2078814.401
2012-02-14,16,12,149.206,641584.36,606327.889
2012-02-14,17,12,5.278,22696.357,347.922
2012-02-15,6,12,46.182,198582.809,172902.816
2012-02-15,7,12,301.419,1296102.699,1243591.617
2012-02-15,8,12,495.838,2132103.208,2052165.911
2012-02-15,9,12,744.607,3201810.714,3077966.574
2012-02-15,10,12,804.498,3459342.057,3323449.602
2012-02-15,11,12,812.039,3491769.017,3354318.852
2012-02-15,12,12,308.714,1327470.987,1274039.946
2012-02-15,13,12,597.995,2571378.376,2474608.045
2012-02-15,14,12,512.325,2202996.706,2120455.678
2012-02-15,15,12,405.421,1743308.877,1676878.265
2012-02-15,16,12,145.058,623748.009,588909.898
2012-02-15,17,12,7.536,32404.013,9878.675
2012-02-16,6,12,69.462,298687.525,270991.946
2012-02-16,7,12,237.877,1022873.091,978015.383
2012-02-16,8,12,379.844,1633329.67,1570482.565
2012-02-16,9,12,523.497,2251036.369,2166706.27
2012-02-16,10,12,641.346,2757789.819,2653371.933
2012-02-16,11,12,777.363,3342659.103,3212296.583
2012-02-16,12,12,710.629,3055704.711,2938441.007
2012-02-16,13,12,464.095,1995606.435,1920559.914
2012-02-16,14,12,359.458,1545669.068,1485603.35
2012-02-16,15,12,262.018,1126675.462,1078986.205
2012-02-16,16,12,67.123,288629.115,261139.976
2012-02-16,17,12,6.689,28764.193,6305.28
2012-02-17,6,12,76.75,330025.637,301681.264
2012-02-17,7,12,323.348,1390396.88,1335094.714
2012-02-17,8,12,578.321,2486782.143,2393383.263
2012-02-17,9,12,764.566,3287631.989,3159836.509
2012-02-17,10,12,930.524,4001252.381,3583333.333
2012-02-17,11,12,981.11,4218773.953,3583333.333
2012-02-17,12,12,948.645,4079174.207,3583333.333
2012-02-17,13,12,836.597,3597365.261,3454779.505
2012-02-17,14,12,657.998,2829389.409,2721954.271
2012-02-17,15,12,410.292,1764257.256,1697132.213
2012-02-17,16,12,130.947,563070.967,529635.464
2012-02-17,17,12,9.328,40111.71,17445.334
2012-02-18,6,12,50.576,217478.391,191424.574
2012-02-18,7,12,267.341,1149566.921,1101240.685
2012-02-18,8,12,587.922,2528063.732,2433027.369
2012-02-18,9,12,762.251,3277678.53,3150344.587
2012-02-18,10,12,809.611,3481326.601,3344379.057
2012-02-18,11,12,937.082,4029453.92,3583333.333
2012-02-18,12,12,891.881,3835089.419,3583333.333
2012-02-18,13,12,802.599,3451174.969,3315673.408
2012-02-18,14,12,548.861,2360102.925,2271636.936
2012-02-18,15,12,291.513,1253504.721,1202229.317
2012-02-18,16,12,106.837,459398.779,428286.096
2012-02-18,17,12,10.977,47200.267,24403.728
2012-02-19,6,12,34.64,148951.67,124238.857
2012-02-19,7,12,180.688,776957.133,738435.766
2012-02-19,8,12,586.551,2522170.207,2427368.52
2012-02-19,9,12,858.718,3692487.757,3545193.245
2012-02-19,10,12,952.379,4095231.034,3583333.333
2012-02-19,11,12,941.574,4048768.486,3583333.333
2012-02-19,12,12,907.985,3904333.364,3583333.333
2012-02-19,13,12,855.342,3677968.637,3531397.911
2012-02-19,14,12,668.063,2872672.28,2763391.677
2012-02-19,15,12,440.5,1894151.013,1822635.338
2012-02-19,16,12,154.436,664074.631,628286.72
2012-02-19,17,12,10.562,45415.318,22651.596
2012-02-20,6,12,75.246,323559.165,295349.363
2012-02-20,7,12,248.493,1068518.603,1022427.241
2012-02-20,8,12,593.997,2554185.437,2458105.314
2012-02-20,9,12,782.188,3363406.691,3232069.49
2012-02-20,10,12,909.191,3909522.137,3583333.333
2012-02-20,11,12,979.311,4211035.365,3583333.333
2012-02-20,12,12,969.057,4166947.126,3583333.333
2012-02-20,13,12,845.502,3635657.943,3491186.031
2012-02-20,14,12,627.52,2698335.317,2596389.194
2012-02-20,15,12,419.702,1804720.205,1736243.091
2012-02-20,16,12,130.286,560229.895,526859.287
2012-02-20,17,12,8.314,35751.383,13164.857
2012-02-21,6,12,67.212,289013.615,261516.601
2012-02-21,7,12,306.93,1319797.957,1266592.733
2012-02-21,8,12,582.188,2503408.146,2409351.548
2012-02-21,9,12,736.601,3167386.443,3045109.352
2012-02-21,10,12,932.07,4007899.837,3583333.333
2012-02-21,11,12,1023.885,4402705.24,3583333.333
2012-02-21,12,12,848.777,3649739.737,3504571.019
2012-02-21,13,12,748.759,3219662.952,3095002.114
2012-02-21,14,12,559.213,2404614.368,2314430.915
2012-02-21,15,12,222.571,957055.165,913944.59
2012-02-21,16,12,135.964,584645.056,550714.494
2012-02-21,17,12,11.734,50455.275,27598.822
2012-02-22,6,12,41.141,176907.562,151652.582
2012-02-22,7,12,247.876,1065864.706,1019845.564
2012-02-22,8,12,550.289,2366244.017,2277542.094
2012-02-22,9,12,796.642,3425560.314,3291280.98
2012-02-22,10,12,905.783,3894868.422,3583333.333
2012-02-22,11,12,556.154,2391461.505,2301787.335
2012-02-22,12,12,737.305,3170409.852,3047995.541
2012-02-22,13,12,577.077,2481433.179,2388245.394
2012-02-22,14,12,662.628,2849299.856,2741017.802
2012-02-22,15,12,383.271,1648066.79,1584745.567
2012-02-22,16,12,167.326,719502.443,682386.113
2012-02-22,17,12,6.062,26068.75,3658.953
2012-02-23,6,12,46.556,200192.376,174480.659
2012-02-23,7,12,336.934,1448817.128,1391747.167
2012-02-23,8,12,543.034,2335046.56,2247539.829
2012-02-23,9,12,743.757,3198155.891,3074478.61
2012-02-23,10,12,808.567,3476838.167,3340106.373
2012-02-23,11,12,832.12,3578118.018,3436475.522
2012-02-23,12,12,983.358,4228440.569,3583333.333
2012-02-23,13,12,859.047,3693900.79,3546535.741
2012-02-23,14,12,684.735,2944361.731,2831988.847
2012-02-23,15,12,417.477,1795150.267,1726994.21
2012-02-23,16,12,144.97,623370.52,588541.233
2012-02-23,17,12,12.008,51632.656,28754.508
2012-02-24,6,12,51.858,222989.355,196825.929
2012-02-24,7,12,313.991,1350160.725,1296058.943
2012-02-24,8,12,525.168,2258224.463,2173624.952
2012-02-24,9,12,543.438,2336781.691,2249208.707
2012-02-24,10,12,589.814,2536200.811,2440839.942
2012-02-24,11,12,446.543,1920134.904,1847723.417
2012-02-24,12,12,454.998,1956489.458,1882814.827
2012-02-24,13,12,799.899,3439566.205,3304619.269
2012-02-24,14,12,658.497,2831537.202,2724010.87
2012-02-24,15,12,426.912,1835720.501,1766197.931
2012-02-24,16,12,93.677,402811.238,372927.215
2012-02-24,17,12,6.205,26682.186,4261.216
2012-02-25,6,12,64.517,277421.294,250161.155
2012-02-25,7,12,205.488,883599.692,842394.757
2012-02-25,8,12,322.884,1388401.334,1333159.032
2012-02-25,9,12,181.76,781566.727,742931.398
2012-02-25,10,12,397.467,1709108.785,1643803.736
2012-02-25,11,12,365.968,1573664.522,1512717.756
2012-02-25,12,12,358.567,1541839.932,1481894.194
2012-02-25,13,12,349.269,1501856.64,1443156.144
2012-02-25,14,12,254.32,1093574.641,1046798.435
2012-02-25,15,12,238.529,1025673.678,980740.797
2012-02-25,16,12,50.023,215100.174,189093.577
2012-02-25,17,12,4.348,18697.763,0.0
2012-02-26,6,12,59.292,254953.531,228149.185
2012-02-26,7,12,143.075,615222.147,580583.041
2012-02-26,8,12,321.605,1382899.682,1327822.245
2012-02-26,9,12,392.961,1689734.072,1625062.18
2012-02-26,10,12,305.775,1314833.118,1261773.739
2012-02-26,11,12,185.495,797627.935,758594.089
2012-02-26,12,12,277.048,1191304.321,1141805.037
2012-02-26,13,12,271.088,1165677.309,1116900.069
2012-02-26,14,12,154.185,662994.776,627232.482
2012-02-26,15,12,49.218,211638.639,185700.683
2012-02-26,16,12,16.491,70913.421,47678.296
2012-02-26,17,12,1.102,4738.437,0.0
2012-02-27,6,12,66.446,285716.759,258287.23
2012-02-27,7,12,224.722,966306.226,922952.344
2012-02-27,8,12,448.044,1926587.551,1853952.701
2012-02-27,9,12,451.432,1941155.655,1868015.193
2012-02-27,10,12,892.3,3836889.895,3583333.333
2012-02-27,11,12,813.109,3496367.366,3358695.573
2012-02-27,12,12,537.308,2310422.437,2223853.127
2012-02-27,13,12,362.364,1558166.164,1497707.986
2012-02-27,14,12,507.116,2180600.431,2098886.655
2012-02-27,15,12,436.471,1876824.23,1805902.663
2012-02-27,16,12,182.313,783947.722,745253.455
2012-02-27,17,12,12.686,54550.856,31618.885
2012-02-28,6,12,82.828,356160.47,327268.533
2012-02-28,7,12,324.313,1394546.839,1339120.069
2012-02-28,8,12,595.845,2562135.406,2465736.45
2012-02-28,9,12,709.08,3049044.653,2932076.511
2012-02-28,10,12,579.026,2489810.324,2396291.829
2012-02-28,11,12,665.979,2863711.741,2754814.52
2012-02-28,12,12,772.879,3323379.613,3193919.469
2012-02-28,13,12,779.301,3350994.08,3220240.446
2012-02-28,14,12,460.711,1981057.748,1906523.017
2012-02-28,15,12,258.411,1111166.317,1063906.042
2012-02-28,16,12,89.739,385877.34,356355.613
2012-02-28,17,12,8.492,36516.837,13916.306
2012-02-29,6,12,39.732,170847.773,145710.888
2012-02-29,7,12,114.65,492992.97,461137.773
2012-02-29,8,12,210.322,904383.467,862644.075
2012-02-29,9,12,296.11,1273270.995,1221424.164
2012-02-29,10,12,428.647,1843183.49,1773407.997
2012-02-29,11,12,571.265,2456439.74,2364235.032
2012-02-29,12,12,203.855,876578.032,835552.815
2012-02-29,13,12,212.614,914239.856,872245.701
2012-02-29,14,12,307.109,1320567.334,1267339.491
2012-02-29,15,12,213.681,918826.373,876713.381
2012-02-29,16,12,101.259,435414.374,404825.834
2012-02-29,17,12,8.067,34688.935,12121.841
2012-03-01,6,12,86.084,370160.402,340972.715
2012-03-01,7,12,229.176,985457.462,941597.544
2012-03-01,8,12,407.449,1752029.793,1685310.546
2012-03-01,9,12,704.231,3028195.125,2912149.77
2012-03-01,10,12,795.528,3420771.569,3286720.105
2012-03-01,11,12,510.651,2195799.066,2113524.371
2012-03-01,12,12,670.151,2881648.707,2771983.345
2012-03-01,13,12,539.728,2320831.886,2233866.936
2012-03-01,14,12,698.283,3002616.346,2887697.957
2012-03-01,15,12,472.022,2029692.918,1953440.146
2012-03-01,16,12,203.781,876256.605,835239.604
2012-03-01,17,12,16.33,70220.536,46998.295
2012-03-02,6,12,107.862,463807.711,432598.136
2012-03-02,7,12,348.596,1498963.495,1440352.567
2012-03-02,8,12,604.465,2599198.864,2501306.268
2012-03-02,9,12,792.767,3408898.304,3275410.968
2012-03-02,10,12,917.406,3944847.668,3583333.333
2012-03-02,11,12,613.387,2637565.488,2538114.224
2012-03-02,12,12,458.077,1969732.738,1895595.127
2012-03-02,13,12,161.384,693949.732,657449.116
2012-03-02,14,12,266.211,1144708.631,1096517.961
2012-03-02,15,12,343.527,1477165.489,1419227.071
2012-03-02,16,12,108.761,467673.624,436378.953
2012-03-02,17,12,7.833,33683.333,11134.622
2012-03-03,6,12,132.289,568842.149,535274.61
2012-03-03,7,12,348.45,1498335.971,1439744.46
2012-03-03,8,12,550.012,2365052.956,2276396.818
2012-03-03,9,12,680.64,2926751.439,2815142.282
2012-03-03,10,12,948.541,4078726.535,3583333.333
2012-03-03,11,12,815.25,3505575.0,3367458.871
2012-03-03,12,12,582.255,2503694.352,2409626.411
2012-03-03,13,12,501.569,2156746.552,2075909.097
2012-03-03,14,12,260.563,1120422.722,1072906.665
2012-03-03,15,12,163.868,704633.914,667876.54
2012-03-03,16,12,103.394,444595.121,413806.537
2012-03-03,17,12,11.265,48438.955,25619.627
2012-03-04,6,12,22.6,97181.697,73455.051
2012-03-04,7,12,71.786,308677.836,280776.35
2012-03-04,8,12,159.504,685867.57,649560.525
2012-03-04,9,12,218.797,940829.075,898143.465
2012-03-04,10,12,257.842,1108718.784,1061526.019
2012-03-04,11,12,396.732,1705947.773,1640746.246
2012-03-04,12,12,553.77,2381210.252,2291931.978
2012-03-04,13,12,258.969,1113568.542,1066241.959
2012-03-04,14,12,183.049,787108.685,748336.098
2012-03-04,15,12,121.493,522418.831,489905.234
2012-03-04,16,12,41.634,179026.596,153730.244
2012-03-04,17,12,2.519,10831.362,0.0
2012-03-06,8,8,12.659,54435.167,31505.331
2012-03-06,9,12,119.193,512530.08,480238.578
2012-03-06,10,12,108.432,466258.744,434995.232
2012-03-06,11,12,97.98,421313.947,391031.23
2012-03-06,12,12,125.022,537593.555,504737.498
2012-03-06,13,12,125.33,538920.094,506034.006
2012-03-06,14,12,18.599,79977.176,56573.127
2012-03-06,15,10,15.92,68454.811,45265.385
2012-04-02,6,12,153.608,660514.686,624811.187
2012-04-02,7,12,404.383,1738846.921,1672563.73
2012-04-02,8,12,642.603,2763192.621,2658548.604
2012-04-02,9,12,846.968,3641961.433,3497177.818
2012-04-02,10,12,947.308,4073423.009,3583333.333
2012-04-02,11,12,1000.1,4300431.589,3583333.333
2012-04-02,12,12,916.128,3939352.504,3583333.333
2012-04-02,13,12,814.417,3501991.225,3364048.127
2012-04-02,14,12,615.434,2646365.805,2546555.227
2012-04-02,15,12,352.667,1516466.225,1457312.33
2012-04-02,16,12,122.748,527818.381,495183.155
2012-04-02,17,12,17.379,74728.828,51422.681
2012-04-03,6,12,140.679,604920.167,570520.686
2012-04-03,7,12,391.22,1682247.024,1617818.935
2012-04-03,8,12,515.17,2215231.671,2132236.888
2012-04-03,9,12,800.658,3442828.715,3307726.026
2012-04-03,10,12,945.157,4064175.626,3583333.333
2012-04-03,11,12,1014.315,4361552.576,3583333.333
2012-04-03,12,12,968.313,4163744.633,3583333.333
2012-04-03,13,12,838.527,3605666.502,3462672.934
2012-04-03,14,12,553.297,2379177.997,2289978.098
2012-04-03,15,12,392.556,1687989.183,1623374.153
2012-04-03,16,12,144.907,623100.626,588277.647
2012-04-03,17,12,15.311,65835.365,42694.57
2012-04-04,6,12,157.46,677079.426,640982.219
2012-04-04,7,12,406.53,1748079.741,1681491.31
2012-04-04,8,12,635.638,2733245.31,2629851.542
2012-04-04,9,12,833.175,3582651.088,3440786.726
2012-04-04,10,12,555.471,2388524.23,2298963.589
2012-04-04,11,12,665.9,2863369.294,2754486.712
2012-04-04,12,12,510.053,2193227.709,2111048.053
2012-04-04,13,12,244.451,1051137.295,1005517.819
2012-04-04,14,12,393.979,1694111.299,1629296.645
2012-04-04,15,12,216.102,929238.208,886854.771
2012-04-04,16,12,119.87,515443.083,483086.244
2012-04-04,17,12,21.451,92241.266,68607.519
2012-04-05,6,12,154.118,662705.389,626949.958
2012-04-05,7,12,283.509,1219087.069,1168798.588
2012-04-05,8,12,441.803,1899752.709,1828044.406
2012-04-05,9,12,427.439,1837988.311,1768388.935
2012-04-05,10,12,422.256,1815699.713,1746853.275
2012-04-05,11,12,551.06,2369557.718,2280728.351
2012-04-05,12,12,400.98,1724213.947,1658413.017
2012-04-05,13,12,206.016,885869.725,844606.597
2012-04-05,14,12,173.463,745892.898,708134.743
2012-04-05,15,12,96.438,414683.456,384543.953
2012-04-05,16,12,82.18,353374.477,324541.191
2012-04-05,17,12,11.465,49297.752,26462.616
2012-04-06,6,12,142.233,611600.888,577046.118
2012-04-06,7,12,324.735,1396359.247,1340878.012
2012-04-06,8,12,451.006,1939326.037,1866249.175
2012-04-06,9,12,578.289,2486644.017,2393250.591
2012-04-06,10,12,608.96,2618528.335,2519852.059
2012-04-06,11,12,907.699,3903105.675,3583333.333
2012-04-06,12,12,822.54,3536922.547,3397288.175
2012-04-06,13,12,751.818,3232816.256,3107551.923
2012-04-06,14,12,416.16,1789487.541,1721521.088
2012-04-06,15,12,284.882,1224992.067,1174534.989
2012-04-06,16,12,115.603,497093.504,465147.007
2012-04-06,17,12,13.262,57028.397,34050.672
2012-04-07,6,12,144.674,622100.231,587300.63
2012-04-07,7,12,355.335,1527939.511,1468428.256
2012-04-07,8,12,577.834,2484684.216,2391368.159
2012-04-07,9,12,662.019,2846683.405,2738512.841
2012-04-07,10,12,759.746,3266907.348,3140071.894
2012-04-07,11,12,781.448,3360226.704,3229039.134
2012-04-07,12,12,684.879,2944981.476,2832581.666
2012-04-07,13,12,560.906,2411896.654,2321430.586
2012-04-07,14,12,308.62,1327065.876,1273646.77
2012-04-07,15,12,167.786,721480.778,684316.543
2012-04-07,16,12,65.849,283152.176,255775.078
2012-04-07,17,12,10.814,46500.369,23716.702
2012-04-08,6,12,137.964,593243.314,559114.327
2012-04-08,7,12,274.197,1179045.967,1129892.772
2012-04-08,8,12,447.216,1923027.165,1850515.605
2012-04-08,9,12,670.487,2883093.292,2773365.945
2012-04-08,10,12,899.167,3866416.667,3583333.333
2012-04-08,11,12,846.769,3641105.757,3496364.476
2012-04-08,12,12,647.282,2783314.45,2677826.024
2012-04-08,13,12,301.315,1295655.224,1243157.203
2012-04-08,14,12,276.786,1190181.661,1140714.127
2012-04-08,15,12,212.298,912879.321,870920.382
2012-04-08,16,12,74.265,319338.547,291216.383
2012-04-08,17,12,13.885,59707.071,36679.819
2012-04-09,6,12,66.406,285547.719,258121.647
2012-04-09,7,12,121.298,521580.644,489085.905
2012-04-09,8,12,116.556,501190.948,469153.075
2012-04-09,9,12,159.86,687396.747,651053.12
2012-04-09,10,12,201.016,864368.401,823654.672
2012-04-09,11,12,299.957,1289813.773,1237486.106
2012-04-09,12,12,287.17,1234830.347,1184091.7
2012-04-09,13,12,201.634,867027.217,826245.767
2012-04-09,14,12,317.839,1366709.811,1312116.007
2012-04-09,15,12,203.81,876382.276,835362.063
2012-04-09,16,12,108.018,464479.433,433255.082
2012-04-09,17,12,13.638,58643.103,35635.531
2012-04-10,6,12,93.024,400002.121,370178.37
2012-04-10,7,12,299.27,1286861.053,1234619.384
2012-04-10,8,12,527.219,2267041.728,2182111.133
2012-04-10,9,12,612.567,2634039.932,2534732.427
2012-04-10,10,12,851.022,3659396.644,3513749.084
2012-04-10,11,12,930.016,3999067.518,3583333.333
2012-04-10,12,12,557.135,2395681.63,2305844.219
2012-04-10,13,12,205.18,882274.035,841103.062
2012-04-10,14,12,252.185,1084396.541,1037871.826
2012-04-10,15,12,148.577,638880.09,603687.226
2012-04-10,16,12,99.882,429493.391,399033.48
2012-04-10,17,12,16.386,70458.395,47231.731
2012-04-11,6,12,78.163,336100.858,307629.727
2012-04-11,7,12,379.561,1632110.365,1569302.404
2012-04-11,8,12,553.7,2380910.088,2291643.392
2012-04-11,9,12,711.939,3061335.663,2943821.768
2012-04-11,10,12,861.283,3703518.863,3555673.227
2012-04-11,11,12,904.036,3887352.689,3583333.333
2012-04-11,12,12,942.199,4051454.793,3583333.333
2012-04-11,13,12,796.111,3423277.042,3289106.381
2012-04-11,14,12,609.674,2621597.557,2522796.547
2012-04-11,15,12,343.252,1475984.267,1418082.175
2012-04-11,16,12,132.542,569931.814,536339.313
2012-04-11,17,12,17.715,76175.842,52842.726
2012-04-12,6,12,123.852,532561.625,499819.348
2012-04-12,7,12,359.084,1544059.657,1484044.383
2012-04-12,8,12,559.807,2407168.596,2316886.069
2012-04-12,9,12,848.808,3649875.216,3504699.785
2012-04-12,10,12,859.904,3697587.387,3550038.224
2012-04-12,11,12,941.282,4047510.92,3583333.333
2012-04-12,12,12,900.715,3873073.194,3583333.333
2012-04-12,13,12,778.425,3347227.853,3216651.022
2012-04-12,14,12,517.085,2223465.394,2140164.521
2012-04-12,15,12,251.4,1081020.618,1034588.223
2012-04-12,16,12,80.533,346290.774,317606.315
2012-04-12,17,12,11.342,48769.961,25944.541
2012-04-13,6,12,164.69,708165.984,671323.513
2012-04-13,7,12,395.599,1701075.411,1636033.282
2012-04-13,8,12,611.502,2629459.709,2530338.807
2012-04-13,9,12,645.357,2775035.273,2669894.705
2012-04-13,10,12,721.983,3104528.51,2985086.376
2012-04-13,11,12,721.361,3101852.484,2982530.284
2012-04-13,12,12,624.955,2687304.947,2585814.039
2012-04-13,13,12,317.089,1363483.046,1308985.363
2012-04-13,14,12,175.028,752618.709,714696.016
2012-04-13,15,12,193.896,833751.642,793813.33
2012-04-13,16,12,76.671,329685.201,301347.922
2012-04-13,17,12,14.313,61547.722,38486.401
2012-04-14,6,12,157.803,678553.021,642420.675
2012-04-14,7,12,397.683,1710036.833,1644701.375
2012-04-14,8,12,636.411,2736566.954,2633034.896
2012-04-14,9,12,819.645,3524474.877,3385444.395
2012-04-14,10,12,924.448,3975124.938,3583333.333
2012-04-14,11,12,949.329,4082113.475,3583333.333
2012-04-14,12,12,907.178,3900866.533,3583333.333
2012-04-14,13,12,785.301,3376796.09,3244827.905
2012-04-14,14,12,600.387,2581663.69,2484479.234
2012-04-14,15,12,365.516,1571718.842,1510833.529
2012-04-14,16,12,146.885,631604.865,596582.806
2012-04-14,17,12,19.935,85718.894,62207.468
2012-04-15,6,12,92.427,397436.134,367667.378
2012-04-15,7,12,180.371,775593.524,737105.835
2012-04-15,8,12,326.933,1405813.598,1350047.789
2012-04-15,9,12,606.448,2607724.938,2509487.065
2012-04-15,10,12,917.086,3943470.69,3583333.333
2012-04-15,11,12,904.603,3889794.828,3583333.333
2012-04-15,12,12,947.638,4074844.427,3583333.333
2012-04-15,13,12,823.781,3542258.272,3402364.631
2012-04-15,14,12,495.906,2132397.537,2052449.519
2012-04-15,15,12,315.865,1358220.577,1303879.463
2012-04-15,16,12,123.358,530440.569,497746.186
2012-04-15,17,12,13.638,58643.545,35635.964
2012-04-16,6,12,177.181,761877.228,723727.399
2012-04-16,7,12,369.444,1588607.728,1527187.91
2012-04-16,8,12,584.327,2512607.297,2418185.757
2012-04-16,9,12,687.337,2955550.103,2842690.606
2012-04-16,10,12,623.048,2679106.086,2577952.857
2012-04-16,11,12,667.403,2869832.974,2760673.928
2012-04-16,12,12,844.29,3630445.341,3486230.928
2012-04-16,13,12,663.389,2852571.193,2744149.66
2012-04-16,14,12,575.254,2473593.093,2380714.267
2012-04-16,15,12,368.364,1583964.84,1522692.207
2012-04-16,16,12,129.887,558513.69,525182.249
2012-04-16,17,12,22.415,96384.606,72672.962
2012-04-17,6,12,135.581,583000.292,549107.615
2012-04-17,7,12,215.849,928151.293,885796.132
2012-04-17,8,12,514.472,2212231.291,2129347.902
2012-04-17,9,12,769.868,3310432.77,3181576.8
2012-04-17,10,12,839.567,3610139.932,3466926.353
2012-04-17,11,12,786.349,3381301.734,3249120.869
2012-04-17,12,12,880.836,3787594.807,3583333.333
2012-04-17,13,12,718.046,3087599.908,2968915.432
2012-04-17,14,12,431.401,1855026.355,1784848.514
2012-04-17,15,12,272.614,1172240.281,1123278.67
2012-04-17,16,12,129.279,555901.652,522629.773
2012-04-17,17,12,22.407,96350.446,72639.445
2012-04-18,6,12,139.428,599539.742,565265.045
2012-04-18,7,12,335.634,1443225.01,1386325.543
2012-04-18,8,12,596.948,2566878.469,2470289.032
2012-04-18,9,12,768.447,3304323.173,3175751.808
2012-04-18,10,12,922.023,3964700.616,3583333.333
2012-04-18,11,12,1022.373,4396204.115,3583333.333
2012-04-18,12,12,893.44,3841791.841,3583333.333
2012-04-18,13,12,693.504,2982066.328,2868049.247
2012-04-18,14,12,455.317,1957864.05,1884141.434
2012-04-18,15,12,382.643,1645362.962,1582128.866
2012-04-18,16,12,151.325,650698.03,615226.732
2012-04-18,17,12,19.367,83279.844,59814.067
2012-04-19,6,12,131.822,566834.765,533313.185
2012-04-19,7,12,190.737,820169.397,780572.481
2012-04-19,8,12,269.504,1158865.445,1110279.175
2012-04-19,9,12,573.77,2467212.818,2374585.03
2012-04-19,10,12,908.301,3905693.883,3583333.333
2012-04-19,11,12,968.289,4163642.693,3583333.333
2012-04-19,12,12,904.12,3887716.759,3583333.333
2012-04-19,13,12,804.102,3457638.208,3321827.351
2012-04-19,14,12,603.652,2595701.796,2497950.638
2012-04-19,15,12,359.387,1545362.367,1485306.263
2012-04-19,16,12,130.421,560808.436,527424.619
2012-04-19,17,12,18.786,80780.778,57361.718
2012-04-20,6,12,166.94,717842.773,680766.606
2012-04-20,7,12,320.587,1378522.014,1323575.572
2012-04-20,8,12,600.797,2583428.879,2486173.258
2012-04-20,9,12,851.062,3659566.494,3513910.505
2012-04-20,10,12,965.53,4151778.417,3583333.333
2012-04-20,11,12,979.998,4213992.498,3583333.333
2012-04-20,12,12,910.806,3916464.788,3583333.333
2012-04-20,13,12,767.513,3300306.927,3171922.476
2012-04-20,14,12,623.111,2679378.366,2578213.933
2012-04-20,15,12,318.246,1368456.466,1313810.594
2012-04-20,16,12,159.633,686422.362,650102.048
2012-04-20,17,12,26.46,113780.101,89739.795
2012-04-21,6,12,96.493,414918.59,384774.014
2012-04-21,7,12,284.255,1222295.3,1171915.256
2012-04-21,8,12,419.069,1801996.993,1733611.319
2012-04-21,9,12,566.821,2437331.702,2345874.934
2012-04-21,10,12,899.604,3868298.799,3583333.333
2012-04-21,11,12,768.008,3302433.98,3173950.554
2012-04-21,12,12,644.977,2773399.826,2668327.902
2012-04-21,13,12,629.046,2704898.142,2602680.677
2012-04-21,14,12,492.206,2116486.566,2037116.986
2012-04-21,15,12,204.232,878199.097,837132.427
2012-04-21,16,12,86.811,373287.572,344033.592
2012-04-21,17,12,21.3,91590.533,67969.006
2012-04-22,6,12,130.626,561690.479,528286.517
2012-04-22,7,12,340.343,1463473.933,1405955.825
2012-04-22,8,12,575.738,2475672.044,2382711.343
2012-04-22,9,12,804.472,3459229.967,3323342.881
2012-04-22,10,12,914.267,3931348.255,3583333.333
2012-04-22,11,12,572.078,2459934.945,2367593.083
2012-04-22,12,12,552.436,2375474.631,2286417.464
2012-04-22,13,12,497.298,2138381.527,2058215.398
2012-04-22,14,12,221.092,950693.637,907749.943
2012-04-22,15,12,196.259,843914.275,803719.478
2012-04-22,16,12,89.354,384224.241,354737.748
2012-04-22,17,12,21.016,90367.077,66768.516
2012-04-23,6,12,127.139,546696.374,513633.932
2012-04-23,7,12,303.482,1304971.008,1252200.701
2012-04-23,8,12,461.991,1986562.49,1911834.329
2012-04-23,9,12,597.23,2568090.271,2471452.137
2012-04-23,10,12,713.892,3069737.079,2951849.387
2012-04-23,11,12,710.393,3054688.844,2937470.248
2012-04-23,12,12,770.62,3313664.111,3184657.484
2012-04-23,13,12,571.065,2455578.017,2363407.107
2012-04-23,14,12,506.566,2178233.313,2096606.718
2012-04-23,15,12,273.138,1174494.427,1125469.405
2012-04-23,16,12,141.454,608250.092,573773.258
2012-04-23,17,12,24.528,105472.239,81589.225
2012-04-24,6,12,151.461,651280.931,615795.869
2012-04-24,7,12,306.879,1319577.945,1266379.19
2012-04-24,8,12,552.812,2377091.102,2287971.65
2012-04-24,9,12,836.963,3598938.927,3456275.908
2012-04-24,10,12,872.252,3750685.15,3583333.333
2012-04-24,11,12,969.263,4167829.28,3583333.333
2012-04-24,12,12,914.914,3934131.517,3583333.333
2012-04-24,13,12,834.619,3588860.581,3446692.014
2012-04-24,14,12,438.751,1886628.089,1815370.682
2012-04-24,15,12,182.588,785128.633,746405.117
2012-04-24,16,12,91.443,393204.459,363526.275
2012-04-24,17,12,14.168,60921.962,37872.227
2012-04-25,6,12,163.607,703508.688,666778.401
2012-04-25,7,12,431.159,1853984.011,1783841.631
2012-04-25,8,12,666.432,2865659.626,2756679.123
2012-04-25,9,12,833.62,3584567.2,3442609.003
2012-04-25,10,12,944.409,4060956.804,3583333.333
2012-04-25,11,12,787.588,3386628.47,3254195.94
2012-04-25,12,12,505.283,2172714.777,2091291.241
2012-04-25,13,12,465.331,2000924.949,1925690.878
2012-04-25,14,12,415.383,1786148.686,1718293.898
2012-04-25,15,12,303.208,1303792.94,1251057.108
2012-04-25,16,12,123.415,530683.805,497983.932
2012-04-25,17,12,16.893,72641.051,49373.782
2012-04-26,6,12,189.939,816739.816,777228.852
2012-04-26,7,12,422.815,1818103.017,1749175.599
2012-04-26,8,12,663.102,2851337.767,2742968.834
2012-04-26,9,12,613.316,2637256.989,2537818.309
2012-04-26,10,12,782.207,3363488.331,3232147.288
2012-04-26,11,12,830.146,3569626.642,3428399.27
2012-04-26,12,12,757.741,3258284.793,3131847.667
2012-04-26,13,12,693.938,2983931.691,2869832.947
2012-04-26,14,12,306.9,1319671.059,1266469.566
2012-04-26,15,12,265.359,1141043.919,1092955.374
2012-04-26,16,12,133.006,571924.092,538285.924
2012-04-26,17,12,22.93,98599.918,74846.564
2012-04-27,6,12,181.982,782523.37,743864.367
2012-04-27,7,12,425.249,1828569.263,1759288.599
2012-04-27,8,12,630.275,2710180.633,2607744.491
2012-04-27,9,12,777.367,3342679.844,3212316.352
2012-04-27,10,12,903.654,3885713.58,3583333.333
2012-04-27,11,12,868.404,3734136.505,3583333.333
2012-04-27,12,12,620.995,2670279.259,2569488.924
2012-04-27,13,12,329.565,1417127.87,1361020.487
2012-04-27,14,12,198.726,854522.619,814059.134
2012-04-27,15,12,141.792,609706.373,575195.679
2012-04-27,16,12,148.407,638149.743,602974.047
2012-04-27,17,12,22.595,97159.524,73433.295
2012-04-28,6,12,146.461,629784.293,594804.906
2012-04-28,7,12,353.529,1520174.887,1460905.602
2012-04-28,8,12,604.268,2598353.11,2500494.73
2012-04-28,9,12,811.095,3487707.432,3350452.874
2012-04-28,10,12,876.915,3770734.165,3583333.333
2012-04-28,11,12,912.601,3924185.217,3583333.333
2012-04-28,12,12,915.358,3936037.479,3583333.333
2012-04-28,13,12,796.035,3422950.924,3288795.78
2012-04-28,14,12,582.405,2504340.476,2410246.925
2012-04-28,15,12,348.432,1498257.158,1439668.086
2012-04-28,16,12,130.507,561179.126,527786.843
2012-04-28,17,12,20.846,89636.142,66051.295
2012-04-29,6,12,162.703,699620.809,662984.031
2012-04-29,7,12,416.513,1791005.375,1722988.128
2012-04-29,8,12,679.594,2922252.937,2810838.442
2012-04-29,9,12,597.812,2570593.309,2473854.549
2012-04-29,10,12,701.765,3017587.697,2902010.377
2012-04-29,11,12,626.073,2692115.528,2590426.22
2012-04-29,12,12,786.681,3382728.89,3250480.622
2012-04-29,13,12,650.076,2795327.443,2689333.225
2012-04-29,14,12,409.889,1762520.751,1695453.418
2012-04-29,15,12,262.293,1127861.227,1080139.086
2012-04-29,16,12,91.089,391684.37,362038.682
2012-04-29,17,12,19.13,82258.241,58811.568
2012-04-30,6,12,132.857,571286.928,537663.369
2012-04-30,7,12,320.288,1377236.515,1322328.509
2012-04-30,8,12,501.899,2158163.557,2077274.183
2012-04-30,9,12,772.367,3321179.403,3191822.036
2012-04-30,10,12,920.656,3958820.984,3583333.333
2012-04-30,11,12,947.606,4074707.184,3583333.333
2012-04-30,12,12,897.639,3859849.282,3583333.333
2012-04-30,13,12,772.284,3320820.497,3191479.892
2012-04-30,14,12,562.297,2417875.349,2327176.912
2012-04-30,15,12,344.424,1481022.557,1422965.441
2012-04-30,16,12,127.249,547172.794,514099.53
2012-04-30,17,12,23.947,102970.395,79134.63
2012-05-01,6,12,181.444,780211.102,741609.307
2012-05-01,7,12,426.184,1832592.831,1763176.116
2012-05-01,8,12,645.278,2774694.592,2669568.325
2012-05-01,9,12,836.835,3598388.629,3455752.631
2012-05-01,10,12,936.284,4026021.511,3583333.333
2012-05-01,11,12,962.905,4140490.591,3583333.333
2012-05-01,12,12,873.012,3753949.867,3583333.333
2012-05-01,13,12,652.024,2803702.201,2697354.637
2012-05-01,14,12,587.599,2526677.617,2431696.475
2012-05-01,15,12,340.538,1464313.721,1406769.88
2012-05-01,16,12,124.639,535949.069,503130.221
2012-05-01,17,12,22.45,96532.882,72818.447
2012-05-02,6,12,149.835,644289.362,608969.205
2012-05-02,7,12,410.571,1765454.936,1698290.077
2012-05-02,8,12,587.899,2527966.646,2432934.151
2012-05-02,9,12,808.253,3475486.376,3338819.525
2012-05-02,10,12,911.015,3917363.416,3583333.333
2012-05-02,11,12,939.372,4039298.117,3583333.333
2012-05-02,12,12,870.271,3742167.329,3583333.333
2012-05-02,13,12,754.945,3246265.23,3120382.288
2012-05-02,14,12,580.767,2497297.977,2403483.373
2012-05-02,15,12,351.677,1512212.562,1453190.866
2012-05-02,16,12,127.408,547855.922,514767.138
2012-05-02,17,12,23.036,99056.628,75294.67
2012-05-03,6,12,130.509,561189.386,527796.869
2012-05-03,7,12,395.155,1699164.528,1634184.858
2012-05-03,8,12,623.261,2680020.454,2578829.595
2012-05-03,9,12,738.697,3176396.226,3053709.985
2012-05-03,10,12,888.597,3820965.261,3583333.333
2012-05-03,11,12,897.616,3859747.326,3583333.333
2012-05-03,12,12,888.897,3822257.575,3583333.333
2012-05-03,13,12,771.723,3318409.2,3189181.176
2012-05-03,14,12,581.522,2500545.369,2406602.192
2012-05-03,15,12,363.822,1564435.346,1503779.782
2012-05-03,16,12,163.842,704520.582,667765.937
2012-05-03,17,12,28.273,121572.706,97384.323
2012-05-04,6,12,164.156,705869.214,669082.091
2012-05-04,7,12,273.544,1176237.126,1127163.05
2012-05-04,8,12,434.625,1868887.5,1798237.204
2012-05-04,9,12,785.517,3377723.059,3245711.133
2012-05-04,10,12,855.814,3680001.612,3533329.651
2012-05-04,11,12,973.19,4184719.048,3583333.333
2012-05-04,12,12,887.589,3816631.722,3583333.333
2012-05-04,13,12,715.857,3078185.371,2959921.181
2012-05-04,14,12,580.404,2495737.24,2401984.397
2012-05-04,15,12,351.557,1511694.037,1452688.447
2012-05-04,16,12,124.245,534251.954,501471.481
2012-05-04,17,12,22.979,98808.21,75050.933
2012-05-05,6,12,177.068,761391.117,723253.232
2012-05-05,7,12,352.256,1514702.181,1455603.129
2012-05-05,8,12,618.55,2659764.47,2559405.546
2012-05-05,9,12,692.587,2978125.953,2864281.276
2012-05-05,10,12,918.698,3950402.145,3583333.333
2012-05-05,11,12,935.795,4023917.406,3583333.333
2012-05-05,12,12,893.422,3841716.085,3583333.333
2012-05-05,13,12,775.226,3333471.459,3203539.367
2012-05-05,14,12,564.936,2429226.167,2338085.718
2012-05-05,15,12,351.457,1511266.502,1452274.188
2012-05-05,16,12,125.963,541642.359,508694.593
2012-05-05,17,12,22.714,97669.042,73933.22
2012-05-06,6,12,176.942,760848.881,722724.316
2012-05-06,7,12,403.561,1735310.365,1669143.899
2012-05-06,8,12,632.976,2721796.818,2618878.957
2012-05-06,9,12,817.293,3514359.021,3375818.316
2012-05-06,10,12,917.673,3945994.73,3583333.333
2012-05-06,11,12,887.689,3817061.48,3583333.333
2012-05-06,12,12,854.976,3676397.652,3529905.131
2012-05-06,13,12,755.761,3249773.772,3123729.191
2012-05-06,14,12,535.928,2304491.746,2218147.429
2012-05-06,15,12,331.865,1427018.812,1370611.918
2012-05-06,16,12,125.287,538735.191,505853.289
2012-05-06,17,12,21.605,92902.771,69256.597
2012-05-07,6,12,94.921,408162.435,378163.409
2012-05-07,7,12,174.532,750489.254,712618.697
2012-05-07,8,12,431.366,1854875.774,1784703.057
2012-05-07,9,12,738.598,3175970.001,3053303.131
2012-05-07,10,12,653.195,2808739.625,2702179.231
2012-05-07,11,12,728.521,3132640.466,3011934.677
2012-05-07,12,12,816.935,3512820.577,3374354.281
2012-05-07,13,12,762.055,3276836.257,3149541.331
2012-05-07,14,12,580.028,2494119.395,2400430.552
2012-05-07,15,12,339.157,1458374.155,1401012.189
2012-05-07,16,12,129.399,556414.75,523131.175
2012-05-07,17,12,30.544,131340.935,106966.19
2012-05-08,6,12,104.305,448509.978,417635.87
2012-05-08,7,12,310.542,1335330.049,1281667.187
2012-05-08,8,12,632.296,2718872.897,2616076.4
2012-05-08,9,12,802.504,3450768.976,3315286.831
2012-05-08,10,12,828.779,3563748.808,3422808.424
2012-05-08,11,12,860.936,3702026.837,3554255.806
2012-05-08,12,12,829.014,3564761.782,3423771.96
2012-05-08,13,12,705.087,3031875.103,2915667.147
2012-05-08,14,12,581.623,2500978.151,2407017.832
2012-05-08,15,12,321.638,1383044.525,1327962.751
2012-05-08,16,12,148.584,638910.54,603716.96
2012-05-08,17,12,17.941,77146.695,53795.476
2012-05-09,6,12,128.546,552749.029,519548.96
2012-05-09,7,12,290.276,1248186.207,1197063.98
2012-05-09,8,12,377.817,1624611.206,1562043.706
2012-05-09,9,12,809.119,3479212.787,3342366.871
2012-05-09,10,12,915.865,3938219.743,3583333.333
2012-05-09,11,12,908.71,3907452.322,3583333.333
2012-05-09,12,12,876.414,3768580.144,3583333.333
2012-05-09,13,12,600.613,2582635.427,2485411.798
2012-05-09,14,12,555.05,2386712.918,2297222.248
2012-05-09,15,12,298.508,1283584.143,1231437.826
2012-05-09,16,12,187.717,807184.847,767912.813
2012-05-09,17,12,31.996,137581.269,113087.038
2012-05-10,6,12,169.327,728105.509,690780.612
2012-05-10,7,12,396.821,1706330.819,1641116.752
2012-05-10,8,12,622.919,2678553.435,2577422.947
2012-05-10,9,12,779.674,3352596.953,3221768.037
2012-05-10,10,12,885.685,3808446.983,3583333.333
2012-05-10,11,12,906.495,3897927.853,3583333.333
2012-05-10,12,12,860.374,3699608.381,3551958.237
2012-05-10,13,12,739.078,3178035.01,3055274.273
2012-05-10,14,12,560.737,2411169.348,2320731.525
2012-05-10,15,12,337.729,1452234.698,1395060.406
2012-05-10,16,12,139.603,600293.798,566001.628
2012-05-10,17,12,27.414,117879.441,93761.304
2012-05-11,6,12,165.824,713043.323,676083.165
2012-05-11,7,12,387.873,1667854.606,1603893.821
2012-05-11,8,12,622.524,2676852.855,2575792.327
2012-05-11,9,12,782.279,3363799.92,3232444.21
2012-05-11,10,12,855.139,3677097.909,3530570.531
2012-05-11,11,12,925.351,3979010.119,3583333.333
2012-05-11,12,12,867.832,3731676.698,3582419.498
2012-05-11,13,12,744.712,3202261.066,3078396.358
2012-05-11,14,12,560.089,2408384.37,2318054.665
2012-05-11,15,12,334.27,1437361.38,1380640.395
2012-05-11,16,12,122.016,524667.388,492103.171
2012-05-11,17,12,23.983,103126.271,79287.564
2012-05-12,6,12,178.814,768901.519,730578.871
2012-05-12,7,12,382.909,1646510.776,1583239.701
2012-05-12,8,12,609.639,2621448.922,2522653.954
2012-05-12,9,12,790.291,3398250.375,3265267.911
2012-05-12,10,12,877.738,3774274.284,3583333.333
2012-05-12,11,12,905.926,3895483.639,3583333.333
2012-05-12,12,12,856.674,3683699.846,3536843.634
2012-05-12,13,12,736.749,3168021.077,3045715.189
2012-05-12,14,12,558.749,2402622.156,2312515.939
2012-05-12,15,12,337.15,1449744.49,1392646.228
2012-05-12,16,12,120.536,518306.219,485885.091
2012-05-12,17,12,22.22,95544.18,71848.348
2012-05-13,6,12,122.233,525603.515,493018.211
2012-05-13,7,12,354.093,1522600.306,1463255.493
2012-05-13,8,12,508.106,2184856.448,2102985.802
2012-05-13,9,12,518.607,2230008.884,2146464.336
2012-05-13,10,12,824.228,3544179.451,3404192.397
2012-05-13,11,12,899.25,3866777.059,3583333.333
2012-05-13,12,12,824.848,3546846.847,3406730.045
2012-05-13,13,12,723.168,3109622.681,2989952.068
2012-05-13,14,12,549.959,2364825.769,2276178.363
2012-05-13,15,12,324.31,1394530.92,1339104.628
2012-05-13,16,12,74.988,322447.486,294260.782
2012-05-13,17,12,24.538,105515.421,81631.59
2012-05-14,6,12,181.522,780544.311,741934.275
2012-05-14,7,12,381.306,1639615.491,1576566.39
2012-05-14,8,12,638.35,2744903.009,2641023.474
2012-05-14,9,12,746.773,3211125.959,3086856.012
2012-05-14,10,12,880.041,3784177.401,3583333.333
2012-05-14,11,12,914.033,3930341.804,3583333.333
2012-05-14,12,12,611.607,2629912.12,2530772.795
2012-05-14,13,12,574.446,2470117.747,2377375.705
2012-05-14,14,12,406.413,1747577.676,1681005.862
2012-05-14,15,12,289.453,1244646.774,1193626.35
2012-05-14,16,12,165.925,713476.186,676505.573
2012-05-14,17,12,31.778,136646.046,112169.743
2012-05-15,6,12,177.432,762957.109,724780.74
2012-05-15,7,12,422.466,1816602.018,1747725.183
2012-05-15,8,12,619.988,2665946.26,2565333.819
2012-05-15,9,12,762.86,3280298.986,3152843.616
2012-05-15,10,12,875.083,3762857.925,3583333.333
2012-05-15,11,12,900.712,3873063.142,3583333.333
2012-05-15,12,12,852.872,3667348.215,3521305.768
2012-05-15,13,12,723.418,3110695.785,2990977.013
2012-05-15,14,12,545.855,2347176.888,2259206.438
2012-05-15,15,12,326.491,1403913.323,1348204.774
2012-05-15,16,12,116.987,503042.01,470962.809
2012-05-15,17,12,21.441,92197.186,68564.266
2012-05-16,6,12,176.468,758810.535,720736.022
2012-05-16,7,12,414.041,1780377.271,1712715.273
2012-05-16,8,12,574.739,2471376.425,2378584.855
2012-05-16,9,12,778.629,3348103.027,3217485.123
2012-05-16,10,12,872.5,3751748.987,3583333.333
2012-05-16,11,12,701.257,3015406.283,2899925.094
2012-05-16,12,12,429.078,1845036.53,1775198.162
2012-05-16,13,12,752.182,3234382.077,3109045.801
2012-05-16,14,12,523.61,2251523.022,2167174.697
2012-05-16,15,12,343.765,1478188.04,1420218.167
2012-05-16,16,12,134.044,576387.11,542646.519
2012-05-16,17,12,25.065,107778.72,83852.097
2012-05-17,6,12,152.349,655101.807,619526.446
2012-05-17,7,12,358.261,1540522.775,1480618.278
2012-05-17,8,12,567.116,2438599.189,2347092.906
2012-05-17,9,12,755.643,3249265.119,3123243.979
2012-05-17,10,12,725.565,3119931.548,2999797.881
2012-05-17,11,12,845.075,3633821.313,3489440.156
2012-05-17,12,12,871.781,3748658.664,3583333.333
2012-05-17,13,12,748.693,3219380.489,3094732.594
2012-05-17,14,12,559.892,2407537.7,2317240.852
2012-05-17,15,12,279.126,1200242.992,1150490.524
2012-05-17,16,12,74.745,321404.7,293239.654
2012-05-17,17,12,28.447,122321.539,98118.898
2012-05-18,6,12,179.302,770996.703,732622.424
2012-05-18,7,12,412.328,1773009.52,1705593.22
2012-05-18,8,12,609.729,2621835.531,2523024.846
2012-05-18,9,12,769.433,3308561.343,3179792.584
2012-05-18,10,12,867.28,3729302.061,3580164.168
2012-05-18,11,12,893.224,3840862.012,3583333.333
2012-05-18,12,12,844.208,3630095.833,3485898.677
2012-05-18,13,12,726.985,3126036.47,3005628.15
2012-05-18,14,12,557.436,2396974.108,2307086.67
2012-05-18,15,12,351.624,1511984.231,1452969.628
2012-05-18,16,12,145.223,624460.671,589605.897
2012-05-18,17,12,29.86,128396.698,104078.211
2012-05-19,6,12,180.787,777384.527,738852.602
2012-05-19,7,12,396.11,1703271.616,1638157.665
2012-05-19,8,12,604.79,2600598.019,2502648.805
2012-05-19,9,12,773.126,3324442.648,3194932.834
2012-05-19,10,12,868.805,3735861.11,3583333.333
2012-05-19,11,12,855.993,3680768.276,3534058.128
2012-05-19,12,12,788.707,3391440.93,3258780.822
2012-05-19,13,12,738.597,3175968.84,3053302.023
2012-05-19,14,12,565.682,2432434.447,2341168.863
2012-05-19,15,12,389.454,1674650.73,1610469.506
2012-05-19,16,12,154.084,662561.732,626809.708
2012-05-19,17,12,31.568,135741.322,111282.355
2012-05-20,6,12,168.377,724019.171,686793.42
2012-05-20,7,12,420.276,1807186.109,1738626.138
2012-05-20,8,12,545.097,2343918.333,2256072.576
2012-05-20,9,12,785.017,3375573.541,3243663.033
2012-05-20,10,12,870.852,3744662.293,3583333.333
2012-05-20,11,12,881.751,3791530.181,3583333.333
2012-05-20,12,12,806.968,3469961.188,3333559.618
2012-05-20,13,12,585.72,2518596.148,2423936.63
2012-05-20,14,12,533.968,2296061.661,2210036.634
2012-05-20,15,12,336.584,1447309.625,1390285.651
2012-05-20,16,12,115.811,497985.218,466018.848
2012-05-20,17,12,27.753,119336.049,95190.221
2012-05-21,6,12,111.43,479147.317,447599.325
2012-05-21,7,12,321.907,1384201.852,1329085.417
2012-05-21,8,12,487.727,2097224.368,2018552.128
2012-05-21,9,12,733.364,3153466.268,3031819.936
2012-05-21,10,12,882.415,3794386.453,3583333.333
2012-05-21,11,12,913.59,3928437.849,3583333.333
2012-05-21,12,12,867.23,3729088.98,3579961.79
2012-05-21,13,12,727.9,3129970.095,3009384.635
2012-05-21,14,12,546.481,2349866.578,2261793.134
2012-05-21,15,12,354.642,1524960.494,1465542.136
2012-05-21,16,12,158.829,682966.365,646728.667
2012-05-21,17,12,39.327,169106.79,144003.776
2012-05-22,6,12,158.044,679590.208,643433.118
2012-05-22,7,12,312.18,1342374.019,1288502.925
2012-05-22,8,12,557.962,2399235.053,2309260.07
2012-05-22,9,12,623.884,2682703.263,2581401.952
2012-05-22,10,12,798.611,3434028.677,3299345.894
2012-05-22,11,12,878.712,3778461.115,3583333.333
2012-05-22,12,12,830.771,3572316.97,3430958.141
2012-05-22,13,12,721.827,3103855.09,2984443.144
2012-05-22,14,12,534.691,2299169.522,2213026.856
2012-05-22,15,12,329.675,1417603.996,1361482.215
2012-05-22,16,12,126.39,543475.606,510486.269
2012-05-22,17,12,24.615,105843.31,81953.283
2012-05-23,6,12,119.531,513983.816,481659.716
2012-05-23,7,12,325.353,1399017.665,1343456.491
2012-05-23,8,12,564.352,2426711.999,2335669.55
2012-05-23,9,12,782.849,3366248.694,3234777.692
2012-05-23,10,12,670.179,2881768.511,2772098.009
2012-05-23,11,12,917.776,3946434.997,3583333.333
2012-05-23,12,12,720.191,3096823.281,2977726.311
2012-05-23,13,12,763.354,3282422.734,3154868.912
2012-05-23,14,12,520.562,2238416.672,2154558.482
2012-05-23,15,12,288.412,1240173.198,1189281.289
2012-05-23,16,12,128.884,554199.471,520966.374
2012-05-23,17,12,28.762,123674.587,99446.173
2012-05-24,6,12,177.489,763204.499,725022.048
2012-05-24,7,12,246.829,1061363.827,1015467.027
2012-05-24,8,12,578.841,2489016.839,2395529.695
2012-05-24,9,12,532.425,2289427.216,2203653.036
2012-05-24,10,12,630.669,2711878.042,2609371.581
2012-05-24,11,12,507.782,2183461.132,2101641.932
2012-05-24,12,12,472.397,2031307.575,1954997.415
2012-05-24,13,12,633.45,2723835.481,2620832.956
2012-05-24,14,12,419.891,1805530.754,1737026.41
2012-05-24,15,12,286.387,1231466.06,1180823.793
2012-05-24,16,12,149.52,642936.396,607648.101
2012-05-24,17,12,34.667,149069.772,124354.684
2012-05-25,6,12,193.552,832272.132,792371.086
2012-05-25,7,12,398.045,1711593.751,1646207.26
2012-05-25,8,12,614.357,2641733.344,2542111.992
2012-05-25,9,12,770.635,3313731.581,3184721.807
2012-05-25,10,12,864.755,3718447.978,3569854.793
2012-05-25,11,12,895.637,3851238.873,3583333.333
2012-05-25,12,12,788.661,3391242.493,3258591.774
2012-05-25,13,12,643.823,2768440.201,2663576.307
2012-05-25,14,12,506.268,2176951.312,2095371.912
2012-05-25,15,12,226.952,975894.764,932287.919
2012-05-25,16,12,105.324,452893.061,421923.043
2012-05-25,17,12,28.347,121890.686,97696.249
2012-05-26,6,12,135.324,581892.583,548025.406
2012-05-26,7,12,338.086,1453768.287,1396547.147
2012-05-26,8,12,564.2,2426057.914,2335040.953
2012-05-26,9,12,604.266,2598344.725,2500486.684
2012-05-26,10,12,643.259,2766014.374,2661252.153
2012-05-26,11,12,766.458,3295767.303,3167593.956
2012-05-26,12,12,783.891,3370730.538,3239048.388
2012-05-26,13,12,717.691,3086072.366,2967456.135
2012-05-26,14,12,535.897,2304358.621,2218019.351
2012-05-26,15,12,290.898,1250861.056,1199661.822
2012-05-26,16,12,98.957,425513.887,395140.258
2012-05-26,17,12,23.803,102351.565,78527.479
2012-05-27,6,12,144.756,622449.055,587641.303
2012-05-27,7,12,325.371,1399093.27,1343529.821
2012-05-27,8,12,484.936,2085224.614,2006985.174
2012-05-27,9,12,615.569,2646945.767,2547111.487
2012-05-27,10,12,738.486,3175490.752,3052845.661
2012-05-27,11,12,852.083,3663956.911,3518082.949
2012-05-27,12,12,753.573,3240363.828,3114752.523
2012-05-27,13,12,669.679,2879617.677,2770039.433
2012-05-27,14,12,379.219,1630643.51,1567882.622
2012-05-27,15,12,315.036,1354654.045,1300418.907
2012-05-27,16,12,112.385,483256.216,451617.23
2012-05-27,17,12,26.633,114520.205,90465.858
2012-05-28,6,12,175.135,753081.039,715147.021
2012-05-28,7,12,353.291,1519150.8,1459913.39
2012-05-28,8,12,602.427,2590437.578,2492899.13
2012-05-28,9,12,748.754,3219641.808,3094981.939
2012-05-28,10,12,773.96,3328027.36,3198349.973
2012-05-28,11,12,828.343,3561875.518,3421026.535
2012-05-28,12,12,826.689,3554763.442,3414261.195
2012-05-28,13,12,705.371,3033094.963,2916833.082
2012-05-28,14,12,483.979,2081110.27,2003018.936
2012-05-28,15,12,295.343,1269975.992,1218224.651
2012-05-28,16,12,145.457,625467.058,590588.745
2012-05-28,17,12,30.602,131588.437,107208.96
2012-05-29,6,12,185.06,795757.137,756769.825
2012-05-29,7,12,317.478,1365157.028,1310609.491
2012-05-29,8,12,549.421,2362511.574,2273953.086
2012-05-29,9,12,735.766,3163795.395,3041681.184
2012-05-29,10,12,719.043,3091883.988,2973008.008
2012-05-29,11,12,660.47,2840021.305,2732134.352
2012-05-29,12,12,806.879,3469578.251,3333195.057
2012-05-29,13,12,713.596,3068462.696,2950631.743
2012-05-29,14,12,495.111,2128975.408,2049151.985
2012-05-29,15,12,266.931,1147804.488,1099527.455
2012-05-29,16,12,123.733,532052.576,499321.797
2012-05-29,17,12,37.954,163202.658,138214.311
2012-05-30,6,12,144.274,620379.671,585620.256
2012-05-30,7,12,285.051,1225721.206,1175243.288
2012-05-30,8,12,335.703,1443520.961,1386612.477
2012-05-30,9,12,603.716,2595980.653,2498218.221
2012-05-30,10,12,772.096,3320011.383,3190708.56
2012-05-30,11,12,640.962,2756135.199,2651786.515
2012-05-30,12,12,609.835,2622288.766,2523459.653
2012-05-30,13,12,653.093,2808299.57,2701757.777
2012-05-30,14,12,399.86,1719399.132,1653756.48
2012-05-30,15,12,321.94,1384341.043,1329220.439
2012-05-30,16,12,125.727,540626.119,507701.386
2012-05-30,17,12,32.268,138753.005,114236.3
2012-05-31,6,12,119.803,515152.258,482801.945
2012-05-31,7,12,333.007,1431932.231,1375376.238
2012-05-31,8,12,345.205,1484383.254,1426222.61
2012-05-31,9,12,485.535,2087801.019,2009468.759
2012-05-31,10,12,637.279,2740300.688,2636613.068
2012-05-31,11,12,607.783,2613466.771,2514996.019
2012-05-31,12,12,803.54,3455220.052,3319524.956
2012-05-31,13,12,678.432,2917255.655,2806057.2
2012-05-31,14,12,335.266,1441644.202,1384792.882
2012-05-31,15,12,226.76,975066.237,931481.281
2012-05-31,16,12,106.808,459273.668,428163.732
2012-05-31,17,12,32.568,140041.647,115500.213
2012-06-01,6,12,178.119,765913.355,727664.277
2012-06-01,7,12,325.047,1397702.064,1342180.458
2012-06-01,8,12,502.545,2160942.438,2079951.196
2012-06-01,9,12,607.889,2613920.983,2515431.796
2012-06-01,10,12,563.904,2424786.684,2333819.246
2012-06-01,11,12,731.661,3146143.806,3024828.602
2012-06-01,12,12,789.531,3394981.732,3262154.054
2012-06-01,13,12,733.628,3154600.298,3032902.643
2012-06-01,14,12,554.891,2386032.634,2296568.236
2012-06-01,15,12,273.375,1175512.328,1126458.656
2012-06-01,16,12,113.038,486064.874,454363.604
2012-06-01,17,12,35.491,152613.029,127829.594
2012-06-02,6,12,108.311,465736.048,434484.043
2012-06-02,7,12,151.511,651498.281,616008.086
2012-06-02,8,12,400.874,1723758.234,1657972.294
2012-06-02,9,12,761.895,3276147.927,3148884.881
2012-06-02,10,12,638.282,2744611.143,2640743.784
2012-06-02,11,12,880.2,3784858.372,3583333.333
2012-06-02,12,12,726.635,3124531.107,3004190.542
2012-06-02,13,12,674.809,2901679.051,2791152.612
2012-06-02,14,12,428.492,1842515.071,1772762.25
2012-06-02,15,12,224.807,966670.598,923307.117
2012-06-02,16,12,135.239,581528.732,547669.929
2012-06-02,17,12,28.334,121836.749,97643.339
2012-06-03,6,12,131.142,563909.691,530455.018
2012-06-03,7,12,196.773,846123.851,805873.169
2012-06-03,8,12,309.046,1328896.377,1275423.33
2012-06-03,9,12,433.886,1865707.954,1795166.179
2012-06-03,10,12,590.848,2540648.204,2445109.732
2012-06-03,11,12,633.155,2722567.241,2619617.389
2012-06-03,12,12,519.303,2233003.151,2149346.976
2012-06-03,13,12,437.693,1882080.08,1810978.572
2012-06-03,14,12,324.852,1396863.649,1341367.252
2012-06-03,15,12,212.19,912417.282,870470.3
2012-06-03,16,12,109.158,469379.598,438047.333
2012-06-03,17,12,29.77,128012.377,103701.228
2012-06-04,6,12,107.352,461613.0,430451.678
2012-06-04,7,12,395.067,1698789.491,1633822.076
2012-06-04,8,12,628.697,2703395.967,2601240.642
2012-06-04,9,12,517.31,2224432.276,2141095.42
2012-06-04,10,12,625.708,2690544.509,2588920.016
2012-06-04,11,12,827.588,3558626.868,3417936.321
2012-06-04,12,12,828.739,3563578.664,3422646.582
2012-06-04,13,12,706.983,3040024.979,2923456.504
2012-06-04,14,12,515.666,2217363.136,2134289.172
2012-06-04,15,12,294.871,1267946.613,1216254.038
2012-06-04,16,12,177.093,761500.698,723360.121
2012-06-04,17,12,41.142,176910.314,151655.28
2012-06-05,6,12,93.851,403561.261,373661.135
2012-06-05,7,12,225.481,969566.595,926126.788
2012-06-05,8,12,334.84,1439810.252,1383014.763
2012-06-05,9,12,674.51,2900391.923,2789920.92
2012-06-05,10,12,765.896,3293351.642,3165290.557
2012-06-05,11,12,882.538,3794911.515,3583333.333
2012-06-05,12,12,869.774,3740028.705,3583333.333
2012-06-05,13,12,695.928,2992491.092,2878017.245
2012-06-05,14,12,469.171,2017435.642,1941617.788
2012-06-05,15,12,259.656,1116519.889,1069111.77
2012-06-05,16,12,138.142,594012.079,559865.321
2012-06-05,17,12,31.414,135078.428,110632.16
2012-06-06,6,12,107.244,461150.287,429999.133
2012-06-06,7,12,264.654,1138014.152,1090009.951
2012-06-06,8,12,467.761,2011374.425,1935771.156
2012-06-06,9,12,553.741,2381087.048,2291813.526
2012-06-06,10,12,691.176,2972055.942,2858476.586
2012-06-06,11,12,847.003,3642113.239,3497322.114
2012-06-06,12,12,835.118,3591005.285,3448731.571
2012-06-06,13,12,712.825,3065149.353,2947465.855
2012-06-06,14,12,554.71,2385253.777,2295819.453
2012-06-06,15,12,335.532,1442789.009,1385902.823
2012-06-06,16,12,129.968,558860.991,525521.626
2012-06-06,17,12,31.895,137148.994,112663.05
2012-06-07,6,12,144.611,621825.9,587032.708
2012-06-07,7,12,365.833,1573080.244,1512151.936
2012-06-07,8,12,589.236,2533716.307,2438454.581
2012-06-07,9,12,747.955,3216207.153,3091704.625
2012-06-07,10,12,823.227,3539877.032,3400099.129
2012-06-07,11,12,848.035,3646550.924,3501540.147
2012-06-07,12,12,786.387,3381463.249,3249274.757
2012-06-07,13,12,720.628,3098700.739,2979519.713
2012-06-07,14,12,475.882,2046293.391,1969449.525
2012-06-07,15,12,233.517,1004122.814,959766.646
2012-06-07,16,12,119.733,514851.745,482508.175
2012-06-07,17,12,31.524,135553.264,111097.9
2012-06-08,6,12,158.252,680482.242,644303.864
2012-06-08,7,12,230.492,991116.903,947106.837
2012-06-08,8,12,500.017,2150074.579,2069481.353
2012-06-08,9,12,576.333,2478230.244,2385168.743
2012-06-08,10,12,821.012,3530351.632,3391036.21
2012-06-08,11,12,904.171,3887934.76,3583333.333
2012-06-08,12,12,834.507,3588380.008,3446234.996
2012-06-08,13,12,666.377,2865422.209,2756451.858
2012-06-08,14,12,560.049,2408209.616,2317886.694
2012-06-08,15,12,335.498,1442642.057,1385760.347
2012-06-08,16,12,106.294,457062.11,426000.71
2012-06-08,17,12,31.194,134133.169,109705.002
2012-06-09,6,12,108.9,468269.683,436961.88
2012-06-09,7,12,337.645,1451871.788,1394708.58
2012-06-09,8,12,590.01,2537044.571,2441650.021
2012-06-09,9,12,765.725,3292617.765,3164590.775
2012-06-09,10,12,803.936,3456922.865,3321146.258
2012-06-09,11,12,907.934,3904116.687,3583333.333
2012-06-09,12,12,846.125,3638338.824,3493734.386
2012-06-09,13,12,687.384,2955751.775,2842883.498
2012-06-09,14,12,527.207,2266988.331,2182059.743
2012-06-09,15,12,290.394,1248695.905,1197559.009
2012-06-09,16,12,114.714,493269.222,461407.879
2012-06-09,17,12,32.76,140869.571,116312.241
2012-06-10,6,12,130.345,560482.11,527105.743
2012-06-10,7,12,328.349,1411902.617,1355953.12
2012-06-10,8,12,565.966,2433653.489,2342340.335
2012-06-10,9,12,470.141,2021605.018,1945639.37
2012-06-10,10,12,767.09,3298485.694,3170185.956
2012-06-10,11,12,867.796,3731520.936,3582271.564
2012-06-10,12,12,829.248,3565764.85,3424726.065
2012-06-10,13,12,719.288,3092937.839,2974014.726
2012-06-10,14,12,546.559,2350203.305,2262116.961
2012-06-10,15,12,335.87,1444242.2,1387311.741
2012-06-10,16,12,118.338,508854.516,476645.348
2012-06-10,17,12,27.591,118639.224,94506.645
2012-06-11,6,12,131.696,566291.917,532782.76
2012-06-11,7,12,381.962,1642437.603,1579297.702
2012-06-11,8,12,592.164,2546303.869,2450539.296
2012-06-11,9,12,753.759,3241165.599,3115517.408
2012-06-11,10,12,836.35,3596303.941,3453770.281
2012-06-11,11,12,855.024,3676604.587,3530101.766
2012-06-11,12,12,844.606,3631804.536,3487523.002
2012-06-11,13,12,727.328,3127508.621,3007034.022
2012-06-11,14,12,538.537,2315710.191,2228940.022
2012-06-11,15,12,334.692,1439176.55,1382400.345
2012-06-11,16,12,123.983,533128.069,500372.994
2012-06-11,17,12,25.172,108238.29,84302.973
2012-06-12,6,12,147.859,635794.417,600674.054
2012-06-12,7,12,302.65,1301396.5,1248730.76
2012-06-12,8,12,501.013,2154356.486,2073606.564
2012-06-12,9,12,647.313,2783444.191,2677950.31
2012-06-12,10,12,709.01,3048743.688,2931788.894
2012-06-12,11,12,595.555,2560886.96,2464538.109
2012-06-12,12,12,191.032,821439.009,781810.248
2012-06-12,13,12,347.369,1493685.14,1435237.436
2012-06-12,14,12,365.828,1573061.71,1512133.987
2012-06-12,15,12,347.106,1492557.625,1434144.757
2012-06-12,16,12,134.394,577893.257,544118.062
2012-06-12,17,12,32.799,141035.94,116475.415
2012-06-13,6,12,160.775,691332.78,654894.903
2012-06-13,7,12,301.453,1296249.21,1243733.851
2012-06-13,8,12,266.979,1148009.093,1099726.349
2012-06-13,9,12,223.375,960514.265,917312.801
2012-06-13,10,12,249.227,1071677.915,1025500.5
2012-06-13,11,12,429.894,1848545.023,1778587.528
2012-06-13,12,12,347.224,1493062.469,1434634.005
2012-06-13,13,12,706.625,3038488.383,2921987.924
2012-06-13,14,12,540.249,2323069.263,2236019.153
2012-06-13,15,12,340.808,1465475.657,1407896.201
2012-06-13,16,12,131.262,564428.397,530961.864
2012-06-13,17,12,41.794,179715.199,154405.395
2012-06-14,6,12,145.565,625928.978,591039.858
2012-06-14,7,12,342.034,1470744.304,1413003.209
2012-06-14,8,12,346.511,1489999.425,1431665.553
2012-06-14,9,12,540.425,2323826.088,2236747.162
2012-06-14,10,12,855.329,3677914.358,3531346.334
2012-06-14,11,12,876.718,3769885.991,3583333.333
2012-06-14,12,12,511.895,2201150.318,2118677.654
2012-06-14,13,12,503.318,2164267.58,2083154.356
2012-06-14,14,12,520.228,2236980.121,2153175.563
2012-06-14,15,12,367.539,1580418.576,1519258.238
2012-06-14,16,12,131.821,566829.936,533308.467
2012-06-14,17,12,34.714,149269.663,124550.722
2012-06-15,6,12,155.91,670411.168,634472.737
2012-06-15,7,12,431.359,1854845.423,1784673.739
2012-06-15,8,12,568.241,2443435.283,2351739.948
2012-06-15,9,12,585.758,2518759.862,2424093.835
2012-06-15,10,12,499.42,2147505.347,2067006.065
2012-06-15,11,12,436.261,1875924.425,1805033.64
2012-06-15,12,12,670.415,2882782.841,2773068.816
2012-06-15,13,12,722.9,3108468.411,2988849.588
2012-06-15,14,12,342.726,1473723.502,1415890.9
2012-06-15,15,12,205.629,884203.387,842982.98
2012-06-15,16,12,133.066,572184.195,538540.064
2012-06-15,17,12,46.044,197987.551,172319.284
2012-06-16,6,12,156.396,672502.603,636514.414
2012-06-16,7,12,340.705,1465033.477,1407467.576
2012-06-16,8,12,560.565,2410429.341,2320020.254
2012-06-16,9,12,713.503,3068063.239,2950250.068
2012-06-16,10,12,840.003,3612014.122,3468708.314
2012-06-16,11,12,882.499,3794745.146,3583333.333
2012-06-16,12,12,747.053,3212327.268,3088002.354
2012-06-16,13,12,508.102,2184840.415,2102970.359
2012-06-16,14,12,515.145,2215122.67,2132131.936
2012-06-16,15,12,254.986,1096439.984,1049585.115
2012-06-16,16,12,109.022,468793.555,437474.208
2012-06-16,17,12,39.833,171281.568,146136.24
2012-06-17,6,12,120.535,518301.832,485880.802
2012-06-17,7,12,272.301,1170894.782,1121971.0
2012-06-17,8,12,495.793,2131911.669,2051981.347
2012-06-17,9,12,575.619,2475159.698,2382219.178
2012-06-17,10,12,505.686,2174449.631,2092962.288
2012-06-17,11,12,640.535,2754299.158,2650027.238
2012-06-17,12,12,664.373,2856804.115,2748201.969
2012-06-17,13,12,492.762,2118877.073,2039420.726
2012-06-17,14,12,324.885,1397004.423,1341503.794
2012-06-17,15,6,263.884,1134699.467,1086787.449
2012-06-18,11,12,639.982,2751924.185,2647751.516
2012-06-18,12,12,597.161,2567791.954,2471165.81
2012-06-18,13,12,442.04,1900769.899,1829026.588
2012-06-18,14,12,332.351,1429109.236,1372638.934
2012-06-18,15,12,159.315,685053.9,648766.311
2012-06-18,16,12,62.713,269665.25,242562.948
2012-06-18,17,12,22.466,96603.048,72887.293
2012-06-19,6,12,151.82,652826.737,617305.158
2012-06-19,7,12,271.692,1168276.108,1119425.905
2012-06-19,8,12,411.767,1770596.49,1703260.557
2012-06-19,9,12,634.921,2730160.642,2626895.214
2012-06-19,10,12,656.186,2821598.748,2714494.063
2012-06-19,11,12,511.589,2199833.929,2117409.987
2012-06-19,12,12,592.36,2547146.24,2451347.967
2012-06-19,13,12,495.5,2130649.559,2050765.195
2012-06-19,14,12,318.819,1370923.758,1316204.291
2012-06-19,15,12,171.125,735837.5,698324.606
2012-06-19,16,12,136.237,585818.073,551860.479
2012-06-19,17,12,43.389,186574.723,161130.689
2012-06-20,6,12,112.829,485164.176,453482.887
2012-06-20,7,12,192.108,826063.803,786318.925
2012-06-20,8,12,347.081,1492447.301,1434037.84
2012-06-20,9,12,497.021,2137192.231,2057069.475
2012-06-20,10,12,405.379,1743131.476,1676706.728
2012-06-20,11,12,863.289,3712140.928,3563863.792
2012-06-20,12,12,796.304,3424105.798,3289895.697
2012-06-20,13,12,672.39,2891276.929,2781198.096
2012-06-20,14,12,524.765,2256491.636,2171957.112
2012-06-20,15,12,307.862,1323806.472,1270483.341
2012-06-20,16,12,149.058,640950.657,605709.097
2012-06-20,17,12,35.361,152050.277,127277.704
2012-06-21,6,12,96.661,415640.578,385480.425
2012-06-21,7,12,335.819,1444021.11,1387097.388
2012-06-21,8,12,573.969,2468065.388,2375404.075
2012-06-21,9,12,730.463,3140990.25,3019907.816
2012-06-21,10,12,830.066,3569283.313,3428072.712
2012-06-21,11,12,861.823,3705837.438,3557875.83
2012-06-21,12,12,822.854,3538270.269,3398570.433
2012-06-21,13,12,712.476,3063647.619,2946030.921
2012-06-21,14,12,546.561,2350213.896,2262127.147
2012-06-21,15,12,340.743,1465194.55,1407623.712
2012-06-21,16,12,133.085,572263.629,538617.675
2012-06-21,17,12,29.661,127540.63,103238.487
2012-06-22,6,12,171.86,738998.439,701408.54
2012-06-22,7,12,267.309,1149426.981,1101104.653
2012-06-22,8,12,437.951,1883187.295,1812047.85
2012-06-22,9,12,701.378,3015924.856,2900420.819
2012-06-22,10,12,825.739,3550678.222,3410374.945
2012-06-22,11,12,853.604,3670498.358,3524299.319
2012-06-22,12,12,817.615,3515746.459,3377138.632
2012-06-22,13,12,711.596,3059861.289,2942412.929
2012-06-22,14,12,545.307,2344820.361,2256940.096
2012-06-22,15,12,354.656,1525021.654,1465601.39
2012-06-22,16,12,137.34,590562.9,556495.839
2012-06-22,17,12,38.815,166905.224,141845.002
2012-06-23,6,12,166.119,714310.321,677319.557
2012-06-23,7,12,279.135,1200281.188,1150527.638
2012-06-23,8,12,577.216,2482026.724,2388815.527
2012-06-23,9,12,707.66,3042939.748,2926242.194
2012-06-23,10,12,749.75,3223925.441,3099069.197
2012-06-23,11,12,841.289,3617543.634,3473965.547
2012-06-23,12,12,879.69,3782665.517,3583333.333
2012-06-23,13,12,730.183,3139788.255,3018760.078
2012-06-23,14,12,567.945,2442162.347,2350516.793
2012-06-23,15,12,340.014,1462061.34,1404586.505
2012-06-23,16,12,164.607,707811.597,670977.668
2012-06-23,17,12,44.132,189767.95,164261.29
2012-06-24,6,12,134.709,579248.793,545442.436
2012-06-24,7,12,317.586,1365621.131,1311059.768
2012-06-24,8,12,564.855,2428876.447,2337749.634
2012-06-24,9,12,728.049,3130609.175,3009994.923
2012-06-24,10,12,801.609,3446918.658,3311620.583
2012-06-24,11,12,826.624,3554482.204,3413993.66
2012-06-24,12,12,793.296,3411173.584,3277578.238
2012-06-24,13,12,713.178,3066663.885,2948912.997
2012-06-24,14,12,557.303,2396402.268,2306536.966
2012-06-24,15,12,357.626,1537793.237,1477974.158
2012-06-24,16,12,134.767,579496.931,545684.869
2012-06-24,17,12,33.627,144595.885,119966.939
2012-06-25,6,12,138.695,596390.334,562188.563
2012-06-25,7,12,241.048,1036504.762,991280.52
2012-06-25,8,12,412.624,1774283.528,1706824.777
2012-06-25,9,12,425.726,1830623.06,1761272.968
2012-06-25,10,12,545.997,2347788.085,2259794.236
2012-06-25,11,12,299.244,1286748.963,1234510.558
2012-06-25,12,12,406.198,1746653.028,1680111.812
2012-06-25,13,12,483.529,2079176.652,2001154.874
2012-06-25,14,12,338.327,1454804.649,1397551.837
2012-06-25,15,12,233.029,1002022.681,957722.499
2012-06-25,16,12,155.957,670613.168,634669.932
2012-06-25,17,12,37.875,162861.617,137879.885
2012-06-26,6,12,85.765,368788.884,339630.246
2012-06-26,7,12,167.799,721535.777,684370.21
2012-06-26,8,12,242.267,1041747.373,996381.737
2012-06-26,9,12,501.185,2155094.335,2074317.396
2012-06-26,10,12,483.436,2078773.307,2000766.033
2012-06-26,11,12,645.696,2776492.289,2671290.546
2012-06-26,12,12,504.571,2169654.936,2088343.877
2012-06-26,13,12,276.48,1188864.83,1139434.523
2012-06-26,14,12,156.057,671045.132,635091.622
2012-06-26,15,12,102.444,440507.793,409808.361
2012-06-26,16,12,85.762,368775.929,339617.565
2012-06-26,17,12,27.932,120107.42,95946.92
2012-06-27,6,12,147.199,632954.118,597900.417
2012-06-27,7,12,359.468,1545711.711,1485644.655
2012-06-27,8,12,554.421,2384011.525,2294625.158
2012-06-27,9,12,573.544,2466237.829,2373648.372
2012-06-27,10,12,608.292,2615657.713,2517098.025
2012-06-27,11,12,714.949,3074280.659,2956190.559
2012-06-27,12,12,646.274,2778979.587,2673673.369
2012-06-27,13,12,609.123,2619229.115,2520524.366
2012-06-27,14,12,502.273,2159773.802,2078825.407
2012-06-27,15,12,244.725,1052319.089,1006667.611
2012-06-27,16,12,142.737,613767.648,579162.43
2012-06-27,17,12,43.529,187172.681,161716.926
2012-06-28,6,12,140.771,605313.831,570905.21
2012-06-28,7,12,331.375,1424914.265,1368571.171
2012-06-28,8,12,486.208,2090696.275,2012259.64
2012-06-28,9,12,616.479,2650861.299,2550866.915
2012-06-28,10,12,784.631,3373915.302,3242083.006
2012-06-28,11,12,538.299,2314685.499,2227954.272
2012-06-28,12,12,672.826,2893152.001,2782992.552
2012-06-28,13,12,611.029,2627425.328,2528387.252
2012-06-28,14,12,546.669,2350676.343,2262571.878
2012-06-28,15,12,363.425,1562727.853,1502126.083
2012-06-28,16,12,140.529,604273.563,569889.092
2012-06-28,17,12,42.792,184003.725,158610.049
2012-06-29,6,12,146.3,629087.926,594124.853
2012-06-29,7,12,353.969,1522067.17,1462738.963
2012-06-29,8,12,543.959,2339022.157,2251363.587
2012-06-29,9,12,734.492,3158316.903,3036450.966
2012-06-29,10,12,829.331,3566124.507,3425068.164
2012-06-29,11,12,784.849,3374852.65,3242976.147
2012-06-29,12,12,784.073,3371513.926,3239794.851
2012-06-29,13,12,700.489,3012101.915,2896766.265
2012-06-29,14,9,582.299,2503883.919,2409808.465
2012-08-20,6,12,137.377,590721.285,556650.567
2012-08-20,7,12,351.274,1510477.937,1451510.107
2012-08-20,8,12,551.883,2373097.804,2284132.181
2012-08-20,9,12,712.966,3065754.813,2948044.377
2012-08-20,10,12,836.409,3596557.245,3454011.153
2012-08-20,11,12,863.331,3712321.86,3564035.663
2012-08-20,12,12,818.165,3518108.723,3379386.573
2012-08-20,13,12,710.242,3054041.461,2936851.605
2012-08-20,14,12,544.904,2343089.152,2255275.11
2012-08-20,15,12,336.285,1446024.992,1389040.192
2012-08-20,16,12,124.025,533306.467,500547.362
2012-08-20,17,12,23.121,99420.289,75651.479
2012-08-21,6,12,84.602,363790.366,334737.456
2012-08-21,7,12,332.985,1431835.571,1375282.513
2012-08-21,8,12,572.364,2461165.722,2368775.539
2012-08-21,9,12,698.536,3003702.689,2888736.552
2012-08-21,10,12,846.217,3638732.461,3494108.559
2012-08-21,11,12,778.86,3349095.864,3218431.356
2012-08-21,12,12,775.878,3336276.18,3206212.769
2012-08-21,13,12,483.755,2080146.624,2002089.958
2012-08-21,14,12,396.867,1706526.82,1641306.336
2012-08-21,15,12,174.956,752309.36,714394.243
2012-08-21,16,12,112.293,482860.786,451230.563
2012-08-21,17,12,27.939,120136.546,95975.492
2012-08-22,6,12,113.177,486662.899,454948.359
2012-08-22,7,12,358.386,1541059.278,1481137.984
2012-08-22,8,12,568.082,2442753.92,2351085.233
2012-08-22,9,12,744.428,3201042.318,3077233.268
2012-08-22,10,12,813.208,3496794.951,3359102.539
2012-08-22,11,12,845.514,3635709.134,3491234.692
2012-08-22,12,12,816.678,3511716.533,3373303.623
2012-08-22,13,12,709.424,3050522.329,2933488.643
2012-08-22,14,12,535.31,2301834.597,2215590.986
2012-08-22,15,12,318.58,1369894.653,1315205.889
2012-08-22,16,12,131.048,563506.527,530061.07
2012-08-22,17,12,20.095,86407.317,62882.998
2012-08-23,6,12,76.958,330917.589,302554.625
2012-08-23,7,12,335.692,1443477.432,1386570.275
2012-08-23,8,12,568.809,2445877.422,2354086.542
2012-08-23,9,12,688.333,2959832.009,2846785.995
2012-08-23,10,12,732.474,3149637.829,3028164.68
2012-08-23,11,12,738.823,3176936.997,3054226.176
2012-08-23,12,12,573.628,2466598.532,2373994.896
2012-08-23,13,12,421.849,1813949.005,1745161.526
2012-08-23,14,12,403.378,1734526.344,1668385.739
2012-08-23,15,12,191.469,823314.963,783639.124
2012-08-23,16,12,68.366,293975.349,266376.593
2012-08-23,17,12,17.78,76452.976,53114.694
2012-08-24,6,12,159.199,684554.637,648278.983
2012-08-24,7,12,303.301,1304193.05,1251445.511
2012-08-24,8,12,530.176,2279755.86,2194346.672
2012-08-24,9,12,406.493,1747920.825,1681337.654
2012-08-24,10,12,747.868,3215831.037,3091345.733
2012-08-24,11,12,877.663,3773949.015,3583333.333
2012-08-24,12,12,817.7,3516109.238,3377483.857
2012-08-24,13,12,686.237,2950820.181,2838166.534
2012-08-24,14,12,265.881,1143286.771,1095135.738
2012-08-24,15,12,117.39,504776.083,472658.139
2012-08-24,16,12,100.316,431359.195,400858.784
2012-08-24,17,12,19.248,82765.667,59309.506
2012-08-25,6,12,143.092,615297.004,580656.154
2012-08-25,7,12,296.915,1276736.584,1224789.217
2012-08-25,8,12,529.705,2277730.976,2192398.103
2012-08-25,9,12,637.716,2742177.607,2638411.742
2012-08-25,10,12,823.745,3542103.916,3402217.779
2012-08-25,11,12,856.991,3685059.401,3538135.424
2012-08-25,12,12,812.584,3494111.112,3356548.087
2012-08-25,13,12,704.162,3027898.116,2911865.879
2012-08-25,14,12,542.835,2334188.988,2246714.993
2012-08-25,15,12,346.939,1491836.088,1433445.506
2012-08-25,16,12,136.162,585495.043,551544.895
2012-08-25,17,12,22.044,94791.098,71109.43
2012-08-26,6,12,99.702,428717.77,398274.687
2012-08-26,7,12,211.638,910044.869,868159.246
2012-08-26,8,12,359.306,1545016.324,1484971.067
2012-08-26,9,12,465.444,2001408.986,1926157.835
2012-08-26,10,12,800.391,3441679.299,3306631.494
2012-08-26,11,12,780.605,3356601.055,3225583.979
2012-08-26,12,12,775.862,3336207.943,3206147.727
2012-08-26,13,12,720.241,3097036.607,2977930.088
2012-08-26,14,12,431.65,1856095.667,1785881.438
2012-08-26,15,12,351.646,1512076.805,1453059.327
2012-08-26,16,12,110.917,476944.02,445444.762
2012-08-26,17,12,22.597,97168.824,73442.419
2012-08-27,6,12,138.404,595137.595,560964.807
2012-08-27,7,12,248.991,1070661.297,1024511.582
2012-08-27,8,12,392.623,1688278.167,1623653.722
2012-08-27,9,12,583.327,2508305.286,2414054.504
2012-08-27,10,12,772.313,3320944.436,3191598.043
2012-08-27,11,12,875.574,3764969.499,3583333.333
2012-08-27,12,12,789.327,3394105.401,3261319.206
2012-08-27,13,12,692.942,2979650.667,2865739.295
2012-08-27,14,12,492.09,2115986.576,2036635.137
2012-08-27,15,12,310.567,1335437.301,1281771.271
2012-08-27,16,12,113.051,486120.534,454418.029
2012-08-27,17,12,9.617,41353.079,18663.94
2012-08-28,6,12,112.74,484783.503,453110.656
2012-08-28,7,12,276.426,1188632.037,1139208.311
2012-08-28,8,12,497.723,2140210.982,2059978.108
2012-08-28,9,12,687.496,2956234.538,2843345.239
2012-08-28,10,12,776.488,3338898.401,3208712.153
2012-08-28,11,12,838.705,3606433.036,3463401.78
2012-08-28,12,12,760.14,3268603.744,3141689.847
2012-08-28,13,12,550.955,2369106.271,2280294.272
2012-08-28,14,12,292.422,1257412.522,1206024.414
2012-08-28,15,12,197.774,850427.381,810067.735
2012-08-28,16,12,108.606,467006.743,435726.76
2012-08-28,17,12,13.588,58426.263,35422.7
2012-08-29,6,12,151.873,653054.612,617527.649
2012-08-29,7,12,326.322,1403185.673,1347499.042
2012-08-29,8,12,354.432,1524057.943,1464667.715
2012-08-29,9,12,700.513,3012207.434,2896867.138
2012-08-29,10,12,866.072,3724109.823,3575232.628
2012-08-29,11,12,629.686,2707648.797,2605317.494
2012-08-29,12,12,462.567,1989038.053,1914222.819
2012-08-29,13,12,730.394,3140693.029,3019624.012
2012-08-29,14,12,305.31,1312832.391,1259831.724
2012-08-29,15,12,223.127,959445.165,916271.803
2012-08-29,16,12,95.132,409066.985,379048.496
2012-08-29,17,12,15.74,67681.818,44506.749
2012-08-30,6,12,114.981,494419.463,462532.522
2012-08-30,7,12,351.198,1510151.851,1451194.144
2012-08-30,8,12,567.284,2439320.628,2347786.156
2012-08-30,9,12,726.79,3125195.913,3004825.428
2012-08-30,10,12,831.735,3576460.848,3434899.417
2012-08-30,11,12,841.769,3619607.964,3475928.158
2012-08-30,12,12,723.034,3109048.276,2989403.436
2012-08-30,13,12,510.093,2193401.58,2111215.499
2012-08-30,14,12,416.753,1792040.004,1723988.122
2012-08-30,15,12,196.71,845851.995,805608.192
2012-08-30,16,12,115.453,496449.651,464517.5
2012-08-30,17,12,14.487,62294.397,39219.247
2012-08-31,6,12,101.924,438272.723,407621.98
2012-08-31,7,12,343.708,1477944.019,1419981.653
2012-08-31,8,12,473.431,2035754.216,1959285.896
2012-08-31,9,12,738.01,3173444.13,3050892.026
2012-08-31,10,12,754.341,3243665.548,3117902.305
2012-08-31,11,12,853.024,3668004.833,3521929.753
2012-08-31,12,12,794.735,3417360.129,3283470.876
2012-08-31,13,12,685.362,2947057.779,2834567.736
2012-08-31,14,12,503.806,2166366.373,2085176.107
2012-08-31,15,12,331.831,1426871.941,1370469.501
2012-08-31,16,12,136.664,587654.474,553654.536
2012-08-31,17,12,15.488,66598.81,43443.847
2012-09-01,6,12,96.405,414543.266,384406.786
2012-09-01,7,12,277.381,1192738.978,1143199.105
2012-09-01,8,12,379.307,1631020.1,1568247.128
2012-09-01,9,12,538.757,2316655.646,2229849.538
2012-09-01,10,12,865.087,3719874.825,3571210.093
2012-09-01,11,12,868.636,3735133.526,3583333.333
2012-09-01,12,12,805.291,3462753.121,3326697.235
2012-09-01,13,12,682.285,2933824.306,2821908.733
2012-09-01,14,12,517.228,2224081.445,2140757.646
2012-09-01,15,12,324.709,1396250.246,1340772.288
2012-09-01,16,12,113.806,489365.066,457590.525
2012-09-01,17,12,14.258,61307.672,38250.796
2012-09-02,6,12,121.332,521728.903,489230.828
2012-09-02,7,12,359.183,1544486.424,1484457.776
2012-09-02,8,12,463.064,1991173.735,1916283.34
2012-09-02,9,12,570.705,2454032.529,2361922.219
2012-09-02,10,12,823.014,3538961.111,3399227.713
2012-09-02,11,12,816.495,3510927.739,3372552.965
2012-09-02,12,12,825.712,3550560.707,3410263.151
2012-09-02,13,12,576.052,2477025.097,2384011.089
2012-09-02,14,12,435.198,1871350.625,1800616.199
2012-09-02,15,12,233.62,1004566.318,960198.322
2012-09-02,16,12,93.354,401421.151,371566.963
2012-09-02,17,12,13.022,55995.435,33036.792
2012-09-03,6,12,123.967,533056.027,500302.58
2012-09-03,7,12,283.528,1219168.382,1168877.582
2012-09-03,8,12,545.161,2344191.071,2256334.881
2012-09-03,9,12,739.801,3181142.363,3058240.31
2012-09-03,10,12,797.242,3428140.971,3293738.755
2012-09-03,11,12,852.822,3667134.244,3521102.43
2012-09-03,12,12,803.064,3453175.19,3317577.947
2012-09-03,13,12,689.264,2963833.3,2850612.848
2012-09-03,14,12,519.628,2234400.69,2150692.388
2012-09-03,15,12,308.729,1327533.88,1274100.986
2012-09-03,16,12,103.284,444119.435,413341.235
2012-09-03,17,12,7.717,33185.125,10645.518
2012-09-04,6,12,105.28,452701.992,421736.158
2012-09-04,7,12,372.939,1603639.586,1541741.96
2012-09-04,8,12,580.664,2496856.239,2403059.117
2012-09-04,9,12,723.941,3112945.976,2993126.188
2012-09-04,10,12,823.649,3541690.322,3401824.29
2012-09-04,11,12,882.379,3794228.24,3583333.333
2012-09-04,12,12,765.16,3290189.208,3162275.013
2012-09-04,13,12,546.435,2349672.375,2261606.369
2012-09-04,14,12,453.565,1950330.289,1876870.463
2012-09-04,15,12,312.812,1345091.821,1291140.269
2012-09-04,16,12,101.456,436258.788,405651.879
2012-09-04,17,12,11.268,48451.737,25632.173
2012-09-05,6,12,88.719,381491.535,352063.236
2012-09-05,7,12,223.97,963072.106,919803.366
2012-09-05,8,12,389.143,1673316.182,1609178.277
2012-09-05,9,12,513.025,2206007.595,2123355.023
2012-09-05,10,12,618.631,2660114.452,2559741.183
2012-09-05,11,12,870.253,3742086.212,3583333.333
2012-09-05,12,12,660.791,2841401.323,2733455.653
2012-09-05,13,12,511.158,2197979.696,2115624.358
2012-09-05,14,12,504.912,2171121.351,2089756.397
2012-09-05,15,12,288.574,1240869.156,1189957.265
2012-09-05,16,12,104.479,449258.374,418367.901
2012-09-05,17,12,14.236,61216.504,38161.315
2012-09-06,6,12,125.857,541186.802,508249.362
2012-09-06,7,12,378.893,1629241.868,1566525.943
2012-09-06,8,12,594.57,2556650.18,2460471.267
2012-09-06,9,12,746.311,3209135.578,3084956.676
2012-09-06,10,12,830.266,3570144.807,3428892.12
2012-09-06,11,12,879.037,3779857.363,3583333.333
2012-09-23,16,12,73.909,317809.893,289719.433
2012-09-23,17,12,2.954,12703.623,0.0
2012-09-24,6,12,124.316,534557.171,501769.797
2012-09-24,7,12,342.987,1474844.397,1416977.347
2012-09-24,8,12,508.371,2185994.848,2104082.215
2012-09-24,9,12,405.549,1743862.264,1677413.356
2012-09-24,10,12,447.275,1923282.677,1850762.272
2012-09-24,11,12,528.972,2274578.202,2189364.083
2012-09-24,12,12,567.662,2440944.602,2349346.657
2012-09-24,13,12,566.718,2436888.198,2345448.753
2012-09-24,14,12,444.937,1913230.367,1841057.489
2012-09-24,15,12,175.427,754334.031,716369.313
2012-09-24,16,12,77.67,333981.229,305554.36
2012-09-24,17,12,3.582,15403.038,0.0
2012-09-25,6,12,82.184,353393.089,324559.412
2012-09-25,7,12,295.962,1272636.279,1220807.849
2012-09-25,8,12,585.734,2518654.392,2423992.559
2012-09-25,9,12,688.164,2959103.869,2846089.583
2012-09-25,10,12,789.188,3393509.78,3260751.777
2012-09-25,11,12,802.856,3452279.095,3316724.721
2012-09-25,12,12,754.309,3243530.07,3117773.063
2012-09-25,13,12,652.171,2804336.525,2697962.173
2012-09-25,14,12,477.186,2051897.865,1974853.902
2012-09-25,15,12,271.767,1168597.373,1119738.146
2012-09-25,16,12,78.381,337036.771,308546.084
2012-09-25,17,12,3.012,12952.514,0.0
2012-09-26,6,12,90.621,389670.289,360067.629
2012-09-26,7,12,166.068,714090.374,677104.923
2012-09-26,8,12,567.332,2439528.038,2347985.46
2012-09-26,9,12,639.492,2749817.344,2645732.68
2012-09-26,10,12,739.553,3180079.033,3057225.347
2012-09-26,11,12,741.885,3190104.865,3066794.744
2012-09-26,12,12,762.901,3280473.266,3153009.818
2012-09-26,13,12,636.153,2735458.415,2631972.52
2012-09-26,14,12,475.286,2043727.689,1966975.336
2012-09-26,15,12,267.244,1149150.287,1100835.685
2012-09-26,16,12,76.285,328027.248,299724.501
2012-09-26,17,12,2.774,11929.587,0.0
2012-09-27,6,12,137.798,592530.67,558418.154
2012-09-27,7,12,372.201,1600465.384,1538668.817
2012-09-27,8,12,526.019,2261880.316,2177143.611
2012-09-27,9,12,589.857,2536384.39,2441016.194
2012-09-27,10,12,684.335,2942640.394,2830342.28
2012-09-27,11,12,558.579,2401889.799,2311811.965
2012-09-27,12,12,498.689,2144363.752,2063979.265
2012-09-27,13,12,281.823,1211837.88,1161755.963
2012-09-27,14,12,293.28,1261105.183,1209610.455
2012-09-27,15,12,111.984,481532.923,449932.118
2012-09-27,16,12,68.434,294265.805,266661.086
2012-09-27,17,12,2.471,10623.789,0.0
2012-09-28,6,12,156.958,674917.303,638871.62
2012-09-28,7,12,260.424,1119825.205,1072325.682
2012-09-28,8,12,511.851,2200958.354,2118492.796
2012-09-28,9,12,692.885,2979404.423,2865503.824
2012-09-28,10,12,734.911,3160118.278,3038170.735
2012-09-28,11,12,722.47,3106622.906,2987086.864
2012-09-28,12,12,619.988,2665949.251,2565336.687
2012-09-28,13,12,492.552,2117973.738,2038550.184
2012-09-28,14,12,358.572,1541859.791,1481913.43
2012-09-28,15,12,157.628,677798.974,641684.611
2012-09-28,16,12,51.461,221282.748,195153.293
2012-09-28,17,12,1.871,8044.848,0.0
2012-09-29,6,12,91.361,392854.249,363183.553
2012-09-29,7,12,146.654,630610.181,595611.44
2012-09-29,8,12,362.463,1558589.809,1498118.303
2012-09-29,9,12,430.044,1849190.64,1779211.213
2012-09-29,10,12,607.052,2610324.179,2511980.921
2012-09-29,11,12,415.858,1788190.127,1720267.077
2012-09-29,12,12,425.921,1831459.76,1762081.372
2012-09-29,13,12,271.856,1168978.654,1120108.716
2012-09-29,14,12,248.908,1070302.391,1024162.454
2012-09-29,15,12,65.626,282191.472,254834.0
2012-09-29,16,12,65.868,283232.492,255853.753
2012-09-29,17,12,2.328,10009.062,0.0
2012-09-30,6,12,149.574,643169.733,607875.943
2012-09-30,7,12,220.06,946259.041,903431.472
2012-09-30,8,12,503.19,2163716.4,2082623.402
2012-09-30,9,12,431.151,1853949.589,1783808.381
2012-09-30,10,12,686.229,2950784.093,2838132.015
2012-09-30,11,12,457.586,1967619.366,1893555.739
2012-09-30,12,12,476.989,2051052.781,1974039.008
2012-09-30,13,12,613.197,2636749.056,2537331.092
2012-09-30,14,12,418.708,1800443.186,1732109.657
2012-09-30,15,12,223.459,960872.599,917661.713
2012-09-30,16,12,73.023,313999.733,285988.206
2012-09-30,17,12,0.803,3451.827,0.0
2012-10-01,6,12,147.614,634740.255,599644.641
2012-10-01,7,12,346.026,1487912.972,1429643.487
2012-10-01,8,12,501.889,2158121.193,2077233.371
2012-10-01,9,12,328.928,1414388.444,1358363.865
2012-10-01,10,12,624.535,2685501.806,2584085.213
2012-10-01,11,12,333.029,1432024.887,1375466.08
2012-10-01,12,12,472.9,2033471.5,1957084.394
2012-10-01,13,12,399.116,1716198.225,1650660.685
2012-10-01,14,12,247.88,1065882.358,1019862.736
2012-10-01,15,12,173.878,747673.974,709872.285
2012-10-01,16,12,51.826,222850.677,196690.013
2012-10-01,17,12,1.611,6927.925,0.0
2012-10-02,6,12,77.364,332663.75,304264.372
2012-10-02,7,12,188.178,809163.444,769841.998
2012-10-02,8,12,283.688,1219856.691,1169546.254
2012-10-02,9,12,272.494,1171723.588,1122776.505
2012-10-02,10,12,518.393,2229091.933,2145581.555
2012-10-02,11,12,658.565,2831831.106,2724292.292
2012-10-02,12,12,707.078,3040434.062,2923847.475
2012-10-02,13,12,607.751,2613328.089,2514862.965
2012-10-02,14,12,393.142,1690510.755,1625813.543
2012-10-02,15,12,207.065,890380.665,849001.767
2012-10-02,16,12,61.29,263548.43,236570.238
2012-10-02,17,12,1.145,4923.553,0.0
2012-10-03,6,12,125.573,539965.735,507055.964
2012-10-03,7,12,300.466,1292001.724,1239610.285
2012-10-03,8,12,420.02,1806085.612,1737562.625
2012-10-03,9,12,405.544,1743837.993,1677389.887
2012-10-03,10,12,385.028,1655620.033,1592055.081
2012-10-03,11,12,374.242,1609241.02,1547164.846
2012-10-03,12,12,544.985,2343435.129,2255607.855
2012-10-03,13,12,311.904,1341188.711,1287352.686
2012-10-03,14,12,111.891,481130.46,449538.568
2012-10-03,15,12,70.037,301157.778,273411.366
2012-10-03,16,12,22.835,98189.129,74443.513
2012-10-03,17,12,0.545,2343.288,0.0
2012-10-04,6,12,152.101,654034.159,618484.042
2012-10-04,7,12,335.743,1443696.316,1386782.49
2012-10-04,8,12,472.725,2032717.323,1956357.039
2012-10-04,9,12,549.499,2362845.587,2274274.268
2012-10-04,10,12,529.228,2275678.356,2190422.808
2012-10-04,11,12,697.352,2998614.973,2883872.368
2012-10-04,12,12,707.171,3040836.084,2924231.696
2012-10-04,13,12,378.259,1626513.834,1563885.372
2012-10-04,14,12,294.825,1267747.147,1216060.346
2012-10-04,15,12,163.158,701578.274,664894.433
2012-10-04,16,12,42.765,183889.871,158498.423
2012-10-04,17,12,1.398,6011.351,0.0
2012-10-05,6,12,147.722,635206.369,600099.813
2012-10-05,7,12,351.991,1513562.49,1454498.857
2012-10-05,8,12,552.119,2374113.229,2285108.503
2012-10-05,9,12,651.145,2799923.112,2693735.07
2012-10-05,10,12,596.459,2564773.922,2468269.028
2012-10-05,11,12,516.111,2219277.042,2136131.945
2012-10-05,12,12,490.358,2108538.803,2029457.341
2012-10-05,13,12,260.468,1120011.433,1072506.757
2012-10-05,14,12,408.773,1757723.409,1690815.368
2012-10-05,15,12,261.793,1125711.227,1078048.701
2012-10-05,16,12,50.297,216276.232,190246.289
2012-10-05,17,12,0.631,2714.86,0.0
2012-10-06,6,12,130.055,559235.627,525887.712
2012-10-06,7,12,302.268,1299752.227,1247134.55
2012-10-06,8,12,442.753,1903836.915,1831987.995
2012-10-06,9,12,516.304,2220105.798,2136929.889
2012-10-06,10,12,645.095,2773909.524,2668816.21
2012-10-06,11,12,503.812,2166391.985,2085200.778
2012-10-06,12,12,322.806,1388066.39,1332834.132
2012-10-06,13,12,337.132,1449669.715,1392573.735
2012-10-06,14,12,284.058,1221449.333,1171093.442
2012-10-06,15,12,193.591,832441.431,792536.121
2012-10-06,16,12,58.729,252535.858,225780.298
2012-10-06,17,12,0.586,2520.69,0.0
2012-10-07,6,12,145.4,625218.723,590346.219
2012-10-07,7,12,270.317,1162363.167,1113678.888
2012-10-07,8,12,526.015,2261866.195,2177130.019
2012-10-07,9,12,675.155,2903166.8,2792576.265
2012-10-07,10,12,738.933,3177410.068,3054677.742
2012-10-07,11,12,776.485,3338884.688,3208699.083
2012-10-07,12,12,692.439,2977487.869,2863671.098
2012-10-07,13,12,520.638,2238741.338,2154871.025
2012-10-07,14,12,348.966,1500555.255,1441895.056
2012-10-07,15,12,197.179,847870.064,807575.188
2012-10-07,16,12,47.907,205999.302,180172.951
2012-10-07,17,12,0.761,3270.454,0.0
2012-10-08,6,12,88.013,378455.681,349091.957
2012-10-08,7,12,273.331,1175324.949,1126276.552
2012-10-08,8,12,487.321,2095480.819,2016871.541
2012-10-08,9,12,667.08,2868445.977,2759346.286
2012-10-08,10,12,764.231,3286192.477,3158463.8
2012-10-08,11,12,779.021,3349790.025,3219092.928
2012-10-08,12,12,667.182,2868881.979,2759763.631
2012-10-08,13,12,535.966,2304655.696,2218305.163
2012-10-08,14,12,258.433,1111262.274,1063999.352
2012-10-08,15,12,169.727,729827.473,692460.752
2012-10-08,16,12,44.71,192255.101,166699.602
2012-10-08,17,12,0.505,2170.741,0.0
2012-10-09,6,12,133.808,575373.58,541656.264
2012-10-09,7,12,338.227,1454377.915,1397138.145
2012-10-09,8,12,526.681,2264726.242,2179882.657
2012-10-09,9,12,663.87,2854641.759,2746131.897
2012-10-09,10,12,745.586,3206021.131,3081984.623
2012-10-09,11,12,752.514,3235810.458,3110408.536
2012-10-09,12,12,693.87,2983643.083,2869556.976
2012-10-09,13,12,572.624,2462282.646,2369848.6
2012-10-09,14,12,401.267,1725449.138,1659607.571
2012-10-09,15,12,191.029,821424.887,781796.481
2012-10-09,16,12,44.162,189894.602,164385.456
2012-10-09,17,12,0.598,2571.88,0.0
2012-10-10,6,12,129.56,557109.973,523810.548
2012-10-10,7,12,309.636,1331434.278,1277886.396
2012-10-10,8,12,343.005,1474919.858,1417050.489
2012-10-10,9,12,471.565,2027729.341,1951546.329
2012-10-10,10,12,715.758,3077760.745,2959515.493
2012-10-10,11,12,710.359,3054545.423,2937333.194
2012-10-10,12,12,677.708,2914143.186,2803079.178
2012-10-10,13,12,509.547,2191052.997,2108953.674
2012-10-10,14,12,405.301,1742794.325,1676380.721
2012-10-10,15,12,204.273,878372.968,837301.85
2012-10-10,16,12,45.825,197048.03,171398.264
2012-10-10,17,12,0.595,2559.083,0.0
2012-10-11,6,12,146.591,630341.898,595349.444
2012-10-11,7,12,350.71,1508051.57,1449159.044
2012-10-11,8,12,539.431,2319555.213,2232638.837
2012-10-11,9,12,661.123,2842829.557,2734823.101
2012-10-11,10,12,728.4,3132118.853,3011436.573
2012-10-11,11,12,743.519,3197133.846,3073503.207
2012-10-11,12,12,676.522,2909043.114,2798199.23
2012-10-11,13,12,534.202,2297069.797,2211006.619
2012-10-11,14,12,331.296,1424570.936,1368238.246
2012-10-11,15,12,203.4,874618.853,833643.704
2012-10-11,16,12,40.132,172567.95,147397.574
2012-10-11,17,12,0.536,2303.571,0.0
2012-10-12,6,12,133.29,573145.145,539478.972
2012-10-12,7,12,339.951,1461791.266,1404324.702
2012-10-12,8,12,509.732,2191847.773,2109719.096
2012-10-12,9,12,672.479,2891661.299,2781565.943
2012-10-12,10,12,716.841,3082417.755,2963964.717
2012-10-12,11,12,749.83,3224268.329,3099396.359
2012-10-12,12,12,661.499,2844446.47,2736371.176
2012-10-12,13,12,555.933,2390514.039,2300876.499
2012-10-12,14,12,393.629,1692603.387,1627837.931
2012-10-12,15,12,199.884,859500.452,818910.553
2012-10-12,16,12,42.357,182136.156,156779.024
2012-10-12,17,12,0.533,2292.098,0.0
2012-10-13,6,12,64.899,279066.413,251772.728
2012-10-13,7,12,144.56,621607.669,586819.575
2012-10-13,8,12,226.71,974852.894,931273.574
2012-10-13,9,12,503.985,2167136.453,2085917.909
2012-10-13,10,12,645.453,2775449.21,2670291.264
2012-10-13,11,12,729.323,3136086.997,3015225.814
2012-10-13,12,12,680.03,2924129.3,2812633.631
2012-10-13,13,12,565.26,2430619.13,2339424.361
2012-10-13,14,12,404.657,1740026.509,1673704.361
2012-10-13,15,12,219.368,943282.933,900533.201
2012-10-13,16,12,34.294,147463.434,122779.294
2012-10-13,17,12,0.321,1379.054,0.0
2012-10-14,6,12,135.767,583796.023,549885.02
2012-10-14,7,12,331.486,1425390.425,1369032.899
2012-10-14,8,12,371.309,1596630.07,1534955.494
2012-10-14,9,12,590.639,2539747.075,2444244.603
2012-10-14,10,12,619.04,2661870.341,2561425.091
2012-10-14,11,12,706.351,3037311.443,2920863.068
2012-10-14,12,12,557.244,2396147.64,2306292.193
2012-10-14,13,12,235.003,1010511.474,965984.761
2012-10-14,14,12,244.104,1049648.358,1004069.184
2012-10-14,15,12,125.725,540615.558,507691.064
2012-10-14,16,12,20.907,89901.95,66312.117
2012-10-14,17,12,0.193,830.963,0.0
2012-10-15,6,12,161.27,693459.495,656970.637
2012-10-15,7,12,305.307,1312821.849,1259821.491
2012-10-15,8,12,445.296,1914772.26,1842546.132
2012-10-15,9,12,589.888,2536519.869,2441146.265
2012-10-15,10,12,711.674,3060197.999,2942734.674
2012-10-15,11,12,703.672,3025790.497,2909851.327
2012-10-15,12,12,675.848,2906147.763,2795428.746
2012-10-15,13,12,506.892,2179636.197,2097957.939
2012-10-15,14,12,312.908,1345505.922,1291542.105
2012-10-15,15,12,188.922,812362.849,772961.433
2012-10-15,16,12,35.423,152316.821,127539.103
2012-10-15,17,12,0.22,945.259,0.0
2012-10-16,6,12,108.063,464669.269,433440.741
2012-10-16,7,12,213.968,920062.757,877917.699
2012-10-16,8,12,331.142,1423912.521,1367599.781
2012-10-16,9,12,440.073,1892312.438,1820859.928
2012-10-16,10,12,351.117,1509801.314,1450854.488
2012-10-16,11,12,347.723,1495207.174,1436712.428
2012-10-16,12,12,261.963,1126438.927,1078756.227
2012-10-16,13,12,386.36,1661346.747,1597596.676
2012-10-16,14,12,296.597,1275365.702,1223458.116
2012-10-16,15,12,143.194,615734.052,581083.015
2012-10-16,16,12,33.254,142993.976,118395.832
2012-10-16,17,12,0.267,1147.373,0.0
2012-10-17,6,12,122.966,528753.241,496096.932
2012-10-17,7,12,181.883,782097.362,743448.903
2012-10-17,8,12,482.586,2075118.483,1997242.578
2012-10-17,9,12,651.424,2801122.999,2694884.321
2012-10-17,10,12,707.884,3043900.893,2927160.76
2012-10-17,11,12,712.912,3065519.602,2947819.63
2012-10-17,12,12,645.852,2777161.884,2671932.021
2012-10-17,13,12,544.103,2339643.504,2251961.19
2012-10-17,14,12,379.4,1631419.735,1568633.94
2012-10-17,15,12,184.949,795279.351,756303.918
2012-10-17,16,12,36.433,156664.039,131802.331
2012-10-17,17,12,0.607,2610.714,0.0
2012-10-18,6,12,51.417,221092.991,194967.311
2012-10-18,7,12,279.456,1201660.683,1151867.997
2012-10-18,8,12,483.734,2080057.482,2002004.022
2012-10-18,9,12,637.95,2743183.323,2639375.52
2012-10-18,10,12,568.451,2444340.384,2352609.644
2012-10-18,11,12,699.017,3005773.255,2890716.083
2012-10-18,12,12,670.946,2885067.878,2775255.775
2012-10-18,13,12,430.245,1850053.393,1780044.651
2012-10-18,14,12,254.689,1095161.104,1048341.353
2012-10-18,15,12,186.548,802154.762,763008.191
2012-10-18,16,12,38.44,165293.606,140264.684
2012-10-18,17,12,0.13,558.241,0.0
2012-10-19,6,12,118.66,510238.008,477997.864
2012-10-19,7,12,335.039,1440669.017,1383847.388
2012-10-19,8,12,451.775,1942632.677,1869440.849
2012-10-19,9,12,434.251,1867281.178,1796685.718
2012-10-19,10,12,439.122,1888223.378,1816911.245
2012-10-19,11,12,675.069,2902796.11,2792221.548
2012-10-19,12,12,647.862,2785808.662,2680215.323
2012-10-19,13,12,533.62,2294565.435,2208597.013
2012-10-19,14,12,362.763,1559882.81,1499370.617
2012-10-19,15,12,162.284,697821.069,661227.533
2012-10-19,16,12,36.09,155187.9,130354.73
2012-10-19,17,12,0.311,1337.572,0.0
2012-10-20,6,12,144.288,620436.619,585675.874
2012-10-20,7,12,342.393,1472289.727,1414501.174
2012-10-20,8,12,480.097,2064415.261,1986923.407
2012-10-20,9,12,529.873,2278454.115,2193093.992
2012-10-20,10,12,601.679,2587221.388,2489812.777
2012-10-20,11,12,703.225,3023866.8,2908012.543
2012-10-20,12,12,657.082,2825452.596,2718184.51
2012-10-20,13,12,535.745,2303702.935,2217388.521
2012-10-20,14,12,369.631,1589412.654,1527967.3
2012-10-20,15,12,163.412,702673.132,665962.953
2012-10-20,16,12,33.21,142803.303,118208.823
2012-10-20,17,12,0.137,588.69,0.0
2012-10-21,6,12,127.081,546448.339,513391.53
2012-10-21,7,12,327.945,1410163.465,1354266.466
2012-10-21,8,12,497.869,2140835.581,2060579.913
2012-10-21,9,12,594.869,2557936.463,2461705.973
2012-10-21,10,12,593.973,2554082.174,2458006.188
2012-10-21,11,12,453.394,1949593.257,1876159.114
2012-10-21,12,12,388.738,1671574.725,1607493.324
2012-10-21,13,12,521.955,2244407.153,2160325.123
2012-10-21,14,12,339.091,1458089.665,1400736.403
2012-10-21,15,12,175.172,753237.849,715299.99
2012-10-21,16,12,32.758,140859.519,116302.382
2012-10-21,17,12,0.116,499.107,0.0
2012-10-22,6,12,114.335,491639.685,459814.587
2012-10-22,7,12,242.983,1044826.303,999377.518
2012-10-22,8,12,482.792,2076007.256,1998099.416
2012-10-22,9,12,559.369,2405287.346,2315077.795
2012-10-22,10,12,441.184,1897091.524,1825474.766
2012-10-22,11,12,326.086,1402171.131,1346515.051
2012-10-22,12,12,378.898,1629260.828,1566544.294
2012-10-22,13,12,325.377,1399120.443,1343556.177
2012-10-22,14,12,155.601,669084.236,633177.354
2012-10-22,15,12,95.288,409736.956,379704.045
2012-10-22,16,12,22.797,98028.438,74285.848
2012-10-22,17,12,0.055,234.77,0.0
2012-10-23,6,12,92.018,395677.999,365946.892
2012-10-23,7,12,227.491,978209.842,934541.802
2012-10-23,8,12,394.553,1696576.385,1631681.26
2012-10-23,9,12,595.353,2560017.572,2463703.605
2012-10-23,10,12,709.192,3049523.461,2932534.083
2012-10-23,11,12,681.084,2928660.458,2816968.64
2012-10-23,12,12,621.174,2671047.999,2570226.086
2012-10-23,13,12,511.655,2200114.594,2117680.266
2012-10-23,14,12,347.414,1493880.307,1435426.573
2012-10-23,15,12,198.791,854801.078,814330.527
2012-10-23,16,12,23.565,101329.782,77524.973
2012-10-23,17,12,0.012,51.19,0.0
2012-10-24,6,12,133.389,573570.621,539894.687
2012-10-24,7,12,189.473,814735.704,775274.92
2012-10-24,8,12,223.216,959827.607,916644.192
2012-10-24,9,12,544.647,2341981.12,2254209.45
2012-10-24,10,12,510.814,2196498.604,2114198.044
2012-10-24,11,12,295.745,1271702.494,1219901.13
2012-10-24,12,12,359.395,1545398.749,1485341.505
2012-10-24,13,12,301.551,1296667.56,1244139.987
2012-10-24,14,12,204.376,878817.796,837735.298
2012-10-24,15,12,99.992,429963.814,399493.695
2012-10-24,16,12,15.73,67637.084,44462.846
2012-10-24,17,12,0.0,0.0,0.0
2012-10-25,6,12,107.128,460652.219,429512.007
2012-10-25,7,12,261.856,1125979.536,1078309.573
2012-10-25,8,12,255.665,1099358.004,1052422.953
2012-10-25,9,12,204.242,878241.903,837174.137
2012-10-25,10,12,535.769,2303806.346,2217488.011
2012-10-25,11,12,559.971,2407876.78,2317566.774
