Source,Location ID,City,State,Country,Latitude,Longitude,Time Zone,Elevation,Local Time Zone,Clearsky DHI Units,Clearsky DNI Units,Clearsky GHI Units,Dew Point Units,DHI Units,DNI Units,GHI Units,Solar Zenith Angle Units,Temperature Units,Pressure Units,Relative Humidity Units,Precipitable Water Units,Wind Direction Units,Wind Speed Units,Cloud Type -15,Cloud Type 0,Cloud Type 1,Cloud Type 2,Cloud Type 3,Cloud Type 4,Cloud Type 5,Cloud Type 6,Cloud Type 7,Cloud Type 8,Cloud Type 9,Cloud Type 10,Cloud Type 11,Cloud Type 12,Fill Flag 0,Fill Flag 1,Fill Flag 2,Fill Flag 3,Fill Flag 4,Fill Flag 5,Surface Albedo Units,Version
NSRDB,25243,-,-,-,21.29,-157.82,-10,40,-10,w/m2,w/m2,w/m2,c,w/m2,w/m2,w/m2,Degree,c,mbar,%,cm,Degrees,m/s,N/A,Clear,Probably Clear,Fog,Water,Super-Cooled Water,Mixed,Opaque Ice,Cirrus,Overlapping,Overshooting,Unknown,Dust,Smoke,N/A,Missing Image,Low Irradiance,Exceeds Clearsky,Missing CLoud Properties,Rayleigh Violation,N/A,4.0.1
Year,Month,Day,Hour,Minute,GHI,DNI,DHI,Temperature,Wind Speed,Solar Zenith Angle
2012,1,1,0,30,0,0,0,23,3.8000000000000003,177.97
2012,1,1,1,30,0,0,0,22.900000000000002,3.6,167.06
2012,1,1,2,30,0,0,0,22.8,3.4000000000000004,153.27
2012,1,1,3,30,0,0,0,22.700000000000003,3.3000000000000003,139.51
2012,1,1,4,30,0,0,0,22.700000000000003,3.3000000000000003,125.86
2012,1,1,5,30,0,0,0,22.700000000000003,3.5,112.38
2012,1,1,6,30,0,0,0,22.8,3.6,99.18
2012,1,1,7,30,43,326,21,23.1,3.9000000000000004,86.19
2012,1,1,8,30,239,702,48,23.5,4,74.19
2012,1,1,9,30,441,838,62,23.700000000000003,3.9000000000000004,63.1
2012,1,1,10,30,605,906,69,24,3.6,53.69
2012,1,1,11,30,706,894,96,24.200000000000003,3.3000000000000003,46.99
2012,1,1,12,30,748,913,95,24.5,2.9000000000000004,44.28
2012,1,1,13,30,719,908,92,24.700000000000003,2.5,46.26
2012,1,1,14,30,623,888,82,24.900000000000002,2.2,52.39
2012,1,1,15,30,468,828,72,25,2.1,61.45
2012,1,1,16,30,270,699,58,25,2.1,72.32000000000001
2012,1,1,17,30,67,375,30,24.700000000000003,2.3000000000000003,84.24
2012,1,1,18,30,0,0,0,24.400000000000002,2.5,97.08
2012,1,1,19,30,0,0,0,24.200000000000003,2.6,110.23
2012,1,1,20,30,0,0,0,24,2.5,123.67
2012,1,1,21,30,0,0,0,23.8,2.3000000000000003,137.31
2012,1,1,22,30,0,0,0,23.6,1.9000000000000001,151.06
2012,1,1,23,30,0,0,0,23.5,1.4000000000000001,164.86
2012,1,2,0,30,0,0,0,23.5,1,177.98
2012,1,2,1,30,0,0,0,23.400000000000002,0.7000000000000001,167.17000000000002
2012,1,2,2,30,0,0,0,23.3,0.7000000000000001,153.37
2012,1,2,3,30,0,0,0,23.200000000000003,0.8,139.61
2012,1,2,4,30,0,0,0,23.200000000000003,0.8,125.95
2012,1,2,5,30,0,0,0,23.200000000000003,0.8,112.46000000000001
2012,1,2,6,30,0,0,0,23.200000000000003,0.7000000000000001,99.25
2012,1,2,7,30,41,281,22,23.3,0.8,86.25
2012,1,2,8,30,238,677,54,23.6,0.9,74.23
2012,1,2,9,30,441,827,68,23.900000000000002,1.1,63.13
2012,1,2,10,30,608,901,75,24.200000000000003,1.4000000000000001,53.68
2012,1,2,11,30,712,905,94,24.6,1.7000000000000002,46.95
2012,1,2,12,30,755,923,94,24.900000000000002,2,44.2
2012,1,2,13,30,725,917,90,25.1,2.1,46.14
2012,1,2,14,30,611,804,120,25.200000000000003,2.2,52.26
2012,1,2,15,30,456,734,104,25.200000000000003,2.2,61.31
2012,1,2,16,30,261,588,81,25.1,2.1,72.18
2012,1,2,17,30,63,239,39,24.900000000000002,1.7000000000000002,84.10000000000001
2012,1,2,18,30,0,0,0,24.700000000000003,1.1,96.95
2012,1,2,19,30,0,0,0,24.5,1.1,110.11
2012,1,2,20,30,0,0,0,24.200000000000003,1.7000000000000002,123.55
2012,1,2,21,30,0,0,0,24.1,1.7000000000000002,137.19
2012,1,2,22,30,0,0,0,24,1,150.95000000000002
2012,1,2,23,30,0,0,0,23.8,1.1,164.76
2012,1,3,0,30,0,0,0,23.700000000000003,1.8,177.98
2012,1,3,1,30,0,0,0,23.6,2.2,167.29
2012,1,3,2,30,0,0,0,23.5,2.1,153.48
2012,1,3,3,30,0,0,0,23.400000000000002,1.7000000000000002,139.70000000000002
2012,1,3,4,30,0,0,0,23.400000000000002,1.5,126.03
2012,1,3,5,30,0,0,0,23.400000000000002,1.5,112.54
2012,1,3,6,30,0,0,0,23.5,1.6,99.32000000000001
2012,1,3,7,30,18,0,18,23.700000000000003,1.7000000000000002,86.31
2012,1,3,8,30,98,2,98,24,1.9000000000000001,74.28
2012,1,3,9,30,433,797,73,24.400000000000002,2.1,63.15
2012,1,3,10,30,600,877,80,24.900000000000002,2.1,53.67
2012,1,3,11,30,702,877,103,25.200000000000003,2,46.9
2012,1,3,12,30,746,896,102,25.400000000000002,1.8,44.1
2012,1,3,13,30,717,890,99,25.5,1.8,46.02
2012,1,3,14,30,383,78,335,25.6,1.9000000000000001,52.120000000000005
2012,1,3,15,30,462,771,90,25.5,2.2,61.17
2012,1,3,16,30,264,623,72,25.400000000000002,2.8000000000000003,72.04
2012,1,3,17,30,66,282,36,25.1,3.4000000000000004,83.97
2012,1,3,18,30,0,0,0,24.700000000000003,3.8000000000000003,96.82000000000001
2012,1,3,19,30,0,0,0,24.5,4.1000000000000005,109.98
2012,1,3,20,30,0,0,0,24.200000000000003,4.4,123.43
2012,1,3,21,30,0,0,0,24,4.5,137.07
2012,1,3,22,30,0,0,0,23.900000000000002,4.5,150.84
2012,1,3,23,30,0,0,0,23.700000000000003,4.3,164.66
2012,1,4,0,30,0,0,0,23.700000000000003,4.3,177.99
2012,1,4,1,30,0,0,0,23.6,4.2,167.4
2012,1,4,2,30,0,0,0,23.5,4.3,153.58
2012,1,4,3,30,0,0,0,23.5,4.4,139.8
2012,1,4,4,30,0,0,0,23.5,4.5,126.12
2012,1,4,5,30,0,0,0,23.6,4.7,112.62
2012,1,4,6,30,0,0,0,23.8,4.9,99.39
2012,1,4,7,30,21,0,21,24.1,5.300000000000001,86.36
2012,1,4,8,30,164,71,144,24.5,5.6000000000000005,74.31
2012,1,4,9,30,16,0,16,24.700000000000003,5.6000000000000005,63.160000000000004
2012,1,4,10,30,176,0,176,24.900000000000002,5.5,53.65
2012,1,4,11,30,639,495,301,25.200000000000003,5.2,46.84
2012,1,4,12,30,246,1,246,25.3,4.9,44.01
2012,1,4,13,30,490,139,393,25.400000000000002,4.7,45.89
2012,1,4,14,30,458,159,360,25.400000000000002,4.6000000000000005,51.97
2012,1,4,15,30,205,7,202,25.3,4.6000000000000005,61.02
2012,1,4,16,30,104,1,104,25.200000000000003,4.6000000000000005,71.9
2012,1,4,17,30,40,0,40,25.1,4.6000000000000005,83.83
2012,1,4,18,30,0,0,0,24.900000000000002,4.6000000000000005,96.68
2012,1,4,19,30,0,0,0,24.700000000000003,4.6000000000000005,109.85000000000001
2012,1,4,20,30,0,0,0,24.6,4.6000000000000005,123.31
2012,1,4,21,30,0,0,0,24.5,4.7,136.95000000000002
2012,1,4,22,30,0,0,0,24.400000000000002,4.7,150.73
2012,1,4,23,30,0,0,0,24.3,4.7,164.56
2012,1,5,0,30,0,0,0,24.200000000000003,4.800000000000001,177.99
2012,1,5,1,30,0,0,0,24.1,4.9,167.51
2012,1,5,2,30,0,0,0,23.900000000000002,5.2,153.68
2012,1,5,3,30,0,0,0,23.8,5.4,139.89000000000001
2012,1,5,4,30,0,0,0,23.700000000000003,5.6000000000000005,126.2
2012,1,5,5,30,0,0,0,23.700000000000003,5.800000000000001,112.69
2012,1,5,6,30,0,0,0,23.700000000000003,6,99.45
2012,1,5,7,30,41,326,21,24,6.4,86.4
2012,1,5,8,30,242,717,48,24.3,6.7,74.34
2012,1,5,9,30,448,858,61,24.5,6.800000000000001,63.17
2012,1,5,10,30,356,68,316,24.700000000000003,6.800000000000001,53.63
2012,1,5,11,30,728,949,78,24.8,6.6000000000000005,46.78
2012,1,5,12,30,774,963,80,24.900000000000002,6.300000000000001,43.9
2012,1,5,13,30,746,956,79,25,6.300000000000001,45.75
2012,1,5,14,30,648,924,77,24.900000000000002,6.4,51.83
2012,1,5,15,30,492,869,69,24.8,6.6000000000000005,60.870000000000005
2012,1,5,16,30,291,753,55,24.6,6.7,71.75
2012,1,5,17,30,80,447,31,24.3,6.6000000000000005,83.69
2012,1,5,18,30,0,0,0,24,6.6000000000000005,96.55
2012,1,5,19,30,0,0,0,23.900000000000002,6.7,109.72
2012,1,5,20,30,0,0,0,23.700000000000003,6.800000000000001,123.18
2012,1,5,21,30,0,0,0,23.6,6.9,136.84
2012,1,5,22,30,0,0,0,23.5,6.800000000000001,150.62
2012,1,5,23,30,0,0,0,23.400000000000002,6.6000000000000005,164.46
2012,1,6,0,30,0,0,0,23.3,6.300000000000001,177.98
2012,1,6,1,30,0,0,0,23.200000000000003,5.9,167.62
2012,1,6,2,30,0,0,0,23.1,5.6000000000000005,153.78
2012,1,6,3,30,0,0,0,23,5.300000000000001,139.98
2012,1,6,4,30,0,0,0,23,5.2,126.28
2012,1,6,5,30,0,0,0,23,5.2,112.76
2012,1,6,6,30,0,0,0,23.1,5.300000000000001,99.51
2012,1,6,7,30,40,282,22,23.400000000000002,5.7,86.45
2012,1,6,8,30,242,697,54,23.8,6.1000000000000005,74.37
2012,1,6,9,30,451,846,69,24.1,6.300000000000001,63.17
2012,1,6,10,30,322,49,293,24.5,6.300000000000001,53.6
2012,1,6,11,30,516,180,392,24.700000000000003,6,46.71
2012,1,6,12,30,616,336,373,24.8,5.6000000000000005,43.79
2012,1,6,13,30,316,7,311,25,5.2,45.61
2012,1,6,14,30,332,37,309,25,4.800000000000001,51.67
2012,1,6,15,30,493,862,71,25.1,4.6000000000000005,60.71
2012,1,6,16,30,290,736,58,24.900000000000002,4.6000000000000005,71.60000000000001
2012,1,6,17,30,80,432,32,24.6,4.7,83.55
2012,1,6,18,30,0,0,0,24.3,5,96.41
2012,1,6,19,30,0,0,0,24.1,5.2,109.59
2012,1,6,20,30,0,0,0,23.900000000000002,5.300000000000001,123.06
2012,1,6,21,30,0,0,0,23.8,5.2,136.72
2012,1,6,22,30,0,0,0,23.700000000000003,4.9,150.51
2012,1,6,23,30,0,0,0,23.6,4.5,164.36
2012,1,7,0,30,0,0,0,23.5,4.2,177.97
2012,1,7,1,30,0,0,0,23.400000000000002,4,167.73
2012,1,7,2,30,0,0,0,23.3,3.9000000000000004,153.87
2012,1,7,3,30,0,0,0,23.3,3.9000000000000004,140.06
2012,1,7,4,30,0,0,0,23.200000000000003,4,126.36
2012,1,7,5,30,0,0,0,23.200000000000003,4.1000000000000005,112.83
2012,1,7,6,30,0,0,0,23.200000000000003,4.2,99.56
2012,1,7,7,30,39,269,22,23.400000000000002,4.4,86.49
2012,1,7,8,30,239,683,56,23.700000000000003,4.5,74.39
2012,1,7,9,30,272,52,248,23.900000000000002,4.4,63.160000000000004
2012,1,7,10,30,386,87,334,24.1,4.3,53.56
2012,1,7,11,30,604,386,339,24.3,3.9000000000000004,46.63
2012,1,7,12,30,516,142,413,24.5,3.5,43.67
2012,1,7,13,30,644,455,325,24.6,3.3000000000000003,45.46
2012,1,7,14,30,656,923,82,24.8,3.3000000000000003,51.51
2012,1,7,15,30,497,862,73,24.8,3.6,60.550000000000004
2012,1,7,16,30,295,742,59,24.6,3.9000000000000004,71.45
2012,1,7,17,30,83,443,32,24.3,4,83.41
2012,1,7,18,30,0,0,0,24,4.1000000000000005,96.28
2012,1,7,19,30,0,0,0,23.900000000000002,4,109.46000000000001
2012,1,7,20,30,0,0,0,23.700000000000003,3.9000000000000004,122.94
2012,1,7,21,30,0,0,0,23.5,3.8000000000000003,136.61
2012,1,7,22,30,0,0,0,23.3,3.6,150.4
2012,1,7,23,30,0,0,0,23.200000000000003,3.3000000000000003,164.26
2012,1,8,0,30,0,0,0,23.200000000000003,3,177.95000000000002
2012,1,8,1,30,0,0,0,23.1,2.8000000000000003,167.83
2012,1,8,2,30,0,0,0,23,2.6,153.96
2012,1,8,3,30,0,0,0,23,2.5,140.14000000000001
2012,1,8,4,30,0,0,0,23,2.4000000000000004,126.43
2012,1,8,5,30,0,0,0,23,2.5,112.89
2012,1,8,6,30,0,0,0,23,2.7,99.61
2012,1,8,7,30,40,312,21,23.200000000000003,3,86.52
2012,1,8,8,30,242,710,51,23.5,3.3000000000000003,74.41
2012,1,8,9,30,307,112,256,23.700000000000003,3.4000000000000004,63.15
2012,1,8,10,30,387,91,332,23.900000000000002,3.3000000000000003,53.52
2012,1,8,11,30,399,73,349,24.200000000000003,3.1,46.550000000000004
2012,1,8,12,30,777,952,87,24.400000000000002,2.9000000000000004,43.54
2012,1,8,13,30,654,486,312,24.6,2.7,45.300000000000004
2012,1,8,14,30,432,120,356,24.700000000000003,2.7,51.35
2012,1,8,15,30,496,855,73,24.8,2.8000000000000003,60.39
2012,1,8,16,30,295,736,59,24.700000000000003,3,71.29
2012,1,8,17,30,84,439,33,24.400000000000002,3.2,83.26
2012,1,8,18,30,0,0,0,24.200000000000003,3.3000000000000003,96.14
2012,1,8,19,30,0,0,0,23.900000000000002,3.5,109.33
2012,1,8,20,30,0,0,0,23.8,3.6,122.81
2012,1,8,21,30,0,0,0,23.700000000000003,3.7,136.49
2012,1,8,22,30,0,0,0,23.6,3.6,150.29
2012,1,8,23,30,0,0,0,23.5,3.7,164.16
2012,1,9,0,30,0,0,0,23.400000000000002,4,177.92000000000002
2012,1,9,1,30,0,0,0,23.400000000000002,4.3,167.93
2012,1,9,2,30,0,0,0,23.3,4.7,154.05
2012,1,9,3,30,0,0,0,23.200000000000003,5,140.22
2012,1,9,4,30,0,0,0,23.200000000000003,5.300000000000001,126.5
2012,1,9,5,30,0,0,0,23.1,5.4,112.95
2012,1,9,6,30,0,0,0,23.200000000000003,5.300000000000001,99.66
2012,1,9,7,30,39,309,20,23.400000000000002,5.4,86.55
2012,1,9,8,30,134,10,131,23.700000000000003,5.4,74.42
2012,1,9,9,30,153,1,152,24,5.2,63.14
2012,1,9,10,30,617,915,72,24.200000000000003,5.1000000000000005,53.47
2012,1,9,11,30,731,948,78,24.5,5,46.45
2012,1,9,12,30,775,956,80,24.700000000000003,4.9,43.410000000000004
2012,1,9,13,30,749,947,81,24.8,4.7,45.14
2012,1,9,14,30,650,907,82,24.900000000000002,4.7,51.18
2012,1,9,15,30,492,839,76,24.900000000000002,4.800000000000001,60.230000000000004
2012,1,9,16,30,292,711,63,24.700000000000003,5,71.14
2012,1,9,17,30,84,403,35,24.400000000000002,5.1000000000000005,83.12
2012,1,9,18,30,0,0,0,24.200000000000003,5.300000000000001,96
2012,1,9,19,30,0,0,0,24,5.4,109.2
2012,1,9,20,30,0,0,0,23.8,5.4,122.69
2012,1,9,21,30,0,0,0,23.700000000000003,5.300000000000001,136.38
2012,1,9,22,30,0,0,0,23.6,5.2,150.19
2012,1,9,23,30,0,0,0,23.5,4.9,164.07
2012,1,10,0,30,0,0,0,23.400000000000002,4.7,177.89000000000001
2012,1,10,1,30,0,0,0,23.3,4.5,168.03
2012,1,10,2,30,0,0,0,23.200000000000003,4.5,154.14000000000001
2012,1,10,3,30,0,0,0,23.1,4.5,140.3
2012,1,10,4,30,0,0,0,23.1,4.7,126.57000000000001
2012,1,10,5,30,0,0,0,23.1,4.9,113.01
2012,1,10,6,30,0,0,0,23.200000000000003,5.1000000000000005,99.7
2012,1,10,7,30,38,289,21,23.6,5.5,86.57000000000001
2012,1,10,8,30,239,698,51,23.900000000000002,5.800000000000001,74.42
2012,1,10,9,30,447,845,65,24.200000000000003,6,63.120000000000005
2012,1,10,10,30,617,912,73,24.400000000000002,5.9,53.410000000000004
2012,1,10,11,30,728,925,89,24.5,5.5,46.35
2012,1,10,12,30,774,936,92,24.6,5,43.26
2012,1,10,13,30,747,926,92,24.700000000000003,4.6000000000000005,44.97
2012,1,10,14,30,651,896,87,24.8,4.3,51
2012,1,10,15,30,495,835,78,24.8,4.2,60.06
2012,1,10,16,30,295,710,64,24.700000000000003,4.2,70.98
2012,1,10,17,30,86,406,36,24.5,4.4,82.97
2012,1,10,18,30,0,0,0,24.200000000000003,4.5,95.86
2012,1,10,19,30,0,0,0,24,4.7,109.07000000000001
2012,1,10,20,30,0,0,0,23.900000000000002,4.800000000000001,122.57000000000001
2012,1,10,21,30,0,0,0,23.700000000000003,4.800000000000001,136.26
2012,1,10,22,30,0,0,0,23.5,4.6000000000000005,150.08
2012,1,10,23,30,0,0,0,23.400000000000002,4.3,163.97
2012,1,11,0,30,0,0,0,23.3,4.1000000000000005,177.84
2012,1,11,1,30,0,0,0,23.200000000000003,3.9000000000000004,168.13
2012,1,11,2,30,0,0,0,23.1,3.8000000000000003,154.22
2012,1,11,3,30,0,0,0,23,3.7,140.37
2012,1,11,4,30,0,0,0,23,3.7,126.63000000000001
2012,1,11,5,30,0,0,0,23,3.8000000000000003,113.06
2012,1,11,6,30,0,0,0,23.1,3.8000000000000003,99.74000000000001
2012,1,11,7,30,39,321,20,23.400000000000002,4,86.60000000000001
2012,1,11,8,30,239,716,47,23.700000000000003,4.1000000000000005,74.42
2012,1,11,9,30,448,856,60,23.900000000000002,4.1000000000000005,63.09
2012,1,11,10,30,617,922,67,24,3.9000000000000004,53.35
2012,1,11,11,30,732,948,76,24.200000000000003,3.7,46.25
2012,1,11,12,30,666,468,324,24.400000000000002,3.4000000000000004,43.12
2012,1,11,13,30,754,955,77,24.700000000000003,3.1,44.800000000000004
2012,1,11,14,30,658,916,80,24.8,2.8000000000000003,50.82
2012,1,11,15,30,389,260,259,24.900000000000002,2.7,59.89
2012,1,11,16,30,175,23,168,24.8,2.5,70.81
2012,1,11,17,30,53,2,53,24.6,2.2,82.82000000000001
2012,1,11,18,30,0,0,0,24.3,2.1,95.72
2012,1,11,19,30,0,0,0,24.1,2.2,108.94
2012,1,11,20,30,0,0,0,24,2.2,122.45
2012,1,11,21,30,0,0,0,23.8,2.2,136.15
2012,1,11,22,30,0,0,0,23.6,2,149.98
2012,1,11,23,30,0,0,0,23.5,1.8,163.88
2012,1,12,0,30,0,0,0,23.400000000000002,1.6,177.79
2012,1,12,1,30,0,0,0,23.3,1.4000000000000001,168.22
2012,1,12,2,30,0,0,0,23.200000000000003,1.3,154.3
2012,1,12,3,30,0,0,0,23.1,1.1,140.44
2012,1,12,4,30,0,0,0,23,1,126.69
2012,1,12,5,30,0,0,0,23,1,113.11
2012,1,12,6,30,0,0,0,23.1,1.1,99.77
2012,1,12,7,30,14,0,14,23.3,1.4000000000000001,86.61
2012,1,12,8,30,62,0,62,23.5,1.4000000000000001,74.42
2012,1,12,9,30,271,57,245,23.8,1.3,63.06
2012,1,12,10,30,614,907,72,24.1,1.4000000000000001,53.28
2012,1,12,11,30,728,930,84,24.400000000000002,1.8,46.13
2012,1,12,12,30,776,944,85,24.6,2.4000000000000004,42.96
2012,1,12,13,30,752,938,84,24.700000000000003,2.9000000000000004,44.62
2012,1,12,14,30,435,119,359,24.700000000000003,3.4000000000000004,50.64
2012,1,12,15,30,122,0,121,24.6,3.5,59.71
2012,1,12,16,30,20,0,20,24.5,3.3000000000000003,70.65
2012,1,12,17,30,69,26,66,24.200000000000003,2.9000000000000004,82.67
2012,1,12,18,30,0,0,0,24,2.7,95.58
2012,1,12,19,30,0,0,0,23.900000000000002,2.9000000000000004,108.81
2012,1,12,20,30,0,0,0,23.700000000000003,3.1,122.33
2012,1,12,21,30,0,0,0,23.6,3.4000000000000004,136.04
2012,1,12,22,30,0,0,0,23.400000000000002,3.6,149.87
2012,1,12,23,30,0,0,0,23.3,3.7,163.78
2012,1,13,0,30,0,0,0,23.3,3.7,177.72
2012,1,13,1,30,0,0,0,23.3,3.6,168.3
2012,1,13,2,30,0,0,0,23.3,3.4000000000000004,154.38
2012,1,13,3,30,0,0,0,23.200000000000003,3.2,140.51
2012,1,13,4,30,0,0,0,23.200000000000003,3.1,126.75
2012,1,13,5,30,0,0,0,23.1,3,113.15
2012,1,13,6,30,0,0,0,23.1,3.1,99.8
2012,1,13,7,30,37,287,20,23.3,3.5,86.62
2012,1,13,8,30,238,699,50,23.400000000000002,3.8000000000000003,74.41
2012,1,13,9,30,214,19,205,23.400000000000002,3.8000000000000003,63.02
2012,1,13,10,30,329,52,298,23.400000000000002,3.7,53.21
2012,1,13,11,30,661,527,295,23.5,3.6,46.01
2012,1,13,12,30,451,92,383,23.8,3.4000000000000004,42.800000000000004
2012,1,13,13,30,754,927,91,23.900000000000002,3.4000000000000004,44.43
2012,1,13,14,30,507,256,344,24.1,3.4000000000000004,50.45
2012,1,13,15,30,463,579,169,24.200000000000003,3.2,59.53
2012,1,13,16,30,216,185,154,24.200000000000003,3,70.49
2012,1,13,17,30,64,18,62,24,2.8000000000000003,82.52
2012,1,13,18,30,0,0,0,23.900000000000002,3,95.43
2012,1,13,19,30,0,0,0,23.8,3.5,108.68
2012,1,13,20,30,0,0,0,23.700000000000003,3.6,122.2
2012,1,13,21,30,0,0,0,23.6,3.7,135.92000000000002
2012,1,13,22,30,0,0,0,23.5,3.8000000000000003,149.77
2012,1,13,23,30,0,0,0,23.3,3.6,163.69
2012,1,14,0,30,0,0,0,23.200000000000003,3.3000000000000003,177.65
2012,1,14,1,30,0,0,0,23.1,3,168.39000000000001
2012,1,14,2,30,0,0,0,23,2.7,154.45000000000002
2012,1,14,3,30,0,0,0,22.900000000000002,2.3000000000000003,140.57
2012,1,14,4,30,0,0,0,22.900000000000002,1.9000000000000001,126.8
2012,1,14,5,30,0,0,0,22.8,1.7000000000000002,113.19
2012,1,14,6,30,0,0,0,22.900000000000002,1.6,99.83
2012,1,14,7,30,37,267,21,23,1.5,86.63
2012,1,14,8,30,183,148,143,23.200000000000003,1.3,74.39
2012,1,14,9,30,264,100,219,23.400000000000002,1.4000000000000001,62.980000000000004
2012,1,14,10,30,480,430,222,23.700000000000003,2,53.120000000000005
2012,1,14,11,30,654,631,215,24,2.7,45.89
2012,1,14,12,30,571,315,339,24.200000000000003,3,42.63
2012,1,14,13,30,479,180,350,24.3,3.3000000000000003,44.24
2012,1,14,14,30,390,146,297,24.400000000000002,3.5,50.26
2012,1,14,15,30,186,13,180,24.400000000000002,3.4000000000000004,59.35
2012,1,14,16,30,210,551,24,24.3,3.1,70.32000000000001
2012,1,14,17,30,52,1,52,24.1,2.6,82.37
2012,1,14,18,30,0,0,0,24,2.6,95.29
2012,1,14,19,30,0,0,0,23.900000000000002,3.3000000000000003,108.54
2012,1,14,20,30,0,0,0,23.900000000000002,4.4,122.08
2012,1,14,21,30,0,0,0,23.900000000000002,5,135.81
2012,1,14,22,30,0,0,0,23.900000000000002,5,149.66
2012,1,14,23,30,0,0,0,23.900000000000002,4.4,163.59
2012,1,15,0,30,0,0,0,24,3.8000000000000003,177.56
2012,1,15,1,30,0,0,0,24,3.2,168.46
2012,1,15,2,30,0,0,0,24,2.9000000000000004,154.51
2012,1,15,3,30,0,0,0,24,2.9000000000000004,140.63
2012,1,15,4,30,0,0,0,23.900000000000002,3.2,126.84
2012,1,15,5,30,0,0,0,23.8,3.6,113.22
2012,1,15,6,30,0,0,0,23.900000000000002,4.2,99.85000000000001
2012,1,15,7,30,19,0,19,24.200000000000003,4.9,86.63
2012,1,15,8,30,119,6,117,24.5,5.7,74.37
2012,1,15,9,30,221,22,211,24.8,6.300000000000001,62.93
2012,1,15,10,30,195,1,195,25,6.6000000000000005,53.04
2012,1,15,11,30,718,895,94,25.1,6.800000000000001,45.75
2012,1,15,12,30,423,81,363,25.1,6.9,42.45
2012,1,15,13,30,353,23,336,25.1,6.9,44.050000000000004
2012,1,15,14,30,253,2,252,25.1,6.7,50.06
2012,1,15,15,30,96,0,96,25.1,6.4,59.160000000000004
2012,1,15,16,30,175,20,169,25,6,70.15
2012,1,15,17,30,34,1,34,24.8,5.4,82.22
2012,1,15,18,30,0,0,0,24.700000000000003,5.1000000000000005,95.15
2012,1,15,19,30,0,0,0,24.6,5.2,108.41
2012,1,15,20,30,0,0,0,24.6,5.300000000000001,121.96000000000001
2012,1,15,21,30,0,0,0,24.5,5.4,135.7
2012,1,15,22,30,0,0,0,24.5,5.800000000000001,149.56
2012,1,15,23,30,0,0,0,24.5,6,163.5
2012,1,16,0,30,0,0,0,24.400000000000002,6,177.46
2012,1,16,1,30,0,0,0,24.400000000000002,6,168.53
2012,1,16,2,30,0,0,0,24.3,5.9,154.58
2012,1,16,3,30,0,0,0,24.3,5.6000000000000005,140.68
2012,1,16,4,30,0,0,0,24.200000000000003,5.5,126.89
2012,1,16,5,30,0,0,0,24.200000000000003,5.5,113.25
2012,1,16,6,30,0,0,0,24.3,5.6000000000000005,99.86
2012,1,16,7,30,20,0,20,24.5,6,86.63
2012,1,16,8,30,158,124,125,24.8,6.300000000000001,74.35000000000001
2012,1,16,9,30,128,0,128,25,6.5,62.870000000000005
2012,1,16,10,30,282,18,271,25.200000000000003,6.6000000000000005,52.94
2012,1,16,11,30,374,117,292,25.3,6.7,45.61
2012,1,16,12,30,227,7,222,25.3,6.800000000000001,42.27
2012,1,16,13,30,151,0,151,25.3,6.9,43.84
2012,1,16,14,30,100,0,100,25.200000000000003,6.9,49.86
2012,1,16,15,30,123,0,123,25.1,6.800000000000001,58.980000000000004
2012,1,16,16,30,180,58,160,24.900000000000002,6.7,69.98
2012,1,16,17,30,94,373,43,24.8,6.7,82.06
2012,1,16,18,30,0,0,0,24.700000000000003,6.9,95.01
2012,1,16,19,30,0,0,0,24.6,7.2,108.28
2012,1,16,20,30,0,0,0,24.6,7,121.84
2012,1,16,21,30,0,0,0,24.6,6.6000000000000005,135.59
2012,1,16,22,30,0,0,0,24.6,6.2,149.46
2012,1,16,23,30,0,0,0,24.5,6.1000000000000005,163.4
2012,1,17,0,30,0,0,0,24.5,6.300000000000001,177.35
2012,1,17,1,30,0,0,0,24.5,6.4,168.6
2012,1,17,2,30,0,0,0,24.5,6.300000000000001,154.64000000000001
2012,1,17,3,30,0,0,0,24.5,6.1000000000000005,140.73
2012,1,17,4,30,0,0,0,24.5,6.1000000000000005,126.93
2012,1,17,5,30,0,0,0,24.5,6.2,113.28
2012,1,17,6,30,0,0,0,24.6,6.5,99.87
2012,1,17,7,30,16,0,16,24.8,6.800000000000001,86.62
2012,1,17,8,30,84,7,82,25,7.1000000000000005,74.32000000000001
2012,1,17,9,30,147,15,140,25.1,7.300000000000001,62.81
2012,1,17,10,30,320,92,264,25.200000000000003,7.4,52.84
2012,1,17,11,30,293,22,278,25.200000000000003,7.2,45.47
2012,1,17,12,30,184,0,184,25.1,7.1000000000000005,42.08
2012,1,17,13,30,261,11,254,25.1,7,43.63
2012,1,17,14,30,357,113,284,25,6.9,49.660000000000004
2012,1,17,15,30,153,0,153,24.900000000000002,6.6000000000000005,58.79
2012,1,17,16,30,185,52,167,24.8,6.300000000000001,69.8
2012,1,17,17,30,37,1,37,24.700000000000003,5.9,81.91
2012,1,17,18,30,0,0,0,24.6,5.6000000000000005,94.87
2012,1,17,19,30,0,0,0,24.6,5.300000000000001,108.15
2012,1,17,20,30,0,0,0,24.5,5.2,121.72
2012,1,17,21,30,0,0,0,24.5,5.2,135.48
2012,1,17,22,30,0,0,0,24.400000000000002,5.300000000000001,149.36
2012,1,17,23,30,0,0,0,24.400000000000002,5.4,163.31
2012,1,18,0,30,0,0,0,24.3,5.6000000000000005,177.23
2012,1,18,1,30,0,0,0,24.3,5.800000000000001,168.66
2012,1,18,2,30,0,0,0,24.3,5.800000000000001,154.69
2012,1,18,3,30,0,0,0,24.3,5.800000000000001,140.78
2012,1,18,4,30,0,0,0,24.3,5.5,126.96000000000001
2012,1,18,5,30,0,0,0,24.3,5.2,113.3
2012,1,18,6,30,0,0,0,24.400000000000002,4.9,99.88
2012,1,18,7,30,22,1,22,24.6,4.800000000000001,86.61
2012,1,18,8,30,99,12,96,24.900000000000002,4.7,74.28
2012,1,18,9,30,251,38,234,25.1,4.5,62.74
2012,1,18,10,30,335,55,301,25.200000000000003,4.3,52.730000000000004
2012,1,18,11,30,726,899,94,25.3,4.1000000000000005,45.31
2012,1,18,12,30,777,915,96,25.400000000000002,4.1000000000000005,41.89
2012,1,18,13,30,755,909,95,25.3,4.2,43.42
2012,1,18,14,30,664,885,89,25.3,4.4,49.45
2012,1,18,15,30,511,827,80,25.1,4.5,58.59
2012,1,18,16,30,314,712,66,24.900000000000002,4.4,69.63
2012,1,18,17,30,103,441,40,24.6,4.1000000000000005,81.75
2012,1,18,18,30,0,0,0,24.5,3.7,94.72
2012,1,18,19,30,0,0,0,24.400000000000002,3.2,108.02
2012,1,18,20,30,0,0,0,24.3,2.9000000000000004,121.61
2012,1,18,21,30,0,0,0,24.3,2.6,135.37
2012,1,18,22,30,0,0,0,24.200000000000003,2.3000000000000003,149.26
2012,1,18,23,30,0,0,0,24.200000000000003,2.1,163.22
2012,1,19,0,30,0,0,0,24.1,2,177.11
2012,1,19,1,30,0,0,0,24,1.9000000000000001,168.71
2012,1,19,2,30,0,0,0,24,1.8,154.74
2012,1,19,3,30,0,0,0,23.900000000000002,1.7000000000000002,140.82
2012,1,19,4,30,0,0,0,23.900000000000002,1.5,126.99000000000001
2012,1,19,5,30,0,0,0,23.900000000000002,1.4000000000000001,113.32000000000001
2012,1,19,6,30,0,0,0,23.900000000000002,1.2000000000000002,99.88
2012,1,19,7,30,37,275,20,24.1,1,86.59
2012,1,19,8,30,236,678,52,24.400000000000002,0.9,74.24
2012,1,19,9,30,446,825,67,24.700000000000003,0.9,62.67
2012,1,19,10,30,621,897,76,25,1.2000000000000002,52.620000000000005
2012,1,19,11,30,587,332,353,25.200000000000003,1.6,45.15
2012,1,19,12,30,788,938,88,25.400000000000002,1.9000000000000001,41.68
2012,1,19,13,30,767,934,86,25.6,2.2,43.2
2012,1,19,14,30,674,896,89,25.6,2.5,49.230000000000004
2012,1,19,15,30,520,842,79,25.6,2.9000000000000004,58.4
2012,1,19,16,30,322,734,65,25.400000000000002,3.3000000000000003,69.46000000000001
2012,1,19,17,30,108,473,39,25.1,3.5,81.59
2012,1,19,18,30,0,0,0,24.8,3.8000000000000003,94.58
2012,1,19,19,30,0,0,0,24.6,4.1000000000000005,107.89
2012,1,19,20,30,0,0,0,24.5,4.3,121.49000000000001
2012,1,19,21,30,0,0,0,24.3,4.5,135.26
2012,1,19,22,30,0,0,0,24.1,4.6000000000000005,149.16
2012,1,19,23,30,0,0,0,24,4.7,163.12
2012,1,20,0,30,0,0,0,23.900000000000002,4.800000000000001,176.97
2012,1,20,1,30,0,0,0,23.8,4.9,168.76
2012,1,20,2,30,0,0,0,23.700000000000003,5,154.79
2012,1,20,3,30,0,0,0,23.6,5,140.86
2012,1,20,4,30,0,0,0,23.6,5.1000000000000005,127.02
2012,1,20,5,30,0,0,0,23.5,5.2,113.33
2012,1,20,6,30,0,0,0,23.6,5.4,99.88
2012,1,20,7,30,39,310,20,23.900000000000002,5.6000000000000005,86.57000000000001
2012,1,20,8,30,242,709,49,24.200000000000003,5.7,74.19
2012,1,20,9,30,240,29,226,24.6,5.5,62.59
2012,1,20,10,30,630,922,69,24.900000000000002,5.1000000000000005,52.5
2012,1,20,11,30,748,945,80,25.200000000000003,4.3,44.99
2012,1,20,12,30,799,957,82,25.5,3.4000000000000004,41.480000000000004
2012,1,20,13,30,778,951,82,25.700000000000003,2.6,42.97
2012,1,20,14,30,683,912,85,25.8,2,49.01
2012,1,20,15,30,333,78,292,25.8,1.7000000000000002,58.2
2012,1,20,16,30,326,740,64,25.700000000000003,2,69.28
2012,1,20,17,30,110,470,40,25.400000000000002,2.5,81.44
2012,1,20,18,30,0,0,0,25.1,3,94.44
2012,1,20,19,30,0,0,0,24.8,3.5,107.76
2012,1,20,20,30,0,0,0,24.6,3.9000000000000004,121.37
2012,1,20,21,30,0,0,0,24.5,4.2,135.16
2012,1,20,22,30,0,0,0,24.3,4.4,149.06
2012,1,20,23,30,0,0,0,24.200000000000003,4.6000000000000005,163.02
2012,1,21,0,30,0,0,0,24.1,4.9,176.82
2012,1,21,1,30,0,0,0,24,5.2,168.79
2012,1,21,2,30,0,0,0,23.900000000000002,5.4,154.83
2012,1,21,3,30,0,0,0,23.900000000000002,5.6000000000000005,140.89000000000001
2012,1,21,4,30,0,0,0,23.900000000000002,5.800000000000001,127.04
2012,1,21,5,30,0,0,0,23.900000000000002,6,113.34
2012,1,21,6,30,0,0,0,24,6.300000000000001,99.87
2012,1,21,7,30,37,277,21,24.200000000000003,6.7,86.55
2012,1,21,8,30,63,0,63,24.5,7.1000000000000005,74.14
2012,1,21,9,30,196,9,192,24.700000000000003,7.300000000000001,62.51
2012,1,21,10,30,374,78,326,24.900000000000002,7.300000000000001,52.38
2012,1,21,11,30,482,126,393,25.200000000000003,7.2,44.81
2012,1,21,12,30,799,949,86,25.400000000000002,6.9,41.26
2012,1,21,13,30,779,945,85,25.6,6.800000000000001,42.74
2012,1,21,14,30,689,922,81,25.700000000000003,6.6000000000000005,48.79
2012,1,21,15,30,535,871,74,25.700000000000003,6.5,58
2012,1,21,16,30,334,765,61,25.5,6.300000000000001,69.10000000000001
2012,1,21,17,30,116,513,38,25.200000000000003,6.1000000000000005,81.28
2012,1,21,18,30,0,0,0,24.8,5.9,94.3
2012,1,21,19,30,0,0,0,24.5,6,107.64
2012,1,21,20,30,0,0,0,24.3,6.2,121.25
2012,1,21,21,30,0,0,0,24.200000000000003,6.2,135.05
2012,1,21,22,30,0,0,0,24,6.300000000000001,148.96
2012,1,21,23,30,0,0,0,24,6.7,162.93
2012,1,22,0,30,0,0,0,23.900000000000002,7.1000000000000005,176.66
2012,1,22,1,30,0,0,0,23.900000000000002,7.4,168.82
2012,1,22,2,30,0,0,0,23.900000000000002,7.5,154.86
2012,1,22,3,30,0,0,0,23.900000000000002,7.800000000000001,140.91
2012,1,22,4,30,0,0,0,24,8.1,127.06
2012,1,22,5,30,0,0,0,24,8.3,113.34
2012,1,22,6,30,0,0,0,24.1,8.3,99.86
2012,1,22,7,30,36,203,24,24.200000000000003,8.200000000000001,86.52
2012,1,22,8,30,74,0,74,24.5,7.9,74.08
2012,1,22,9,30,450,793,83,24.8,7.4,62.42
2012,1,22,10,30,628,869,95,25,6.800000000000001,52.24
2012,1,22,11,30,750,921,95,25.200000000000003,6.2,44.63
2012,1,22,12,30,360,13,351,25.400000000000002,5.800000000000001,41.04
2012,1,22,13,30,511,132,413,25.5,5.5,42.51
2012,1,22,14,30,228,1,228,25.6,5,48.57
2012,1,22,15,30,532,835,87,25.5,4.2,57.800000000000004
2012,1,22,16,30,328,706,75,25.400000000000002,3.5,68.92
2012,1,22,17,30,75,6,74,25.1,3,81.12
2012,1,22,18,30,0,0,0,24.8,2.7,94.15
2012,1,22,19,30,0,0,0,24.5,2.5,107.51
2012,1,22,20,30,0,0,0,24.400000000000002,2.3000000000000003,121.14
2012,1,22,21,30,0,0,0,24.200000000000003,2.1,134.95
2012,1,22,22,30,0,0,0,24.1,2.1,148.86
2012,1,22,23,30,0,0,0,23.900000000000002,2.1,162.83
2012,1,23,0,30,0,0,0,23.8,2.2,176.49
2012,1,23,1,30,0,0,0,23.700000000000003,2.3000000000000003,168.84
2012,1,23,2,30,0,0,0,23.700000000000003,2.2,154.89000000000001
2012,1,23,3,30,0,0,0,23.700000000000003,2,140.94
2012,1,23,4,30,0,0,0,23.6,1.8,127.07000000000001
2012,1,23,5,30,0,0,0,23.6,1.7000000000000002,113.34
2012,1,23,6,30,0,0,0,23.6,1.6,99.84
2012,1,23,7,30,36,210,23,23.8,1.7000000000000002,86.48
2012,1,23,8,30,237,641,61,24.1,1.8,74.02
2012,1,23,9,30,451,802,78,24.3,1.9000000000000001,62.32
2012,1,23,10,30,629,880,88,24.6,2.1,52.11
2012,1,23,11,30,748,907,100,24.900000000000002,2.4000000000000004,44.45
2012,1,23,12,30,301,2,299,25.1,2.5,40.81
2012,1,23,13,30,221,0,220,25.200000000000003,2.5,42.26
2012,1,23,14,30,687,882,101,25.3,2.4000000000000004,48.34
2012,1,23,15,30,312,51,285,25.3,2.2,57.6
2012,1,23,16,30,37,0,37,25.200000000000003,1.9000000000000001,68.74
2012,1,23,17,30,115,432,47,25,1.6,80.97
2012,1,23,18,30,0,0,0,24.700000000000003,1.4000000000000001,94.01
2012,1,23,19,30,0,0,0,24.6,1.2000000000000002,107.38
2012,1,23,20,30,0,0,0,24.400000000000002,1.2000000000000002,121.02
2012,1,23,21,30,0,0,0,24.200000000000003,1.4000000000000001,134.84
2012,1,23,22,30,0,0,0,24,1.5,148.77
2012,1,23,23,30,0,0,0,23.8,1.6,162.73
2012,1,24,0,30,0,0,0,23.6,1.7000000000000002,176.31
2012,1,24,1,30,0,0,0,23.400000000000002,1.7000000000000002,168.85
2012,1,24,2,30,0,0,0,23.3,1.6,154.91
2012,1,24,3,30,0,0,0,23.200000000000003,1.4000000000000001,140.95000000000002
2012,1,24,4,30,0,0,0,23.1,1.3,127.07000000000001
2012,1,24,5,30,0,0,0,23.1,1.2000000000000002,113.34
2012,1,24,6,30,0,0,0,23.1,1.1,99.82000000000001
2012,1,24,7,30,36,195,24,23.3,1,86.44
2012,1,24,8,30,238,637,62,23.5,1,73.95
2012,1,24,9,30,454,810,77,23.8,1.2000000000000002,62.22
2012,1,24,10,30,521,361,299,24.200000000000003,1.3,51.96
2012,1,24,11,30,754,921,94,24.6,1.2000000000000002,44.26
2012,1,24,12,30,808,939,95,25,1.2000000000000002,40.58
2012,1,24,13,30,788,937,92,25.200000000000003,1.3,42.02
2012,1,24,14,30,692,889,98,25.400000000000002,1.2000000000000002,48.11
2012,1,24,15,30,290,39,269,25.400000000000002,1.2000000000000002,57.39
2012,1,24,16,30,335,715,73,25.400000000000002,1.3,68.56
2012,1,24,17,30,72,3,71,25.200000000000003,1.3,80.81
2012,1,24,18,30,0,0,0,25,1.3,93.87
2012,1,24,19,30,0,0,0,24.900000000000002,1.4000000000000001,107.26
2012,1,24,20,30,0,0,0,24.700000000000003,1.6,120.91
2012,1,24,21,30,0,0,0,24.6,1.7000000000000002,134.74
2012,1,24,22,30,0,0,0,24.400000000000002,1.7000000000000002,148.67000000000002
2012,1,24,23,30,0,0,0,24.3,1.7000000000000002,162.63
2012,1,25,0,30,0,0,0,24.1,1.8,176.13
2012,1,25,1,30,0,0,0,24,1.9000000000000001,168.85
2012,1,25,2,30,0,0,0,23.900000000000002,2,154.93
2012,1,25,3,30,0,0,0,23.8,2.2,140.97
2012,1,25,4,30,0,0,0,23.8,2.5,127.08
2012,1,25,5,30,0,0,0,23.700000000000003,2.9000000000000004,113.33
2012,1,25,6,30,0,0,0,23.8,3.3000000000000003,99.79
2012,1,25,7,30,37,218,24,24,3.7,86.39
2012,1,25,8,30,238,638,61,24.3,3.9000000000000004,73.88
2012,1,25,9,30,452,797,79,24.400000000000002,3.7,62.11
2012,1,25,10,30,630,876,89,24.6,3.3000000000000003,51.82
2012,1,25,11,30,609,338,366,24.700000000000003,2.8000000000000003,44.06
2012,1,25,12,30,248,1,248,24.8,2.5,40.34
2012,1,25,13,30,564,193,420,24.900000000000002,2.2,41.77
2012,1,25,14,30,363,44,334,25,1.9000000000000001,47.88
2012,1,25,15,30,375,125,307,25,1.8,57.18
2012,1,25,16,30,194,21,186,25,1.9000000000000001,68.38
2012,1,25,17,30,119,454,46,24.900000000000002,1.9000000000000001,80.65
2012,1,25,18,30,0,0,0,24.8,1.9000000000000001,93.73
2012,1,25,19,30,0,0,0,24.8,2.1,107.13
2012,1,25,20,30,0,0,0,24.700000000000003,2.5,120.8
2012,1,25,21,30,0,0,0,24.6,3,134.63
2012,1,25,22,30,0,0,0,24.5,3.4000000000000004,148.57
2012,1,25,23,30,0,0,0,24.3,3.7,162.53
2012,1,26,0,30,0,0,0,24.200000000000003,3.9000000000000004,175.94
2012,1,26,1,30,0,0,0,24,4.1000000000000005,168.84
2012,1,26,2,30,0,0,0,23.900000000000002,4.2,154.94
2012,1,26,3,30,0,0,0,23.900000000000002,4.4,140.97
2012,1,26,4,30,0,0,0,23.900000000000002,4.5,127.07000000000001
2012,1,26,5,30,0,0,0,23.900000000000002,4.7,113.31
2012,1,26,6,30,0,0,0,24,4.9,99.76
2012,1,26,7,30,39,274,22,24.200000000000003,5.4,86.34
2012,1,26,8,30,103,3,102,24.5,5.800000000000001,73.8
2012,1,26,9,30,18,0,18,24.6,6,62
2012,1,26,10,30,227,1,226,24.8,6,51.660000000000004
2012,1,26,11,30,752,920,88,24.900000000000002,5.9,43.85
2012,1,26,12,30,513,131,413,24.900000000000002,5.7,40.1
2012,1,26,13,30,784,929,88,24.900000000000002,5.5,41.51
2012,1,26,14,30,93,0,93,24.900000000000002,5.2,47.64
2012,1,26,15,30,298,45,273,24.900000000000002,4.9,56.980000000000004
2012,1,26,16,30,159,9,156,24.700000000000003,4.800000000000001,68.2
2012,1,26,17,30,122,480,43,24.5,4.5,80.49
2012,1,26,18,30,0,0,0,24.400000000000002,4.2,93.59
2012,1,26,19,30,0,0,0,24.3,3.9000000000000004,107.01
2012,1,26,20,30,0,0,0,24.200000000000003,3.6,120.69
2012,1,26,21,30,0,0,0,24.1,3.5,134.53
2012,1,26,22,30,0,0,0,24.1,3.3000000000000003,148.48
2012,1,26,23,30,0,0,0,24,3.2,162.43
2012,1,27,0,30,0,0,0,24,3,175.74
2012,1,27,1,30,0,0,0,23.900000000000002,2.8000000000000003,168.83
2012,1,27,2,30,0,0,0,23.8,2.5,154.94
2012,1,27,3,30,0,0,0,23.8,2.3000000000000003,140.97
2012,1,27,4,30,0,0,0,23.700000000000003,2.1,127.07000000000001
2012,1,27,5,30,0,0,0,23.700000000000003,1.8,113.29
2012,1,27,6,30,0,0,0,23.8,1.5,99.72
2012,1,27,7,30,40,282,21,23.900000000000002,1.1,86.29
2012,1,27,8,30,243,685,51,24,0.7000000000000001,73.72
2012,1,27,9,30,457,832,65,24.200000000000003,0.6000000000000001,61.89
2012,1,27,10,30,636,907,71,24.5,0.9,51.5
2012,1,27,11,30,751,909,93,24.700000000000003,1.3,43.64
2012,1,27,12,30,341,7,335,24.900000000000002,1.5,39.85
2012,1,27,13,30,215,0,215,25,1.7000000000000002,41.25
2012,1,27,14,30,296,7,291,25.1,1.9000000000000001,47.4
2012,1,27,15,30,218,4,216,25.1,2.2,56.77
2012,1,27,16,30,340,722,70,25.1,2.5,68.02
2012,1,27,17,30,124,476,44,24.900000000000002,2.7,80.34
2012,1,27,18,30,0,0,0,24.700000000000003,2.9000000000000004,93.45
2012,1,27,19,30,0,0,0,24.6,3,106.88
2012,1,27,20,30,0,0,0,24.400000000000002,3.2,120.58
2012,1,27,21,30,0,0,0,24.200000000000003,3.3000000000000003,134.43
2012,1,27,22,30,0,0,0,24,3.4000000000000004,148.38
2012,1,27,23,30,0,0,0,23.900000000000002,3.6,162.33
2012,1,28,0,30,0,0,0,23.8,3.9000000000000004,175.53
2012,1,28,1,30,0,0,0,23.8,4.1000000000000005,168.8
2012,1,28,2,30,0,0,0,23.8,4.4,154.94
2012,1,28,3,30,0,0,0,23.700000000000003,4.800000000000001,140.97
2012,1,28,4,30,0,0,0,23.700000000000003,5.1000000000000005,127.05
2012,1,28,5,30,0,0,0,23.8,5.4,113.26
2012,1,28,6,30,0,0,0,23.900000000000002,5.7,99.68
2012,1,28,7,30,40,263,23,24.200000000000003,6.1000000000000005,86.23
2012,1,28,8,30,8,0,8,24.5,6.5,73.63
2012,1,28,9,30,371,288,234,24.700000000000003,6.7,61.76
2012,1,28,10,30,645,900,83,24.900000000000002,6.7,51.34
2012,1,28,11,30,767,923,97,25.1,6.6000000000000005,43.43
2012,1,28,12,30,824,946,94,25.200000000000003,6.6000000000000005,39.59
2012,1,28,13,30,805,947,90,25.3,6.5,40.99
2012,1,28,14,30,715,930,83,25.3,6.5,47.160000000000004
2012,1,28,15,30,558,879,74,25.3,6.6000000000000005,56.56
2012,1,28,16,30,355,775,62,25.1,6.7,67.84
2012,1,28,17,30,5,0,5,24.8,6.800000000000001,80.18
2012,1,28,18,30,0,0,0,24.5,6.9,93.31
2012,1,28,19,30,0,0,0,24.200000000000003,7.2,106.76
2012,1,28,20,30,0,0,0,24,7.300000000000001,120.47
2012,1,28,21,30,0,0,0,23.900000000000002,7.4,134.33
2012,1,28,22,30,0,0,0,23.8,7.4,148.29
2012,1,28,23,30,0,0,0,23.700000000000003,7.300000000000001,162.23
2012,1,29,0,30,0,0,0,23.6,7.2,175.31
2012,1,29,1,30,0,0,0,23.6,7.1000000000000005,168.76
2012,1,29,2,30,0,0,0,23.5,7,154.93
2012,1,29,3,30,0,0,0,23.400000000000002,7,140.96
2012,1,29,4,30,0,0,0,23.400000000000002,7,127.03
2012,1,29,5,30,0,0,0,23.400000000000002,7.2,113.23
2012,1,29,6,30,0,0,0,23.5,7.4,99.64
2012,1,29,7,30,44,324,22,23.8,7.800000000000001,86.16
2012,1,29,8,30,256,719,52,24.200000000000003,8,73.54
2012,1,29,9,30,319,104,270,24.5,8,61.64
2012,1,29,10,30,658,924,78,24.700000000000003,7.800000000000001,51.160000000000004
2012,1,29,11,30,780,946,91,24.900000000000002,7.7,43.21
2012,1,29,12,30,835,960,93,25.1,7.6000000000000005,39.33
2012,1,29,13,30,814,952,92,25.1,7.5,40.72
2012,1,29,14,30,722,927,88,25.1,7.5,46.92
2012,1,29,15,30,564,869,82,25,7.5,56.34
2012,1,29,16,30,189,16,183,24.700000000000003,7.5,67.66
2012,1,29,17,30,134,509,46,24.400000000000002,7.5,80.03
2012,1,29,18,30,0,0,0,24.1,7.4,93.18
2012,1,29,19,30,0,0,0,24,7.4,106.64
2012,1,29,20,30,0,0,0,23.900000000000002,7.4,120.36
2012,1,29,21,30,0,0,0,23.8,7.300000000000001,134.23
2012,1,29,22,30,0,0,0,23.8,7.1000000000000005,148.19
2012,1,29,23,30,0,0,0,23.700000000000003,6.800000000000001,162.12
2012,1,30,0,30,0,0,0,23.700000000000003,6.5,175.09
2012,1,30,1,30,0,0,0,23.6,6.300000000000001,168.71
2012,1,30,2,30,0,0,0,23.6,6.2,154.91
2012,1,30,3,30,0,0,0,23.5,6.2,140.94
2012,1,30,4,30,0,0,0,23.5,6.300000000000001,127.01
2012,1,30,5,30,0,0,0,23.400000000000002,6.4,113.2
2012,1,30,6,30,0,0,0,23.5,6.6000000000000005,99.58
2012,1,30,7,30,43,275,25,23.700000000000003,6.9,86.09
2012,1,30,8,30,191,115,158,23.900000000000002,7.1000000000000005,73.44
2012,1,30,9,30,337,140,271,24.1,7,61.5
2012,1,30,10,30,274,6,270,24.3,6.9,50.99
2012,1,30,11,30,442,89,377,24.5,6.800000000000001,42.980000000000004
2012,1,30,12,30,607,218,438,24.700000000000003,6.7,39.06
2012,1,30,13,30,375,17,361,24.8,6.7,40.45
2012,1,30,14,30,723,924,89,24.8,6.6000000000000005,46.67
2012,1,30,15,30,331,58,298,24.700000000000003,6.6000000000000005,56.13
2012,1,30,16,30,102,0,102,24.6,6.6000000000000005,67.48
2012,1,30,17,30,136,508,47,24.3,6.6000000000000005,79.87
2012,1,30,18,30,0,0,0,24.1,6.6000000000000005,93.04
2012,1,30,19,30,0,0,0,24,6.6000000000000005,106.52
2012,1,30,20,30,0,0,0,23.900000000000002,6.6000000000000005,120.25
2012,1,30,21,30,0,0,0,23.8,6.5,134.13
2012,1,30,22,30,0,0,0,23.700000000000003,6.300000000000001,148.09
2012,1,30,23,30,0,0,0,23.6,5.9,162.01
2012,1,31,0,30,0,0,0,23.5,5.4,174.86
2012,1,31,1,30,0,0,0,23.400000000000002,5.2,168.64000000000001
2012,1,31,2,30,0,0,0,23.3,5,154.89000000000001
2012,1,31,3,30,0,0,0,23.200000000000003,4.9,140.92000000000002
2012,1,31,4,30,0,0,0,23.200000000000003,4.800000000000001,126.98
2012,1,31,5,30,0,0,0,23.1,4.9,113.16
2012,1,31,6,30,0,0,0,23.3,5,99.53
2012,1,31,7,30,44,276,25,23.6,5.300000000000001,86.02
2012,1,31,8,30,256,691,58,24,5.4,73.34
2012,1,31,9,30,258,34,242,24.3,5.2,61.370000000000005
2012,1,31,10,30,459,152,363,24.6,4.800000000000001,50.81
2012,1,31,11,30,566,204,416,24.900000000000002,4.3,42.75
2012,1,31,12,30,737,503,345,25.1,3.7,38.79
2012,1,31,13,30,599,217,433,25.3,3.1,40.17
2012,1,31,14,30,323,11,315,25.400000000000002,2.6,46.42
2012,1,31,15,30,574,881,80,25.400000000000002,2.5,55.92
2012,1,31,16,30,367,773,68,25.3,2.6,67.3
2012,1,31,17,30,141,534,45,25,2.8000000000000003,79.72
2012,1,31,18,30,0,0,0,24.700000000000003,3.1,92.91
2012,1,31,19,30,0,0,0,24.5,3.3000000000000003,106.4
2012,1,31,20,30,0,0,0,24.3,3.4000000000000004,120.14
2012,1,31,21,30,0,0,0,24.1,3.4000000000000004,134.04
2012,1,31,22,30,0,0,0,23.900000000000002,3.2,148
2012,1,31,23,30,0,0,0,23.8,3,161.9
2012,2,1,0,30,0,0,0,23.6,2.8000000000000003,174.63
2012,2,1,1,30,0,0,0,23.5,2.6,168.57
2012,2,1,2,30,0,0,0,23.400000000000002,2.5,154.86
2012,2,1,3,30,0,0,0,23.3,2.4000000000000004,140.89000000000001
2012,2,1,4,30,0,0,0,23.200000000000003,2.4000000000000004,126.95
2012,2,1,5,30,0,0,0,23.200000000000003,2.4000000000000004,113.11
2012,2,1,6,30,0,0,0,23.3,2.5,99.47
2012,2,1,7,30,45,279,25,23.700000000000003,2.9000000000000004,85.94
2012,2,1,8,30,92,1,92,24,3.3000000000000003,73.23
2012,2,1,9,30,56,0,56,24.3,3.7,61.22
2012,2,1,10,30,318,26,302,24.6,4.1000000000000005,50.620000000000005
2012,2,1,11,30,578,224,413,24.8,4.4,42.51
2012,2,1,12,30,586,180,445,25,4.7,38.51
2012,2,1,13,30,481,104,401,25.1,4.800000000000001,39.89
2012,2,1,14,30,217,0,216,25.1,4.9,46.17
2012,2,1,15,30,157,0,157,25,4.9,55.7
2012,2,1,16,30,374,799,64,24.8,4.9,67.12
2012,2,1,17,30,147,576,42,24.5,4.9,79.56
2012,2,1,18,30,0,0,0,24.200000000000003,5,92.77
2012,2,1,19,30,0,0,0,24,5.300000000000001,106.28
2012,2,1,20,30,0,0,0,23.900000000000002,5.5,120.04
2012,2,1,21,30,0,0,0,23.700000000000003,5.6000000000000005,133.94
2012,2,1,22,30,0,0,0,23.6,5.7,147.9
2012,2,1,23,30,0,0,0,23.6,5.7,161.79
2012,2,2,0,30,0,0,0,23.5,5.800000000000001,174.39000000000001
2012,2,2,1,30,0,0,0,23.5,6,168.49
2012,2,2,2,30,0,0,0,23.5,6.2,154.82
2012,2,2,3,30,0,0,0,23.5,6.5,140.86
2012,2,2,4,30,0,0,0,23.5,6.7,126.91
2012,2,2,5,30,0,0,0,23.400000000000002,6.9,113.06
2012,2,2,6,30,0,0,0,23.400000000000002,7,99.4
2012,2,2,7,30,48,333,24,23.6,7.2,85.86
2012,2,2,8,30,265,728,53,23.900000000000002,7.1000000000000005,73.12
2012,2,2,9,30,489,872,68,24.1,6.800000000000001,61.07
2012,2,2,10,30,675,939,76,24.3,6.300000000000001,50.43
2012,2,2,11,30,802,977,78,24.6,5.6000000000000005,42.26
2012,2,2,12,30,858,990,81,24.8,4.800000000000001,38.230000000000004
2012,2,2,13,30,459,74,402,24.900000000000002,4.1000000000000005,39.61
2012,2,2,14,30,744,951,83,25,3.3000000000000003,45.92
2012,2,2,15,30,586,902,75,25.1,2.5,55.49
2012,2,2,16,30,379,805,64,25,1.8,66.93
2012,2,2,17,30,149,575,44,24.700000000000003,1.4000000000000001,79.41
2012,2,2,18,30,0,0,0,24.400000000000002,1.5,92.64
2012,2,2,19,30,0,0,0,24.200000000000003,1.7000000000000002,106.17
2012,2,2,20,30,0,0,0,24,1.9000000000000001,119.93
2012,2,2,21,30,0,0,0,23.700000000000003,2,133.84
2012,2,2,22,30,0,0,0,23.5,2,147.81
2012,2,2,23,30,0,0,0,23.400000000000002,1.9000000000000001,161.68
2012,2,3,0,30,0,0,0,23.200000000000003,1.7000000000000002,174.14000000000001
2012,2,3,1,30,0,0,0,23.1,1.7000000000000002,168.39000000000001
2012,2,3,2,30,0,0,0,23,1.6,154.77
2012,2,3,3,30,0,0,0,22.900000000000002,1.4000000000000001,140.82
2012,2,3,4,30,0,0,0,22.8,1.1,126.86
2012,2,3,5,30,0,0,0,22.8,0.9,113
2012,2,3,6,30,0,0,0,22.8,0.7000000000000001,99.33
2012,2,3,7,30,50,359,23,23,0.7000000000000001,85.77
2012,2,3,8,30,268,738,52,23.200000000000003,0.8,73
2012,2,3,9,30,493,877,66,23.6,1.3,60.92
2012,2,3,10,30,594,490,280,23.900000000000002,1.9000000000000001,50.230000000000004
2012,2,3,11,30,805,975,81,24.200000000000003,2.3000000000000003,42.01
2012,2,3,12,30,862,988,83,24.5,2.8000000000000003,37.94
2012,2,3,13,30,843,984,82,24.6,3.3000000000000003,39.32
2012,2,3,14,30,750,955,82,24.700000000000003,3.6,45.660000000000004
2012,2,3,15,30,590,902,76,24.700000000000003,3.7,55.28
2012,2,3,16,30,382,804,65,24.6,3.7,66.76
2012,2,3,17,30,152,578,44,24.3,3.7,79.26
2012,2,3,18,30,0,0,0,24,3.5,92.51
2012,2,3,19,30,0,0,0,23.900000000000002,3.3000000000000003,106.05
2012,2,3,20,30,0,0,0,23.700000000000003,3.2,119.83
2012,2,3,21,30,0,0,0,23.6,3.1,133.75
2012,2,3,22,30,0,0,0,23.5,3.1,147.71
2012,2,3,23,30,0,0,0,23.400000000000002,3.1,161.56
2012,2,4,0,30,0,0,0,23.3,3.1,173.89000000000001
2012,2,4,1,30,0,0,0,23.200000000000003,3.1,168.28
2012,2,4,2,30,0,0,0,23.1,3.1,154.72
2012,2,4,3,30,0,0,0,23.1,3,140.77
2012,2,4,4,30,0,0,0,23,2.9000000000000004,126.81
2012,2,4,5,30,0,0,0,23,3,112.94
2012,2,4,6,30,0,0,0,23.200000000000003,3.1,99.25
2012,2,4,7,30,49,321,24,23.5,3.5,85.68
2012,2,4,8,30,264,712,54,23.8,3.9000000000000004,72.88
2012,2,4,9,30,485,852,69,24,4.3,60.76
2012,2,4,10,30,669,921,77,24.3,4.5,50.02
2012,2,4,11,30,745,622,281,24.700000000000003,4.6000000000000005,41.76
2012,2,4,12,30,511,117,418,25,4.5,37.65
2012,2,4,13,30,357,9,351,25.1,4.4,39.03
2012,2,4,14,30,286,3,284,25.200000000000003,4.3,45.4
2012,2,4,15,30,264,15,255,25.200000000000003,4.1000000000000005,55.06
2012,2,4,16,30,68,0,68,25.1,4.1000000000000005,66.58
2012,2,4,17,30,45,0,45,24.900000000000002,4.2,79.11
2012,2,4,18,30,0,0,0,24.6,4.3,92.38
2012,2,4,19,30,0,0,0,24.400000000000002,4.4,105.94
2012,2,4,20,30,0,0,0,24.3,4.5,119.73
2012,2,4,21,30,0,0,0,24.1,4.6000000000000005,133.65
2012,2,4,22,30,0,0,0,24,4.6000000000000005,147.62
2012,2,4,23,30,0,0,0,23.900000000000002,4.5,161.45000000000002
2012,2,5,0,30,0,0,0,23.900000000000002,4.3,173.63
2012,2,5,1,30,0,0,0,23.8,4,168.16
2012,2,5,2,30,0,0,0,23.8,3.8000000000000003,154.66
2012,2,5,3,30,0,0,0,23.8,3.5,140.72
2012,2,5,4,30,0,0,0,23.700000000000003,3.4000000000000004,126.75
2012,2,5,5,30,0,0,0,23.700000000000003,3.6,112.88
2012,2,5,6,30,0,0,0,23.900000000000002,3.9000000000000004,99.17
2012,2,5,7,30,52,368,23,24.1,4.5,85.58
2012,2,5,8,30,269,739,50,24.400000000000002,4.9,72.75
2012,2,5,9,30,489,871,62,24.5,5.1000000000000005,60.6
2012,2,5,10,30,208,1,208,24.700000000000003,5.300000000000001,49.82
2012,2,5,11,30,796,960,77,24.900000000000002,5.2,41.5
2012,2,5,12,30,816,697,263,25.1,5.2,37.35
2012,2,5,13,30,796,678,267,25.200000000000003,5,38.730000000000004
2012,2,5,14,30,175,0,175,25.200000000000003,4.800000000000001,45.15
2012,2,5,15,30,218,2,216,25.200000000000003,4.4,54.85
2012,2,5,16,30,219,31,206,24.900000000000002,4.2,66.4
2012,2,5,17,30,147,504,51,24.5,4.1000000000000005,78.96000000000001
2012,2,5,18,30,0,0,0,24.1,4,92.25
2012,2,5,19,30,0,0,0,23.8,3.9000000000000004,105.83
2012,2,5,20,30,0,0,0,23.5,3.7,119.63
2012,2,5,21,30,0,0,0,23.3,3.5,133.56
2012,2,5,22,30,0,0,0,23.1,3.3000000000000003,147.52
2012,2,5,23,30,0,0,0,22.900000000000002,3,161.33
2012,2,6,0,30,0,0,0,22.8,2.6,173.36
2012,2,6,1,30,0,0,0,22.700000000000003,2.3000000000000003,168.03
2012,2,6,2,30,0,0,0,22.6,1.9000000000000001,154.59
2012,2,6,3,30,0,0,0,22.5,1.6,140.66
2012,2,6,4,30,0,0,0,22.5,1.4000000000000001,126.69
2012,2,6,5,30,0,0,0,22.5,1.4000000000000001,112.8
2012,2,6,6,30,0,0,0,22.6,1.5,99.08
2012,2,6,7,30,46,192,30,22.8,1.6,85.47
2012,2,6,8,30,72,0,72,23,1.7000000000000002,72.62
2012,2,6,9,30,69,0,69,23.400000000000002,2,60.43
2012,2,6,10,30,147,0,147,23.900000000000002,2.6,49.6
2012,2,6,11,30,504,124,410,24.3,3.3000000000000003,41.230000000000004
2012,2,6,12,30,548,141,435,24.5,3.9000000000000004,37.050000000000004
2012,2,6,13,30,577,182,434,24.6,4.4,38.44
2012,2,6,14,30,425,89,362,24.5,4.7,44.89
2012,2,6,15,30,306,47,279,24.400000000000002,4.9,54.63
2012,2,6,16,30,379,784,63,24.200000000000003,5,66.22
2012,2,6,17,30,68,1,67,23.900000000000002,5,78.81
2012,2,6,18,30,0,0,0,23.8,4.9,92.12
2012,2,6,19,30,0,0,0,23.700000000000003,4.800000000000001,105.71000000000001
2012,2,6,20,30,0,0,0,23.6,4.7,119.53
2012,2,6,21,30,0,0,0,23.400000000000002,4.6000000000000005,133.46
2012,2,6,22,30,0,0,0,23.3,4.6000000000000005,147.43
2012,2,6,23,30,0,0,0,23.3,4.7,161.20000000000002
2012,2,7,0,30,0,0,0,23.3,4.9,173.09
2012,2,7,1,30,0,0,0,23.200000000000003,5.1000000000000005,167.89000000000001
2012,2,7,2,30,0,0,0,23.3,5.2,154.52
2012,2,7,3,30,0,0,0,23.3,5.300000000000001,140.6
2012,2,7,4,30,0,0,0,23.400000000000002,5.6000000000000005,126.63000000000001
2012,2,7,5,30,0,0,0,23.5,5.9,112.73
2012,2,7,6,30,0,0,0,23.700000000000003,6.5,98.99000000000001
2012,2,7,7,30,51,303,26,23.900000000000002,7.4,85.37
2012,2,7,8,30,179,50,164,24.200000000000003,8.200000000000001,72.48
2012,2,7,9,30,106,0,106,24.400000000000002,8.9,60.26
2012,2,7,10,30,102,0,102,24.6,9.4,49.39
2012,2,7,11,30,481,105,401,24.700000000000003,9.700000000000001,40.96
2012,2,7,12,30,461,69,405,24.8,9.8,36.74
2012,2,7,13,30,291,1,290,24.8,9.5,38.13
2012,2,7,14,30,449,96,381,24.700000000000003,8.9,44.63
2012,2,7,15,30,357,70,316,24.6,8.1,54.42
2012,2,7,16,30,363,664,94,24.3,7.4,66.04
2012,2,7,17,30,86,3,86,24,6.9,78.66
2012,2,7,18,30,0,0,0,23.700000000000003,6.800000000000001,91.99
2012,2,7,19,30,0,0,0,23.400000000000002,6.800000000000001,105.60000000000001
2012,2,7,20,30,0,0,0,23.200000000000003,6.9,119.43
2012,2,7,21,30,0,0,0,23.200000000000003,7.300000000000001,133.37
2012,2,7,22,30,0,0,0,23.1,7.7,147.33
2012,2,7,23,30,0,0,0,23,7.800000000000001,161.08
2012,2,8,0,30,0,0,0,22.8,8.1,172.82
2012,2,8,1,30,0,0,0,22.5,8.8,167.74
2012,2,8,2,30,0,0,0,22.1,9,154.43
2012,2,8,3,30,0,0,0,21.900000000000002,8.5,140.53
2012,2,8,4,30,0,0,0,21.8,8.1,126.55
2012,2,8,5,30,0,0,0,21.700000000000003,7.9,112.65
2012,2,8,6,30,0,0,0,21.700000000000003,7.6000000000000005,98.9
2012,2,8,7,30,51,210,33,21.900000000000002,7.4,85.25
2012,2,8,8,30,269,635,76,22.1,7.300000000000001,72.34
2012,2,8,9,30,494,793,99,22.3,7.4,60.09
2012,2,8,10,30,679,863,115,22.400000000000002,7.7,49.17
2012,2,8,11,30,165,0,165,22.6,7.9,40.69
2012,2,8,12,30,555,129,451,22.6,7.800000000000001,36.43
2012,2,8,13,30,856,939,114,22.6,7.7,37.83
2012,2,8,14,30,505,130,412,22.6,7.4,44.37
2012,2,8,15,30,509,379,287,22.6,6.9,54.2
2012,2,8,16,30,398,791,75,22.400000000000002,6.5,65.87
2012,2,8,17,30,163,557,52,22.1,6.1000000000000005,78.52
2012,2,8,18,30,0,0,0,21.700000000000003,5.7,91.87
2012,2,8,19,30,0,0,0,21.5,5.6000000000000005,105.49000000000001
2012,2,8,20,30,0,0,0,21.400000000000002,5.4,119.33
2012,2,8,21,30,0,0,0,21.3,5.2,133.28
2012,2,8,22,30,0,0,0,21.1,4.9,147.23
2012,2,8,23,30,0,0,0,21.1,4.6000000000000005,160.95000000000002
2012,2,9,0,30,0,0,0,21,4.5,172.54
2012,2,9,1,30,0,0,0,21,4.4,167.58
2012,2,9,2,30,0,0,0,21,4.3,154.34
2012,2,9,3,30,0,0,0,21,4.1000000000000005,140.45000000000002
2012,2,9,4,30,0,0,0,21.1,4,126.48
2012,2,9,5,30,0,0,0,21.200000000000003,4,112.56
2012,2,9,6,30,0,0,0,21.5,4.2,98.8
2012,2,9,7,30,56,319,29,21.900000000000002,4.5,85.14
2012,2,9,8,30,278,704,63,22.3,4.800000000000001,72.19
2012,2,9,9,30,506,852,79,22.6,4.9,59.910000000000004
2012,2,9,10,30,695,925,88,23,4.9,48.94
2012,2,9,11,30,825,966,90,23.3,4.7,40.410000000000004
2012,2,9,12,30,884,981,91,23.5,4.5,36.11
2012,2,9,13,30,758,510,353,23.6,4.2,37.52
2012,2,9,14,30,767,937,94,23.700000000000003,4.1000000000000005,44.1
2012,2,9,15,30,607,885,86,23.8,4.2,53.99
2012,2,9,16,30,397,785,74,23.700000000000003,4.5,65.69
2012,2,9,17,30,163,561,50,23.400000000000002,4.800000000000001,78.37
2012,2,9,18,30,0,0,0,23.1,5.2,91.74
2012,2,9,19,30,0,0,0,23,5.7,105.39
2012,2,9,20,30,0,0,0,22.8,6.2,119.23
2012,2,9,21,30,0,0,0,22.700000000000003,6.5,133.19
2012,2,9,22,30,0,0,0,22.6,6.7,147.13
2012,2,9,23,30,0,0,0,22.5,6.5,160.82
2012,2,10,0,30,0,0,0,22.5,5.9,172.25
2012,2,10,1,30,0,0,0,22.400000000000002,5.4,167.4
2012,2,10,2,30,0,0,0,22.400000000000002,5.2,154.24
2012,2,10,3,30,0,0,0,22.400000000000002,5.1000000000000005,140.37
2012,2,10,4,30,0,0,0,22.5,5.1000000000000005,126.39
2012,2,10,5,30,0,0,0,22.5,5.2,112.47
2012,2,10,6,30,0,0,0,22.700000000000003,5.4,98.69
2012,2,10,7,30,57,336,28,23.1,5.800000000000001,85.02
2012,2,10,8,30,193,66,172,23.400000000000002,6.1000000000000005,72.04
2012,2,10,9,30,507,850,79,23.6,6.300000000000001,59.72
2012,2,10,10,30,693,914,90,23.8,6.4,48.71
2012,2,10,11,30,821,942,101,24,6.4,40.13
2012,2,10,12,30,879,955,104,24.200000000000003,6.4,35.79
2012,2,10,13,30,860,951,103,24.400000000000002,6.6000000000000005,37.21
2012,2,10,14,30,766,920,103,24.400000000000002,6.7,43.84
2012,2,10,15,30,606,866,94,24.5,6.7,53.77
2012,2,10,16,30,395,754,82,24.400000000000002,6.6000000000000005,65.52
2012,2,10,17,30,161,507,58,24.1,6.300000000000001,78.23
2012,2,10,18,30,0,0,0,23.900000000000002,6.1000000000000005,91.62
2012,2,10,19,30,0,0,0,23.8,6.1000000000000005,105.28
2012,2,10,20,30,0,0,0,23.6,6.2,119.14
2012,2,10,21,30,0,0,0,23.5,6.1000000000000005,133.09
2012,2,10,22,30,0,0,0,23.400000000000002,5.9,147.03
2012,2,10,23,30,0,0,0,23.3,5.4,160.68
2012,2,11,0,30,0,0,0,23.200000000000003,4.9,171.96
2012,2,11,1,30,0,0,0,23.200000000000003,4.5,167.22
2012,2,11,2,30,0,0,0,23.1,4.2,154.14000000000001
2012,2,11,3,30,0,0,0,23,4.1000000000000005,140.28
2012,2,11,4,30,0,0,0,23,4.2,126.3
2012,2,11,5,30,0,0,0,23,4.5,112.37
2012,2,11,6,30,0,0,0,23.1,4.9,98.58
2012,2,11,7,30,35,1,35,23.5,5.4,84.89
2012,2,11,8,30,134,6,133,23.8,5.800000000000001,71.89
2012,2,11,9,30,351,128,286,24.1,6.1000000000000005,59.53
2012,2,11,10,30,176,0,176,24.3,6.4,48.47
2012,2,11,11,30,757,597,298,24.6,6.6000000000000005,39.84
2012,2,11,12,30,875,969,86,24.700000000000003,6.6000000000000005,35.46
2012,2,11,13,30,858,965,86,24.900000000000002,6.6000000000000005,36.9
2012,2,11,14,30,760,909,101,25,6.4,43.58
2012,2,11,15,30,600,857,92,25,6.2,53.56
2012,2,11,16,30,392,751,78,24.900000000000002,6.2,65.34
2012,2,11,17,30,162,521,54,24.700000000000003,6.300000000000001,78.08
2012,2,11,18,30,0,0,0,24.400000000000002,6.5,91.5
2012,2,11,19,30,0,0,0,24.200000000000003,6.800000000000001,105.17
2012,2,11,20,30,0,0,0,24,6.800000000000001,119.04
2012,2,11,21,30,0,0,0,23.8,6.7,133
2012,2,11,22,30,0,0,0,23.6,6.4,146.93
2012,2,11,23,30,0,0,0,23.5,6,160.55
2012,2,12,0,30,0,0,0,23.5,5.6000000000000005,171.67000000000002
2012,2,12,1,30,0,0,0,23.400000000000002,5.300000000000001,167.02
2012,2,12,2,30,0,0,0,23.400000000000002,5.2,154.02
2012,2,12,3,30,0,0,0,23.3,5.1000000000000005,140.18
2012,2,12,4,30,0,0,0,23.3,5.2,126.21000000000001
2012,2,12,5,30,0,0,0,23.400000000000002,5.4,112.27
2012,2,12,6,30,0,0,0,23.6,5.6000000000000005,98.47
2012,2,12,7,30,56,258,33,23.900000000000002,5.9,84.76
2012,2,12,8,30,157,13,153,24.200000000000003,6,71.73
2012,2,12,9,30,401,276,260,24.5,5.9,59.34
2012,2,12,10,30,685,883,97,24.8,5.7,48.230000000000004
2012,2,12,11,30,226,0,225,25.1,5.4,39.550000000000004
2012,2,12,12,30,208,0,207,25.200000000000003,4.9,35.13
2012,2,12,13,30,666,301,425,25.3,4.4,36.58
2012,2,12,14,30,426,85,364,25.3,4,43.31
2012,2,12,15,30,338,57,304,25.200000000000003,4,53.35
2012,2,12,16,30,185,14,180,25,4.5,65.17
2012,2,12,17,30,70,1,70,24.700000000000003,5.1000000000000005,77.94
2012,2,12,18,30,0,0,0,24.400000000000002,5.5,91.38
2012,2,12,19,30,0,0,0,24.200000000000003,5.7,105.07000000000001
2012,2,12,20,30,0,0,0,24,5.6000000000000005,118.95
2012,2,12,21,30,0,0,0,23.900000000000002,5.4,132.91
2012,2,12,22,30,0,0,0,23.8,5.300000000000001,146.83
2012,2,12,23,30,0,0,0,23.700000000000003,5.2,160.4
2012,2,13,0,30,0,0,0,23.6,5.1000000000000005,171.37
2012,2,13,1,30,0,0,0,23.5,5.1000000000000005,166.82
2012,2,13,2,30,0,0,0,23.400000000000002,5.300000000000001,153.9
2012,2,13,3,30,0,0,0,23.400000000000002,5.6000000000000005,140.08
2012,2,13,4,30,0,0,0,23.3,6,126.11
2012,2,13,5,30,0,0,0,23.3,6.4,112.17
2012,2,13,6,30,0,0,0,23.400000000000002,6.7,98.35000000000001
2012,2,13,7,30,62,340,30,23.700000000000003,6.9,84.63
2012,2,13,8,30,162,16,157,24,6.800000000000001,71.57000000000001
2012,2,13,9,30,357,126,293,24.3,6.6000000000000005,59.14
2012,2,13,10,30,525,232,370,24.6,6.4,47.99
2012,2,13,11,30,542,139,435,24.8,6,39.25
2012,2,13,12,30,170,0,170,25,5.7,34.800000000000004
2012,2,13,13,30,608,185,459,25.200000000000003,5.300000000000001,36.27
2012,2,13,14,30,773,924,98,25.3,5,43.04
2012,2,13,15,30,293,23,280,25.3,4.7,53.14
2012,2,13,16,30,401,769,77,25.200000000000003,4.5,65
2012,2,13,17,30,169,545,54,24.900000000000002,4.4,77.8
2012,2,13,18,30,0,0,0,24.6,4.2,91.26
2012,2,13,19,30,0,0,0,24.400000000000002,4.1000000000000005,104.97
2012,2,13,20,30,0,0,0,24.200000000000003,3.8000000000000003,118.85000000000001
2012,2,13,21,30,0,0,0,24.1,3.4000000000000004,132.82
2012,2,13,22,30,0,0,0,23.900000000000002,2.9000000000000004,146.73
2012,2,13,23,30,0,0,0,23.8,2.5,160.26
2012,2,14,0,30,0,0,0,23.6,2.2,171.06
2012,2,14,1,30,0,0,0,23.5,2,166.6
2012,2,14,2,30,0,0,0,23.400000000000002,1.9000000000000001,153.77
2012,2,14,3,30,0,0,0,23.3,1.7000000000000002,139.98
2012,2,14,4,30,0,0,0,23.3,1.7000000000000002,126.01
2012,2,14,5,30,0,0,0,23.3,1.9000000000000001,112.06
2012,2,14,6,30,0,0,0,23.400000000000002,2.1,98.23
2012,2,14,7,30,62,326,31,23.6,2.3000000000000003,84.49
2012,2,14,8,30,285,697,63,23.900000000000002,2.5,71.41
2012,2,14,9,30,512,842,78,24.1,2.7,58.94
2012,2,14,10,30,530,250,362,24.400000000000002,2.8000000000000003,47.75
2012,2,14,11,30,537,137,430,24.8,2.7,38.95
2012,2,14,12,30,455,51,414,25,2.3000000000000003,34.46
2012,2,14,13,30,868,953,96,25.200000000000003,1.8,35.95
2012,2,14,14,30,591,261,399,25.3,1.7000000000000002,42.78
2012,2,14,15,30,296,24,282,25.400000000000002,1.9000000000000001,52.92
2012,2,14,16,30,186,9,182,25.3,2.1,64.83
2012,2,14,17,30,111,15,108,25.1,2.3000000000000003,77.67
2012,2,14,18,30,0,0,0,24.8,2.3000000000000003,91.15
2012,2,14,19,30,0,0,0,24.700000000000003,2.4000000000000004,104.86
2012,2,14,20,30,0,0,0,24.5,2.3000000000000003,118.76
2012,2,14,21,30,0,0,0,24.200000000000003,2.2,132.73
2012,2,14,22,30,0,0,0,24,2,146.63
2012,2,14,23,30,0,0,0,23.8,1.9000000000000001,160.11
2012,2,15,0,30,0,0,0,23.700000000000003,1.8,170.75
2012,2,15,1,30,0,0,0,23.5,1.7000000000000002,166.38
2012,2,15,2,30,0,0,0,23.5,1.8,153.63
2012,2,15,3,30,0,0,0,23.400000000000002,1.8,139.86
2012,2,15,4,30,0,0,0,23.3,2,125.9
2012,2,15,5,30,0,0,0,23.3,2.2,111.94
2012,2,15,6,30,0,0,0,23.5,2.5,98.10000000000001
2012,2,15,7,30,65,346,31,23.700000000000003,2.8000000000000003,84.35000000000001
2012,2,15,8,30,288,706,61,23.900000000000002,3.1,71.24
2012,2,15,9,30,454,613,136,24,3.2,58.74
2012,2,15,10,30,471,138,378,24.400000000000002,3.4000000000000004,47.49
2012,2,15,11,30,345,6,341,24.700000000000003,3.6,38.64
2012,2,15,12,30,719,567,250,25,3.6,34.12
2012,2,15,13,30,633,372,331,25.200000000000003,3.5,35.62
2012,2,15,14,30,546,170,420,25.400000000000002,3.3000000000000003,42.51
2012,2,15,15,30,601,806,112,25.400000000000002,3.2,52.71
2012,2,15,16,30,392,687,98,25.400000000000002,3.2,64.66
2012,2,15,17,30,117,49,107,25.200000000000003,3.5,77.53
2012,2,15,18,30,0,0,0,25,3.9000000000000004,91.03
2012,2,15,19,30,0,0,0,24.8,4.3,104.76
2012,2,15,20,30,0,0,0,24.6,4.7,118.67
2012,2,15,21,30,0,0,0,24.400000000000002,5,132.63
2012,2,15,22,30,0,0,0,24.3,5.1000000000000005,146.53
2012,2,15,23,30,0,0,0,24.1,5.2,159.96
2012,2,16,0,30,0,0,0,24,5.300000000000001,170.44
2012,2,16,1,30,0,0,0,23.8,5.5,166.14000000000001
2012,2,16,2,30,0,0,0,23.700000000000003,5.6000000000000005,153.49
2012,2,16,3,30,0,0,0,23.5,5.6000000000000005,139.74
2012,2,16,4,30,0,0,0,23.5,5.7,125.78
2012,2,16,5,30,0,0,0,23.5,6,111.82000000000001
2012,2,16,6,30,0,0,0,23.6,6.4,97.97
2012,2,16,7,30,45,6,44,23.8,6.9,84.21000000000001
2012,2,16,8,30,151,41,138,24,7.300000000000001,71.07000000000001
2012,2,16,9,30,328,138,256,24.200000000000003,7.5,58.53
2012,2,16,10,30,526,359,283,24.5,7.5,47.24
2012,2,16,11,30,667,458,308,24.700000000000003,7.300000000000001,38.34
2012,2,16,12,30,617,274,389,24.900000000000002,7.1000000000000005,33.78
2012,2,16,13,30,598,315,340,25,6.800000000000001,35.300000000000004
2012,2,16,14,30,587,383,304,25.1,6.6000000000000005,42.25
2012,2,16,15,30,310,55,277,25.1,6.4,52.5
2012,2,16,16,30,183,24,173,24.900000000000002,6.300000000000001,64.5
2012,2,16,17,30,123,49,113,24.700000000000003,6.4,77.39
2012,2,16,18,30,0,0,0,24.5,6.6000000000000005,90.92
2012,2,16,19,30,0,0,0,24.3,7,104.66
2012,2,16,20,30,0,0,0,24.200000000000003,7.300000000000001,118.58
2012,2,16,21,30,0,0,0,24.1,7.6000000000000005,132.54
2012,2,16,22,30,0,0,0,23.900000000000002,7.7,146.42000000000002
2012,2,16,23,30,0,0,0,23.8,7.6000000000000005,159.8
2012,2,17,0,30,0,0,0,23.6,7.4,170.12
2012,2,17,1,30,0,0,0,23.6,7.2,165.9
2012,2,17,2,30,0,0,0,23.5,7,153.34
2012,2,17,3,30,0,0,0,23.5,6.9,139.62
2012,2,17,4,30,0,0,0,23.5,7,125.66
2012,2,17,5,30,0,0,0,23.6,7.300000000000001,111.7
2012,2,17,6,30,0,0,0,23.700000000000003,7.7,97.84
2012,2,17,7,30,67,301,36,23.900000000000002,8.1,84.06
2012,2,17,8,30,291,665,73,24.200000000000003,8.4,70.89
2012,2,17,9,30,307,50,281,24.5,8.6,58.32
2012,2,17,10,30,179,0,179,24.700000000000003,8.6,46.980000000000004
2012,2,17,11,30,669,312,424,24.900000000000002,8.5,38.02
2012,2,17,12,30,891,922,121,24.900000000000002,8.4,33.43
2012,2,17,13,30,872,915,122,24.8,8.3,34.97
2012,2,17,14,30,776,885,118,24.700000000000003,8.3,41.980000000000004
2012,2,17,15,30,614,824,110,24.5,8.5,52.300000000000004
2012,2,17,16,30,402,709,95,24.200000000000003,8.700000000000001,64.33
2012,2,17,17,30,71,1,71,23.900000000000002,8.8,77.26
2012,2,17,18,30,0,0,0,23.700000000000003,8.8,90.21000000000001
2012,2,17,19,30,0,0,0,23.700000000000003,8.9,104.57000000000001
2012,2,17,20,30,0,0,0,23.6,8.9,118.49000000000001
2012,2,17,21,30,0,0,0,23.6,8.9,132.45
2012,2,17,22,30,0,0,0,23.5,8.8,146.31
2012,2,17,23,30,0,0,0,23.400000000000002,8.6,159.64000000000001
2012,2,18,0,30,0,0,0,23.400000000000002,8.5,169.8
2012,2,18,1,30,0,0,0,23.3,8.3,165.65
2012,2,18,2,30,0,0,0,23.3,8.200000000000001,153.18
2012,2,18,3,30,0,0,0,23.3,8,139.49
2012,2,18,4,30,0,0,0,23.3,7.9,125.54
2012,2,18,5,30,0,0,0,23.3,7.9,111.57000000000001
2012,2,18,6,30,0,0,0,23.400000000000002,8.1,97.7
2012,2,18,7,30,44,1,44,23.6,8.4,83.9
2012,2,18,8,30,242,213,171,23.900000000000002,8.700000000000001,70.71000000000001
2012,2,18,9,30,312,53,284,24.1,9,58.11
2012,2,18,10,30,527,204,388,24.3,9.1,46.72
2012,2,18,11,30,384,15,373,24.5,9.1,37.71
2012,2,18,12,30,733,360,431,24.5,9,33.08
2012,2,18,13,30,627,193,468,24.5,9,34.65
2012,2,18,14,30,662,399,364,24.5,9,41.72
2012,2,18,15,30,491,426,230,24.3,9,52.09
2012,2,18,16,30,302,213,209,24.1,9.1,64.17
2012,2,18,17,30,66,1,66,24,9.1,77.13
2012,2,18,18,30,0,0,0,23.900000000000002,9.1,90.12
2012,2,18,19,30,0,0,0,23.8,9.1,104.47
2012,2,18,20,30,0,0,0,23.700000000000003,9.1,118.39
2012,2,18,21,30,0,0,0,23.6,8.9,132.36
2012,2,18,22,30,0,0,0,23.5,8.5,146.20000000000002
2012,2,18,23,30,0,0,0,23.5,8.1,159.48
2012,2,19,0,30,0,0,0,23.5,7.7,169.47
2012,2,19,1,30,0,0,0,23.5,7.4,165.39000000000001
2012,2,19,2,30,0,0,0,23.5,7.300000000000001,153.01
2012,2,19,3,30,0,0,0,23.5,7.300000000000001,139.35
2012,2,19,4,30,0,0,0,23.5,7.5,125.41
2012,2,19,5,30,0,0,0,23.5,7.9,111.44
2012,2,19,6,30,0,0,0,23.6,8.3,97.56
2012,2,19,7,30,42,0,42,23.700000000000003,8.700000000000001,83.75
2012,2,19,8,30,203,51,186,24,8.9,70.53
2012,2,19,9,30,298,44,275,24.200000000000003,8.9,57.89
2012,2,19,10,30,585,339,351,24.400000000000002,8.8,46.46
2012,2,19,11,30,829,881,129,24.6,8.5,37.39
2012,2,19,12,30,886,892,135,24.700000000000003,8.200000000000001,32.72
2012,2,19,13,30,867,887,134,24.8,8,34.32
2012,2,19,14,30,772,854,132,24.8,7.800000000000001,41.45
2012,2,19,15,30,612,796,121,24.700000000000003,7.9,51.88
2012,2,19,16,30,163,2,162,24.5,8,64.01
2012,2,19,17,30,116,11,113,24.3,8.200000000000001,77
2012,2,19,18,30,0,0,0,24.1,8.4,90.02
2012,2,19,19,30,0,0,0,24,8.6,104.37
2012,2,19,20,30,0,0,0,24,8.700000000000001,118.3
2012,2,19,21,30,0,0,0,24,8.8,132.27
2012,2,19,22,30,0,0,0,23.900000000000002,8.6,146.09
2012,2,19,23,30,0,0,0,23.8,8.200000000000001,159.31
2012,2,20,0,30,0,0,0,23.700000000000003,7.7,169.15
2012,2,20,1,30,0,0,0,23.6,7.4,165.13
2012,2,20,2,30,0,0,0,23.5,7.1000000000000005,152.84
2012,2,20,3,30,0,0,0,23.400000000000002,6.9,139.21
2012,2,20,4,30,0,0,0,23.3,6.9,125.28
2012,2,20,5,30,0,0,0,23.200000000000003,7.1000000000000005,111.3
2012,2,20,6,30,0,0,0,23.400000000000002,7.4,97.41
2012,2,20,7,30,74,344,36,23.700000000000003,7.800000000000001,83.59
2012,2,20,8,30,302,699,67,24,7.9,70.34
2012,2,20,9,30,531,837,83,24.3,7.9,57.67
2012,2,20,10,30,561,283,365,24.6,7.800000000000001,46.19
2012,2,20,11,30,390,17,376,24.700000000000003,7.7,37.06
2012,2,20,12,30,903,950,100,24.8,7.6000000000000005,32.36
2012,2,20,13,30,884,945,100,24.8,7.6000000000000005,33.980000000000004
2012,2,20,14,30,529,146,419,24.8,7.7,41.19
2012,2,20,15,30,625,856,95,24.700000000000003,7.800000000000001,51.68
2012,2,20,16,30,232,27,220,24.6,8,63.85
2012,2,20,17,30,126,28,120,24.3,8,76.87
2012,2,20,18,30,0,0,0,24.1,8,89.93
2012,2,20,19,30,0,0,0,24,8,104.28
2012,2,20,20,30,0,0,0,23.900000000000002,7.800000000000001,118.22
2012,2,20,21,30,0,0,0,23.8,7.4,132.18
2012,2,20,22,30,0,0,0,23.8,7,145.98
2012,2,20,23,30,0,0,0,23.700000000000003,6.5,159.14000000000001
2012,2,21,0,30,0,0,0,23.6,6,168.81
2012,2,21,1,30,0,0,0,23.5,5.6000000000000005,164.85
2012,2,21,2,30,0,0,0,23.5,5.6000000000000005,152.66
2012,2,21,3,30,0,0,0,23.400000000000002,5.7,139.06
2012,2,21,4,30,0,0,0,23.400000000000002,6.1000000000000005,125.14
2012,2,21,5,30,0,0,0,23.400000000000002,6.5,111.16
2012,2,21,6,30,0,0,0,23.6,7.1000000000000005,97.26
2012,2,21,7,30,76,337,37,23.8,7.6000000000000005,83.42
2012,2,21,8,30,212,71,188,24.1,8,70.15
2012,2,21,9,30,372,126,304,24.400000000000002,8.1,57.45
2012,2,21,10,30,280,3,278,24.6,8.1,45.92
2012,2,21,11,30,677,328,414,24.8,8,36.74
2012,2,21,12,30,893,912,119,24.900000000000002,7.9,32
2012,2,21,13,30,680,279,448,25,7.800000000000001,33.65
2012,2,21,14,30,457,92,387,25,7.7,40.92
2012,2,21,15,30,307,27,290,25,7.7,51.480000000000004
2012,2,21,16,30,98,0,98,24.900000000000002,7.6000000000000005,63.690000000000005
2012,2,21,17,30,173,453,69,24.6,7.5,76.74
2012,2,21,18,30,0,0,0,24.3,7.5,89.84
2012,2,21,19,30,0,0,0,24.1,7.800000000000001,104.18
2012,2,21,20,30,0,0,0,24,8,118.13
2012,2,21,21,30,0,0,0,23.900000000000002,8.1,132.08
2012,2,21,22,30,0,0,0,23.8,8.1,145.87
2012,2,21,23,30,0,0,0,23.700000000000003,8,158.97
2012,2,22,0,30,0,0,0,23.6,7.800000000000001,168.48
2012,2,22,1,30,0,0,0,23.6,7.5,164.57
2012,2,22,2,30,0,0,0,23.5,7.2,152.47
2012,2,22,3,30,0,0,0,23.5,7,138.9
2012,2,22,4,30,0,0,0,23.5,6.800000000000001,124.99000000000001
2012,2,22,5,30,0,0,0,23.5,6.800000000000001,111.02
2012,2,22,6,30,0,0,0,23.700000000000003,7,97.11
2012,2,22,7,30,76,310,40,24,7.300000000000001,83.26
2012,2,22,8,30,131,3,130,24.3,7.4,69.96000000000001
2012,2,22,9,30,294,41,272,24.5,7.2,57.22
2012,2,22,10,30,715,862,112,24.8,7,45.65
2012,2,22,11,30,842,898,119,25,6.800000000000001,36.410000000000004
2012,2,22,12,30,170,0,170,25.1,6.6000000000000005,31.64
2012,2,22,13,30,781,487,374,25.200000000000003,6.4,33.32
2012,2,22,14,30,337,7,332,25.200000000000003,6.5,40.660000000000004
2012,2,22,15,30,622,823,107,25.1,6.9,51.28
2012,2,22,16,30,412,715,93,24.900000000000002,7.1000000000000005,63.53
2012,2,22,17,30,13,0,13,24.6,7,76.62
2012,2,22,18,30,0,0,0,24.400000000000002,6.9,89.75
2012,2,22,19,30,0,0,0,24.200000000000003,6.9,104.09
2012,2,22,20,30,0,0,0,24,6.9,118.04
2012,2,22,21,30,0,0,0,23.900000000000002,6.9,131.99
2012,2,22,22,30,0,0,0,23.900000000000002,6.800000000000001,145.76
2012,2,22,23,30,0,0,0,23.8,6.7,158.79
2012,2,23,0,30,0,0,0,23.8,6.6000000000000005,168.14000000000001
2012,2,23,1,30,0,0,0,23.700000000000003,6.5,164.28
2012,2,23,2,30,0,0,0,23.700000000000003,6.4,152.28
2012,2,23,3,30,0,0,0,23.700000000000003,6.300000000000001,138.74
2012,2,23,4,30,0,0,0,23.6,6.300000000000001,124.84
2012,2,23,5,30,0,0,0,23.6,6.300000000000001,110.87
2012,2,23,6,30,0,0,0,23.700000000000003,6.4,96.95
2012,2,23,7,30,49,1,48,24,6.6000000000000005,83.09
2012,2,23,8,30,302,663,72,24.200000000000003,6.6000000000000005,69.76
2012,2,23,9,30,377,142,300,24.5,6.6000000000000005,56.99
2012,2,23,10,30,532,220,377,24.6,6.7,45.37
2012,2,23,11,30,681,353,396,24.8,6.7,36.08
2012,2,23,12,30,896,926,104,25,6.7,31.27
2012,2,23,13,30,876,922,103,25.1,6.5,32.99
2012,2,23,14,30,785,907,94,25.200000000000003,6.1000000000000005,40.4
2012,2,23,15,30,626,857,88,25.200000000000003,5.7,51.08
2012,2,23,16,30,417,762,76,25,5.4,63.38
2012,2,23,17,30,185,557,55,24.8,5.4,76.49
2012,2,23,18,30,0,0,0,24.5,5.300000000000001,89.67
2012,2,23,19,30,0,0,0,24.3,5.2,104
2012,2,23,20,30,0,0,0,24.1,4.9,117.95
2012,2,23,21,30,0,0,0,24,4.5,131.9
2012,2,23,22,30,0,0,0,23.8,4,145.64000000000001
2012,2,23,23,30,0,0,0,23.6,3.4000000000000004,158.61
2012,2,24,0,30,0,0,0,23.400000000000002,2.9000000000000004,167.8
2012,2,24,1,30,0,0,0,23.200000000000003,2.7,163.99
2012,2,24,2,30,0,0,0,23.1,2.7,152.08
2012,2,24,3,30,0,0,0,23,2.6,138.58
2012,2,24,4,30,0,0,0,23,2.4000000000000004,124.69
2012,2,24,5,30,0,0,0,23.1,2.3000000000000003,110.71000000000001
2012,2,24,6,30,0,0,0,23.200000000000003,2.5,96.79
2012,2,24,7,30,49,1,49,23.5,3,82.91
2012,2,24,8,30,240,247,153,23.900000000000002,3.4000000000000004,69.57000000000001
2012,2,24,9,30,334,73,294,24.200000000000003,3.5,56.76
2012,2,24,10,30,548,247,373,24.400000000000002,3.4000000000000004,45.09
2012,2,24,11,30,567,260,356,24.6,3,35.74
2012,2,24,12,30,785,471,381,24.700000000000003,2.6,30.900000000000002
2012,2,24,13,30,718,352,421,24.8,2.1,32.65
2012,2,24,14,30,784,883,108,24.900000000000002,1.9000000000000001,40.14
2012,2,24,15,30,232,1,231,24.900000000000002,1.9000000000000001,50.88
2012,2,24,16,30,306,127,248,24.900000000000002,1.9000000000000001,63.230000000000004
2012,2,24,17,30,184,528,60,24.8,1.9000000000000001,76.37
2012,2,24,18,30,0,0,0,24.700000000000003,1.9000000000000001,89.58
2012,2,24,19,30,0,0,0,24.6,2,103.91
2012,2,24,20,30,0,0,0,24.5,2.1,117.86
2012,2,24,21,30,0,0,0,24.5,2.2,131.8
2012,2,24,22,30,0,0,0,24.400000000000002,2.2,145.52
2012,2,24,23,30,0,0,0,24.3,2.1,158.42000000000002
2012,2,25,0,30,0,0,0,24.3,1.9000000000000001,167.45000000000002
2012,2,25,1,30,0,0,0,24.200000000000003,1.9000000000000001,163.68
2012,2,25,2,30,0,0,0,24.1,1.9000000000000001,151.87
2012,2,25,3,30,0,0,0,24.1,2,138.41
2012,2,25,4,30,0,0,0,24.1,2.1,124.53
2012,2,25,5,30,0,0,0,24.1,2.2,110.56
2012,2,25,6,30,0,0,0,24.1,2.3000000000000003,96.62
2012,2,25,7,30,49,1,49,24.3,2.6,82.74
2012,2,25,8,30,105,0,105,24.400000000000002,3,69.36
2012,2,25,9,30,147,0,147,24.400000000000002,3.1,56.53
2012,2,25,10,30,79,0,79,24.5,3.2,44.81
2012,2,25,11,30,579,322,317,24.700000000000003,3.1,35.4
2012,2,25,12,30,685,402,339,24.8,2.9000000000000004,30.53
2012,2,25,13,30,444,71,384,24.8,2.9000000000000004,32.31
2012,2,25,14,30,463,187,319,24.8,2.9000000000000004,39.88
2012,2,25,15,30,256,37,232,24.8,2.9000000000000004,50.69
2012,2,25,16,30,329,279,203,24.8,3,63.08
2012,2,25,17,30,118,12,115,24.6,3,76.25
2012,2,25,18,30,0,0,0,24.400000000000002,3.3000000000000003,89.49
2012,2,25,19,30,0,0,0,24.3,3.7,103.82000000000001
2012,2,25,20,30,0,0,0,24.200000000000003,4.1000000000000005,117.78
2012,2,25,21,30,0,0,0,24.1,4.3,131.71
2012,2,25,22,30,0,0,0,24,4.4,145.4
2012,2,25,23,30,0,0,0,24,4.4,158.23
2012,2,26,0,30,0,0,0,23.900000000000002,4.3,167.1
2012,2,26,1,30,0,0,0,23.900000000000002,4.2,163.38
2012,2,26,2,30,0,0,0,23.900000000000002,4.3,151.66
2012,2,26,3,30,0,0,0,23.900000000000002,4.7,138.23
2012,2,26,4,30,0,0,0,23.900000000000002,5.1000000000000005,124.37
2012,2,26,5,30,0,0,0,24,5.6000000000000005,110.39
2012,2,26,6,30,0,0,0,24,6.300000000000001,96.46000000000001
2012,2,26,7,30,41,2,41,24.1,6.9,82.56
2012,2,26,8,30,61,1,60,24.200000000000003,7.300000000000001,69.16
2012,2,26,9,30,268,56,236,24.400000000000002,7.5,56.29
2012,2,26,10,30,354,57,313,24.5,7.5,44.53
2012,2,26,11,30,392,44,356,24.6,7.2,35.06
2012,2,26,12,30,367,17,352,24.8,6.800000000000001,30.150000000000002
2012,2,26,13,30,408,31,382,24.900000000000002,6.4,31.98
2012,2,26,14,30,313,15,301,24.900000000000002,6.1000000000000005,39.62
2012,2,26,15,30,190,5,187,24.8,6.1000000000000005,50.49
2012,2,26,16,30,126,4,125,24.6,6.300000000000001,62.93
2012,2,26,17,30,75,3,74,24.400000000000002,6.6000000000000005,76.13
2012,2,26,18,30,0,0,0,24.200000000000003,6.7,89.4
2012,2,26,19,30,0,0,0,24.1,6.800000000000001,103.73
2012,2,26,20,30,0,0,0,24,6.7,117.69
2012,2,26,21,30,0,0,0,23.900000000000002,6.5,131.61
2012,2,26,22,30,0,0,0,23.8,6.4,145.28
2012,2,26,23,30,0,0,0,23.8,6.300000000000001,158.04
2012,2,27,0,30,0,0,0,23.700000000000003,6.300000000000001,166.75
2012,2,27,1,30,0,0,0,23.700000000000003,6.300000000000001,163.06
2012,2,27,2,30,0,0,0,23.700000000000003,6.300000000000001,151.44
2012,2,27,3,30,0,0,0,23.700000000000003,6.300000000000001,138.05
2012,2,27,4,30,0,0,0,23.700000000000003,6.4,124.2
2012,2,27,5,30,0,0,0,23.6,6.4,110.23
2012,2,27,6,30,0,0,0,23.700000000000003,6.5,96.28
2012,2,27,7,30,87,342,42,23.900000000000002,6.800000000000001,82.38
2012,2,27,8,30,70,0,70,24.1,6.9,68.96000000000001
2012,2,27,9,30,183,1,183,24.3,7,56.050000000000004
2012,2,27,10,30,125,0,125,24.5,6.7,44.25
2012,2,27,11,30,486,82,419,24.700000000000003,6.300000000000001,34.72
2012,2,27,12,30,259,0,259,24.8,6,29.77
2012,2,27,13,30,896,919,114,25,5.800000000000001,31.64
2012,2,27,14,30,802,899,107,25.1,5.800000000000001,39.36
2012,2,27,15,30,640,846,99,25.1,5.9,50.300000000000004
2012,2,27,16,30,192,8,188,25,6.1000000000000005,62.78
2012,2,27,17,30,95,2,94,24.700000000000003,6.4,76.02
2012,2,27,18,30,0,0,0,24.400000000000002,6.7,89.32000000000001
2012,2,27,19,30,0,0,0,24.200000000000003,6.9,103.64
2012,2,27,20,30,0,0,0,24.1,6.9,117.60000000000001
2012,2,27,21,30,0,0,0,23.900000000000002,6.9,131.52
2012,2,27,22,30,0,0,0,23.8,6.7,145.16
2012,2,27,23,30,0,0,0,23.700000000000003,6.7,157.84
2012,2,28,0,30,0,0,0,23.6,6.6000000000000005,166.4
2012,2,28,1,30,0,0,0,23.6,6.4,162.74
2012,2,28,2,30,0,0,0,23.5,6.1000000000000005,151.21
2012,2,28,3,30,0,0,0,23.400000000000002,5.800000000000001,137.87
2012,2,28,4,30,0,0,0,23.400000000000002,5.7,124.03
2012,2,28,5,30,0,0,0,23.400000000000002,5.9,110.06
2012,2,28,6,30,0,0,0,23.5,6.2,96.11
2012,2,28,7,30,57,1,57,23.8,6.4,82.19
2012,2,28,8,30,244,129,197,24.1,6.4,68.75
2012,2,28,9,30,442,278,286,24.3,6.300000000000001,55.81
2012,2,28,10,30,554,222,394,24.6,6.1000000000000005,43.96
2012,2,28,11,30,690,322,424,24.8,5.9,34.37
2012,2,28,12,30,590,217,400,25.1,5.6000000000000005,29.39
2012,2,28,13,30,728,347,432,25.3,5.4,31.310000000000002
2012,2,28,14,30,608,239,422,25.400000000000002,5.300000000000001,39.11
2012,2,28,15,30,423,106,355,25.400000000000002,5.300000000000001,50.11
2012,2,28,16,30,273,113,221,25.200000000000003,5.5,62.64
2012,2,28,17,30,55,0,55,24.900000000000002,5.800000000000001,75.9
2012,2,28,18,30,0,0,0,24.5,6.2,89.24
2012,2,28,19,30,0,0,0,24.3,6.6000000000000005,103.55
2012,2,28,20,30,0,0,0,24.1,6.9,117.52
2012,2,28,21,30,0,0,0,23.900000000000002,7,131.42000000000002
2012,2,28,22,30,0,0,0,23.8,6.9,145.03
2012,2,28,23,30,0,0,0,23.8,6.800000000000001,157.64000000000001
2012,2,29,0,30,0,0,0,23.700000000000003,6.7,166.04
2012,2,29,1,30,0,0,0,23.700000000000003,6.4,162.42000000000002
2012,2,29,2,30,0,0,0,23.6,6.2,150.98
2012,2,29,3,30,0,0,0,23.6,6.2,137.67000000000002
2012,2,29,4,30,0,0,0,23.5,6.1000000000000005,123.86
2012,2,29,5,30,0,0,0,23.5,5.800000000000001,109.89
2012,2,29,6,30,0,0,0,23.6,5.6000000000000005,95.93
2012,2,29,7,30,31,0,31,23.8,5.7,82
2012,2,29,8,30,16,0,16,24,5.5,68.54
2012,2,29,9,30,178,9,174,24.200000000000003,5.300000000000001,55.57
2012,2,29,10,30,334,38,307,24.3,5,43.67
2012,2,29,11,30,465,94,386,24.3,4.800000000000001,34.03
2012,2,29,12,30,493,67,434,24.3,4.7,29.01
2012,2,29,13,30,221,0,220,24.400000000000002,4.800000000000001,30.970000000000002
2012,2,29,14,30,338,42,305,24.5,4.800000000000001,38.86
2012,2,29,15,30,300,18,288,24.5,4.9,49.93
2012,2,29,16,30,313,210,216,24.400000000000002,5.1000000000000005,62.5
2012,2,29,17,30,85,1,85,24.3,5.5,75.79
2012,2,29,18,30,0,0,0,24.200000000000003,6,89.15
2012,2,29,19,30,0,0,0,24.200000000000003,6.5,103.46000000000001
2012,2,29,20,30,0,0,0,24.1,7,117.43
2012,2,29,21,30,0,0,0,24,7.300000000000001,131.33
2012,2,29,22,30,0,0,0,23.900000000000002,7.300000000000001,144.9
2012,2,29,23,30,0,0,0,23.8,7.1000000000000005,157.43
2012,3,1,0,30,0,0,0,23.8,6.9,165.68
2012,3,1,1,30,0,0,0,23.700000000000003,6.7,162.09
2012,3,1,2,30,0,0,0,23.700000000000003,6.4,150.74
2012,3,1,3,30,0,0,0,23.6,6.2,137.48
2012,3,1,4,30,0,0,0,23.6,6,123.68
2012,3,1,5,30,0,0,0,23.6,5.9,109.71000000000001
2012,3,1,6,30,0,0,0,23.6,5.9,95.75
2012,3,1,7,30,54,1,54,23.700000000000003,6.1000000000000005,81.81
2012,3,1,8,30,156,7,154,23.8,6.2,68.32000000000001
2012,3,1,9,30,369,91,317,24,6.1000000000000005,55.32
2012,3,1,10,30,533,175,406,24.200000000000003,5.9,43.38
2012,3,1,11,30,646,227,457,24.400000000000002,5.5,33.68
2012,3,1,12,30,254,0,254,24.700000000000003,4.9,28.63
2012,3,1,13,30,257,0,257,24.900000000000002,4.2,30.63
2012,3,1,14,30,178,0,178,25.1,3.7,38.6
2012,3,1,15,30,163,0,163,25.200000000000003,3.4000000000000004,49.74
2012,3,1,16,30,180,4,178,25.200000000000003,3.6,62.36
2012,3,1,17,30,136,26,130,24.900000000000002,3.9000000000000004,75.68
2012,3,1,18,30,0,0,0,24.6,4.2,89.07000000000001
2012,3,1,19,30,0,0,0,24.400000000000002,4.6000000000000005,103.38
2012,3,1,20,30,0,0,0,24.200000000000003,4.9,117.35000000000001
2012,3,1,21,30,0,0,0,24.1,4.9,131.23
2012,3,1,22,30,0,0,0,23.900000000000002,4.7,144.77
2012,3,1,23,30,0,0,0,23.8,4.4,157.22
2012,3,2,0,30,0,0,0,23.6,4.2,165.32
2012,3,2,1,30,0,0,0,23.5,3.9000000000000004,161.75
2012,3,2,2,30,0,0,0,23.3,3.8000000000000003,150.5
2012,3,2,3,30,0,0,0,23.200000000000003,3.8000000000000003,137.28
2012,3,2,4,30,0,0,0,23,3.9000000000000004,123.49000000000001
2012,3,2,5,30,0,0,0,23,3.8000000000000003,109.53
2012,3,2,6,30,0,0,0,23.200000000000003,3.8000000000000003,95.57000000000001
2012,3,2,7,30,96,327,49,23.400000000000002,3.8000000000000003,81.62
2012,3,2,8,30,325,644,85,23.700000000000003,3.8000000000000003,68.11
2012,3,2,9,30,95,0,95,23.900000000000002,3.5,55.08
2012,3,2,10,30,509,142,405,24.1,3.3000000000000003,43.09
2012,3,2,11,30,629,197,464,24.400000000000002,3.1,33.33
2012,3,2,12,30,301,1,300,24.5,2.9000000000000004,28.240000000000002
2012,3,2,13,30,551,172,403,24.6,2.6,30.3
2012,3,2,14,30,365,12,355,24.700000000000003,2.3000000000000003,38.36
2012,3,2,15,30,520,449,228,24.700000000000003,2.2,49.56
2012,3,2,16,30,369,389,188,24.6,2.3000000000000003,62.22
2012,3,2,17,30,7,0,7,24.400000000000002,2.5,75.57000000000001
2012,3,2,18,30,4,0,4,24.200000000000003,2.8000000000000003,88.99
2012,3,2,19,30,0,0,0,24,3.1,103.3
2012,3,2,20,30,0,0,0,23.900000000000002,3.3000000000000003,117.26
2012,3,2,21,30,0,0,0,23.700000000000003,3.5,131.13
2012,3,2,22,30,0,0,0,23.6,3.5,144.64000000000001
2012,3,2,23,30,0,0,0,23.5,3.4000000000000004,157.01
2012,3,3,0,30,0,0,0,23.400000000000002,3.4000000000000004,164.95000000000002
2012,3,3,1,30,0,0,0,23.400000000000002,3.4000000000000004,161.42000000000002
2012,3,3,2,30,0,0,0,23.3,3.5,150.25
2012,3,3,3,30,0,0,0,23.3,3.8000000000000003,137.07
2012,3,3,4,30,0,0,0,23.3,4.2,123.31
2012,3,3,5,30,0,0,0,23.3,4.6000000000000005,109.35000000000001
2012,3,3,6,30,0,0,0,23.400000000000002,5,95.38
2012,3,3,7,30,36,1,36,23.6,5.5,81.42
2012,3,3,8,30,232,136,181,23.8,5.7,67.89
2012,3,3,9,30,416,178,314,24,5.7,54.83
2012,3,3,10,30,540,319,306,24.200000000000003,5.6000000000000005,42.79
2012,3,3,11,30,787,494,372,24.400000000000002,5.5,32.97
2012,3,3,12,30,603,143,477,24.6,5.300000000000001,27.85
2012,3,3,13,30,893,862,146,24.700000000000003,5.1000000000000005,29.96
2012,3,3,14,30,798,845,133,24.8,5.1000000000000005,38.11
2012,3,3,15,30,150,0,150,24.8,5.1000000000000005,49.38
2012,3,3,16,30,297,82,259,24.6,5.2,62.09
2012,3,3,17,30,195,503,69,24.400000000000002,5.300000000000001,75.46000000000001
2012,3,3,18,30,11,27,10,24.200000000000003,5.300000000000001,88.91
2012,3,3,19,30,0,0,0,24.1,5.300000000000001,103.21000000000001
2012,3,3,20,30,0,0,0,24,5.300000000000001,117.18
2012,3,3,21,30,0,0,0,23.900000000000002,5.1000000000000005,131.03
2012,3,3,22,30,0,0,0,23.8,4.800000000000001,144.51
2012,3,3,23,30,0,0,0,23.700000000000003,4.6000000000000005,156.79
2012,3,4,0,30,0,0,0,23.700000000000003,4.5,164.59
2012,3,4,1,30,0,0,0,23.6,4.4,161.07
2012,3,4,2,30,0,0,0,23.6,4.3,150
2012,3,4,3,30,0,0,0,23.6,4.3,136.86
2012,3,4,4,30,0,0,0,23.5,4.4,123.11
2012,3,4,5,30,0,0,0,23.400000000000002,4.6000000000000005,109.17
2012,3,4,6,30,0,0,0,23.400000000000002,4.800000000000001,95.19
2012,3,4,7,30,38,1,38,23.5,4.9,81.23
2012,3,4,8,30,153,9,149,23.400000000000002,4.9,67.67
2012,3,4,9,30,217,2,216,23.3,4.7,54.58
2012,3,4,10,30,142,1,142,23.1,4.5,42.5
2012,3,4,11,30,216,2,215,23,4.3,32.62
2012,3,4,12,30,366,3,363,22.900000000000002,4.4,27.47
2012,3,4,13,30,449,72,387,22.8,4.5,29.63
2012,3,4,14,30,108,0,108,22.8,4.9,37.87
2012,3,4,15,30,189,4,187,22.700000000000003,5.300000000000001,49.21
2012,3,4,16,30,267,80,229,22.6,5.6000000000000005,61.96
2012,3,4,17,30,60,2,59,22.5,5.7,75.36
2012,3,4,18,30,3,0,3,22.400000000000002,5.7,88.82000000000001
2012,3,4,19,30,0,0,0,22.400000000000002,5.7,103.13
2012,3,4,20,30,0,0,0,22.5,5.800000000000001,117.09
2012,3,4,21,30,0,0,0,22.6,5.800000000000001,130.93
2012,3,4,22,30,0,0,0,22.6,5.7,144.37
2012,3,4,23,30,0,0,0,22.6,5.5,156.57
2012,3,5,0,30,0,0,0,22.6,5.300000000000001,164.22
2012,3,5,1,30,0,0,0,22.700000000000003,4.9,160.73
2012,3,5,2,30,0,0,0,22.700000000000003,4.6000000000000005,149.74
2012,3,5,3,30,0,0,0,22.700000000000003,4.4,136.65
2012,3,5,4,30,0,0,0,22.700000000000003,4.3,122.92
2012,3,5,5,30,0,0,0,22.700000000000003,4.1000000000000005,108.98
2012,3,5,6,30,0,0,0,22.700000000000003,4,95
2012,3,5,7,30,6,0,6,22.8,3.8000000000000003,81.03
2012,3,5,8,30,28,0,28,22.8,3.5,67.45
2012,3,5,9,30,71,0,71,22.8,2.9000000000000004,54.33
2012,3,5,10,30,20,0,20,22.8,2.4000000000000004,42.2
2012,3,5,11,30,174,1,173,22.8,2.1,32.26
2012,3,5,12,30,358,13,347,22.900000000000002,2,27.07
2012,3,5,13,30,608,259,382,23,2,29.29
2012,3,5,14,30,191,2,190,23,2.1,37.62
2012,3,5,15,30,30,0,30,23,2.2,49.04
2012,3,5,16,30,107,0,107,22.8,2.3000000000000003,61.83
2012,3,5,17,30,16,0,16,22.6,2.3000000000000003,75.26
2012,3,5,18,30,5,0,5,22.5,2.4000000000000004,88.75
2012,3,5,19,30,0,0,0,22.400000000000002,2.6,103.05
2012,3,5,20,30,0,0,0,22.400000000000002,3,117.01
2012,3,5,21,30,0,0,0,22.5,3.6,130.83
2012,3,5,22,30,0,0,0,22.6,4.2,144.23
2012,3,5,23,30,0,0,0,22.8,4.7,156.35
2012,3,6,0,30,0,0,0,23,5,163.85
2012,3,6,1,30,0,0,0,23.1,5.2,160.38
2012,3,6,2,30,0,0,0,23.200000000000003,5.4,149.48
2012,3,6,3,30,0,0,0,23.3,5.6000000000000005,136.43
2012,3,6,4,30,0,0,0,23.400000000000002,5.7,122.72
2012,3,6,5,30,0,0,0,23.400000000000002,5.9,108.79
2012,3,6,6,30,0,0,0,23.5,6.1000000000000005,94.81
2012,3,6,7,30,32,0,32,23.5,6.300000000000001,80.83
2012,3,6,8,30,79,0,79,23.5,6.2,67.23
2012,3,6,9,30,266,46,239,23.3,6.1000000000000005,54.08
2012,3,6,10,30,333,43,302,23.200000000000003,5.9,41.9
2012,3,6,11,30,189,0,188,23.1,5.7,31.91
2012,3,6,12,30,138,0,137,23.1,5.4,26.68
2012,3,6,13,30,300,6,295,23,4.9,28.96
2012,3,6,14,30,348,25,328,23,4.4,37.38
2012,3,6,15,30,17,0,17,23,3.9000000000000004,48.86
2012,3,6,16,30,9,0,9,22.8,3.6,61.7
2012,3,6,17,30,54,1,53,22.700000000000003,3.4000000000000004,75.15
2012,3,6,18,30,5,0,5,22.6,3.3000000000000003,88.67
2012,3,6,19,30,0,0,0,22.6,3.2,102.97
2012,3,6,20,30,0,0,0,22.6,3,116.92
2012,3,6,21,30,0,0,0,22.5,2.8000000000000003,130.73
2012,3,6,22,30,0,0,0,22.5,2.7,144.09
2012,3,6,23,30,0,0,0,22.5,2.7,156.12
2012,3,7,0,30,0,0,0,22.5,2.9000000000000004,163.48
2012,3,7,1,30,0,0,0,22.5,3.3000000000000003,160.02
2012,3,7,2,30,0,0,0,22.5,3.9000000000000004,149.21
2012,3,7,3,30,0,0,0,22.6,4.3,136.21
2012,3,7,4,30,0,0,0,22.6,4.6000000000000005,122.52
2012,3,7,5,30,0,0,0,22.6,4.9,108.59
2012,3,7,6,30,0,0,0,22.700000000000003,5.4,94.61
2012,3,7,7,30,114,395,50,22.900000000000002,6.1000000000000005,80.62
2012,3,7,8,30,350,686,82,23.1,6.6000000000000005,67.01
2012,3,7,9,30,580,817,97,23.200000000000003,7.1000000000000005,53.83
2012,3,7,10,30,766,882,107,23.3,7.5,41.61
2012,3,7,11,30,893,917,112,23.400000000000002,7.6000000000000005,31.55
2012,3,7,12,30,948,928,115,23.5,7.6000000000000005,26.29
2012,3,7,13,30,925,923,114,23.5,7.6000000000000005,28.63
2012,3,7,14,30,681,358,396,23.400000000000002,7.7,37.15
2012,3,7,15,30,660,842,104,23.200000000000003,7.9,48.7
2012,3,7,16,30,445,747,90,23,8.1,61.57
2012,3,7,17,30,100,2,100,22.8,8.200000000000001,75.05
2012,3,7,18,30,6,0,6,22.700000000000003,8.200000000000001,88.59
2012,3,7,19,30,0,0,0,22.700000000000003,8.3,102.88
2012,3,7,20,30,0,0,0,22.700000000000003,8.4,116.84
2012,3,7,21,30,0,0,0,22.8,8.3,130.63
2012,3,7,22,30,0,0,0,22.8,8.1,143.95000000000002
2012,3,7,23,30,0,0,0,22.8,7.800000000000001,155.89000000000001
2012,3,8,0,30,0,0,0,22.700000000000003,7.6000000000000005,163.1
2012,3,8,1,30,0,0,0,22.700000000000003,7.5,159.66
2012,3,8,2,30,0,0,0,22.6,7.6000000000000005,148.94
2012,3,8,3,30,0,0,0,22.6,7.7,135.98
2012,3,8,4,30,0,0,0,22.6,7.9,122.31
2012,3,8,5,30,0,0,0,22.5,8.200000000000001,108.39
2012,3,8,6,30,0,0,0,22.400000000000002,8.700000000000001,94.42
2012,3,8,7,30,112,331,57,22.5,9.200000000000001,80.42
2012,3,8,8,30,113,0,113,22.700000000000003,9.600000000000001,66.79
2012,3,8,9,30,265,12,258,22.8,9.700000000000001,53.57
2012,3,8,10,30,297,2,295,22.900000000000002,9.700000000000001,41.31
2012,3,8,11,30,306,1,305,22.900000000000002,9.700000000000001,31.19
2012,3,8,12,30,432,15,419,22.900000000000002,9.600000000000001,25.89
2012,3,8,13,30,805,456,403,22.700000000000003,9.600000000000001,28.29
2012,3,8,14,30,557,143,443,22.5,9.5,36.910000000000004
2012,3,8,15,30,115,0,115,22.200000000000003,9.5,48.53
2012,3,8,16,30,63,0,63,22,9.5,61.45
2012,3,8,17,30,39,0,39,21.900000000000002,9.600000000000001,74.96000000000001
2012,3,8,18,30,5,0,5,21.8,9.700000000000001,88.51
2012,3,8,19,30,0,0,0,21.8,9.9,102.8
2012,3,8,20,30,0,0,0,21.900000000000002,10.100000000000001,116.75
2012,3,8,21,30,0,0,0,21.900000000000002,10.200000000000001,130.52
2012,3,8,22,30,0,0,0,22,10,143.8
2012,3,8,23,30,0,0,0,22.200000000000003,9.700000000000001,155.66
2012,3,9,0,30,0,0,0,22.5,9.4,162.73
2012,3,9,1,30,0,0,0,22.700000000000003,9,159.3
2012,3,9,2,30,0,0,0,22.900000000000002,8.4,148.66
2012,3,9,3,30,0,0,0,23,7.6000000000000005,135.75
2012,3,9,4,30,0,0,0,23.1,6.800000000000001,122.11
2012,3,9,5,30,0,0,0,23,6.2,108.19
2012,3,9,6,30,0,0,0,23,5.5,94.22
2012,3,9,7,30,3,0,3,23,5.1000000000000005,80.21000000000001
2012,3,9,8,30,13,0,13,23,4.9,66.56
2012,3,9,9,30,59,0,58,23,5,53.32
2012,3,9,10,30,38,0,38,23,5.5,41.01
2012,3,9,11,30,173,1,172,23,5.800000000000001,30.830000000000002
2012,3,9,12,30,493,68,432,23,6.1000000000000005,25.5
2012,3,9,13,30,146,0,146,23.1,6.5,27.96
2012,3,9,14,30,350,21,333,23.200000000000003,6.800000000000001,36.68
2012,3,9,15,30,351,30,331,23.5,6.9,48.370000000000005
2012,3,9,16,30,169,9,165,23.8,6.9,61.33
2012,3,9,17,30,81,3,80,23.900000000000002,7,74.86
2012,3,9,18,30,7,0,7,24,7.1000000000000005,88.44
2012,3,9,19,30,0,0,0,24,7.2,102.72
2012,3,9,20,30,0,0,0,24,7.2,116.66
2012,3,9,21,30,0,0,0,24,7.300000000000001,130.42000000000002
2012,3,9,22,30,0,0,0,23.900000000000002,7.4,143.66
2012,3,9,23,30,0,0,0,23.8,7.7,155.42000000000002
2012,3,10,0,30,0,0,0,23.8,8.1,162.35
2012,3,10,1,30,0,0,0,23.700000000000003,8.4,158.94
2012,3,10,2,30,0,0,0,23.6,8.5,148.38
2012,3,10,3,30,0,0,0,23.5,8.4,135.52
2012,3,10,4,30,0,0,0,23.400000000000002,8.3,121.9
2012,3,10,5,30,0,0,0,23.400000000000002,8.3,107.99000000000001
2012,3,10,6,30,0,0,0,23.6,8.4,94.01
2012,3,10,7,30,86,9,84,23.8,8.6,80
2012,3,10,8,30,14,0,14,24,8.9,66.34
2012,3,10,9,30,429,158,334,24.200000000000003,8.9,53.07
2012,3,10,10,30,98,0,98,24.3,8.9,40.71
2012,3,10,11,30,272,1,271,24.3,8.700000000000001,30.47
2012,3,10,12,30,354,2,352,24.3,8.6,25.1
2012,3,10,13,30,413,11,403,24.3,8.6,27.64
2012,3,10,14,30,412,32,386,24.3,8.700000000000001,36.45
2012,3,10,15,30,289,7,284,24.200000000000003,8.9,48.21
2012,3,10,16,30,151,1,150,24,9.1,61.21
2012,3,10,17,30,27,0,27,23.8,9.200000000000001,74.77
2012,3,10,18,30,6,0,6,23.6,9.200000000000001,88.36
2012,3,10,19,30,0,0,0,23.6,9.1,102.64
2012,3,10,20,30,0,0,0,23.6,9,116.58
2012,3,10,21,30,0,0,0,23.6,8.9,130.31
2012,3,10,22,30,0,0,0,23.5,8.700000000000001,143.51
2012,3,10,23,30,0,0,0,23.400000000000002,8.4,155.17000000000002
2012,3,11,0,30,0,0,0,23.3,8.1,161.97
2012,3,11,1,30,0,0,0,23.200000000000003,7.9,158.57
2012,3,11,2,30,0,0,0,23.200000000000003,7.800000000000001,148.09
2012,3,11,3,30,0,0,0,23.1,7.9,135.28
2012,3,11,4,30,0,0,0,23.200000000000003,8.200000000000001,121.68
2012,3,11,5,30,0,0,0,23.3,8.4,107.79
2012,3,11,6,30,0,0,0,23.5,8.700000000000001,93.81
2012,3,11,7,30,80,3,80,23.8,8.9,79.8
2012,3,11,8,30,226,81,194,24.1,9.1,66.11
2012,3,11,9,30,470,358,253,24.3,9.200000000000001,52.81
2012,3,11,10,30,464,95,392,24.5,9.200000000000001,40.410000000000004
2012,3,11,11,30,669,348,368,24.6,9.1,30.1
2012,3,11,12,30,705,387,354,24.700000000000003,8.8,24.7
2012,3,11,13,30,761,501,315,24.8,8.6,27.310000000000002
2012,3,11,14,30,642,429,296,24.8,8.5,36.230000000000004
2012,3,11,15,30,518,379,265,24.700000000000003,8.5,48.050000000000004
2012,3,11,16,30,415,539,155,24.5,8.6,61.09
2012,3,11,17,30,132,33,123,24.200000000000003,8.5,74.67
2012,3,11,18,30,10,0,10,23.900000000000002,8.4,88.28
2012,3,11,19,30,0,0,0,23.700000000000003,8.3,102.57000000000001
2012,3,11,20,30,0,0,0,23.6,8.200000000000001,116.49000000000001
2012,3,11,21,30,0,0,0,23.5,8.200000000000001,130.2
2012,3,11,22,30,0,0,0,23.400000000000002,8,143.35
2012,3,11,23,30,0,0,0,23.3,7.9,154.93
2012,3,12,0,30,0,0,0,23.200000000000003,7.9,161.59
2012,3,12,1,30,0,0,0,23.1,8.1,158.21
2012,3,12,2,30,0,0,0,23,8.3,147.81
2012,3,12,3,30,0,0,0,23,8.4,135.04
2012,3,12,4,30,0,0,0,22.900000000000002,8.6,121.47
2012,3,12,5,30,0,0,0,22.900000000000002,8.8,107.58
2012,3,12,6,30,0,0,0,23,9,93.61
2012,3,12,7,30,131,423,54,23.200000000000003,9.1,79.58
2012,3,12,8,30,237,42,220,23.400000000000002,9.1,65.88
2012,3,12,9,30,312,32,292,23.6,9,52.56
2012,3,12,10,30,790,881,116,23.8,8.9,40.11
2012,3,12,11,30,382,5,377,23.900000000000002,8.9,29.740000000000002
2012,3,12,12,30,267,0,267,23.900000000000002,8.9,24.3
2012,3,12,13,30,268,1,267,23.900000000000002,8.9,26.98
2012,3,12,14,30,230,0,230,23.8,9,36.01
2012,3,12,15,30,186,0,186,23.6,9.1,47.9
2012,3,12,16,30,102,0,102,23.400000000000002,9.1,60.980000000000004
2012,3,12,17,30,20,0,20,23.1,9,74.58
2012,3,12,18,30,8,0,8,22.900000000000002,8.8,88.21000000000001
2012,3,12,19,30,0,0,0,22.900000000000002,8.5,102.49000000000001
2012,3,12,20,30,0,0,0,22.900000000000002,8.1,116.4
2012,3,12,21,30,0,0,0,22.900000000000002,7.800000000000001,130.1
2012,3,12,22,30,0,0,0,22.8,7.4,143.20000000000002
2012,3,12,23,30,0,0,0,22.700000000000003,7.2,154.68
2012,3,13,0,30,0,0,0,22.6,7,161.21
2012,3,13,1,30,0,0,0,22.6,6.800000000000001,157.84
2012,3,13,2,30,0,0,0,22.5,6.9,147.51
2012,3,13,3,30,0,0,0,22.400000000000002,7.1000000000000005,134.8
2012,3,13,4,30,0,0,0,22.400000000000002,7.2,121.25
2012,3,13,5,30,0,0,0,22.400000000000002,7.2,107.38
2012,3,13,6,30,0,0,0,22.700000000000003,7.2,93.4
2012,3,13,7,30,104,32,98,23,7.300000000000001,79.37
2012,3,13,8,30,116,0,116,23.3,7.300000000000001,65.65
2012,3,13,9,30,161,0,161,23.6,7.2,52.300000000000004
2012,3,13,10,30,299,2,298,23.8,7.2,39.81
2012,3,13,11,30,471,42,434,23.900000000000002,7.300000000000001,29.38
2012,3,13,12,30,533,74,465,24,7.4,23.900000000000002
2012,3,13,13,30,963,964,101,24,7.5,26.66
2012,3,13,14,30,862,947,94,23.900000000000002,7.5,35.79
2012,3,13,15,30,693,897,90,23.8,7.4,47.75
2012,3,13,16,30,472,806,80,23.700000000000003,7.4,60.870000000000005
2012,3,13,17,30,226,619,60,23.5,7.2,74.49
2012,3,13,18,30,14,3,14,23.200000000000003,7,88.14
2012,3,13,19,30,0,0,0,23.1,6.800000000000001,102.41
2012,3,13,20,30,0,0,0,23.1,6.7,116.32000000000001
2012,3,13,21,30,0,0,0,22.900000000000002,6.6000000000000005,129.99
2012,3,13,22,30,0,0,0,22.8,6.6000000000000005,143.04
2012,3,13,23,30,0,0,0,22.700000000000003,6.6000000000000005,154.43
2012,3,14,0,30,0,0,0,22.700000000000003,6.5,160.83
2012,3,14,1,30,0,0,0,22.6,6.4,157.46
2012,3,14,2,30,0,0,0,22.6,6.300000000000001,147.22
2012,3,14,3,30,0,0,0,22.5,6.2,134.55
2012,3,14,4,30,0,0,0,22.5,6.1000000000000005,121.03
2012,3,14,5,30,0,0,0,22.6,6.1000000000000005,107.17
2012,3,14,6,30,0,0,0,22.8,6.300000000000001,93.19
2012,3,14,7,30,5,0,5,23.1,6.6000000000000005,79.16
2012,3,14,8,30,48,0,48,23.3,6.800000000000001,65.43
2012,3,14,9,30,123,0,123,23.5,6.800000000000001,52.050000000000004
2012,3,14,10,30,316,3,314,23.700000000000003,6.800000000000001,39.51
2012,3,14,11,30,705,266,473,23.8,6.7,29.02
2012,3,14,12,30,988,964,104,23.900000000000002,6.6000000000000005,23.5
2012,3,14,13,30,603,148,471,24,6.4,26.34
2012,3,14,14,30,589,167,453,24,6.300000000000001,35.57
2012,3,14,15,30,219,1,218,24,6.300000000000001,47.6
2012,3,14,16,30,149,1,149,24,6.300000000000001,60.76
2012,3,14,17,30,144,20,138,23.700000000000003,6.300000000000001,74.4
2012,3,14,18,30,19,99,16,23.5,6.300000000000001,88.06
2012,3,14,19,30,0,0,0,23.400000000000002,6.4,102.33
2012,3,14,20,30,0,0,0,23.3,6.6000000000000005,116.23
2012,3,14,21,30,0,0,0,23.200000000000003,6.7,129.87
2012,3,14,22,30,0,0,0,23.1,6.6000000000000005,142.88
2012,3,14,23,30,0,0,0,23,6.4,154.17000000000002
2012,3,15,0,30,0,0,0,22.900000000000002,6.2,160.45000000000002
2012,3,15,1,30,0,0,0,22.8,6,157.09
2012,3,15,2,30,0,0,0,22.700000000000003,6,146.92000000000002
2012,3,15,3,30,0,0,0,22.700000000000003,6,134.3
2012,3,15,4,30,0,0,0,22.700000000000003,6.2,120.8
2012,3,15,5,30,0,0,0,22.8,6.300000000000001,106.95
2012,3,15,6,30,0,0,0,23,6.5,92.98
2012,3,15,7,30,46,0,47,23.3,6.7,78.95
2012,3,15,8,30,124,1,124,23.6,6.800000000000001,65.2
2012,3,15,9,30,306,27,290,23.8,7,51.79
2012,3,15,10,30,541,144,429,24,7.2,39.22
2012,3,15,11,30,793,427,418,24.200000000000003,7.300000000000001,28.650000000000002
2012,3,15,12,30,543,82,467,24.3,7.4,23.1
2012,3,15,13,30,649,178,489,24.400000000000002,7.4,26.02
2012,3,15,14,30,435,41,402,24.5,7.4,35.36
2012,3,15,15,30,698,898,91,24.400000000000002,7.5,47.45
2012,3,15,16,30,345,150,272,24.3,7.7,60.65
2012,3,15,17,30,231,643,58,24,7.7,74.32000000000001
2012,3,15,18,30,21,142,16,23.700000000000003,7.800000000000001,87.99
2012,3,15,19,30,0,0,0,23.6,8,102.25
2012,3,15,20,30,0,0,0,23.5,8.1,116.14
2012,3,15,21,30,0,0,0,23.400000000000002,8.3,129.76
2012,3,15,22,30,0,0,0,23.3,8.3,142.72
2012,3,15,23,30,0,0,0,23.200000000000003,8.200000000000001,153.91
2012,3,16,0,30,0,0,0,23.1,8,160.06
2012,3,16,1,30,0,0,0,23,7.7,156.72
2012,3,16,2,30,0,0,0,23,7.5,146.62
2012,3,16,3,30,0,0,0,23,7.4,134.05
2012,3,16,4,30,0,0,0,23,7.4,120.58
2012,3,16,5,30,0,0,0,23,7.5,106.74000000000001
2012,3,16,6,30,0,0,0,23.3,7.7,92.77
2012,3,16,7,30,102,15,99,23.6,7.9,78.74
2012,3,16,8,30,144,1,143,23.900000000000002,7.9,64.97
2012,3,16,9,30,387,83,335,24.200000000000003,7.7,51.54
2012,3,16,10,30,617,254,420,24.400000000000002,7.5,38.92
2012,3,16,11,30,611,157,472,24.6,7.300000000000001,28.29
2012,3,16,12,30,448,15,434,24.700000000000003,6.9,22.7
2012,3,16,13,30,177,0,177,24.900000000000002,6.5,25.7
2012,3,16,14,30,309,1,307,24.900000000000002,6.2,35.15
2012,3,16,15,30,113,0,113,24.900000000000002,6,47.31
2012,3,16,16,30,111,0,111,24.8,6.1000000000000005,60.54
2012,3,16,17,30,34,0,34,24.5,6.300000000000001,74.23
2012,3,16,18,30,8,0,8,24.1,6.6000000000000005,87.92
2012,3,16,19,30,0,0,0,23.900000000000002,6.9,102.17
2012,3,16,20,30,0,0,0,23.700000000000003,7.1000000000000005,116.05
2012,3,16,21,30,0,0,0,23.5,7.1000000000000005,129.64000000000001
2012,3,16,22,30,0,0,0,23.400000000000002,7.1000000000000005,142.55
2012,3,16,23,30,0,0,0,23.400000000000002,7.1000000000000005,153.65
2012,3,17,0,30,0,0,0,23.3,7.1000000000000005,159.68
2012,3,17,1,30,0,0,0,23.200000000000003,7.2,156.34
2012,3,17,2,30,0,0,0,23.200000000000003,7.4,146.32
2012,3,17,3,30,0,0,0,23.200000000000003,7.5,133.79
2012,3,17,4,30,0,0,0,23.200000000000003,7.6000000000000005,120.35000000000001
2012,3,17,5,30,0,0,0,23.200000000000003,7.800000000000001,106.53
2012,3,17,6,30,0,0,0,23.400000000000002,7.9,92.56
2012,3,17,7,30,98,9,96,23.700000000000003,8.1,78.52
2012,3,17,8,30,402,765,76,23.900000000000002,7.9,64.74
2012,3,17,9,30,635,871,90,24.200000000000003,7.6000000000000005,51.29
2012,3,17,10,30,823,926,99,24.400000000000002,7.300000000000001,38.62
2012,3,17,11,30,710,255,485,24.6,7,27.93
2012,3,17,12,30,914,605,354,24.8,6.800000000000001,22.3
2012,3,17,13,30,453,21,433,25,6.6000000000000005,25.39
2012,3,17,14,30,699,345,416,25.1,6.6000000000000005,34.94
2012,3,17,15,30,275,3,273,25.1,6.7,47.17
2012,3,17,16,30,476,798,82,24.900000000000002,6.9,60.44
2012,3,17,17,30,92,1,91,24.6,7,74.15
2012,3,17,18,30,21,118,17,24.200000000000003,7.2,87.85000000000001
2012,3,17,19,30,0,0,0,23.900000000000002,7.4,102.10000000000001
2012,3,17,20,30,0,0,0,23.700000000000003,7.5,115.96000000000001
2012,3,17,21,30,0,0,0,23.5,7.5,129.53
2012,3,17,22,30,0,0,0,23.400000000000002,7.5,142.38
2012,3,17,23,30,0,0,0,23.400000000000002,7.300000000000001,153.39000000000001
2012,3,18,0,30,0,0,0,23.3,7.2,159.29
2012,3,18,1,30,0,0,0,23.3,7.1000000000000005,155.96
2012,3,18,2,30,0,0,0,23.3,6.9,146.01
2012,3,18,3,30,0,0,0,23.3,6.7,133.54
2012,3,18,4,30,0,0,0,23.200000000000003,6.7,120.12
2012,3,18,5,30,0,0,0,23.200000000000003,6.800000000000001,106.31
2012,3,18,6,30,0,0,0,23.3,7,92.35000000000001
2012,3,18,7,30,90,4,89,23.5,7.2,78.31
2012,3,18,8,30,284,99,242,23.6,7.2,64.52
2012,3,18,9,30,500,270,330,23.8,7.1000000000000005,51.03
2012,3,18,10,30,596,201,438,24,6.9,38.33
2012,3,18,11,30,257,0,257,24.3,6.6000000000000005,27.57
2012,3,18,12,30,856,466,424,24.5,6.4,21.900000000000002
2012,3,18,13,30,925,718,275,24.6,6.1000000000000005,25.080000000000002
2012,3,18,14,30,663,260,450,24.700000000000003,5.9,34.74
2012,3,18,15,30,512,190,382,24.700000000000003,5.7,47.03
2012,3,18,16,30,120,0,120,24.5,5.6000000000000005,60.34
2012,3,18,17,30,114,4,113,24.3,5.6000000000000005,74.06
2012,3,18,18,30,11,0,11,24,5.6000000000000005,87.78
2012,3,18,19,30,0,0,0,23.8,5.7,102.02
2012,3,18,20,30,0,0,0,23.700000000000003,5.6000000000000005,115.87
2012,3,18,21,30,0,0,0,23.6,5.4,129.41
2012,3,18,22,30,0,0,0,23.5,5.1000000000000005,142.21
2012,3,18,23,30,0,0,0,23.3,4.800000000000001,153.12
2012,3,19,0,30,0,0,0,23.200000000000003,4.6000000000000005,158.91
2012,3,19,1,30,0,0,0,23.200000000000003,4.6000000000000005,155.58
2012,3,19,2,30,0,0,0,23.1,4.800000000000001,145.71
2012,3,19,3,30,0,0,0,23.1,5.2,133.28
2012,3,19,4,30,0,0,0,23.1,5.5,119.89
2012,3,19,5,30,0,0,0,23.200000000000003,5.800000000000001,106.10000000000001
2012,3,19,6,30,0,0,0,23.3,6.1000000000000005,92.14
2012,3,19,7,30,159,525,51,23.700000000000003,6.4,78.10000000000001
2012,3,19,8,30,402,752,76,23.900000000000002,6.4,64.29
2012,3,19,9,30,631,855,91,24.200000000000003,6.2,50.78
2012,3,19,10,30,816,910,100,24.400000000000002,6,38.03
2012,3,19,11,30,937,929,111,24.700000000000003,5.6000000000000005,27.21
2012,3,19,12,30,987,937,115,24.900000000000002,5.1000000000000005,21.5
2012,3,19,13,30,959,929,115,25.1,4.5,24.77
2012,3,19,14,30,853,896,115,25.200000000000003,3.9000000000000004,34.54
2012,3,19,15,30,685,847,106,25.200000000000003,3.5,46.9
2012,3,19,16,30,467,757,91,25.200000000000003,3.2,60.24
2012,3,19,17,30,225,571,67,24.900000000000002,2.9000000000000004,73.98
2012,3,19,18,30,21,92,17,24.6,2.6,87.71000000000001
2012,3,19,19,30,0,0,0,24.3,2.4000000000000004,101.94
2012,3,19,20,30,0,0,0,24.1,2.3000000000000003,115.78
2012,3,19,21,30,0,0,0,24,2.1,129.29
2012,3,19,22,30,0,0,0,23.8,2,142.04
2012,3,19,23,30,0,0,0,23.700000000000003,2,152.85
2012,3,20,0,30,0,0,0,23.6,2,158.52
2012,3,20,1,30,0,0,0,23.5,2,155.20000000000002
2012,3,20,2,30,0,0,0,23.3,2.1,145.4
2012,3,20,3,30,0,0,0,23.200000000000003,2.1,133.02
2012,3,20,4,30,0,0,0,23.200000000000003,2.1,119.66
2012,3,20,5,30,0,0,0,23.1,2.1,105.88
2012,3,20,6,30,0,0,0,23.3,2.2,91.93
2012,3,20,7,30,160,497,56,23.700000000000003,2.3000000000000003,77.88
2012,3,20,8,30,406,743,81,23.900000000000002,2.4000000000000004,64.06
2012,3,20,9,30,635,848,96,24.1,2.3000000000000003,50.53
2012,3,20,10,30,821,905,105,24.400000000000002,2.3000000000000003,37.74
2012,3,20,11,30,940,922,117,24.700000000000003,2.3000000000000003,26.85
2012,3,20,12,30,991,937,116,25.1,2.4000000000000004,21.1
2012,3,20,13,30,964,936,112,25.3,2.7,24.46
2012,3,20,14,30,854,882,126,25.400000000000002,3.1,34.34
2012,3,20,15,30,687,838,113,25.400000000000002,3.7,46.77
2012,3,20,16,30,470,755,95,25.3,4.3,60.14
2012,3,20,17,30,228,575,68,24.900000000000002,4.7,73.9
2012,3,20,18,30,22,99,18,24.5,5,87.64
2012,3,20,19,30,0,0,0,24.3,5.300000000000001,101.86
2012,3,20,20,30,0,0,0,24.1,5.6000000000000005,115.69
2012,3,20,21,30,0,0,0,23.900000000000002,5.6000000000000005,129.17000000000002
2012,3,20,22,30,0,0,0,23.8,5.4,141.86
2012,3,20,23,30,0,0,0,23.6,5.2,152.58
2012,3,21,0,30,0,0,0,23.5,5.300000000000001,158.13
2012,3,21,1,30,0,0,0,23.400000000000002,5.7,154.82
2012,3,21,2,30,0,0,0,23.400000000000002,6,145.08
2012,3,21,3,30,0,0,0,23.3,6.4,132.76
2012,3,21,4,30,0,0,0,23.200000000000003,6.800000000000001,119.42
2012,3,21,5,30,0,0,0,23.1,7,105.66
2012,3,21,6,30,0,0,0,23.200000000000003,7.1000000000000005,91.72
2012,3,21,7,30,105,11,103,23.400000000000002,7.2,77.67
2012,3,21,8,30,329,365,168,23.6,7.300000000000001,63.84
2012,3,21,9,30,374,165,269,23.900000000000002,7.300000000000001,50.28
2012,3,21,10,30,542,250,343,24.200000000000003,7.4,37.45
2012,3,21,11,30,681,270,439,24.400000000000002,7.4,26.490000000000002
2012,3,21,12,30,712,259,469,24.6,7.300000000000001,20.7
2012,3,21,13,30,695,303,419,24.6,7.300000000000001,24.16
2012,3,21,14,30,866,924,101,24.6,7.300000000000001,34.15
2012,3,21,15,30,696,874,96,24.6,7.5,46.64
2012,3,21,16,30,474,776,86,24.5,7.800000000000001,60.050000000000004
2012,3,21,17,30,229,579,67,24.3,8,73.82000000000001
2012,3,21,18,30,22,97,18,24.1,8.3,87.57000000000001
2012,3,21,19,30,0,0,0,24,8.6,101.78
2012,3,21,20,30,0,0,0,23.900000000000002,8.8,115.59
2012,3,21,21,30,0,0,0,23.8,8.700000000000001,129.05
2012,3,21,22,30,0,0,0,23.700000000000003,8.4,141.69
2012,3,21,23,30,0,0,0,23.5,8.1,152.31
2012,3,22,0,30,0,0,0,23.400000000000002,7.800000000000001,157.75
2012,3,22,1,30,0,0,0,23.3,7.6000000000000005,154.44
2012,3,22,2,30,0,0,0,23.3,7.4,144.77
2012,3,22,3,30,0,0,0,23.200000000000003,7.4,132.49
2012,3,22,4,30,0,0,0,23.200000000000003,7.5,119.19
2012,3,22,5,30,0,0,0,23.200000000000003,7.9,105.44
2012,3,22,6,30,0,0,0,23.400000000000002,8.3,91.5
2012,3,22,7,30,100,6,98,23.700000000000003,8.700000000000001,77.45
2012,3,22,8,30,329,353,172,23.900000000000002,8.8,63.61
2012,3,22,9,30,373,160,270,24.1,8.8,50.04
2012,3,22,10,30,541,245,345,24.3,8.700000000000001,37.160000000000004
2012,3,22,11,30,665,232,456,24.400000000000002,8.700000000000001,26.13
2012,3,22,12,30,708,238,485,24.400000000000002,8.8,20.3
2012,3,22,13,30,697,295,427,24.400000000000002,8.9,23.86
2012,3,22,14,30,722,380,407,24.400000000000002,8.700000000000001,33.96
2012,3,22,15,30,546,261,366,24.3,8.5,46.51
2012,3,22,16,30,335,110,280,24.200000000000003,8.3,59.95
2012,3,22,17,30,141,14,137,23.900000000000002,8.3,73.75
2012,3,22,18,30,12,0,12,23.8,8.1,87.5
2012,3,22,19,30,0,0,0,23.700000000000003,8,101.7
2012,3,22,20,30,0,0,0,23.700000000000003,8,115.5
2012,3,22,21,30,0,0,0,23.6,8,128.92000000000002
2012,3,22,22,30,0,0,0,23.5,8,141.51
2012,3,22,23,30,0,0,0,23.3,7.800000000000001,152.03
2012,3,23,0,30,0,0,0,23.200000000000003,7.5,157.36
2012,3,23,1,30,0,0,0,23.1,7.4,154.06
2012,3,23,2,30,0,0,0,23,7.4,144.46
2012,3,23,3,30,0,0,0,23,7.7,132.23
2012,3,23,4,30,0,0,0,23,8.1,118.95
2012,3,23,5,30,0,0,0,23.1,8.1,105.22
2012,3,23,6,30,0,0,0,23.3,8.1,91.29
2012,3,23,7,30,121,28,115,23.700000000000003,8.3,77.24
2012,3,23,8,30,197,16,190,23.900000000000002,8.5,63.39
2012,3,23,9,30,642,843,98,24.1,8.5,49.79
2012,3,23,10,30,826,896,109,24.3,8.200000000000001,36.87
2012,3,23,11,30,701,236,489,24.5,8,25.78
2012,3,23,12,30,1002,951,108,24.6,7.800000000000001,19.900000000000002
2012,3,23,13,30,641,169,486,24.700000000000003,7.800000000000001,23.56
2012,3,23,14,30,869,918,106,24.8,7.9,33.78
2012,3,23,15,30,698,866,101,24.8,8.200000000000001,46.39
2012,3,23,16,30,477,769,91,24.6,8.5,59.86
2012,3,23,17,30,8,0,8,24.3,8.700000000000001,73.67
2012,3,23,18,30,23,92,19,24,8.8,87.43
2012,3,23,19,30,0,0,0,23.8,9,101.63
2012,3,23,20,30,0,0,0,23.700000000000003,9,115.4
2012,3,23,21,30,0,0,0,23.6,8.9,128.8
2012,3,23,22,30,0,0,0,23.6,8.6,141.32
2012,3,23,23,30,0,0,0,23.5,8.3,151.75
2012,3,24,0,30,0,0,0,23.400000000000002,8,156.97
2012,3,24,1,30,0,0,0,23.400000000000002,7.800000000000001,153.68
2012,3,24,2,30,0,0,0,23.3,7.7,144.14000000000001
2012,3,24,3,30,0,0,0,23.3,7.800000000000001,131.96
2012,3,24,4,30,0,0,0,23.3,7.800000000000001,118.72
2012,3,24,5,30,0,0,0,23.400000000000002,7.9,105
2012,3,24,6,30,0,0,0,23.5,7.9,91.08
2012,3,24,7,30,79,1,78,23.700000000000003,8.1,77.03
2012,3,24,8,30,122,0,122,23.900000000000002,8.1,63.160000000000004
2012,3,24,9,30,235,1,234,24.1,8.1,49.550000000000004
2012,3,24,10,30,416,38,385,24.200000000000003,8.1,36.59
2012,3,24,11,30,539,95,453,24.400000000000002,8.1,25.43
2012,3,24,12,30,388,4,384,24.400000000000002,8.1,19.5
2012,3,24,13,30,637,163,487,24.400000000000002,8.3,23.27
2012,3,24,14,30,845,861,128,24.3,8.6,33.6
2012,3,24,15,30,677,807,119,24.1,8.9,46.27
2012,3,24,16,30,460,708,104,23.900000000000002,9.1,59.77
2012,3,24,17,30,95,1,94,23.6,9.1,73.59
2012,3,24,18,30,22,53,20,23.400000000000002,8.9,87.36
2012,3,24,19,30,0,0,0,23.3,8.700000000000001,101.55
2012,3,24,20,30,0,0,0,23.3,8.4,115.31
2012,3,24,21,30,0,0,0,23.200000000000003,8.200000000000001,128.67000000000002
2012,3,24,22,30,0,0,0,23.200000000000003,7.9,141.14000000000001
2012,3,24,23,30,0,0,0,23.1,7.6000000000000005,151.47
2012,3,25,0,30,0,0,0,23.1,7.300000000000001,156.59
2012,3,25,1,30,0,0,0,23,7.2,153.3
2012,3,25,2,30,0,0,0,23,7,143.82
2012,3,25,3,30,0,0,0,23,6.9,131.69
2012,3,25,4,30,0,0,0,23,6.9,118.48
2012,3,25,5,30,0,0,0,23,7,104.78
2012,3,25,6,30,0,0,0,23.200000000000003,7.2,90.86
2012,3,25,7,30,168,432,70,23.400000000000002,7.4,76.82000000000001
2012,3,25,8,30,411,691,97,23.6,7.4,62.940000000000005
2012,3,25,9,30,638,807,112,23.700000000000003,7.300000000000001,49.300000000000004
2012,3,25,10,30,821,866,123,23.8,7.1000000000000005,36.300000000000004
2012,3,25,11,30,944,908,122,24,6.9,25.07
2012,3,25,12,30,994,923,121,24.200000000000003,6.7,19.11
2012,3,25,13,30,965,919,119,24.200000000000003,6.6000000000000005,22.98
2012,3,25,14,30,863,900,112,24.3,6.5,33.42
2012,3,25,15,30,694,853,103,24.200000000000003,6.5,46.15
2012,3,25,16,30,475,763,90,24.1,6.6000000000000005,59.68
2012,3,25,17,30,231,573,68,23.900000000000002,6.5,73.52
2012,3,25,18,30,24,102,20,23.6,6.4,87.29
2012,3,25,19,30,0,0,0,23.400000000000002,6.5,101.47
2012,3,25,20,30,0,0,0,23.3,6.6000000000000005,115.21000000000001
2012,3,25,21,30,0,0,0,23.200000000000003,6.6000000000000005,128.54
2012,3,25,22,30,0,0,0,23.1,6.6000000000000005,140.95000000000002
2012,3,25,23,30,0,0,0,22.900000000000002,6.6000000000000005,151.19
2012,3,26,0,30,0,0,0,22.8,6.6000000000000005,156.20000000000002
2012,3,26,1,30,0,0,0,22.6,6.6000000000000005,152.91
2012,3,26,2,30,0,0,0,22.5,6.7,143.51
2012,3,26,3,30,0,0,0,22.400000000000002,6.7,131.43
2012,3,26,4,30,0,0,0,22.3,6.7,118.24000000000001
2012,3,26,5,30,0,0,0,22.400000000000002,6.7,104.56
2012,3,26,6,30,0,0,0,22.6,6.9,90.08
2012,3,26,7,30,177,470,68,23,7,76.60000000000001
2012,3,26,8,30,19,0,19,23.200000000000003,7,62.72
2012,3,26,9,30,96,0,96,23.5,6.9,49.06
2012,3,26,10,30,119,0,119,23.700000000000003,6.9,36.02
2012,3,26,11,30,130,0,130,23.8,6.800000000000001,24.72
2012,3,26,12,30,409,4,405,23.900000000000002,6.800000000000001,18.71
2012,3,26,13,30,806,352,482,23.900000000000002,6.9,22.69
2012,3,26,14,30,869,887,127,23.8,7,33.25
2012,3,26,15,30,699,842,114,23.6,7.1000000000000005,46.04
2012,3,26,16,30,477,752,97,23.400000000000002,7.1000000000000005,59.6
2012,3,26,17,30,233,573,70,23.1,7.1000000000000005,73.45
2012,3,26,18,30,24,110,19,22.900000000000002,7,87.22
2012,3,26,19,30,0,0,0,22.8,6.9,101.39
2012,3,26,20,30,0,0,0,22.700000000000003,6.7,115.11
2012,3,26,21,30,0,0,0,22.6,6.5,128.41
2012,3,26,22,30,0,0,0,22.6,6.2,140.76
2012,3,26,23,30,0,0,0,22.5,6,150.9
2012,3,27,0,30,0,0,0,22.400000000000002,5.800000000000001,155.82
2012,3,27,1,30,0,0,0,22.400000000000002,5.7,152.53
2012,3,27,2,30,0,0,0,22.3,5.800000000000001,143.19
2012,3,27,3,30,0,0,0,22.3,5.7,131.16
2012,3,27,4,30,0,0,0,22.3,5.800000000000001,118
2012,3,27,5,30,0,0,0,22.400000000000002,5.9,104.34
2012,3,27,6,30,0,0,0,22.6,6.2,89.9
2012,3,27,7,30,185,534,59,23,6.6000000000000005,76.39
2012,3,27,8,30,148,1,148,23.3,6.9,62.5
2012,3,27,9,30,270,3,267,23.6,7.1000000000000005,48.82
2012,3,27,10,30,106,0,106,23.900000000000002,7.1000000000000005,35.74
2012,3,27,11,30,442,13,430,24.1,7.1000000000000005,24.37
2012,3,27,12,30,775,265,523,24.200000000000003,7,18.31
2012,3,27,13,30,689,190,513,24.3,6.9,22.41
2012,3,27,14,30,888,932,107,24.200000000000003,6.800000000000001,33.08
2012,3,27,15,30,715,885,99,24.1,6.7,45.93
2012,3,27,16,30,492,796,88,23.8,6.7,59.51
2012,3,27,17,30,242,616,66,23.5,6.800000000000001,73.38
2012,3,27,18,30,27,141,20,23.200000000000003,6.9,87.16
2012,3,27,19,30,0,0,0,23,6.9,101.31
2012,3,27,20,30,0,0,0,22.8,6.7,115.02
2012,3,27,21,30,0,0,0,22.700000000000003,6.6000000000000005,128.28
2012,3,27,22,30,0,0,0,22.6,6.300000000000001,140.57
2012,3,27,23,30,0,0,0,22.5,5.9,150.61
2012,3,28,0,30,0,0,0,22.400000000000002,5.5,155.43
2012,3,28,1,30,0,0,0,22.3,5.1000000000000005,152.15
2012,3,28,2,30,0,0,0,22.200000000000003,4.800000000000001,142.87
2012,3,28,3,30,0,0,0,22.1,4.7,130.89000000000001
2012,3,28,4,30,0,0,0,22.1,4.7,117.76
2012,3,28,5,30,0,0,0,22.1,4.9,104.12
2012,3,28,6,30,0,0,0,22.400000000000002,5.2,89.72
2012,3,28,7,30,197,593,55,22.8,5.4,76.18
2012,3,28,8,30,449,802,76,23.1,5.4,62.28
2012,3,28,9,30,681,897,88,23.400000000000002,5.4,48.58
2012,3,28,10,30,867,947,95,23.700000000000003,5.4,35.47
2012,3,28,11,30,989,975,98,23.900000000000002,5.4,24.03
2012,3,28,12,30,1036,984,100,24.1,5.4,17.92
2012,3,28,13,30,676,181,508,24.3,5.300000000000001,22.14
2012,3,28,14,30,895,944,103,24.400000000000002,5.1000000000000005,32.92
2012,3,28,15,30,505,156,397,24.400000000000002,5,45.82
2012,3,28,16,30,497,815,83,24.3,5.1000000000000005,59.43
2012,3,28,17,30,247,642,63,24,5.2,73.3
2012,3,28,18,30,28,172,19,23.6,5.2,87.09
2012,3,28,19,30,0,0,0,23.3,5.300000000000001,101.23
2012,3,28,20,30,0,0,0,23.1,5.4,114.92
2012,3,28,21,30,0,0,0,22.900000000000002,5.4,128.14000000000001
2012,3,28,22,30,0,0,0,22.8,5.300000000000001,140.38
2012,3,28,23,30,0,0,0,22.6,5.2,150.33
2012,3,29,0,30,0,0,0,22.5,5,155.05
2012,3,29,1,30,0,0,0,22.3,4.9,151.77
2012,3,29,2,30,0,0,0,22.200000000000003,4.800000000000001,142.55
2012,3,29,3,30,0,0,0,22.200000000000003,4.800000000000001,130.62
2012,3,29,4,30,0,0,0,22.200000000000003,4.800000000000001,117.52
2012,3,29,5,30,0,0,0,22.3,4.9,103.9
2012,3,29,6,30,0,0,0,22.6,5,89.54
2012,3,29,7,30,195,542,63,23,5.2,75.97
2012,3,29,8,30,446,767,86,23.3,5.1000000000000005,62.07
2012,3,29,9,30,675,866,100,23.6,5,48.35
2012,3,29,10,30,860,921,108,23.900000000000002,5.1000000000000005,35.2
2012,3,29,11,30,984,960,105,24.1,5.2,23.69
2012,3,29,12,30,1028,968,106,24.3,5.300000000000001,17.53
2012,3,29,13,30,998,962,105,24.400000000000002,5.6000000000000005,21.86
2012,3,29,14,30,883,913,115,24.5,5.9,32.76
2012,3,29,15,30,710,863,107,24.400000000000002,6.300000000000001,45.71
2012,3,29,16,30,487,774,93,24.200000000000003,6.5,59.35
2012,3,29,17,30,241,596,69,24,6.6000000000000005,73.23
2012,3,29,18,30,27,133,20,23.700000000000003,6.5,87.02
2012,3,29,19,30,0,0,0,23.6,6.6000000000000005,101.15
2012,3,29,20,30,0,0,0,23.5,6.7,114.82000000000001
2012,3,29,21,30,0,0,0,23.400000000000002,6.800000000000001,128.01
2012,3,29,22,30,0,0,0,23.200000000000003,6.800000000000001,140.18
2012,3,29,23,30,0,0,0,23,6.800000000000001,150.04
2012,3,30,0,30,0,0,0,22.8,6.800000000000001,154.66
2012,3,30,1,30,0,0,0,22.6,6.9,151.39000000000001
2012,3,30,2,30,0,0,0,22.6,7,142.23
2012,3,30,3,30,0,0,0,22.6,7.2,130.34
2012,3,30,4,30,0,0,0,22.700000000000003,7.4,117.28
2012,3,30,5,30,0,0,0,22.900000000000002,7.6000000000000005,103.68
2012,3,30,6,30,0,0,0,23.200000000000003,7.9,89.36
2012,3,30,7,30,75,1,75,23.6,8.200000000000001,75.77
2012,3,30,8,30,256,33,240,23.900000000000002,8.4,61.85
2012,3,30,9,30,466,131,379,24.200000000000003,8.5,48.120000000000005
2012,3,30,10,30,858,906,115,24.400000000000002,8.6,34.93
2012,3,30,11,30,701,203,515,24.6,8.6,23.35
2012,3,30,12,30,465,14,452,24.6,8.6,17.13
2012,3,30,13,30,990,930,125,24.6,8.700000000000001,21.6
2012,3,30,14,30,878,885,133,24.5,8.8,32.6
2012,3,30,15,30,707,833,124,24.400000000000002,8.9,45.61
2012,3,30,16,30,484,737,107,24.200000000000003,9,59.27
2012,3,30,17,30,238,547,80,24,9,73.17
2012,3,30,18,30,27,101,22,23.8,9,86.96000000000001
2012,3,30,19,30,0,0,0,23.700000000000003,9,101.07000000000001
2012,3,30,20,30,0,0,0,23.6,9.1,114.72
2012,3,30,21,30,0,0,0,23.5,9.1,127.87
2012,3,30,22,30,0,0,0,23.400000000000002,9,139.99
2012,3,30,23,30,0,0,0,23.3,8.9,149.75
2012,3,31,0,30,0,0,0,23.200000000000003,8.8,154.28
2012,3,31,1,30,0,0,0,23.1,8.6,151.02
2012,3,31,2,30,0,0,0,23,8.3,141.91
2012,3,31,3,30,0,0,0,23,8,130.07
2012,3,31,4,30,0,0,0,23.1,7.800000000000001,117.04
2012,3,31,5,30,0,0,0,23.1,7.800000000000001,103.46000000000001
2012,3,31,6,30,0,0,0,23.400000000000002,7.9,89.18
2012,3,31,7,30,196,487,74,23.700000000000003,8.1,75.56
2012,3,31,8,30,444,713,105,24.1,8.200000000000001,61.64
2012,3,31,9,30,286,4,283,24.400000000000002,8.1,47.89
2012,3,31,10,30,426,28,403,24.700000000000003,8,34.660000000000004
2012,3,31,11,30,978,920,131,24.900000000000002,7.7,23.01
2012,3,31,12,30,1021,925,135,25.200000000000003,7.1000000000000005,16.740000000000002
2012,3,31,13,30,988,915,136,25.3,6.5,21.330000000000002
2012,3,31,14,30,875,869,142,25.400000000000002,6,32.45
2012,3,31,15,30,702,818,128,25.400000000000002,5.6000000000000005,45.51
2012,3,31,16,30,479,722,110,25.200000000000003,5.300000000000001,59.2
2012,3,31,17,30,234,526,82,24.900000000000002,5,73.10000000000001
2012,3,31,18,30,27,76,23,24.5,4.9,86.89
2012,3,31,19,30,0,0,0,24.200000000000003,4.7,100.99000000000001
2012,3,31,20,30,0,0,0,24,4.5,114.61
2012,3,31,21,30,0,0,0,23.900000000000002,4.3,127.73
2012,3,31,22,30,0,0,0,23.8,3.9000000000000004,139.79
2012,3,31,23,30,0,0,0,23.6,3.4000000000000004,149.45000000000002
2012,4,1,0,30,0,0,0,23.6,3.1,153.9
2012,4,1,1,30,0,0,0,23.5,2.8000000000000003,150.64000000000001
2012,4,1,2,30,0,0,0,23.400000000000002,2.6,141.59
2012,4,1,3,30,0,0,0,23.3,2.5,129.8
2012,4,1,4,30,0,0,0,23.3,2.4000000000000004,116.8
2012,4,1,5,30,0,0,0,23.3,2.4000000000000004,103.24000000000001
2012,4,1,6,30,10,17,10,23.5,2.6,88.99
2012,4,1,7,30,197,505,69,23.700000000000003,2.8000000000000003,75.36
2012,4,1,8,30,440,720,96,24,2.8000000000000003,61.43
2012,4,1,9,30,667,827,110,24.200000000000003,2.9000000000000004,47.660000000000004
2012,4,1,10,30,848,887,117,24.6,2.9000000000000004,34.39
2012,4,1,11,30,963,904,129,25,3,22.67
2012,4,1,12,30,1013,926,125,25.3,3,16.35
2012,4,1,13,30,981,924,119,25.6,3.1,21.07
2012,4,1,14,30,873,896,115,25.8,3.2,32.3
2012,4,1,15,30,703,851,105,25.8,3.5,45.410000000000004
2012,4,1,16,30,484,766,90,25.6,3.9000000000000004,59.120000000000005
2012,4,1,17,30,240,593,67,25.3,4.2,73.03
2012,4,1,18,30,30,145,21,24.900000000000002,4.4,86.82000000000001
2012,4,1,19,30,0,0,0,24.6,4.4,100.91
2012,4,1,20,30,0,0,0,24.3,4.3,114.51
2012,4,1,21,30,0,0,0,24.200000000000003,4.1000000000000005,127.59
2012,4,1,22,30,0,0,0,24,3.8000000000000003,139.59
2012,4,1,23,30,0,0,0,23.8,3.4000000000000004,149.16
2012,4,2,0,30,0,0,0,23.700000000000003,3.1,153.52
2012,4,2,1,30,0,0,0,23.6,3,150.26
2012,4,2,2,30,0,0,0,23.5,3,141.27
2012,4,2,3,30,0,0,0,23.400000000000002,3.1,129.53
2012,4,2,4,30,0,0,0,23.400000000000002,3.3000000000000003,116.57000000000001
2012,4,2,5,30,0,0,0,23.400000000000002,3.5,103.02
2012,4,2,6,30,12,33,11,23.700000000000003,3.9000000000000004,88.81
2012,4,2,7,30,202,536,65,24,4.2,75.15
2012,4,2,8,30,448,752,87,24.200000000000003,4.3,61.22
2012,4,2,9,30,674,850,100,24.5,4.3,47.43
2012,4,2,10,30,854,903,107,24.8,4.1000000000000005,34.13
2012,4,2,11,30,972,930,111,25.1,3.9000000000000004,22.34
2012,4,2,12,30,1016,940,113,25.400000000000002,3.7,15.97
2012,4,2,13,30,983,932,112,25.6,3.4000000000000004,20.82
2012,4,2,14,30,876,903,111,25.700000000000003,3.3000000000000003,32.15
2012,4,2,15,30,704,853,104,25.700000000000003,3.3000000000000003,45.31
2012,4,2,16,30,484,761,92,25.6,3.4000000000000004,59.050000000000004
2012,4,2,17,30,240,576,71,25.3,3.7,72.96000000000001
2012,4,2,18,30,18,0,18,25,4,86.76
2012,4,2,19,30,0,0,0,24.700000000000003,4.2,100.83
2012,4,2,20,30,0,0,0,24.5,4.2,114.41
2012,4,2,21,30,0,0,0,24.3,4.2,127.45
2012,4,2,22,30,0,0,0,24.1,4.1000000000000005,139.38
2012,4,2,23,30,0,0,0,23.900000000000002,4,148.87
2012,4,3,0,30,0,0,0,23.700000000000003,3.9000000000000004,153.14000000000001
2012,4,3,1,30,0,0,0,23.6,3.9000000000000004,149.89000000000001
2012,4,3,2,30,0,0,0,23.400000000000002,4,140.95000000000002
2012,4,3,3,30,0,0,0,23.3,4.1000000000000005,129.26
2012,4,3,4,30,0,0,0,23.3,4.3,116.33
2012,4,3,5,30,0,0,0,23.3,4.4,102.8
2012,4,3,6,30,8,0,8,23.6,4.7,88.62
2012,4,3,7,30,206,542,65,23.900000000000002,5,74.95
2012,4,3,8,30,450,743,90,24.1,5.1000000000000005,61.01
2012,4,3,9,30,676,843,103,24.3,5,47.21
2012,4,3,10,30,646,238,449,24.6,4.800000000000001,33.88
2012,4,3,11,30,786,339,471,24.8,4.6000000000000005,22.01
2012,4,3,12,30,1010,923,121,25.1,4.4,15.58
2012,4,3,13,30,978,916,120,25.3,4.1000000000000005,20.57
2012,4,3,14,30,869,886,118,25.5,3.7,32.01
2012,4,3,15,30,698,837,109,25.6,3.3000000000000003,45.22
2012,4,3,16,30,479,748,94,25.6,3,58.980000000000004
2012,4,3,17,30,238,568,71,25.5,2.7,72.9
2012,4,3,18,30,30,129,22,25.200000000000003,2.4000000000000004,86.69
2012,4,3,19,30,0,0,0,25,2.3000000000000003,100.74000000000001
2012,4,3,20,30,0,0,0,24.8,2.2,114.3
2012,4,3,21,30,0,0,0,24.6,2.2,127.31
2012,4,3,22,30,0,0,0,24.5,2.2,139.18
2012,4,3,23,30,0,0,0,24.3,2.2,148.57
2012,4,4,0,30,0,0,0,24.1,2.3000000000000003,152.76
2012,4,4,1,30,0,0,0,23.900000000000002,2.4000000000000004,149.51
2012,4,4,2,30,0,0,0,23.8,2.6,140.63
2012,4,4,3,30,0,0,0,23.6,3.1,128.99
2012,4,4,4,30,0,0,0,23.6,3.7,116.09
2012,4,4,5,30,0,0,0,23.6,4,102.58
2012,4,4,6,30,14,51,12,23.900000000000002,4.1000000000000005,88.44
2012,4,4,7,30,206,527,67,24.200000000000003,4.2,74.75
2012,4,4,8,30,446,720,95,24.5,4,60.81
2012,4,4,9,30,668,814,113,24.700000000000003,3.7,46.99
2012,4,4,10,30,658,259,443,24.900000000000002,3.5,33.62
2012,4,4,11,30,781,316,487,25.200000000000003,3.4000000000000004,21.69
2012,4,4,12,30,394,3,391,25.400000000000002,3.4000000000000004,15.200000000000001
2012,4,4,13,30,729,332,417,25.5,3.3000000000000003,20.32
2012,4,4,14,30,633,192,470,25.5,3.1,31.87
2012,4,4,15,30,619,544,235,25.5,3.3000000000000003,45.13
2012,4,4,16,30,413,424,194,25.400000000000002,3.8000000000000003,58.910000000000004
2012,4,4,17,30,164,88,138,25.200000000000003,4.4,72.83
2012,4,4,18,30,18,0,18,25,4.6000000000000005,86.62
2012,4,4,19,30,0,0,0,24.8,4.6000000000000005,100.66
2012,4,4,20,30,0,0,0,24.6,5.1000000000000005,114.2
2012,4,4,21,30,0,0,0,24.400000000000002,5.9,127.16
2012,4,4,22,30,0,0,0,24.3,5.9,138.97
2012,4,4,23,30,0,0,0,24.1,5.4,148.28
2012,4,5,0,30,0,0,0,24,5.2,152.38
2012,4,5,1,30,0,0,0,23.900000000000002,5.300000000000001,149.14000000000001
2012,4,5,2,30,0,0,0,23.900000000000002,5.5,140.31
2012,4,5,3,30,0,0,0,23.8,5.800000000000001,128.72
2012,4,5,4,30,0,0,0,23.8,6.1000000000000005,115.85000000000001
2012,4,5,5,30,0,0,0,23.900000000000002,6.300000000000001,102.36
2012,4,5,6,30,10,0,10,24,6.6000000000000005,88.25
2012,4,5,7,30,101,2,101,24.3,6.800000000000001,74.55
2012,4,5,8,30,204,28,190,24.5,6.800000000000001,60.61
2012,4,5,9,30,465,241,300,24.6,6.6000000000000005,46.78
2012,4,5,10,30,531,183,378,24.8,6.4,33.37
2012,4,5,11,30,507,57,454,24.900000000000002,6,21.37
2012,4,5,12,30,518,61,459,25,5.7,14.81
2012,4,5,13,30,519,48,474,25.1,5.5,20.080000000000002
2012,4,5,14,30,223,2,221,25,5.6000000000000005,31.740000000000002
2012,4,5,15,30,376,73,325,24.900000000000002,5.800000000000001,45.04
2012,4,5,16,30,197,17,188,24.700000000000003,6.2,58.84
2012,4,5,17,30,5,0,5,24.6,6.6000000000000005,72.77
2012,4,5,18,30,15,0,15,24.400000000000002,6.9,86.56
2012,4,5,19,30,0,0,0,24.200000000000003,7,100.58
2012,4,5,20,30,0,0,0,24.1,6.800000000000001,114.09
2012,4,5,21,30,0,0,0,24,6.5,127.02
2012,4,5,22,30,0,0,0,23.900000000000002,6.2,138.77
2012,4,5,23,30,0,0,0,23.8,6,147.98
2012,4,6,0,30,0,0,0,23.700000000000003,5.7,152.01
2012,4,6,1,30,0,0,0,23.700000000000003,5.5,148.77
2012,4,6,2,30,0,0,0,23.6,5.300000000000001,140
2012,4,6,3,30,0,0,0,23.6,5.300000000000001,128.45
2012,4,6,4,30,0,0,0,23.6,5.4,115.61
2012,4,6,5,30,0,0,0,23.6,5.7,102.15
2012,4,6,6,30,8,0,8,23.8,6.1000000000000005,88.06
2012,4,6,7,30,137,18,132,24,6.5,74.35000000000001
2012,4,6,8,30,173,2,172,24.1,6.6000000000000005,60.410000000000004
2012,4,6,9,30,443,111,367,24.3,6.5,46.56
2012,4,6,10,30,394,16,381,24.5,6.4,33.13
2012,4,6,11,30,756,294,482,24.6,6.300000000000001,21.05
2012,4,6,12,30,1008,920,116,24.8,6.4,14.43
2012,4,6,13,30,972,903,122,24.8,6.6000000000000005,19.85
2012,4,6,14,30,510,109,417,24.8,6.800000000000001,31.61
2012,4,6,15,30,380,100,309,24.700000000000003,7.300000000000001,44.96
2012,4,6,16,30,191,2,190,24.5,7.800000000000001,58.77
2012,4,6,17,30,106,3,105,24.200000000000003,8.1,72.7
2012,4,6,18,30,20,0,20,24,7.9,86.49
2012,4,6,19,30,0,0,0,24,7.5,100.49000000000001
2012,4,6,20,30,0,0,0,24,7.1000000000000005,113.98
2012,4,6,21,30,0,0,0,23.900000000000002,6.800000000000001,126.87
2012,4,6,22,30,0,0,0,23.900000000000002,6.4,138.56
2012,4,6,23,30,0,0,0,23.8,6.2,147.68
2012,4,7,0,30,0,0,0,23.8,6.2,151.64000000000001
2012,4,7,1,30,0,0,0,23.700000000000003,6.2,148.4
2012,4,7,2,30,0,0,0,23.700000000000003,6.4,139.68
2012,4,7,3,30,0,0,0,23.6,6.6000000000000005,128.18
2012,4,7,4,30,0,0,0,23.6,6.9,115.38
2012,4,7,5,30,0,0,0,23.6,7.2,101.93
2012,4,7,6,30,10,0,10,23.700000000000003,7.7,87.87
2012,4,7,7,30,73,0,72,23.900000000000002,8.1,74.16
2012,4,7,8,30,309,75,272,24.1,8.3,60.21
2012,4,7,9,30,395,72,346,24.3,8.200000000000001,46.35
2012,4,7,10,30,551,127,444,24.5,8.1,32.89
2012,4,7,11,30,487,32,456,24.6,8,20.740000000000002
2012,4,7,12,30,782,432,363,24.6,7.9,14.06
2012,4,7,13,30,747,435,337,24.6,7.800000000000001,19.62
2012,4,7,14,30,662,342,371,24.5,7.7,31.490000000000002
2012,4,7,15,30,447,157,336,24.400000000000002,7.7,44.87
2012,4,7,16,30,281,70,245,24.3,7.800000000000001,58.7
2012,4,7,17,30,124,17,119,24.1,7.800000000000001,72.64
2012,4,7,18,30,22,0,22,23.900000000000002,7.6000000000000005,86.42
2012,4,7,19,30,0,0,0,23.8,7.300000000000001,100.41
2012,4,7,20,30,0,0,0,23.700000000000003,7.2,113.87
2012,4,7,21,30,0,0,0,23.6,7.2,126.72
2012,4,7,22,30,0,0,0,23.5,7.4,138.35
2012,4,7,23,30,0,0,0,23.3,7.5,147.39000000000001
2012,4,8,0,30,0,0,0,23.200000000000003,7.300000000000001,151.26
2012,4,8,1,30,0,0,0,23.1,7,148.04
2012,4,8,2,30,0,0,0,23,6.9,139.37
2012,4,8,3,30,0,0,0,22.900000000000002,6.800000000000001,127.91
2012,4,8,4,30,0,0,0,22.900000000000002,6.7,115.14
2012,4,8,5,30,0,0,0,22.900000000000002,6.7,101.72
2012,4,8,6,30,12,0,12,23.200000000000003,6.9,87.69
2012,4,8,7,30,83,0,83,23.5,7.2,73.97
2012,4,8,8,30,229,15,222,23.8,7.5,60.02
2012,4,8,9,30,401,73,350,24.1,7.800000000000001,46.15
2012,4,8,10,30,619,178,468,24.3,8.200000000000001,32.65
2012,4,8,11,30,384,3,381,24.3,8.4,20.43
2012,4,8,12,30,429,6,423,24.3,8.5,13.68
2012,4,8,13,30,537,68,473,24.200000000000003,8.5,19.400000000000002
2012,4,8,14,30,536,157,402,24.1,8.4,31.36
2012,4,8,15,30,358,32,336,23.900000000000002,8.3,44.79
2012,4,8,16,30,241,17,232,23.8,8.3,58.64
2012,4,8,17,30,241,544,78,23.5,8.4,72.58
2012,4,8,18,30,32,116,25,23.200000000000003,8.6,86.35000000000001
2012,4,8,19,30,0,0,0,23.1,8.6,100.32000000000001
2012,4,8,20,30,0,0,0,23.1,8.4,113.76
2012,4,8,21,30,0,0,0,23,8.3,126.57000000000001
2012,4,8,22,30,0,0,0,23,8.3,138.14000000000001
2012,4,8,23,30,0,0,0,22.900000000000002,8.1,147.09
2012,4,9,0,30,0,0,0,22.8,7.9,150.89000000000001
2012,4,9,1,30,0,0,0,22.700000000000003,7.6000000000000005,147.67000000000002
2012,4,9,2,30,0,0,0,22.6,7.300000000000001,139.05
2012,4,9,3,30,0,0,0,22.5,7.1000000000000005,127.64
2012,4,9,4,30,0,0,0,22.5,7,114.91
2012,4,9,5,30,0,0,0,22.5,7.1000000000000005,101.51
2012,4,9,6,30,8,0,8,22.700000000000003,7.300000000000001,87.5
2012,4,9,7,30,8,0,8,23,7.6000000000000005,73.78
2012,4,9,8,30,97,0,97,23.200000000000003,7.800000000000001,59.83
2012,4,9,9,30,41,0,41,23.5,7.9,45.95
2012,4,9,10,30,49,0,49,23.700000000000003,8,32.42
2012,4,9,11,30,82,0,82,23.8,7.9,20.13
2012,4,9,12,30,104,0,104,23.8,7.7,13.31
2012,4,9,13,30,217,0,216,23.8,7.5,19.18
2012,4,9,14,30,144,0,144,23.8,7.4,31.25
2012,4,9,15,30,248,1,248,23.700000000000003,7.300000000000001,44.71
2012,4,9,16,30,469,646,133,23.5,7.2,58.57
2012,4,9,17,30,191,76,168,23.3,7.2,72.51
2012,4,9,18,30,30,75,25,23.1,7.1000000000000005,86.29
2012,4,9,19,30,0,0,0,23,7.1000000000000005,100.24000000000001
2012,4,9,20,30,0,0,0,22.900000000000002,7,113.65
2012,4,9,21,30,0,0,0,22.8,6.9,126.42
2012,4,9,22,30,0,0,0,22.6,6.7,137.92000000000002
2012,4,9,23,30,0,0,0,22.5,6.4,146.79
2012,4,10,0,30,0,0,0,22.3,6.1000000000000005,150.53
2012,4,10,1,30,0,0,0,22.3,6,147.31
2012,4,10,2,30,0,0,0,22.3,6,138.74
2012,4,10,3,30,0,0,0,22.400000000000002,6.300000000000001,127.38000000000001
2012,4,10,4,30,0,0,0,22.5,6.5,114.68
2012,4,10,5,30,0,0,0,22.6,6.7,101.3
2012,4,10,6,30,21,42,19,22.8,7,87.32000000000001
2012,4,10,7,30,8,0,8,23,7.300000000000001,73.59
2012,4,10,8,30,180,1,179,23.200000000000003,7.300000000000001,59.64
2012,4,10,9,30,105,0,105,23.400000000000002,7.300000000000001,45.75
2012,4,10,10,30,136,0,136,23.6,7.2,32.19
2012,4,10,11,30,529,68,466,23.8,7,19.830000000000002
2012,4,10,12,30,619,120,502,23.900000000000002,6.7,12.94
2012,4,10,13,30,493,36,459,24,6.6000000000000005,18.97
2012,4,10,14,30,247,0,246,24,6.6000000000000005,31.13
2012,4,10,15,30,470,115,388,23.900000000000002,6.7,44.64
2012,4,10,16,30,143,0,142,23.700000000000003,7,58.51
2012,4,10,17,30,133,7,131,23.400000000000002,7.2,72.45
2012,4,10,18,30,13,0,13,23.200000000000003,7.2,86.22
2012,4,10,19,30,0,0,0,23,7.2,100.15
2012,4,10,20,30,0,0,0,23,7.2,113.54
2012,4,10,21,30,0,0,0,22.900000000000002,7,126.27
2012,4,10,22,30,0,0,0,22.900000000000002,6.800000000000001,137.71
2012,4,10,23,30,0,0,0,22.900000000000002,6.4,146.5
2012,4,11,0,30,0,0,0,22.900000000000002,6.1000000000000005,150.16
2012,4,11,1,30,0,0,0,22.900000000000002,5.7,146.95000000000002
2012,4,11,2,30,0,0,0,22.8,5.5,138.43
2012,4,11,3,30,0,0,0,22.700000000000003,5.300000000000001,127.12
2012,4,11,4,30,0,0,0,22.700000000000003,5.2,114.45
2012,4,11,5,30,0,0,0,22.8,5.300000000000001,101.09
2012,4,11,6,30,11,0,11,23.1,5.5,87.13
2012,4,11,7,30,38,0,38,23.400000000000002,5.7,73.41
2012,4,11,8,30,472,745,94,23.700000000000003,5.7,59.45
2012,4,11,9,30,694,835,109,24,5.6000000000000005,45.550000000000004
2012,4,11,10,30,444,40,410,24.3,5.4,31.970000000000002
2012,4,11,11,30,594,141,461,24.5,5.300000000000001,19.54
2012,4,11,12,30,818,318,508,24.700000000000003,5.2,12.57
2012,4,11,13,30,988,908,129,24.8,5.1000000000000005,18.76
2012,4,11,14,30,878,873,129,24.900000000000002,5.2,31.02
2012,4,11,15,30,707,822,121,24.900000000000002,5.300000000000001,44.56
2012,4,11,16,30,487,729,105,24.8,5.4,58.44
2012,4,11,17,30,245,552,78,24.5,5.300000000000001,72.39
2012,4,11,18,30,35,134,26,24.200000000000003,5,86.15
2012,4,11,19,30,0,0,0,24,4.7,100.07000000000001
2012,4,11,20,30,0,0,0,23.8,4.3,113.42
2012,4,11,21,30,0,0,0,23.700000000000003,3.9000000000000004,126.11
2012,4,11,22,30,0,0,0,23.6,3.5,137.5
2012,4,11,23,30,0,0,0,23.5,3.1,146.20000000000002
2012,4,12,0,30,0,0,0,23.400000000000002,2.8000000000000003,149.8
2012,4,12,1,30,0,0,0,23.3,2.6,146.59
2012,4,12,2,30,0,0,0,23.200000000000003,2.4000000000000004,138.12
2012,4,12,3,30,0,0,0,23.1,2.4000000000000004,126.85000000000001
2012,4,12,4,30,0,0,0,23.1,2.4000000000000004,114.22
2012,4,12,5,30,0,0,0,23.1,2.5,100.89
2012,4,12,6,30,27,138,20,23.3,2.7,86.95
2012,4,12,7,30,236,583,68,23.700000000000003,2.9000000000000004,73.22
2012,4,12,8,30,481,762,91,24,2.9000000000000004,59.27
2012,4,12,9,30,701,849,105,24.3,2.8000000000000003,45.36
2012,4,12,10,30,494,80,427,24.6,2.6,31.75
2012,4,12,11,30,673,180,502,24.900000000000002,2.4000000000000004,19.25
2012,4,12,12,30,448,10,439,25.1,2.2,12.200000000000001
2012,4,12,13,30,443,12,431,25.200000000000003,2,18.56
2012,4,12,14,30,347,3,345,25.3,1.9000000000000001,30.91
2012,4,12,15,30,364,37,337,25.400000000000002,1.8,44.49
2012,4,12,16,30,314,64,281,25.3,1.8,58.38
2012,4,12,17,30,178,50,163,25.200000000000003,1.9000000000000001,72.33
2012,4,12,18,30,36,154,25,24.900000000000002,1.9000000000000001,86.08
2012,4,12,19,30,0,0,0,24.700000000000003,1.9000000000000001,99.98
2012,4,12,20,30,0,0,0,24.400000000000002,1.8,113.31
2012,4,12,21,30,0,0,0,24.200000000000003,1.7000000000000002,125.96000000000001
2012,4,12,22,30,0,0,0,24,1.6,137.28
2012,4,12,23,30,0,0,0,23.8,1.6,145.9
2012,4,13,0,30,0,0,0,23.700000000000003,1.6,149.44
2012,4,13,1,30,0,0,0,23.5,1.5,146.24
2012,4,13,2,30,0,0,0,23.400000000000002,1.4000000000000001,137.82
2012,4,13,3,30,0,0,0,23.3,1.4000000000000001,126.59
2012,4,13,4,30,0,0,0,23.3,1.5,113.99000000000001
2012,4,13,5,30,0,0,0,23.3,1.4000000000000001,100.69
2012,4,13,6,30,29,153,21,23.5,1.4000000000000001,86.77
2012,4,13,7,30,237,588,65,23.8,1.4000000000000001,73.05
2012,4,13,8,30,479,765,86,24,1.5,59.09
2012,4,13,9,30,384,71,334,24.400000000000002,1.5,45.18
2012,4,13,10,30,400,16,386,24.700000000000003,1.5,31.53
2012,4,13,11,30,983,923,110,25,1.5,18.97
2012,4,13,12,30,1023,932,111,25.200000000000003,1.5,11.84
2012,4,13,13,30,285,1,284,25.3,1.5,18.36
2012,4,13,14,30,113,0,113,25.5,1.6,30.810000000000002
2012,4,13,15,30,257,1,257,25.5,1.7000000000000002,44.42
2012,4,13,16,30,487,742,98,25.5,1.8,58.32
2012,4,13,17,30,208,180,153,25.400000000000002,1.9000000000000001,72.26
2012,4,13,18,30,36,156,25,25.200000000000003,2,86.01
2012,4,13,19,30,0,0,0,25,2,99.89
2012,4,13,20,30,0,0,0,24.8,2,113.19
2012,4,13,21,30,0,0,0,24.6,2.1,125.8
2012,4,13,22,30,0,0,0,24.400000000000002,2.1,137.06
2012,4,13,23,30,0,0,0,24.200000000000003,2.2,145.61
2012,4,14,0,30,0,0,0,24.1,2.3000000000000003,149.08
2012,4,14,1,30,0,0,0,23.900000000000002,2.4000000000000004,145.89000000000001
2012,4,14,2,30,0,0,0,23.8,2.5,137.51
2012,4,14,3,30,0,0,0,23.700000000000003,2.7,126.33
2012,4,14,4,30,0,0,0,23.6,3,113.77
2012,4,14,5,30,0,0,0,23.700000000000003,3.2,100.48
2012,4,14,6,30,31,138,22,23.900000000000002,3.5,86.60000000000001
2012,4,14,7,30,238,560,73,24.200000000000003,3.6,72.87
2012,4,14,8,30,481,748,95,24.5,3.6,58.92
2012,4,14,9,30,701,838,109,24.8,3.5,44.99
2012,4,14,10,30,875,886,118,25.1,3.5,31.330000000000002
2012,4,14,11,30,988,916,121,25.5,3.7,18.69
2012,4,14,12,30,1029,929,118,25.700000000000003,3.9000000000000004,11.48
2012,4,14,13,30,993,921,118,25.900000000000002,4.2,18.17
2012,4,14,14,30,879,879,123,25.8,4.5,30.71
2012,4,14,15,30,707,826,116,25.6,4.800000000000001,44.35
2012,4,14,16,30,489,741,99,25.400000000000002,5.2,58.26
2012,4,14,17,30,250,581,72,25.1,5.4,72.2
2012,4,14,18,30,38,192,25,24.8,5.5,85.94
2012,4,14,19,30,0,0,0,24.5,5.6000000000000005,99.8
2012,4,14,20,30,0,0,0,24.3,5.7,113.08
2012,4,14,21,30,0,0,0,24.1,5.7,125.64
2012,4,14,22,30,0,0,0,23.900000000000002,5.6000000000000005,136.84
2012,4,14,23,30,0,0,0,23.700000000000003,5.5,145.31
2012,4,15,0,30,0,0,0,23.5,5.300000000000001,148.72
2012,4,15,1,30,0,0,0,23.400000000000002,5.2,145.54
2012,4,15,2,30,0,0,0,23.200000000000003,5,137.21
2012,4,15,3,30,0,0,0,23.200000000000003,5,126.08
2012,4,15,4,30,0,0,0,23.1,5.2,113.55
2012,4,15,5,30,0,0,0,23.200000000000003,5.4,100.28
2012,4,15,6,30,34,200,22,23.5,5.9,86.42
2012,4,15,7,30,246,616,63,23.700000000000003,6.4,72.7
2012,4,15,8,30,488,784,82,23.900000000000002,6.7,58.75
2012,4,15,9,30,159,0,159,24.200000000000003,6.800000000000001,44.81
2012,4,15,10,30,375,7,369,24.6,6.9,31.12
2012,4,15,11,30,615,154,469,24.900000000000002,6.800000000000001,18.42
2012,4,15,12,30,1031,940,108,25.1,6.7,11.120000000000001
2012,4,15,13,30,996,933,109,25.3,6.7,17.98
2012,4,15,14,30,887,907,106,25.400000000000002,6.800000000000001,30.61
2012,4,15,15,30,715,860,99,25.3,6.9,44.28
2012,4,15,16,30,372,172,281,25.200000000000003,7.1000000000000005,58.2
2012,4,15,17,30,167,30,158,25,7.300000000000001,72.14
2012,4,15,18,30,40,213,25,24.700000000000003,7.5,85.87
2012,4,15,19,30,0,0,0,24.400000000000002,7.6000000000000005,99.71000000000001
2012,4,15,20,30,0,0,0,24.200000000000003,7.6000000000000005,112.96000000000001
2012,4,15,21,30,0,0,0,24.200000000000003,7.6000000000000005,125.48
2012,4,15,22,30,0,0,0,24.1,7.7,136.63
2012,4,15,23,30,0,0,0,24.1,7.7,145.02
2012,4,16,0,30,0,0,0,24,7.6000000000000005,148.37
2012,4,16,1,30,0,0,0,23.900000000000002,7.6000000000000005,145.19
2012,4,16,2,30,0,0,0,23.8,7.6000000000000005,136.91
2012,4,16,3,30,0,0,0,23.700000000000003,7.5,125.82000000000001
2012,4,16,4,30,0,0,0,23.6,7.5,113.33
2012,4,16,5,30,0,0,0,23.6,7.6000000000000005,100.09
2012,4,16,6,30,33,116,25,23.700000000000003,7.7,86.25
2012,4,16,7,30,242,540,80,24,7.800000000000001,72.53
2012,4,16,8,30,486,738,101,24.200000000000003,7.7,58.58
2012,4,16,9,30,709,834,115,24.5,7.6000000000000005,44.64
2012,4,16,10,30,594,150,465,24.8,7.4,30.92
2012,4,16,11,30,545,75,474,25.1,7.300000000000001,18.150000000000002
2012,4,16,12,30,1041,936,121,25.200000000000003,7.2,10.77
2012,4,16,13,30,1005,929,121,25.3,7.2,17.8
2012,4,16,14,30,896,907,115,25.400000000000002,7.2,30.51
2012,4,16,15,30,722,858,107,25.3,7.300000000000001,44.21
2012,4,16,16,30,502,772,94,25.1,7.5,58.14
2012,4,16,17,30,257,599,73,24.8,7.7,72.08
2012,4,16,18,30,40,179,27,24.5,7.9,85.8
2012,4,16,19,30,0,0,0,24.200000000000003,8.1,99.62
2012,4,16,20,30,0,0,0,24.1,8.200000000000001,112.84
2012,4,16,21,30,0,0,0,24,8.200000000000001,125.32000000000001
2012,4,16,22,30,0,0,0,23.900000000000002,8.200000000000001,136.41
2012,4,16,23,30,0,0,0,23.8,8.1,144.72
2012,4,17,0,30,0,0,0,23.8,8,148.02
2012,4,17,1,30,0,0,0,23.8,8,144.85
2012,4,17,2,30,0,0,0,23.700000000000003,8,136.61
2012,4,17,3,30,0,0,0,23.6,8,125.57000000000001
2012,4,17,4,30,0,0,0,23.6,8.1,113.11
2012,4,17,5,30,0,0,0,23.700000000000003,8.200000000000001,99.89
2012,4,17,6,30,22,0,22,23.900000000000002,8.5,86.07000000000001
2012,4,17,7,30,129,5,127,24.200000000000003,8.6,72.36
2012,4,17,8,30,175,1,174,24.400000000000002,8.6,58.42
2012,4,17,9,30,716,841,116,24.700000000000003,8.4,44.47
2012,4,17,10,30,892,890,127,25,8.3,30.73
2012,4,17,11,30,640,155,492,25.1,8.1,17.89
2012,4,17,12,30,715,188,530,25.200000000000003,7.9,10.42
2012,4,17,13,30,1006,920,129,25.200000000000003,7.800000000000001,17.63
2012,4,17,14,30,896,897,122,25.1,7.9,30.42
2012,4,17,15,30,722,847,114,24.900000000000002,8,44.15
2012,4,17,16,30,501,757,100,24.700000000000003,8.1,58.08
2012,4,17,17,30,257,584,76,24.400000000000002,8.1,72.02
2012,4,17,18,30,41,168,29,24.200000000000003,8,85.73
2012,4,17,19,30,0,0,0,24,7.800000000000001,99.52
2012,4,17,20,30,0,0,0,23.900000000000002,7.7,112.72
2012,4,17,21,30,0,0,0,23.900000000000002,7.6000000000000005,125.16
2012,4,17,22,30,0,0,0,23.8,7.5,136.19
2012,4,17,23,30,0,0,0,23.8,7.4,144.43
2012,4,18,0,30,0,0,0,23.700000000000003,7.4,147.67000000000002
2012,4,18,1,30,0,0,0,23.6,7.300000000000001,144.51
2012,4,18,2,30,0,0,0,23.5,7.300000000000001,136.32
2012,4,18,3,30,0,0,0,23.5,7.4,125.32000000000001
2012,4,18,4,30,0,0,0,23.5,7.4,112.89
2012,4,18,5,30,0,0,0,23.6,7.6000000000000005,99.7
2012,4,18,6,30,39,165,27,23.8,7.9,85.91
2012,4,18,7,30,104,1,104,24.200000000000003,8.1,72.19
2012,4,18,8,30,105,0,105,24.400000000000002,8.1,58.26
2012,4,18,9,30,720,857,107,24.700000000000003,8,44.300000000000004
2012,4,18,10,30,540,121,436,24.900000000000002,7.800000000000001,30.54
2012,4,18,11,30,643,157,493,25,7.6000000000000005,17.64
2012,4,18,12,30,899,445,461,25.200000000000003,7.300000000000001,10.07
2012,4,18,13,30,875,462,434,25.200000000000003,7.1000000000000005,17.46
2012,4,18,14,30,707,280,465,25.200000000000003,7,30.330000000000002
2012,4,18,15,30,552,217,395,25.200000000000003,7.1000000000000005,44.08
2012,4,18,16,30,356,223,237,25,7.2,58.02
2012,4,18,17,30,146,9,143,24.6,7.4,71.95
2012,4,18,18,30,30,0,30,24.3,7.4,85.66
2012,4,18,19,30,0,0,0,24.1,7.300000000000001,99.43
2012,4,18,20,30,0,0,0,24,7.2,112.60000000000001
2012,4,18,21,30,0,0,0,23.900000000000002,7,125
2012,4,18,22,30,0,0,0,23.900000000000002,6.800000000000001,135.97
2012,4,18,23,30,0,0,0,23.8,6.6000000000000005,144.13
2012,4,19,0,30,0,0,0,23.700000000000003,6.4,147.32
2012,4,19,1,30,0,0,0,23.700000000000003,6.300000000000001,144.17000000000002
2012,4,19,2,30,0,0,0,23.6,6.4,136.03
2012,4,19,3,30,0,0,0,23.6,6.5,125.08
2012,4,19,4,30,0,0,0,23.6,6.6000000000000005,112.68
2012,4,19,5,30,0,0,0,23.6,6.7,99.51
2012,4,19,6,30,26,0,26,23.700000000000003,7,85.74
2012,4,19,7,30,121,3,120,24,7.2,72.03
2012,4,19,8,30,21,0,21,24.200000000000003,7.300000000000001,58.1
2012,4,19,9,30,143,0,143,24.400000000000002,7.4,44.14
2012,4,19,10,30,464,48,423,24.6,7.300000000000001,30.36
2012,4,19,11,30,1002,916,128,24.700000000000003,7.2,17.39
2012,4,19,12,30,1039,920,132,24.700000000000003,7.1000000000000005,9.73
2012,4,19,13,30,1001,912,131,24.700000000000003,7,17.3
2012,4,19,14,30,892,888,125,24.6,6.9,30.25
2012,4,19,15,30,719,841,113,24.5,6.9,44.02
2012,4,19,16,30,501,763,96,24.400000000000002,7,57.97
2012,4,19,17,30,260,605,71,24.200000000000003,6.9,71.89
2012,4,19,18,30,43,208,27,24,6.800000000000001,85.59
2012,4,19,19,30,0,0,0,23.900000000000002,6.7,99.34
2012,4,19,20,30,0,0,0,23.8,6.5,112.48
2012,4,19,21,30,0,0,0,23.700000000000003,6.2,124.84
2012,4,19,22,30,0,0,0,23.6,5.9,135.75
2012,4,19,23,30,0,0,0,23.6,5.7,143.84
2012,4,20,0,30,0,0,0,23.5,5.5,146.98
2012,4,20,1,30,0,0,0,23.400000000000002,5.4,143.84
2012,4,20,2,30,0,0,0,23.400000000000002,5.4,135.74
2012,4,20,3,30,0,0,0,23.400000000000002,5.5,124.83
2012,4,20,4,30,0,0,0,23.5,5.6000000000000005,112.47
2012,4,20,5,30,0,0,0,23.6,5.800000000000001,99.33
2012,4,20,6,30,45,230,27,23.8,6.1000000000000005,85.57000000000001
2012,4,20,7,30,265,638,66,24,6.4,71.88
2012,4,20,8,30,305,53,277,24.200000000000003,6.5,57.95
2012,4,20,9,30,126,0,126,24.3,6.6000000000000005,43.99
2012,4,20,10,30,659,215,473,24.5,6.7,30.19
2012,4,20,11,30,1011,941,111,24.700000000000003,6.7,17.16
2012,4,20,12,30,1049,948,113,24.8,6.6000000000000005,9.39
2012,4,20,13,30,1011,943,110,24.8,6.5,17.14
2012,4,20,14,30,902,921,105,24.700000000000003,6.5,30.16
2012,4,20,15,30,728,878,96,24.700000000000003,6.5,43.96
2012,4,20,16,30,335,83,291,24.5,6.6000000000000005,57.910000000000004
2012,4,20,17,30,264,641,65,24.3,6.6000000000000005,71.83
2012,4,20,18,30,45,241,26,24,6.5,85.51
2012,4,20,19,30,0,0,0,23.8,6.4,99.24000000000001
2012,4,20,20,30,0,0,0,23.700000000000003,6.4,112.35000000000001
2012,4,20,21,30,0,0,0,23.6,6.300000000000001,124.68
2012,4,20,22,30,0,0,0,23.5,6.2,135.53
2012,4,20,23,30,0,0,0,23.3,6.1000000000000005,143.55
2012,4,21,0,30,0,0,0,23.1,6,146.64000000000001
2012,4,21,1,30,0,0,0,22.900000000000002,5.9,143.51
2012,4,21,2,30,0,0,0,22.700000000000003,5.800000000000001,135.45
2012,4,21,3,30,0,0,0,22.6,5.7,124.59
2012,4,21,4,30,0,0,0,22.6,5.7,112.26
2012,4,21,5,30,0,0,0,22.700000000000003,5.800000000000001,99.14
2012,4,21,6,30,48,280,25,23,6.2,85.41
2012,4,21,7,30,269,668,59,23.400000000000002,6.6000000000000005,71.72
2012,4,21,8,30,65,0,65,23.700000000000003,6.7,57.800000000000004
2012,4,21,9,30,202,0,202,24.1,6.7,43.84
2012,4,21,10,30,119,0,118,24.400000000000002,6.7,30.02
2012,4,21,11,30,428,8,421,24.5,6.6000000000000005,16.92
2012,4,21,12,30,323,1,322,24.6,6.7,9.05
2012,4,21,13,30,326,1,325,24.700000000000003,6.9,16.990000000000002
2012,4,21,14,30,268,1,268,24.6,7,30.080000000000002
2012,4,21,15,30,252,1,251,24.5,7.2,43.9
2012,4,21,16,30,206,4,204,24.3,7.4,57.85
2012,4,21,17,30,265,656,59,24,7.6000000000000005,71.77
2012,4,21,18,30,46,265,25,23.700000000000003,7.6000000000000005,85.44
2012,4,21,19,30,0,0,0,23.6,7.5,99.15
2012,4,21,20,30,0,0,0,23.5,7.5,112.23
2012,4,21,21,30,0,0,0,23.400000000000002,7.5,124.51
2012,4,21,22,30,0,0,0,23.3,7.4,135.31
2012,4,21,23,30,0,0,0,23.1,7.1000000000000005,143.27
2012,4,22,0,30,0,0,0,22.900000000000002,6.7,146.3
2012,4,22,1,30,0,0,0,22.8,6.6000000000000005,143.18
2012,4,22,2,30,0,0,0,22.700000000000003,6.7,135.17000000000002
2012,4,22,3,30,0,0,0,22.700000000000003,6.800000000000001,124.35000000000001
2012,4,22,4,30,0,0,0,22.8,7,112.05
2012,4,22,5,30,0,0,0,22.900000000000002,7.2,98.96000000000001
2012,4,22,6,30,44,138,32,23.1,7.7,85.26
2012,4,22,7,30,253,525,87,23.400000000000002,8.200000000000001,71.57000000000001
2012,4,22,8,30,236,13,229,23.700000000000003,8.4,57.65
2012,4,22,9,30,500,138,400,23.900000000000002,8.5,43.69
2012,4,22,10,30,630,177,476,24.1,8.5,29.85
2012,4,22,11,30,605,138,473,24.200000000000003,8.4,16.7
2012,4,22,12,30,288,1,287,24.200000000000003,8.4,8.71
2012,4,22,13,30,420,6,414,24.200000000000003,8.5,16.84
2012,4,22,14,30,329,2,328,24.1,8.6,30
2012,4,22,15,30,256,1,255,24.1,8.700000000000001,43.84
2012,4,22,16,30,486,695,116,24,8.700000000000001,57.800000000000004
2012,4,22,17,30,250,522,86,23.8,8.6,71.7
2012,4,22,18,30,42,131,32,23.6,8.5,85.37
2012,4,22,19,30,0,0,0,23.5,8.4,99.05
2012,4,22,20,30,0,0,0,23.400000000000002,8.4,112.11
2012,4,22,21,30,0,0,0,23.400000000000002,8.6,124.35000000000001
2012,4,22,22,30,0,0,0,23.3,8.700000000000001,135.09
2012,4,22,23,30,0,0,0,23.3,8.8,142.98
2012,4,23,0,30,0,0,0,23.3,8.9,145.97
2012,4,23,1,30,0,0,0,23.200000000000003,9,142.86
2012,4,23,2,30,0,0,0,23.1,9,134.89000000000001
2012,4,23,3,30,0,0,0,23.1,9.1,124.11
2012,4,23,4,30,0,0,0,23,9.1,111.85000000000001
2012,4,23,5,30,0,0,0,22.900000000000002,9.1,98.79
2012,4,23,6,30,46,137,34,23.1,9,85.10000000000001
2012,4,23,7,30,10,0,10,23.3,8.9,71.42
2012,4,23,8,30,352,96,301,23.700000000000003,8.8,57.51
2012,4,23,9,30,161,0,161,24,8.700000000000001,43.550000000000004
2012,4,23,10,30,894,880,130,24.200000000000003,8.6,29.69
2012,4,23,11,30,450,12,439,24.3,8.5,16.48
2012,4,23,12,30,812,287,528,24.400000000000002,8.3,8.38
2012,4,23,13,30,728,218,519,24.400000000000002,8.200000000000001,16.7
2012,4,23,14,30,298,1,298,24.3,8.1,29.93
2012,4,23,15,30,147,0,147,24.200000000000003,8.200000000000001,43.78
2012,4,23,16,30,62,0,62,24,8.4,57.74
2012,4,23,17,30,52,0,52,23.8,8.4,71.64
2012,4,23,18,30,47,199,30,23.5,8.3,85.29
2012,4,23,19,30,0,0,0,23.400000000000002,8.200000000000001,98.96000000000001
2012,4,23,20,30,0,0,0,23.3,8,111.98
2012,4,23,21,30,0,0,0,23.200000000000003,7.9,124.18
2012,4,23,22,30,0,0,0,23.1,7.6000000000000005,134.87
2012,4,23,23,30,0,0,0,23,7.1000000000000005,142.69
2012,4,24,0,30,0,0,0,22.900000000000002,6.6000000000000005,145.64000000000001
2012,4,24,1,30,0,0,0,22.8,6.2,142.54
2012,4,24,2,30,0,0,0,22.8,5.9,134.62
2012,4,24,3,30,0,0,0,22.8,5.9,123.88000000000001
2012,4,24,4,30,0,0,0,22.8,6,111.65
2012,4,24,5,30,0,0,0,22.900000000000002,6.300000000000001,98.61
2012,4,24,6,30,51,216,32,23.200000000000003,6.800000000000001,84.95
2012,4,24,7,30,137,6,135,23.5,7.300000000000001,71.28
2012,4,24,8,30,153,0,153,23.8,7.6000000000000005,57.370000000000005
2012,4,24,9,30,405,57,364,24.1,7.7,43.410000000000004
2012,4,24,10,30,899,894,122,24.3,7.7,29.54
2012,4,24,11,30,1008,917,127,24.5,7.5,16.27
2012,4,24,12,30,1042,922,129,24.6,7.300000000000001,8.06
2012,4,24,13,30,1002,911,129,24.6,7.2,16.56
2012,4,24,14,30,563,131,450,24.6,7.2,29.86
2012,4,24,15,30,162,0,162,24.5,7.2,43.730000000000004
2012,4,24,16,30,126,0,125,24.3,7.300000000000001,57.68
2012,4,24,17,30,262,590,76,24,7.300000000000001,71.58
2012,4,24,18,30,47,197,31,23.700000000000003,7.4,85.22
2012,4,24,19,30,0,0,0,23.5,7.4,98.86
2012,4,24,20,30,0,0,0,23.400000000000002,7.4,111.86
2012,4,24,21,30,0,0,0,23.3,7.2,124.02
2012,4,24,22,30,0,0,0,23.200000000000003,7,134.65
2012,4,24,23,30,0,0,0,23.1,6.7,142.41
2012,4,25,0,30,0,0,0,23.1,6.5,145.32
2012,4,25,1,30,0,0,0,23,6.5,142.23
2012,4,25,2,30,0,0,0,23,6.4,134.35
2012,4,25,3,30,0,0,0,23,6.5,123.65
2012,4,25,4,30,0,0,0,23,6.6000000000000005,111.46000000000001
2012,4,25,5,30,0,0,0,23,6.9,98.44
2012,4,25,6,30,53,223,32,23.3,7.300000000000001,84.8
2012,4,25,7,30,272,610,75,23.6,7.6000000000000005,71.14
2012,4,25,8,30,513,766,98,23.900000000000002,7.6000000000000005,57.24
2012,4,25,9,30,730,847,113,24.200000000000003,7.5,43.27
2012,4,25,10,30,897,889,123,24.5,7.2,29.39
2012,4,25,11,30,1008,932,113,24.8,6.800000000000001,16.07
2012,4,25,12,30,1044,939,114,25,6.2,7.74
2012,4,25,13,30,1004,928,114,25.200000000000003,5.5,16.43
2012,4,25,14,30,664,228,466,25.3,4.7,29.79
2012,4,25,15,30,722,860,100,25.3,4.1000000000000005,43.67
2012,4,25,16,30,504,779,87,25.200000000000003,3.7,57.63
2012,4,25,17,30,265,624,67,24.900000000000002,3.8000000000000003,71.51
2012,4,25,18,30,49,241,28,24.6,4.1000000000000005,85.14
2012,4,25,19,30,0,0,0,24.3,4.6000000000000005,98.76
2012,4,25,20,30,0,0,0,24.1,5,111.73
2012,4,25,21,30,0,0,0,24,5.4,123.85000000000001
2012,4,25,22,30,0,0,0,23.8,5.5,134.43
2012,4,25,23,30,0,0,0,23.700000000000003,5.5,142.13
2012,4,26,0,30,0,0,0,23.6,5.5,144.99
2012,4,26,1,30,0,0,0,23.5,5.6000000000000005,141.92000000000002
2012,4,26,2,30,0,0,0,23.400000000000002,5.6000000000000005,134.08
2012,4,26,3,30,0,0,0,23.3,5.6000000000000005,123.42
2012,4,26,4,30,0,0,0,23.200000000000003,5.6000000000000005,111.26
2012,4,26,5,30,0,0,0,23.3,5.4,98.27
2012,4,26,6,30,55,265,30,23.5,5.300000000000001,84.65
2012,4,26,7,30,275,637,67,23.8,5,71
2012,4,26,8,30,515,790,86,24,4.5,57.11
2012,4,26,9,30,730,866,98,24.3,3.9000000000000004,43.14
2012,4,26,10,30,899,908,107,24.6,3.2,29.25
2012,4,26,11,30,1001,919,117,24.900000000000002,2.7,15.870000000000001
2012,4,26,12,30,480,18,462,25.200000000000003,2.2,7.42
2012,4,26,13,30,344,1,342,25.3,1.9000000000000001,16.31
2012,4,26,14,30,303,1,303,25.400000000000002,1.8,29.72
2012,4,26,15,30,221,1,221,25.400000000000002,1.7000000000000002,43.62
2012,4,26,16,30,505,788,82,25.400000000000002,1.8,57.57
2012,4,26,17,30,267,637,64,25.200000000000003,2,71.45
2012,4,26,18,30,50,257,28,25,2.1,85.07000000000001
2012,4,26,19,30,0,0,0,24.700000000000003,2.2,98.66
2012,4,26,20,30,0,0,0,24.6,2.3000000000000003,111.60000000000001
2012,4,26,21,30,0,0,0,24.400000000000002,2.3000000000000003,123.69
2012,4,26,22,30,0,0,0,24.200000000000003,2.4000000000000004,134.21
2012,4,26,23,30,0,0,0,24.1,2.5,141.85
2012,4,27,0,30,0,0,0,23.900000000000002,2.7,144.68
2012,4,27,1,30,0,0,0,23.8,2.8000000000000003,141.61
2012,4,27,2,30,0,0,0,23.700000000000003,2.9000000000000004,133.81
2012,4,27,3,30,0,0,0,23.6,3,123.2
2012,4,27,4,30,0,0,0,23.6,3.2,111.07000000000001
2012,4,27,5,30,0,0,0,23.700000000000003,3.5,98.11
2012,4,27,6,30,56,258,32,24,4.1000000000000005,84.51
2012,4,27,7,30,274,627,69,24.3,4.6000000000000005,70.87
2012,4,27,8,30,513,780,88,24.6,5,56.99
2012,4,27,9,30,727,858,100,24.900000000000002,5.4,43.02
2012,4,27,10,30,895,900,109,25.200000000000003,5.6000000000000005,29.11
2012,4,27,11,30,436,10,427,25.400000000000002,5.7,15.69
2012,4,27,12,30,1033,917,123,25.5,5.7,7.1000000000000005
2012,4,27,13,30,995,907,124,25.6,5.7,16.19
2012,4,27,14,30,885,878,122,25.6,5.7,29.650000000000002
2012,4,27,15,30,713,822,117,25.6,5.7,43.56
2012,4,27,16,30,495,724,107,25.400000000000002,5.7,57.52
2012,4,27,17,30,257,541,84,25.1,5.7,71.39
2012,4,27,18,30,46,147,34,24.8,5.7,84.99
2012,4,27,19,30,0,0,0,24.6,5.800000000000001,98.57000000000001
2012,4,27,20,30,0,0,0,24.5,5.9,111.48
2012,4,27,21,30,0,0,0,24.3,5.9,123.52
2012,4,27,22,30,0,0,0,24.200000000000003,5.9,133.99
2012,4,27,23,30,0,0,0,24.1,5.800000000000001,141.57
2012,4,28,0,30,0,0,0,24,5.7,144.36
2012,4,28,1,30,0,0,0,23.900000000000002,5.7,141.31
2012,4,28,2,30,0,0,0,23.900000000000002,5.9,133.55
2012,4,28,3,30,0,0,0,23.900000000000002,6.300000000000001,122.98
2012,4,28,4,30,0,0,0,23.900000000000002,6.6000000000000005,110.89
2012,4,28,5,30,0,0,0,23.900000000000002,6.7,97.95
2012,4,28,6,30,57,234,34,24.1,6.9,84.37
2012,4,28,7,30,275,603,76,24.400000000000002,7.1000000000000005,70.74
2012,4,28,8,30,513,760,98,24.700000000000003,7.1000000000000005,56.870000000000005
2012,4,28,9,30,313,6,308,24.900000000000002,7.1000000000000005,42.9
2012,4,28,10,30,896,889,118,25.200000000000003,7,28.98
2012,4,28,11,30,1007,932,110,25.5,6.7,15.51
2012,4,28,12,30,760,234,528,25.700000000000003,6.4,6.79
2012,4,28,13,30,1004,925,114,25.8,6,16.07
2012,4,28,14,30,896,903,111,25.900000000000002,5.800000000000001,29.59
2012,4,28,15,30,721,847,107,25.8,5.800000000000001,43.51
2012,4,28,16,30,503,752,98,25.700000000000003,6,57.46
2012,4,28,17,30,263,573,79,25.400000000000002,6.2,71.32000000000001
2012,4,28,18,30,49,177,33,25,6.6000000000000005,84.91
2012,4,28,19,30,0,0,0,24.700000000000003,6.9,98.47
2012,4,28,20,30,0,0,0,24.5,7,111.35000000000001
2012,4,28,21,30,0,0,0,24.3,7.1000000000000005,123.35000000000001
2012,4,28,22,30,0,0,0,24.200000000000003,7,133.77
2012,4,28,23,30,0,0,0,24,6.9,141.3
2012,4,29,0,30,0,0,0,23.900000000000002,6.9,144.05
2012,4,29,1,30,0,0,0,23.8,6.9,141.01
2012,4,29,2,30,0,0,0,23.8,7,133.29
2012,4,29,3,30,0,0,0,23.8,7.1000000000000005,122.77
2012,4,29,4,30,0,0,0,23.8,7.1000000000000005,110.7
2012,4,29,5,30,0,0,0,23.8,7.2,97.79
2012,4,29,6,30,61,275,33,24.1,7.300000000000001,84.23
2012,4,29,7,30,281,632,71,24.400000000000002,7.4,70.62
2012,4,29,8,30,520,781,92,24.6,7.5,56.75
2012,4,29,9,30,532,178,401,24.900000000000002,7.6000000000000005,42.79
2012,4,29,10,30,578,139,457,25.1,7.7,28.86
2012,4,29,11,30,638,153,490,25.200000000000003,7.800000000000001,15.33
2012,4,29,12,30,468,12,456,25.3,7.7,6.49
2012,4,29,13,30,997,890,142,25.400000000000002,7.5,15.96
2012,4,29,14,30,257,0,256,25.400000000000002,7.4,29.53
2012,4,29,15,30,414,75,359,25.3,7.4,43.46
2012,4,29,16,30,386,167,296,25.1,7.4,57.410000000000004
2012,4,29,17,30,266,578,80,24.900000000000002,7.4,71.26
2012,4,29,18,30,51,192,34,24.6,7.4,84.84
2012,4,29,19,30,0,0,0,24.3,7.4,98.37
2012,4,29,20,30,0,0,0,24.200000000000003,7.5,111.22
2012,4,29,21,30,0,0,0,24.1,7.6000000000000005,123.19
2012,4,29,22,30,0,0,0,24,7.7,133.56
2012,4,29,23,30,0,0,0,23.900000000000002,7.7,141.03
2012,4,30,0,30,0,0,0,23.700000000000003,7.7,143.75
2012,4,30,1,30,0,0,0,23.6,7.7,140.72
2012,4,30,2,30,0,0,0,23.400000000000002,7.800000000000001,133.04
2012,4,30,3,30,0,0,0,23.400000000000002,7.800000000000001,122.55
2012,4,30,4,30,0,0,0,23.400000000000002,7.800000000000001,110.52
2012,4,30,5,30,0,0,0,23.5,8,97.63
2012,4,30,6,30,63,287,34,23.8,8.4,84.10000000000001
2012,4,30,7,30,287,650,69,24,8.700000000000001,70.49
2012,4,30,8,30,401,197,293,24.200000000000003,8.6,56.64
2012,4,30,9,30,382,42,352,24.400000000000002,8.5,42.68
2012,4,30,10,30,630,177,475,24.6,8.200000000000001,28.740000000000002
2012,4,30,11,30,1015,941,107,24.900000000000002,8,15.17
2012,4,30,12,30,1050,943,112,25,7.800000000000001,6.18
2012,4,30,13,30,1008,931,113,25.1,7.7,15.860000000000001
2012,4,30,14,30,900,914,104,25.1,7.7,29.47
2012,4,30,15,30,728,869,97,25,7.7,43.410000000000004
2012,4,30,16,30,511,791,85,24.8,7.800000000000001,57.36
2012,4,30,17,30,272,637,67,24.6,8,71.2
2012,4,30,18,30,54,259,30,24.3,8.1,84.76
2012,4,30,19,30,0,0,0,24,8.1,98.27
2012,4,30,20,30,0,0,0,23.900000000000002,8.1,111.09
2012,4,30,21,30,0,0,0,23.900000000000002,7.9,123.02
2012,4,30,22,30,0,0,0,23.8,7.7,133.34
2012,4,30,23,30,0,0,0,23.700000000000003,7.4,140.76
2012,5,1,0,30,0,0,0,23.700000000000003,7.2,143.44
2012,5,1,1,30,0,0,0,23.700000000000003,7,140.43
2012,5,1,2,30,0,0,0,23.6,6.800000000000001,132.79
2012,5,1,3,30,0,0,0,23.6,6.6000000000000005,122.34
2012,5,1,4,30,0,0,0,23.6,6.5,110.35000000000001
2012,5,1,5,30,0,0,0,23.6,6.5,97.48
2012,5,1,6,30,65,299,33,23.8,6.800000000000001,83.97
2012,5,1,7,30,287,653,68,24.1,7,70.38
2012,5,1,8,30,525,797,85,24.400000000000002,7,56.53
2012,5,1,9,30,738,870,97,24.6,7,42.57
2012,5,1,10,30,903,909,105,24.900000000000002,7,28.63
2012,5,1,11,30,1005,926,111,25,7.1000000000000005,15.02
2012,5,1,12,30,542,59,484,25.1,7.2,5.89
2012,5,1,13,30,1000,920,115,25.200000000000003,7.300000000000001,15.76
2012,5,1,14,30,574,141,451,25.200000000000003,7.4,29.41
2012,5,1,15,30,721,849,104,25.200000000000003,7.6000000000000005,43.36
2012,5,1,16,30,505,760,94,25,7.7,57.300000000000004
2012,5,1,17,30,267,595,74,24.700000000000003,7.800000000000001,71.13
2012,5,1,18,30,53,223,32,24.400000000000002,7.7,84.68
2012,5,1,19,30,0,0,0,24.200000000000003,7.5,98.17
2012,5,1,20,30,0,0,0,24.1,7.300000000000001,110.96000000000001
2012,5,1,21,30,0,0,0,24,7.1000000000000005,122.86
2012,5,1,22,30,0,0,0,23.900000000000002,6.7,133.13
2012,5,1,23,30,0,0,0,23.8,6.4,140.49
2012,5,2,0,30,0,0,0,23.700000000000003,6.2,143.15
2012,5,2,1,30,0,0,0,23.6,6.2,140.14000000000001
2012,5,2,2,30,0,0,0,23.6,6.2,132.54
2012,5,2,3,30,0,0,0,23.5,6.1000000000000005,122.14
2012,5,2,4,30,0,0,0,23.400000000000002,6.1000000000000005,110.17
2012,5,2,5,30,0,0,0,23.400000000000002,6.4,97.33
2012,5,2,6,30,66,306,33,23.6,6.9,83.84
2012,5,2,7,30,18,0,18,23.900000000000002,7.2,70.26
2012,5,2,8,30,527,789,91,24.200000000000003,7.4,56.42
2012,5,2,9,30,741,860,106,24.5,7.5,42.47
2012,5,2,10,30,909,904,115,24.8,7.5,28.52
2012,5,2,11,30,1018,930,119,25.1,7.4,14.870000000000001
2012,5,2,12,30,1051,931,125,25.3,7.2,5.59
2012,5,2,13,30,1012,920,126,25.400000000000002,7.1000000000000005,15.67
2012,5,2,14,30,894,872,134,25.3,7,29.36
2012,5,2,15,30,722,817,128,25.1,7.1000000000000005,43.31
2012,5,2,16,30,504,717,116,24.900000000000002,7.300000000000001,57.25
2012,5,2,17,30,264,527,93,24.6,7.4,71.07000000000001
2012,5,2,18,30,51,132,38,24.400000000000002,7.5,84.60000000000001
2012,5,2,19,30,0,0,0,24.200000000000003,7.5,98.06
2012,5,2,20,30,0,0,0,24.1,7.5,110.84
2012,5,2,21,30,0,0,0,23.900000000000002,7.4,122.69
2012,5,2,22,30,0,0,0,23.8,7.2,132.92000000000002
2012,5,2,23,30,0,0,0,23.700000000000003,6.800000000000001,140.23
2012,5,3,0,30,0,0,0,23.6,6.5,142.85
2012,5,3,1,30,0,0,0,23.400000000000002,6.300000000000001,139.86
2012,5,3,2,30,0,0,0,23.400000000000002,6.1000000000000005,132.3
2012,5,3,3,30,0,0,0,23.3,6,121.94
2012,5,3,4,30,0,0,0,23.400000000000002,6.1000000000000005,110.01
2012,5,3,5,30,0,0,0,23.5,6.4,97.19
2012,5,3,6,30,66,267,36,23.700000000000003,7,83.72
2012,5,3,7,30,10,0,10,24,7.5,70.15
2012,5,3,8,30,520,766,95,24.200000000000003,7.7,56.32
2012,5,3,9,30,731,840,110,24.400000000000002,7.9,42.37
2012,5,3,10,30,895,880,121,24.6,7.9,28.42
2012,5,3,11,30,1000,904,125,24.8,7.800000000000001,14.73
2012,5,3,12,30,1036,916,123,24.900000000000002,7.7,5.3100000000000005
2012,5,3,13,30,997,910,120,24.900000000000002,7.7,15.58
2012,5,3,14,30,888,890,112,24.900000000000002,7.7,29.3
2012,5,3,15,30,513,166,392,24.900000000000002,7.7,43.26
2012,5,3,16,30,351,106,294,24.700000000000003,7.800000000000001,57.19
2012,5,3,17,30,118,2,117,24.5,7.9,71
2012,5,3,18,30,55,231,33,24.200000000000003,7.9,84.52
2012,5,3,19,30,0,0,0,23.900000000000002,8,97.96000000000001
2012,5,3,20,30,0,0,0,23.8,8,110.71000000000001
2012,5,3,21,30,0,0,0,23.700000000000003,8,122.52
2012,5,3,22,30,0,0,0,23.700000000000003,7.800000000000001,132.7
2012,5,3,23,30,0,0,0,23.6,7.6000000000000005,139.96
2012,5,4,0,30,0,0,0,23.6,7.4,142.56
2012,5,4,1,30,0,0,0,23.5,7.2,139.59
2012,5,4,2,30,0,0,0,23.5,7,132.07
2012,5,4,3,30,0,0,0,23.5,6.800000000000001,121.74000000000001
2012,5,4,4,30,0,0,0,23.5,6.7,109.84
2012,5,4,5,30,0,0,0,23.6,6.800000000000001,97.05
2012,5,4,6,30,69,296,36,23.8,7.1000000000000005,83.60000000000001
2012,5,4,7,30,289,637,72,24.1,7.4,70.05
2012,5,4,8,30,524,774,93,24.400000000000002,7.6000000000000005,56.230000000000004
2012,5,4,9,30,274,2,272,24.6,7.800000000000001,42.28
2012,5,4,10,30,900,889,117,24.8,7.800000000000001,28.32
2012,5,4,11,30,655,168,493,24.900000000000002,7.7,14.6
2012,5,4,12,30,1039,923,120,25,7.6000000000000005,5.0200000000000005
2012,5,4,13,30,1001,920,115,25,7.5,15.49
2012,5,4,14,30,894,898,111,25,7.5,29.25
2012,5,4,15,30,726,857,101,24.900000000000002,7.5,43.21
2012,5,4,16,30,511,780,88,24.8,7.6000000000000005,57.14
2012,5,4,17,30,275,630,69,24.5,7.7,70.94
2012,5,4,18,30,58,262,32,24.3,7.6000000000000005,84.44
2012,5,4,19,30,0,0,0,24.1,7.4,97.86
2012,5,4,20,30,0,0,0,24.1,7.300000000000001,110.58
2012,5,4,21,30,0,0,0,24.1,7.1000000000000005,122.36
2012,5,4,22,30,0,0,0,24.1,7,132.49
2012,5,4,23,30,0,0,0,24,6.800000000000001,139.71
2012,5,5,0,30,0,0,0,23.900000000000002,6.6000000000000005,142.28
2012,5,5,1,30,0,0,0,23.8,6.5,139.32
2012,5,5,2,30,0,0,0,23.6,6.4,131.84
2012,5,5,3,30,0,0,0,23.6,6.4,121.55
2012,5,5,4,30,0,0,0,23.5,6.6000000000000005,109.68
2012,5,5,5,30,0,0,0,23.6,6.800000000000001,96.91
2012,5,5,6,30,73,347,33,23.8,7.2,83.49
2012,5,5,7,30,297,675,65,24.200000000000003,7.4,69.94
2012,5,5,8,30,534,812,82,24.5,7.5,56.13
2012,5,5,9,30,470,112,387,24.900000000000002,7.5,42.2
2012,5,5,10,30,374,5,370,25.1,7.5,28.23
2012,5,5,11,30,1016,940,105,25.400000000000002,7.300000000000001,14.47
2012,5,5,12,30,1048,941,111,25.6,7.1000000000000005,4.74
2012,5,5,13,30,1008,927,114,25.8,6.800000000000001,15.41
2012,5,5,14,30,903,913,106,25.900000000000002,6.5,29.2
2012,5,5,15,30,498,141,395,25.900000000000002,6.2,43.160000000000004
2012,5,5,16,30,518,795,86,25.700000000000003,6.1000000000000005,57.08
2012,5,5,17,30,280,649,67,25.400000000000002,6.2,70.87
2012,5,5,18,30,60,286,32,25,6.2,84.37
2012,5,5,19,30,0,0,0,24.700000000000003,6.2,97.76
2012,5,5,20,30,0,0,0,24.5,6.2,110.45
2012,5,5,21,30,0,0,0,24.3,6.2,122.2
2012,5,5,22,30,0,0,0,24.1,6.1000000000000005,132.29
2012,5,5,23,30,0,0,0,24,5.9,139.45000000000002
2012,5,6,0,30,0,0,0,23.8,5.800000000000001,142
2012,5,6,1,30,0,0,0,23.8,5.7,139.05
2012,5,6,2,30,0,0,0,23.700000000000003,5.7,131.61
2012,5,6,3,30,0,0,0,23.6,5.800000000000001,121.36
2012,5,6,4,30,0,0,0,23.5,5.9,109.52
2012,5,6,5,30,0,0,0,23.6,6.1000000000000005,96.78
2012,5,6,6,30,76,391,31,23.8,6.5,83.37
2012,5,6,7,30,301,704,59,24.1,6.800000000000001,69.85000000000001
2012,5,6,8,30,539,834,73,24.3,7,56.050000000000004
2012,5,6,9,30,750,899,83,24.6,7.1000000000000005,42.12
2012,5,6,10,30,915,935,91,25,7.1000000000000005,28.150000000000002
2012,5,6,11,30,1014,939,105,25.200000000000003,7.300000000000001,14.36
2012,5,6,12,30,1048,945,106,25.400000000000002,7.5,4.47
2012,5,6,13,30,1009,937,105,25.5,7.6000000000000005,15.33
2012,5,6,14,30,898,910,103,25.5,7.7,29.150000000000002
2012,5,6,15,30,726,859,99,25.400000000000002,7.800000000000001,43.11
2012,5,6,16,30,510,771,90,25.200000000000003,7.9,57.03
2012,5,6,17,30,272,603,74,24.900000000000002,8,70.8
2012,5,6,18,30,58,232,35,24.6,8,84.28
2012,5,6,19,30,0,0,0,24.3,7.9,97.66
2012,5,6,20,30,0,0,0,24.200000000000003,7.9,110.32000000000001
2012,5,6,21,30,0,0,0,24.1,7.7,122.03
2012,5,6,22,30,0,0,0,24,7.6000000000000005,132.08
2012,5,6,23,30,0,0,0,23.900000000000002,7.4,139.20000000000002
2012,5,7,0,30,0,0,0,23.8,7.300000000000001,141.72
2012,5,7,1,30,0,0,0,23.8,7.2,138.79
2012,5,7,2,30,0,0,0,23.700000000000003,7.2,131.38
2012,5,7,3,30,0,0,0,23.6,7.1000000000000005,121.17
2012,5,7,4,30,0,0,0,23.6,7,109.37
2012,5,7,5,30,0,0,0,23.700000000000003,7,96.65
2012,5,7,6,30,76,346,36,23.900000000000002,7.2,83.27
2012,5,7,7,30,93,0,93,24.200000000000003,7.4,69.75
2012,5,7,8,30,302,47,276,24.400000000000002,7.5,55.96
2012,5,7,9,30,761,905,88,24.700000000000003,7.5,42.04
2012,5,7,10,30,928,945,94,24.900000000000002,7.5,28.07
2012,5,7,11,30,590,107,486,25.1,7.4,14.25
2012,5,7,12,30,1064,965,101,25.200000000000003,7.300000000000001,4.2
2012,5,7,13,30,1024,956,102,25.400000000000002,7.1000000000000005,15.26
2012,5,7,14,30,911,920,108,25.400000000000002,6.9,29.1
2012,5,7,15,30,738,871,102,25.3,6.9,43.06
2012,5,7,16,30,522,789,91,25.200000000000003,7.1000000000000005,56.97
2012,5,7,17,30,282,634,73,24.900000000000002,7.300000000000001,70.74
2012,5,7,18,30,62,268,35,24.5,7.6000000000000005,84.2
2012,5,7,19,30,0,0,0,24.200000000000003,7.9,97.55
2012,5,7,20,30,0,0,0,24,8,110.19
2012,5,7,21,30,0,0,0,23.900000000000002,7.9,121.87
2012,5,7,22,30,0,0,0,23.8,7.7,131.87
2012,5,7,23,30,0,0,0,23.700000000000003,7.5,138.95000000000002
2012,5,8,0,30,0,0,0,23.700000000000003,7.2,141.45000000000002
2012,5,8,1,30,0,0,0,23.6,6.800000000000001,138.54
2012,5,8,2,30,0,0,0,23.6,6.300000000000001,131.17000000000002
2012,5,8,3,30,0,0,0,23.6,6.1000000000000005,120.99000000000001
2012,5,8,4,30,0,0,0,23.6,6.5,109.22
2012,5,8,5,30,0,0,0,23.6,7.1000000000000005,96.53
2012,5,8,6,30,52,3,52,23.8,7.5,83.16
2012,5,8,7,30,190,33,179,24.1,7.6000000000000005,69.66
2012,5,8,8,30,254,18,244,24.3,7.300000000000001,55.88
2012,5,8,9,30,566,235,392,24.5,6.9,41.97
2012,5,8,10,30,723,314,446,24.700000000000003,6.4,28
2012,5,8,11,30,835,361,485,24.8,6,14.15
2012,5,8,12,30,884,408,477,25,5.9,3.94
2012,5,8,13,30,802,311,502,25.1,5.800000000000001,15.19
2012,5,8,14,30,749,521,294,25,5.9,29.05
2012,5,8,15,30,604,340,356,24.900000000000002,6.1000000000000005,43.01
2012,5,8,16,30,437,472,180,24.700000000000003,6.4,56.92
2012,5,8,17,30,53,0,53,24.400000000000002,6.7,70.67
2012,5,8,18,30,43,2,43,24.1,6.9,84.12
2012,5,8,19,30,0,0,0,23.900000000000002,6.9,97.45
2012,5,8,20,30,0,0,0,23.8,6.9,110.06
2012,5,8,21,30,0,0,0,23.8,6.9,121.71000000000001
2012,5,8,22,30,0,0,0,23.700000000000003,6.800000000000001,131.67000000000002
2012,5,8,23,30,0,0,0,23.6,6.7,138.71
2012,5,9,0,30,0,0,0,23.5,6.7,141.18
2012,5,9,1,30,0,0,0,23.400000000000002,6.6000000000000005,138.29
2012,5,9,2,30,0,0,0,23.200000000000003,6.6000000000000005,130.95
2012,5,9,3,30,0,0,0,23.1,6.6000000000000005,120.82000000000001
2012,5,9,4,30,0,0,0,23.1,6.800000000000001,109.08
2012,5,9,5,30,0,0,0,23.200000000000003,7.2,96.41
2012,5,9,6,30,45,1,45,23.400000000000002,7.5,83.06
2012,5,9,7,30,56,0,56,23.700000000000003,7.7,69.57000000000001
2012,5,9,8,30,535,796,87,24,7.7,55.81
2012,5,9,9,30,121,0,121,24.3,7.7,41.9
2012,5,9,10,30,906,900,110,24.5,7.6000000000000005,27.93
2012,5,9,11,30,1011,932,107,24.6,7.4,14.06
2012,5,9,12,30,493,26,467,24.700000000000003,7.2,3.68
2012,5,9,13,30,309,1,308,24.8,7.1000000000000005,15.120000000000001
2012,5,9,14,30,338,2,336,24.8,7.2,29
2012,5,9,15,30,237,1,236,24.8,7.300000000000001,42.97
2012,5,9,16,30,517,799,80,24.700000000000003,7.4,56.86
2012,5,9,17,30,282,654,65,24.5,7.300000000000001,70.60000000000001
2012,5,9,18,30,63,297,32,24.200000000000003,7.300000000000001,84.04
2012,5,9,19,30,0,0,0,24,7.300000000000001,97.35000000000001
2012,5,9,20,30,0,0,0,23.900000000000002,7.300000000000001,109.93
2012,5,9,21,30,0,0,0,23.700000000000003,7.300000000000001,121.55
2012,5,9,22,30,0,0,0,23.6,7.1000000000000005,131.47
2012,5,9,23,30,0,0,0,23.400000000000002,6.7,138.46
2012,5,10,0,30,0,0,0,23.200000000000003,6.4,140.92000000000002
2012,5,10,1,30,0,0,0,23,6.1000000000000005,138.04
2012,5,10,2,30,0,0,0,22.8,5.800000000000001,130.74
2012,5,10,3,30,0,0,0,22.700000000000003,5.5,120.65
2012,5,10,4,30,0,0,0,22.6,5.4,108.93
2012,5,10,5,30,0,0,0,22.700000000000003,5.5,96.29
2012,5,10,6,30,74,279,40,23,5.800000000000001,82.97
2012,5,10,7,30,293,608,80,23.400000000000002,6,69.49
2012,5,10,8,30,527,765,97,23.700000000000003,6,55.74
2012,5,10,9,30,737,842,110,24,5.800000000000001,41.83
2012,5,10,10,30,899,884,118,24.3,5.6000000000000005,27.87
2012,5,10,11,30,1005,919,114,24.6,5.4,13.98
2012,5,10,12,30,1036,923,115,24.8,5.2,3.42
2012,5,10,13,30,998,914,115,25,5.2,15.06
2012,5,10,14,30,884,873,120,25.1,5.2,28.96
2012,5,10,15,30,716,825,111,25.1,5.5,42.92
2012,5,10,16,30,505,744,98,24.900000000000002,5.800000000000001,56.800000000000004
2012,5,10,17,30,273,591,76,24.6,6,70.53
2012,5,10,18,30,61,241,35,24.3,6,83.96000000000001
2012,5,10,19,30,0,0,0,24,6,97.25
2012,5,10,20,30,0,0,0,23.8,5.800000000000001,109.81
2012,5,10,21,30,0,0,0,23.700000000000003,5.6000000000000005,121.39
2012,5,10,22,30,0,0,0,23.6,5.4,131.27
2012,5,10,23,30,0,0,0,23.400000000000002,5.2,138.23
2012,5,11,0,30,0,0,0,23.3,5,140.67000000000002
2012,5,11,1,30,0,0,0,23.3,4.9,137.8
2012,5,11,2,30,0,0,0,23.200000000000003,4.800000000000001,130.54
2012,5,11,3,30,0,0,0,23.200000000000003,4.800000000000001,120.48
2012,5,11,4,30,0,0,0,23.200000000000003,4.800000000000001,108.8
2012,5,11,5,30,0,0,0,23.3,4.9,96.18
2012,5,11,6,30,79,332,37,23.700000000000003,5.2,82.88
2012,5,11,7,30,300,653,70,24,5.4,69.41
2012,5,11,8,30,534,792,87,24.3,5.4,55.67
2012,5,11,9,30,743,865,98,24.6,5.4,41.78
2012,5,11,10,30,908,908,105,24.900000000000002,5.300000000000001,27.810000000000002
2012,5,11,11,30,1009,925,111,25.200000000000003,5.2,13.91
2012,5,11,12,30,1042,932,112,25.400000000000002,5.1000000000000005,3.17
2012,5,11,13,30,1004,924,111,25.5,5,15
2012,5,11,14,30,890,879,121,25.6,5,28.91
2012,5,11,15,30,721,832,112,25.5,5,42.87
2012,5,11,16,30,511,754,98,25.400000000000002,5,56.75
2012,5,11,17,30,277,600,77,25.1,5.1000000000000005,70.47
2012,5,11,18,30,63,248,36,24.8,5.1000000000000005,83.88
2012,5,11,19,30,0,0,0,24.5,5.1000000000000005,97.14
2012,5,11,20,30,0,0,0,24.3,5.1000000000000005,109.68
2012,5,11,21,30,0,0,0,24.1,5.2,121.23
2012,5,11,22,30,0,0,0,23.900000000000002,5.1000000000000005,131.07
2012,5,11,23,30,0,0,0,23.8,4.9,137.99
2012,5,12,0,30,0,0,0,23.6,4.7,140.42000000000002
2012,5,12,1,30,0,0,0,23.5,4.5,137.57
2012,5,12,2,30,0,0,0,23.400000000000002,4.3,130.34
2012,5,12,3,30,0,0,0,23.400000000000002,4.2,120.32000000000001
2012,5,12,4,30,0,0,0,23.3,4.3,108.67
2012,5,12,5,30,0,0,0,23.400000000000002,4.4,96.07000000000001
2012,5,12,6,30,79,321,39,23.8,4.800000000000001,82.79
2012,5,12,7,30,300,643,74,24.1,5.1000000000000005,69.34
2012,5,12,8,30,535,783,93,24.400000000000002,5.1000000000000005,55.61
2012,5,12,9,30,744,856,105,24.700000000000003,5,41.72
2012,5,12,10,30,909,899,114,25,4.800000000000001,27.76
2012,5,12,11,30,1014,926,114,25.3,4.5,13.84
2012,5,12,12,30,1047,933,115,25.5,4.2,2.93
2012,5,12,13,30,1008,926,113,25.700000000000003,4,14.94
2012,5,12,14,30,902,909,106,25.8,3.9000000000000004,28.87
2012,5,12,15,30,732,863,99,25.8,4.1000000000000005,42.82
2012,5,12,16,30,519,784,88,25.6,4.5,56.69
2012,5,12,17,30,283,633,71,25.3,4.7,70.4
2012,5,12,18,30,66,283,35,24.8,4.7,83.79
2012,5,12,19,30,0,0,0,24.5,4.6000000000000005,97.04
2012,5,12,20,30,0,0,0,24.200000000000003,4.4,109.55
2012,5,12,21,30,0,0,0,24,4.2,121.07000000000001
2012,5,12,22,30,0,0,0,23.700000000000003,4,130.88
2012,5,12,23,30,0,0,0,23.6,3.7,137.76
2012,5,13,0,30,0,0,0,23.400000000000002,3.3000000000000003,140.17000000000002
2012,5,13,1,30,0,0,0,23.3,3,137.34
2012,5,13,2,30,0,0,0,23.200000000000003,2.7,130.15
2012,5,13,3,30,0,0,0,23.1,2.5,120.16
2012,5,13,4,30,0,0,0,23,2.4000000000000004,108.54
2012,5,13,5,30,0,0,0,23.1,2.6,95.97
2012,5,13,6,30,79,323,38,23.3,2.8000000000000003,82.7
2012,5,13,7,30,147,7,144,23.6,2.9000000000000004,69.27
2012,5,13,8,30,531,781,90,23.900000000000002,2.9000000000000004,55.550000000000004
2012,5,13,9,30,739,855,101,24.3,2.9000000000000004,41.67
2012,5,13,10,30,901,895,109,24.6,2.8000000000000003,27.71
2012,5,13,11,30,1004,921,110,24.8,2.7,13.780000000000001
2012,5,13,12,30,1034,924,112,25.1,2.6,2.69
2012,5,13,13,30,995,913,113,25.200000000000003,2.6,14.88
2012,5,13,14,30,889,894,106,25.3,2.5,28.82
2012,5,13,15,30,723,851,98,25.3,2.6,42.77
2012,5,13,16,30,512,777,85,25.200000000000003,2.7,56.63
2012,5,13,17,30,281,640,65,25,2.7,70.33
2012,5,13,18,30,44,1,44,24.8,2.6,83.71000000000001
2012,5,13,19,30,0,0,0,24.5,2.5,96.94
2012,5,13,20,30,0,0,0,24.3,2.4000000000000004,109.42
2012,5,13,21,30,0,0,0,24.1,2.3000000000000003,120.91
2012,5,13,22,30,0,0,0,23.900000000000002,2.2,130.69
2012,5,13,23,30,0,0,0,23.700000000000003,2,137.54
2012,5,14,0,30,0,0,0,23.5,2,139.93
2012,5,14,1,30,0,0,0,23.400000000000002,1.9000000000000001,137.11
2012,5,14,2,30,0,0,0,23.3,2,129.96
2012,5,14,3,30,0,0,0,23.200000000000003,2,120.01
2012,5,14,4,30,0,0,0,23.1,2.1,108.42
2012,5,14,5,30,0,0,0,23.200000000000003,2.1,95.87
2012,5,14,6,30,79,314,39,23.400000000000002,2.1,82.62
2012,5,14,7,30,295,621,74,23.700000000000003,2.1,69.2
2012,5,14,8,30,525,761,93,24,2,55.49
2012,5,14,9,30,730,834,107,24.400000000000002,1.9000000000000001,41.63
2012,5,14,10,30,892,878,114,24.700000000000003,1.7000000000000002,27.67
2012,5,14,11,30,997,914,109,25,1.4000000000000001,13.73
2012,5,14,12,30,1032,922,110,25.200000000000003,1.2000000000000002,2.46
2012,5,14,13,30,994,918,107,25.400000000000002,1,14.83
2012,5,14,14,30,628,194,458,25.5,0.9,28.78
2012,5,14,15,30,206,0,206,25.5,0.9,42.72
2012,5,14,16,30,512,776,85,25.400000000000002,1,56.58
2012,5,14,17,30,282,637,66,25.3,1.1,70.26
2012,5,14,18,30,67,317,32,25.1,1.3,83.63
2012,5,14,19,30,0,0,0,24.8,1.3,96.83
2012,5,14,20,30,0,0,0,24.6,1.4000000000000001,109.3
2012,5,14,21,30,0,0,0,24.400000000000002,1.5,120.76
2012,5,14,22,30,0,0,0,24.3,1.8,130.5
2012,5,14,23,30,0,0,0,24.200000000000003,2.1,137.31
2012,5,15,0,30,0,0,0,24,2.3000000000000003,139.69
2012,5,15,1,30,0,0,0,23.900000000000002,2.3000000000000003,136.9
2012,5,15,2,30,0,0,0,23.700000000000003,2.1,129.78
2012,5,15,3,30,0,0,0,23.700000000000003,1.9000000000000001,119.86
2012,5,15,4,30,0,0,0,23.6,1.8,108.3
2012,5,15,5,30,0,0,0,23.6,1.7000000000000002,95.77
2012,5,15,6,30,84,377,35,23.900000000000002,1.9000000000000001,82.55
2012,5,15,7,30,304,675,63,24.200000000000003,2,69.14
2012,5,15,8,30,535,806,78,24.5,1.9000000000000001,55.44
2012,5,15,9,30,741,874,88,24.900000000000002,1.8,41.59
2012,5,15,10,30,902,912,94,25.3,1.5,27.64
2012,5,15,11,30,999,918,107,25.700000000000003,1.4000000000000001,13.68
2012,5,15,12,30,1032,924,108,26,1.4000000000000001,2.23
2012,5,15,13,30,996,920,106,26.200000000000003,1.6,14.780000000000001
2012,5,15,14,30,891,902,99,26.400000000000002,1.9000000000000001,28.740000000000002
2012,5,15,15,30,725,861,93,26.400000000000002,2.3000000000000003,42.68
2012,5,15,16,30,516,788,82,26.3,2.6,56.52
2012,5,15,17,30,285,652,64,26.1,3.2,70.19
2012,5,15,18,30,69,328,32,25.700000000000003,3.8000000000000003,83.55
2012,5,15,19,30,0,0,0,25.3,4.3,96.73
2012,5,15,20,30,0,0,0,25,4.7,109.17
2012,5,15,21,30,0,0,0,24.700000000000003,5,120.60000000000001
2012,5,15,22,30,0,0,0,24.5,5,130.31
2012,5,15,23,30,0,0,0,24.3,4.800000000000001,137.1
2012,5,16,0,30,0,0,0,24.200000000000003,4.4,139.46
2012,5,16,1,30,0,0,0,24,4.2,136.68
2012,5,16,2,30,0,0,0,24,4,129.6
2012,5,16,3,30,0,0,0,23.900000000000002,4,119.72
2012,5,16,4,30,0,0,0,23.900000000000002,3.9000000000000004,108.18
2012,5,16,5,30,0,0,0,24,3.9000000000000004,95.68
2012,5,16,6,30,84,357,38,24.3,4,82.47
2012,5,16,7,30,303,659,68,24.6,4,69.08
2012,5,16,8,30,535,794,84,24.8,3.9000000000000004,55.4
2012,5,16,9,30,740,863,94,25.1,3.6,41.550000000000004
2012,5,16,10,30,900,901,101,25.400000000000002,3.4000000000000004,27.61
2012,5,16,11,30,998,916,108,25.700000000000003,3.1,13.65
2012,5,16,12,30,374,2,372,26,3,2.0100000000000002
2012,5,16,13,30,990,910,110,26.200000000000003,3,14.73
2012,5,16,14,30,883,887,105,26.400000000000002,3.2,28.69
2012,5,16,15,30,719,845,97,26.400000000000002,3.5,42.63
2012,5,16,16,30,512,770,86,26.400000000000002,4,56.46
2012,5,16,17,30,282,629,68,26.1,4.7,70.12
2012,5,16,18,30,69,302,35,25.8,5.6000000000000005,83.46000000000001
2012,5,16,19,30,0,0,0,25.5,6.4,96.63
2012,5,16,20,30,0,0,0,25.200000000000003,7.1000000000000005,109.05
2012,5,16,21,30,0,0,0,25,7.5,120.45
2012,5,16,22,30,0,0,0,24.8,7.6000000000000005,130.12
2012,5,16,23,30,0,0,0,24.6,7.5,136.88
2012,5,17,0,30,0,0,0,24.5,7.2,139.24
2012,5,17,1,30,0,0,0,24.400000000000002,6.800000000000001,136.48
2012,5,17,2,30,0,0,0,24.3,6.5,129.43
2012,5,17,3,30,0,0,0,24.200000000000003,6.2,119.58
2012,5,17,4,30,0,0,0,24.1,6,108.07000000000001
2012,5,17,5,30,0,0,0,24.200000000000003,6,95.59
2012,5,17,6,30,87,377,37,24.400000000000002,6.2,82.41
2012,5,17,7,30,309,678,67,24.700000000000003,6.4,69.03
2012,5,17,8,30,543,812,81,24.900000000000002,6.5,55.36
2012,5,17,9,30,751,879,93,25.200000000000003,6.6000000000000005,41.52
2012,5,17,10,30,912,915,101,25.5,6.800000000000001,27.580000000000002
2012,5,17,11,30,490,32,459,25.700000000000003,6.800000000000001,13.620000000000001
2012,5,17,12,30,1043,935,109,25.8,6.7,1.8
2012,5,17,13,30,1005,927,108,25.8,6.7,14.69
2012,5,17,14,30,898,904,105,25.8,6.6000000000000005,28.650000000000002
2012,5,17,15,30,405,78,348,25.8,6.6000000000000005,42.58
2012,5,17,16,30,253,21,241,25.6,6.6000000000000005,56.4
2012,5,17,17,30,287,645,67,25.400000000000002,6.6000000000000005,70.05
2012,5,17,18,30,71,312,35,25.1,6.6000000000000005,83.38
2012,5,17,19,30,0,0,0,24.900000000000002,6.6000000000000005,96.52
2012,5,17,20,30,0,0,0,24.8,6.5,108.92
2012,5,17,21,30,0,0,0,24.8,6.4,120.3
2012,5,17,22,30,0,0,0,24.700000000000003,6.300000000000001,129.94
2012,5,17,23,30,0,0,0,24.6,6,136.67000000000002
2012,5,18,0,30,0,0,0,24.5,5.7,139.02
2012,5,18,1,30,0,0,0,24.400000000000002,5.5,136.28
2012,5,18,2,30,0,0,0,24.3,5.300000000000001,129.26
2012,5,18,3,30,0,0,0,24.3,5.1000000000000005,119.44
2012,5,18,4,30,0,0,0,24.200000000000003,5.1000000000000005,107.97
2012,5,18,5,30,0,0,0,24.3,5.4,95.51
2012,5,18,6,30,85,334,40,24.6,5.7,82.34
2012,5,18,7,30,303,643,73,24.900000000000002,6,68.98
2012,5,18,8,30,535,787,88,25.200000000000003,6.1000000000000005,55.32
2012,5,18,9,30,742,859,98,25.5,6.1000000000000005,41.49
2012,5,18,10,30,904,899,107,25.8,6.1000000000000005,27.560000000000002
2012,5,18,11,30,1006,918,114,26,6,13.59
2012,5,18,12,30,1040,923,118,26.200000000000003,5.800000000000001,1.59
2012,5,18,13,30,1004,915,118,26.3,5.7,14.64
2012,5,18,14,30,897,886,119,26.3,5.6000000000000005,28.61
2012,5,18,15,30,731,841,111,26.200000000000003,5.5,42.53
2012,5,18,16,30,522,764,99,26,5.6000000000000005,56.34
2012,5,18,17,30,288,613,78,25.700000000000003,5.800000000000001,69.98
2012,5,18,18,30,72,270,40,25.3,6,83.29
2012,5,18,19,30,0,0,0,24.900000000000002,6.2,96.42
2012,5,18,20,30,0,0,0,24.700000000000003,6.300000000000001,108.8
2012,5,18,21,30,0,0,0,24.5,6.300000000000001,120.15
2012,5,18,22,30,0,0,0,24.400000000000002,6.1000000000000005,129.76
2012,5,18,23,30,0,0,0,24.200000000000003,6,136.47
2012,5,19,0,30,0,0,0,24.1,5.9,138.81
2012,5,19,1,30,0,0,0,24.1,6,136.08
2012,5,19,2,30,0,0,0,24,5.9,129.1
2012,5,19,3,30,0,0,0,24,5.7,119.32000000000001
2012,5,19,4,30,0,0,0,24,5.6000000000000005,107.87
2012,5,19,5,30,0,0,0,24,5.6000000000000005,95.43
2012,5,19,6,30,88,356,40,24.3,5.7,82.28
2012,5,19,7,30,309,659,72,24.5,5.7,68.93
2012,5,19,8,30,539,791,89,24.8,5.7,55.28
2012,5,19,9,30,746,861,101,25.1,5.7,41.46
2012,5,19,10,30,907,900,109,25.400000000000002,5.7,27.54
2012,5,19,11,30,1008,920,114,25.700000000000003,5.7,13.57
2012,5,19,12,30,1041,927,114,25.900000000000002,5.7,1.3900000000000001
2012,5,19,13,30,1003,920,113,26.1,5.7,14.6
2012,5,19,14,30,896,893,111,26.1,5.800000000000001,28.560000000000002
2012,5,19,15,30,730,849,104,26.1,6,42.480000000000004
2012,5,19,16,30,521,771,92,25.900000000000002,6.300000000000001,56.28
2012,5,19,17,30,289,629,73,25.5,6.6000000000000005,69.91
2012,5,19,18,30,73,307,37,25.1,6.7,83.21000000000001
2012,5,19,19,30,0,0,0,24.8,6.800000000000001,96.32000000000001
2012,5,19,20,30,0,0,0,24.6,6.800000000000001,108.68
2012,5,19,21,30,0,0,0,24.400000000000002,6.7,120
2012,5,19,22,30,0,0,0,24.3,6.5,129.59
2012,5,19,23,30,0,0,0,24.200000000000003,6.300000000000001,136.27
2012,5,20,0,30,0,0,0,24.1,5.9,138.6
2012,5,20,1,30,0,0,0,23.900000000000002,5.6000000000000005,135.89000000000001
2012,5,20,2,30,0,0,0,23.8,5.300000000000001,128.94
2012,5,20,3,30,0,0,0,23.8,5.1000000000000005,119.19
2012,5,20,4,30,0,0,0,23.700000000000003,5,107.77
2012,5,20,5,30,0,0,0,23.8,5,95.36
2012,5,20,6,30,90,394,37,24.1,5.2,82.23
2012,5,20,7,30,310,682,65,24.400000000000002,5.4,68.89
2012,5,20,8,30,371,119,303,24.8,5.5,55.25
2012,5,20,9,30,487,130,390,25.200000000000003,5.6000000000000005,41.44
2012,5,20,10,30,904,910,97,25.5,5.5,27.53
2012,5,20,11,30,1002,927,102,25.8,5.4,13.56
2012,5,20,12,30,1035,931,104,26.1,5.2,1.19
2012,5,20,13,30,661,180,487,26.3,5,14.56
2012,5,20,14,30,556,136,436,26.400000000000002,4.9,28.52
2012,5,20,15,30,728,860,94,26.400000000000002,4.800000000000001,42.43
2012,5,20,16,30,519,783,84,26.200000000000003,4.7,56.22
2012,5,20,17,30,290,646,67,26,4.9,69.83
2012,5,20,18,30,75,325,36,25.6,5.300000000000001,83.13
2012,5,20,19,30,0,0,0,25.3,5.9,96.22
2012,5,20,20,30,0,0,0,25.1,6.4,108.56
2012,5,20,21,30,0,0,0,24.900000000000002,6.800000000000001,119.86
2012,5,20,22,30,0,0,0,24.700000000000003,7,129.42000000000002
2012,5,20,23,30,0,0,0,24.6,6.800000000000001,136.07
2012,5,21,0,30,0,0,0,24.6,6.6000000000000005,138.4
2012,5,21,1,30,0,0,0,24.5,6.4,135.71
2012,5,21,2,30,0,0,0,24.5,6.2,128.79
2012,5,21,3,30,0,0,0,24.400000000000002,5.9,119.07000000000001
2012,5,21,4,30,0,0,0,24.400000000000002,5.6000000000000005,107.68
2012,5,21,5,30,0,0,0,24.5,5.6000000000000005,95.29
2012,5,21,6,30,89,366,39,24.700000000000003,5.7,82.17
2012,5,21,7,30,308,659,70,25,5.7,68.85000000000001
2012,5,21,8,30,370,115,304,25.3,5.6000000000000005,55.230000000000004
2012,5,21,9,30,541,193,396,25.6,5.5,41.43
2012,5,21,10,30,900,889,111,26,5.300000000000001,27.52
2012,5,21,11,30,996,895,126,26.3,5.1000000000000005,13.55
2012,5,21,12,30,1029,899,130,26.5,4.9,1.01
2012,5,21,13,30,990,888,131,26.6,4.800000000000001,14.52
2012,5,21,14,30,887,872,120,26.6,4.800000000000001,28.48
2012,5,21,15,30,723,828,111,26.6,5.1000000000000005,42.38
2012,5,21,16,30,517,753,97,26.3,5.5,56.160000000000004
2012,5,21,17,30,288,613,76,26,6,69.76
2012,5,21,18,30,75,304,38,25.6,6.5,83.04
2012,5,21,19,30,0,0,0,25.200000000000003,6.9,96.12
2012,5,21,20,30,0,0,0,25,7.1000000000000005,108.44
2012,5,21,21,30,0,0,0,24.8,7.1000000000000005,119.71000000000001
2012,5,21,22,30,0,0,0,24.700000000000003,7.1000000000000005,129.25
2012,5,21,23,30,0,0,0,24.6,6.800000000000001,135.88
2012,5,22,0,30,0,0,0,24.5,6.5,138.20000000000002
2012,5,22,1,30,0,0,0,24.5,6.2,135.54
2012,5,22,2,30,0,0,0,24.400000000000002,6,128.65
2012,5,22,3,30,0,0,0,24.400000000000002,5.800000000000001,118.96000000000001
2012,5,22,4,30,0,0,0,24.400000000000002,5.800000000000001,107.59
2012,5,22,5,30,0,0,0,24.5,6,95.22
2012,5,22,6,30,87,320,43,24.700000000000003,6.300000000000001,82.13
2012,5,22,7,30,304,618,80,25.1,6.6000000000000005,68.82000000000001
2012,5,22,8,30,531,755,100,25.5,6.800000000000001,55.2
2012,5,22,9,30,735,829,114,25.8,7,41.410000000000004
2012,5,22,10,30,498,78,428,26,7.2,27.51
2012,5,22,11,30,491,34,457,26.200000000000003,7.2,13.55
2012,5,22,12,30,1025,884,141,26.3,7.2,0.8300000000000001
2012,5,22,13,30,987,875,140,26.3,7.300000000000001,14.48
2012,5,22,14,30,884,859,129,26.200000000000003,7.5,28.44
2012,5,22,15,30,722,812,121,26.1,7.7,42.33
2012,5,22,16,30,516,733,107,25.8,8,56.1
2012,5,22,17,30,288,587,84,25.5,8.3,69.69
2012,5,22,18,30,74,267,41,25.1,8.700000000000001,82.96000000000001
2012,5,22,19,30,0,0,0,24.900000000000002,8.9,96.02
2012,5,22,20,30,0,0,0,24.8,9,108.32000000000001
2012,5,22,21,30,0,0,0,24.700000000000003,9.1,119.57000000000001
2012,5,22,22,30,0,0,0,24.700000000000003,9,129.08
2012,5,22,23,30,0,0,0,24.6,8.8,135.69
2012,5,23,0,30,0,0,0,24.5,8.4,138.01
2012,5,23,1,30,0,0,0,24.400000000000002,8.1,135.36
2012,5,23,2,30,0,0,0,24.3,7.9,128.51
2012,5,23,3,30,0,0,0,24.3,7.7,118.85000000000001
2012,5,23,4,30,0,0,0,24.200000000000003,7.6000000000000005,107.51
2012,5,23,5,30,0,0,0,24.3,7.6000000000000005,95.16
2012,5,23,6,30,54,1,54,24.5,7.5,82.08
2012,5,23,7,30,306,626,80,24.8,7.5,68.79
2012,5,23,8,30,536,763,100,25.1,7.5,55.18
2012,5,23,9,30,202,0,202,25.400000000000002,7.5,41.4
2012,5,23,10,30,899,874,123,25.700000000000003,7.7,27.51
2012,5,23,11,30,755,250,512,25.900000000000002,7.800000000000001,13.56
2012,5,23,12,30,1029,894,135,26,8.1,0.67
2012,5,23,13,30,589,112,481,26.1,8.4,14.44
2012,5,23,14,30,432,27,409,26,8.8,28.39
2012,5,23,15,30,504,137,402,25.900000000000002,9.200000000000001,42.28
2012,5,23,16,30,506,688,122,25.6,9.600000000000001,56.04
2012,5,23,17,30,280,530,95,25.3,9.700000000000001,69.62
2012,5,23,18,30,72,214,46,25,9.5,82.88
2012,5,23,19,30,0,0,0,24.8,9.200000000000001,95.92
2012,5,23,20,30,0,0,0,24.700000000000003,8.700000000000001,108.2
2012,5,23,21,30,0,0,0,24.700000000000003,8.3,119.43
2012,5,23,22,30,0,0,0,24.6,7.800000000000001,128.92000000000002
2012,5,23,23,30,0,0,0,24.5,7.4,135.51
2012,5,24,0,30,0,0,0,24.5,7.1000000000000005,137.83
2012,5,24,1,30,0,0,0,24.400000000000002,6.9,135.2
2012,5,24,2,30,0,0,0,24.400000000000002,6.800000000000001,128.38
2012,5,24,3,30,0,0,0,24.400000000000002,6.800000000000001,118.75
2012,5,24,4,30,0,0,0,24.5,6.800000000000001,107.43
2012,5,24,5,30,0,0,0,24.6,7.1000000000000005,95.10000000000001
2012,5,24,6,30,86,294,45,24.8,7.4,82.04
2012,5,24,7,30,299,594,84,25.1,7.7,68.76
2012,5,24,8,30,527,744,102,25.400000000000002,7.800000000000001,55.17
2012,5,24,9,30,730,820,115,25.700000000000003,7.9,41.4
2012,5,24,10,30,240,0,239,25.900000000000002,7.9,27.52
2012,5,24,11,30,322,1,321,26.1,7.7,13.57
2012,5,24,12,30,463,14,449,26.1,7.6000000000000005,0.53
2012,5,24,13,30,188,0,188,26.1,7.6000000000000005,14.41
2012,5,24,14,30,892,885,112,26.1,7.6000000000000005,28.35
2012,5,24,15,30,731,848,103,26,7.7,42.22
2012,5,24,16,30,112,0,112,25.8,7.9,55.980000000000004
2012,5,24,17,30,297,653,69,25.5,8,69.55
2012,5,24,18,30,81,352,37,25.1,8.200000000000001,82.79
2012,5,24,19,30,0,0,0,24.8,8.200000000000001,95.82000000000001
2012,5,24,20,30,0,0,0,24.700000000000003,8.3,108.08
2012,5,24,21,30,0,0,0,24.6,8.4,119.3
2012,5,24,22,30,0,0,0,24.5,8.3,128.76
2012,5,24,23,30,0,0,0,24.400000000000002,8.200000000000001,135.34
2012,5,25,0,30,0,0,0,24.400000000000002,8,137.65
2012,5,25,1,30,0,0,0,24.3,7.800000000000001,135.04
2012,5,25,2,30,0,0,0,24.200000000000003,7.6000000000000005,128.25
2012,5,25,3,30,0,0,0,24.200000000000003,7.5,118.65
2012,5,25,4,30,0,0,0,24.200000000000003,7.5,107.36
2012,5,25,5,30,0,0,0,24.400000000000002,7.7,95.05
2012,5,25,6,30,88,303,46,24.700000000000003,7.9,82
2012,5,25,7,30,306,617,82,25,8.1,68.73
2012,5,25,8,30,536,761,101,25.400000000000002,8.1,55.160000000000004
2012,5,25,9,30,739,835,113,25.8,8.1,41.4
2012,5,25,10,30,899,877,121,26,8.1,27.52
2012,5,25,11,30,1002,909,119,26.3,8,13.58
2012,5,25,12,30,1036,915,121,26.400000000000002,7.9,0.42
2012,5,25,13,30,998,906,120,26.400000000000002,8,14.370000000000001
2012,5,25,14,30,896,894,109,26.400000000000002,8,28.310000000000002
2012,5,25,15,30,282,2,280,26.200000000000003,8,42.17
2012,5,25,16,30,527,787,86,25.900000000000002,8.1,55.92
2012,5,25,17,30,298,656,68,25.6,8.200000000000001,69.48
2012,5,25,18,30,81,348,37,25.200000000000003,8.4,82.71000000000001
2012,5,25,19,30,0,0,0,24.900000000000002,8.5,95.72
2012,5,25,20,30,0,0,0,24.700000000000003,8.700000000000001,107.97
2012,5,25,21,30,0,0,0,24.6,8.8,119.16
2012,5,25,22,30,0,0,0,24.6,8.9,128.61
2012,5,25,23,30,0,0,0,24.6,8.8,135.16
2012,5,26,0,30,0,0,0,24.5,8.6,137.48
2012,5,26,1,30,0,0,0,24.5,8.4,134.89000000000001
2012,5,26,2,30,0,0,0,24.400000000000002,8.1,128.13
2012,5,26,3,30,0,0,0,24.400000000000002,7.800000000000001,118.56
2012,5,26,4,30,0,0,0,24.400000000000002,7.5,107.29
2012,5,26,5,30,0,0,0,24.5,7.4,95
2012,5,26,6,30,90,340,43,24.700000000000003,7.5,81.97
2012,5,26,7,30,69,0,69,24.900000000000002,7.800000000000001,68.71000000000001
2012,5,26,8,30,134,0,134,25.1,8.1,55.15
2012,5,26,9,30,289,3,287,25.400000000000002,8.4,41.4
2012,5,26,10,30,892,863,127,25.700000000000003,8.5,27.53
2012,5,26,11,30,1002,914,114,25.900000000000002,8.5,13.6
2012,5,26,12,30,1037,923,115,26,8.5,0.37
2012,5,26,13,30,1001,918,112,26.1,8.6,14.33
2012,5,26,14,30,897,896,108,26,8.6,28.26
2012,5,26,15,30,733,855,99,25.8,8.700000000000001,42.12
2012,5,26,16,30,526,784,86,25.5,8.6,55.86
2012,5,26,17,30,297,651,68,25.200000000000003,8.4,69.41
2012,5,26,18,30,82,346,37,25,8.200000000000001,82.63
2012,5,26,19,30,0,0,0,24.900000000000002,8.3,95.63
2012,5,26,20,30,0,0,0,24.8,8.4,107.86
2012,5,26,21,30,0,0,0,24.700000000000003,8.5,119.03
2012,5,26,22,30,0,0,0,24.6,8.5,128.45
2012,5,26,23,30,0,0,0,24.5,8.4,135
2012,5,27,0,30,0,0,0,24.400000000000002,8.200000000000001,137.31
2012,5,27,1,30,0,0,0,24.400000000000002,8,134.74
2012,5,27,2,30,0,0,0,24.3,8,128.01
2012,5,27,3,30,0,0,0,24.3,7.9,118.47
2012,5,27,4,30,0,0,0,24.200000000000003,7.9,107.23
2012,5,27,5,30,0,0,0,24.3,7.9,94.95
2012,5,27,6,30,91,350,42,24.5,8.1,81.94
2012,5,27,7,30,308,648,72,24.700000000000003,8.200000000000001,68.7
2012,5,27,8,30,215,3,213,25,8.3,55.14
2012,5,27,9,30,391,53,351,25.3,8.3,41.4
2012,5,27,10,30,571,143,444,25.5,8.3,27.54
2012,5,27,11,30,997,907,116,25.700000000000003,8.4,13.620000000000001
2012,5,27,12,30,1031,916,115,25.8,8.6,0.39
2012,5,27,13,30,995,912,111,25.900000000000002,8.8,14.3
2012,5,27,14,30,891,892,105,25.900000000000002,9,28.22
2012,5,27,15,30,727,842,103,25.8,9.3,42.07
2012,5,27,16,30,313,55,282,25.6,9.5,55.800000000000004
2012,5,27,17,30,290,587,83,25.3,9.600000000000001,69.34
2012,5,27,18,30,78,245,46,25,9.600000000000001,82.55
2012,5,27,19,30,0,0,0,24.8,9.4,95.53
2012,5,27,20,30,0,0,0,24.700000000000003,9.1,107.75
2012,5,27,21,30,0,0,0,24.6,8.700000000000001,118.9
2012,5,27,22,30,0,0,0,24.5,8.3,128.31
2012,5,27,23,30,0,0,0,24.400000000000002,8,134.84
2012,5,28,0,30,0,0,0,24.400000000000002,7.7,137.15
2012,5,28,1,30,0,0,0,24.3,7.6000000000000005,134.6
2012,5,28,2,30,0,0,0,24.3,7.6000000000000005,127.9
2012,5,28,3,30,0,0,0,24.200000000000003,7.7,118.39
2012,5,28,4,30,0,0,0,24.200000000000003,7.9,107.17
2012,5,28,5,30,0,0,0,24.3,8.200000000000001,94.91
2012,5,28,6,30,87,254,51,24.5,8.6,81.92
2012,5,28,7,30,301,570,94,24.700000000000003,8.9,68.68
2012,5,28,8,30,417,198,304,25,9,55.14
2012,5,28,9,30,616,331,368,25.3,9,41.410000000000004
2012,5,28,10,30,898,866,130,25.5,8.9,27.560000000000002
2012,5,28,11,30,727,212,521,25.700000000000003,8.6,13.64
2012,5,28,12,30,1033,896,137,25.900000000000002,8.4,0.47000000000000003
2012,5,28,13,30,999,899,128,26,8.1,14.26
2012,5,28,14,30,745,358,429,26,8,28.18
2012,5,28,15,30,736,840,112,25.900000000000002,8,42.02
2012,5,28,16,30,190,1,189,25.700000000000003,8.200000000000001,55.74
2012,5,28,17,30,300,631,77,25.3,8.4,69.26
2012,5,28,18,30,84,323,42,24.900000000000002,8.700000000000001,82.47
2012,5,28,19,30,0,0,0,24.700000000000003,8.9,95.44
2012,5,28,20,30,0,0,0,24.5,9,107.64
2012,5,28,21,30,0,0,0,24.5,9,118.78
2012,5,28,22,30,0,0,0,24.5,8.9,128.16
2012,5,28,23,30,0,0,0,24.5,8.8,134.68
2012,5,29,0,30,0,0,0,24.3,8.6,137
2012,5,29,1,30,0,0,0,24.3,8.4,134.47
2012,5,29,2,30,0,0,0,24.200000000000003,8.1,127.8
2012,5,29,3,30,0,0,0,24.3,7.800000000000001,118.31
2012,5,29,4,30,0,0,0,24.3,7.5,107.11
2012,5,29,5,30,0,0,0,24.400000000000002,7.4,94.88
2012,5,29,6,30,91,324,46,24.5,7.5,81.89
2012,5,29,7,30,310,631,81,24.8,7.7,68.67
2012,5,29,8,30,540,770,100,25.1,7.9,55.14
2012,5,29,9,30,744,844,111,25.3,8.1,41.42
2012,5,29,10,30,904,883,121,25.5,8.200000000000001,27.580000000000002
2012,5,29,11,30,1005,903,127,25.700000000000003,8.3,13.67
2012,5,29,12,30,734,201,534,25.8,8.3,0.5700000000000001
2012,5,29,13,30,999,897,130,25.900000000000002,8.4,14.23
2012,5,29,14,30,889,848,141,25.8,8.5,28.13
2012,5,29,15,30,546,187,407,25.6,8.6,41.96
2012,5,29,16,30,360,92,308,25.400000000000002,8.700000000000001,55.67
2012,5,29,17,30,277,387,140,25.200000000000003,8.6,69.19
2012,5,29,18,30,57,2,56,24.900000000000002,8.5,82.39
2012,5,29,19,30,0,0,0,24.700000000000003,8.3,95.34
2012,5,29,20,30,0,0,0,24.6,8.200000000000001,107.53
2012,5,29,21,30,0,0,0,24.6,8,118.66
2012,5,29,22,30,0,0,0,24.5,7.9,128.03
2012,5,29,23,30,0,0,0,24.400000000000002,7.6000000000000005,134.53
2012,5,30,0,30,0,0,0,24.3,7.300000000000001,136.85
2012,5,30,1,30,0,0,0,24.200000000000003,6.9,134.34
2012,5,30,2,30,0,0,0,24.200000000000003,6.6000000000000005,127.7
2012,5,30,3,30,0,0,0,24.200000000000003,6.4,118.24000000000001
2012,5,30,4,30,0,0,0,24.200000000000003,6.5,107.06
2012,5,30,5,30,0,0,0,24.200000000000003,6.800000000000001,94.84
2012,5,30,6,30,81,82,70,24.400000000000002,7.300000000000001,81.88
2012,5,30,7,30,116,1,116,24.6,7.6000000000000005,68.67
2012,5,30,8,30,379,230,247,24.900000000000002,7.800000000000001,55.14
2012,5,30,9,30,411,61,365,25.1,7.9,41.43
2012,5,30,10,30,411,42,374,25.3,7.9,27.6
2012,5,30,11,30,771,273,506,25.5,7.800000000000001,13.700000000000001
2012,5,30,12,30,804,401,403,25.6,7.7,0.6900000000000001
2012,5,30,13,30,657,240,424,25.6,7.7,14.200000000000001
2012,5,30,14,30,626,287,373,25.6,7.7,28.09
2012,5,30,15,30,531,340,278,25.400000000000002,7.9,41.910000000000004
2012,5,30,16,30,364,107,303,25.200000000000003,8.1,55.61
2012,5,30,17,30,304,660,69,25,8.1,69.12
2012,5,30,18,30,87,370,38,24.700000000000003,8.1,82.31
2012,5,30,19,30,0,0,0,24.6,8,95.25
2012,5,30,20,30,0,0,0,24.5,8,107.43
2012,5,30,21,30,0,0,0,24.400000000000002,8,118.54
2012,5,30,22,30,0,0,0,24.400000000000002,7.7,127.89
2012,5,30,23,30,0,0,0,24.3,7.300000000000001,134.39000000000001
2012,5,31,0,30,0,0,0,24.200000000000003,7.1000000000000005,136.71
2012,5,31,1,30,0,0,0,24.1,7,134.22
2012,5,31,2,30,0,0,0,24,6.800000000000001,127.60000000000001
2012,5,31,3,30,0,0,0,23.900000000000002,6.5,118.17
2012,5,31,4,30,0,0,0,23.900000000000002,6.4,107.01
2012,5,31,5,30,0,0,0,24,6.4,94.81
2012,5,31,6,30,94,397,38,24.200000000000003,6.7,81.86
2012,5,31,7,30,70,0,70,24.400000000000002,7,68.66
2012,5,31,8,30,74,0,74,24.700000000000003,7.2,55.15
2012,5,31,9,30,141,0,141,25,7.300000000000001,41.44
2012,5,31,10,30,98,0,98,25.200000000000003,7.4,27.62
2012,5,31,11,30,450,14,436,25.400000000000002,7.5,13.74
2012,5,31,12,30,1029,905,124,25.5,7.6000000000000005,0.81
2012,5,31,13,30,992,900,120,25.5,7.6000000000000005,14.16
2012,5,31,14,30,894,894,105,25.400000000000002,7.6000000000000005,28.04
2012,5,31,15,30,732,853,97,25.3,7.7,41.86
2012,5,31,16,30,528,782,86,25.1,7.800000000000001,55.550000000000004
2012,5,31,17,30,301,645,70,24.8,8,69.05
2012,5,31,18,30,86,342,40,24.6,8.1,82.23
2012,5,31,19,30,0,0,0,24.400000000000002,8.200000000000001,95.16
2012,5,31,20,30,0,0,0,24.3,8.4,107.32000000000001
2012,5,31,21,30,0,0,0,24.200000000000003,8.5,118.42
2012,5,31,22,30,0,0,0,24.200000000000003,8.5,127.76
2012,5,31,23,30,0,0,0,24.1,8.3,134.25
2012,6,1,0,30,0,0,0,24,8.1,136.58
2012,6,1,1,30,0,0,0,24,7.800000000000001,134.11
2012,6,1,2,30,0,0,0,23.900000000000002,7.6000000000000005,127.52
2012,6,1,3,30,0,0,0,23.900000000000002,7.5,118.11
2012,6,1,4,30,0,0,0,23.900000000000002,7.5,106.97
2012,6,1,5,30,0,0,0,24,7.7,94.79
2012,6,1,6,30,93,377,40,24.200000000000003,8.1,81.85000000000001
2012,6,1,7,30,312,666,69,24.400000000000002,8.3,68.66
2012,6,1,8,30,539,797,83,24.700000000000003,8.4,55.160000000000004
2012,6,1,9,30,742,865,94,24.900000000000002,8.5,41.46
2012,6,1,10,30,903,905,101,25.1,8.5,27.650000000000002
2012,6,1,11,30,292,1,292,25.200000000000003,8.4,13.780000000000001
2012,6,1,12,30,575,88,487,25.3,8.4,0.93
2012,6,1,13,30,996,915,109,25.3,8.3,14.13
2012,6,1,14,30,606,164,461,25.3,8.4,28
2012,6,1,15,30,731,841,104,25.200000000000003,8.4,41.81
2012,6,1,16,30,463,372,252,25.1,8.5,55.49
2012,6,1,17,30,70,0,70,24.900000000000002,8.5,68.99
2012,6,1,18,30,87,327,42,24.700000000000003,8.5,82.15
2012,6,1,19,30,0,0,0,24.5,8.4,95.07000000000001
2012,6,1,20,30,0,0,0,24.5,8.3,107.22
2012,6,1,21,30,0,0,0,24.400000000000002,8.200000000000001,118.31
2012,6,1,22,30,0,0,0,24.3,8.200000000000001,127.64
2012,6,1,23,30,0,0,0,24.1,7.9,134.11
2012,6,2,0,30,0,0,0,24,7.7,136.45
2012,6,2,1,30,0,0,0,23.900000000000002,7.4,134
2012,6,2,2,30,0,0,0,23.900000000000002,7.1000000000000005,127.43
2012,6,2,3,30,0,0,0,23.900000000000002,7,118.05
2012,6,2,4,30,0,0,0,23.900000000000002,6.9,106.94
2012,6,2,5,30,0,0,0,24.1,7.2,94.77
2012,6,2,6,30,4,0,4,24.400000000000002,7.6000000000000005,81.84
2012,6,2,7,30,53,0,53,24.700000000000003,7.9,68.67
2012,6,2,8,30,548,811,85,25,8.1,55.17
2012,6,2,9,30,316,5,312,25.3,8.200000000000001,41.480000000000004
2012,6,2,10,30,913,910,107,25.5,8.1,27.68
2012,6,2,11,30,525,53,474,25.6,8,13.82
2012,6,2,12,30,754,219,535,25.700000000000003,8,1.05
2012,6,2,13,30,292,1,292,25.8,7.9,14.09
2012,6,2,14,30,910,911,105,25.700000000000003,7.800000000000001,27.95
2012,6,2,15,30,749,873,97,25.5,7.9,41.75
2012,6,2,16,30,543,806,85,25.200000000000003,7.9,55.43
2012,6,2,17,30,313,681,68,24.900000000000002,7.800000000000001,68.92
2012,6,2,18,30,93,396,38,24.700000000000003,7.800000000000001,82.08
2012,6,2,19,30,0,0,0,24.5,7.7,94.99
2012,6,2,20,30,0,0,0,24.400000000000002,7.7,107.12
2012,6,2,21,30,0,0,0,24.400000000000002,7.6000000000000005,118.2
2012,6,2,22,30,0,0,0,24.400000000000002,7.5,127.51
2012,6,2,23,30,0,0,0,24.3,7.300000000000001,133.99
2012,6,3,0,30,0,0,0,24.200000000000003,7.1000000000000005,136.33
2012,6,3,1,30,0,0,0,24.200000000000003,7,133.9
2012,6,3,2,30,0,0,0,24,7,127.36
2012,6,3,3,30,0,0,0,23.900000000000002,6.800000000000001,118
2012,6,3,4,30,0,0,0,23.8,6.7,106.9
2012,6,3,5,30,0,0,0,24,6.7,94.75
2012,6,3,6,30,93,360,42,24.3,7,81.84
2012,6,3,7,30,16,0,16,24.6,7.2,68.67
2012,6,3,8,30,202,1,201,24.900000000000002,7.4,55.18
2012,6,3,9,30,64,0,64,25.200000000000003,7.6000000000000005,41.51
2012,6,3,10,30,432,23,411,25.400000000000002,7.7,27.71
2012,6,3,11,30,613,151,466,25.6,7.7,13.86
2012,6,3,12,30,392,2,390,25.6,7.800000000000001,1.16
2012,6,3,13,30,410,5,405,25.6,7.800000000000001,14.06
2012,6,3,14,30,254,0,254,25.6,7.9,27.91
2012,6,3,15,30,738,848,105,25.400000000000002,8,41.7
2012,6,3,16,30,259,19,248,25.200000000000003,8.1,55.370000000000005
2012,6,3,17,30,307,647,74,24.900000000000002,8.200000000000001,68.85000000000001
2012,6,3,18,30,91,354,41,24.6,8.200000000000001,82
2012,6,3,19,30,0,0,0,24.400000000000002,8.200000000000001,94.9
2012,6,3,20,30,0,0,0,24.3,8,107.03
2012,6,3,21,30,0,0,0,24.3,7.7,118.09
2012,6,3,22,30,0,0,0,24.3,7.4,127.4
2012,6,3,23,30,0,0,0,24.3,7,133.86
2012,6,4,0,30,0,0,0,24.200000000000003,6.6000000000000005,136.21
2012,6,4,1,30,0,0,0,24.1,6.300000000000001,133.8
2012,6,4,2,30,0,0,0,24,6.1000000000000005,127.29
2012,6,4,3,30,0,0,0,24,6,117.95
2012,6,4,4,30,0,0,0,24.1,6,106.88
2012,6,4,5,30,0,0,0,24.200000000000003,6.2,94.74
2012,6,4,6,30,92,358,41,24.5,6.6000000000000005,81.83
2012,6,4,7,30,305,639,72,24.900000000000002,6.9,68.68
2012,6,4,8,30,528,770,89,25.200000000000003,7.2,55.2
2012,6,4,9,30,728,837,101,25.5,7.5,41.53
2012,6,4,10,30,620,181,461,25.700000000000003,7.7,27.740000000000002
2012,6,4,11,30,599,145,458,25.8,7.9,13.9
2012,6,4,12,30,1020,903,117,25.900000000000002,7.9,1.27
2012,6,4,13,30,987,899,115,25.900000000000002,7.9,14.02
2012,6,4,14,30,889,885,106,25.900000000000002,7.800000000000001,27.86
2012,6,4,15,30,732,847,99,25.8,7.7,41.64
2012,6,4,16,30,327,65,290,25.6,7.5,55.31
2012,6,4,17,30,305,646,72,25.400000000000002,7.300000000000001,68.78
2012,6,4,18,30,90,352,41,25.1,7,81.93
2012,6,4,19,30,0,0,0,24.8,6.7,94.82000000000001
2012,6,4,20,30,0,0,0,24.700000000000003,6.5,106.94
2012,6,4,21,30,0,0,0,24.5,6.300000000000001,117.99000000000001
2012,6,4,22,30,0,0,0,24.400000000000002,6.1000000000000005,127.28
2012,6,4,23,30,0,0,0,24.3,6,133.75
2012,6,5,0,30,0,0,0,24.200000000000003,5.9,136.1
2012,6,5,1,30,0,0,0,24.200000000000003,5.9,133.71
2012,6,5,2,30,0,0,0,24.1,5.800000000000001,127.23
2012,6,5,3,30,0,0,0,24.1,5.7,117.91
2012,6,5,4,30,0,0,0,24.1,5.7,106.85000000000001
2012,6,5,5,30,0,0,0,24.200000000000003,5.9,94.73
2012,6,5,6,30,93,372,40,24.5,6.1000000000000005,81.84
2012,6,5,7,30,310,659,70,24.8,6.300000000000001,68.69
2012,6,5,8,30,141,0,141,25.1,6.300000000000001,55.22
2012,6,5,9,30,213,0,212,25.400000000000002,6.5,41.56
2012,6,5,10,30,525,121,418,25.700000000000003,6.7,27.78
2012,6,5,11,30,681,187,499,25.8,6.800000000000001,13.950000000000001
2012,6,5,12,30,253,0,253,25.900000000000002,7,1.37
2012,6,5,13,30,329,1,328,25.900000000000002,7.2,13.98
2012,6,5,14,30,247,0,247,25.900000000000002,7.5,27.810000000000002
2012,6,5,15,30,276,2,275,25.8,7.7,41.59
2012,6,5,16,30,526,748,99,25.6,7.9,55.25
2012,6,5,17,30,303,623,77,25.3,8,68.71000000000001
2012,6,5,18,30,91,342,42,25.1,7.800000000000001,81.85000000000001
2012,6,5,19,30,0,0,0,24.900000000000002,7.6000000000000005,94.73
2012,6,5,20,30,0,0,0,24.900000000000002,7.4,106.85000000000001
2012,6,5,21,30,0,0,0,24.900000000000002,7.300000000000001,117.89
2012,6,5,22,30,0,0,0,24.8,7.1000000000000005,127.18
2012,6,5,23,30,0,0,0,24.700000000000003,7,133.64000000000001
2012,6,6,0,30,0,0,0,24.6,7,136
2012,6,6,1,30,0,0,0,24.6,6.800000000000001,133.63
2012,6,6,2,30,0,0,0,24.5,6.7,127.17
2012,6,6,3,30,0,0,0,24.400000000000002,6.6000000000000005,117.88
2012,6,6,4,30,0,0,0,24.400000000000002,6.6000000000000005,106.83
2012,6,6,5,30,0,0,0,24.5,6.7,94.72
2012,6,6,6,30,92,360,41,24.700000000000003,6.9,81.84
2012,6,6,7,30,56,0,56,24.900000000000002,7.1000000000000005,68.71000000000001
2012,6,6,8,30,136,0,136,25.200000000000003,7.1000000000000005,55.24
2012,6,6,9,30,366,30,344,25.5,7.1000000000000005,41.59
2012,6,6,10,30,475,56,426,25.8,7,27.82
2012,6,6,11,30,432,8,424,26,6.9,14
2012,6,6,12,30,1027,896,132,26.200000000000003,6.800000000000001,1.47
2012,6,6,13,30,639,154,490,26.200000000000003,6.7,13.950000000000001
2012,6,6,14,30,894,875,120,26.3,6.7,27.77
2012,6,6,15,30,735,830,114,26.200000000000003,6.7,41.54
2012,6,6,16,30,532,755,102,26.1,6.800000000000001,55.19
2012,6,6,17,30,307,619,82,25.8,7,68.65
2012,6,6,18,30,92,322,46,25.400000000000002,7.1000000000000005,81.78
2012,6,6,19,30,0,0,0,25.1,7.1000000000000005,94.65
2012,6,6,20,30,0,0,0,24.900000000000002,7,106.76
2012,6,6,21,30,0,0,0,24.700000000000003,6.800000000000001,117.79
2012,6,6,22,30,0,0,0,24.700000000000003,6.4,127.07000000000001
2012,6,6,23,30,0,0,0,24.6,6.1000000000000005,133.53
2012,6,7,0,30,0,0,0,24.5,5.9,135.9
2012,6,7,1,30,0,0,0,24.400000000000002,5.800000000000001,133.56
2012,6,7,2,30,0,0,0,24.400000000000002,5.9,127.11
2012,6,7,3,30,0,0,0,24.3,6,117.85000000000001
2012,6,7,4,30,0,0,0,24.3,6.2,106.82000000000001
2012,6,7,5,30,0,0,0,24.400000000000002,6.4,94.72
2012,6,7,6,30,93,367,41,24.6,6.800000000000001,81.85000000000001
2012,6,7,7,30,108,1,108,24.900000000000002,7,68.72
2012,6,7,8,30,538,791,87,25.200000000000003,7,55.27
2012,6,7,9,30,741,860,98,25.5,6.800000000000001,41.62
2012,6,7,10,30,902,901,105,25.900000000000002,6.5,27.86
2012,6,7,11,30,1002,916,113,26.200000000000003,6.1000000000000005,14.040000000000001
2012,6,7,12,30,1038,923,114,26.5,5.800000000000001,1.57
2012,6,7,13,30,1005,919,113,26.700000000000003,5.5,13.91
2012,6,7,14,30,904,901,107,26.8,5.300000000000001,27.72
2012,6,7,15,30,446,95,375,26.8,5.300000000000001,41.480000000000004
2012,6,7,16,30,321,57,288,26.700000000000003,5.4,55.13
2012,6,7,17,30,122,2,121,26.400000000000002,5.7,68.58
2012,6,7,18,30,94,346,44,26,6.1000000000000005,81.71000000000001
2012,6,7,19,30,0,0,0,25.6,6.4,94.58
2012,6,7,20,30,0,0,0,25.3,6.7,106.67
2012,6,7,21,30,0,0,0,25.1,6.9,117.7
2012,6,7,22,30,0,0,0,24.900000000000002,6.800000000000001,126.98
2012,6,7,23,30,0,0,0,24.8,6.7,133.43
2012,6,8,0,30,0,0,0,24.700000000000003,6.6000000000000005,135.81
2012,6,8,1,30,0,0,0,24.5,6.7,133.49
2012,6,8,2,30,0,0,0,24.5,6.7,127.07000000000001
2012,6,8,3,30,0,0,0,24.400000000000002,6.800000000000001,117.82000000000001
2012,6,8,4,30,0,0,0,24.400000000000002,6.9,106.81
2012,6,8,5,30,0,0,0,24.5,7,94.72
2012,6,8,6,30,60,2,60,24.700000000000003,7.1000000000000005,81.86
2012,6,8,7,30,102,6,100,25.1,7.2,68.74
2012,6,8,8,30,295,82,248,25.400000000000002,7.2,55.300000000000004
2012,6,8,9,30,471,112,387,25.8,7.1000000000000005,41.65
2012,6,8,10,30,320,1,319,26.1,6.9,27.900000000000002
2012,6,8,11,30,539,75,466,26.3,6.800000000000001,14.09
2012,6,8,12,30,1028,907,122,26.400000000000002,6.6000000000000005,1.6500000000000001
2012,6,8,13,30,995,900,122,26.5,6.5,13.870000000000001
2012,6,8,14,30,897,887,112,26.6,6.4,27.67
2012,6,8,15,30,739,845,105,26.5,6.4,41.43
2012,6,8,16,30,538,774,94,26.3,6.6000000000000005,55.07
2012,6,8,17,30,311,642,76,25.900000000000002,6.7,68.52
2012,6,8,18,30,95,350,44,25.5,6.9,81.64
2012,6,8,19,30,0,0,0,25.200000000000003,7,94.5
2012,6,8,20,30,0,0,0,24.900000000000002,7,106.59
2012,6,8,21,30,0,0,0,24.8,6.9,117.61
2012,6,8,22,30,0,0,0,24.700000000000003,6.800000000000001,126.88000000000001
2012,6,8,23,30,0,0,0,24.6,6.7,133.34
2012,6,9,0,30,0,0,0,24.5,6.6000000000000005,135.73
2012,6,9,1,30,0,0,0,24.5,6.5,133.42000000000002
2012,6,9,2,30,0,0,0,24.400000000000002,6.5,127.03
2012,6,9,3,30,0,0,0,24.400000000000002,6.5,117.8
2012,6,9,4,30,0,0,0,24.400000000000002,6.5,106.8
2012,6,9,5,30,0,0,0,24.5,6.5,94.73
2012,6,9,6,30,95,388,40,24.700000000000003,6.7,81.88
2012,6,9,7,30,114,1,113,25,6.6000000000000005,68.77
2012,6,9,8,30,315,56,283,25.3,6.4,55.32
2012,6,9,9,30,742,871,92,25.700000000000003,6.2,41.69
2012,6,9,10,30,901,907,99,26,6,27.94
2012,6,9,11,30,687,194,499,26.200000000000003,5.9,14.14
2012,6,9,12,30,515,39,476,26.400000000000002,5.800000000000001,1.74
2012,6,9,13,30,570,102,471,26.5,5.9,13.83
2012,6,9,14,30,903,902,103,26.6,6.1000000000000005,27.62
2012,6,9,15,30,744,863,97,26.5,6.4,41.37
2012,6,9,16,30,181,1,181,26.3,6.6000000000000005,55.01
2012,6,9,17,30,316,667,71,26,6.9,68.45
2012,6,9,18,30,98,384,42,25.6,7.1000000000000005,81.57000000000001
2012,6,9,19,30,0,0,0,25.200000000000003,7.2,94.43
2012,6,9,20,30,0,0,0,25,7.1000000000000005,106.51
2012,6,9,21,30,0,0,0,24.8,6.9,117.53
2012,6,9,22,30,0,0,0,24.700000000000003,6.5,126.79
2012,6,9,23,30,0,0,0,24.6,6.2,133.25
2012,6,10,0,30,0,0,0,24.5,6,135.66
2012,6,10,1,30,0,0,0,24.400000000000002,5.9,133.37
2012,6,10,2,30,0,0,0,24.3,5.800000000000001,126.99000000000001
2012,6,10,3,30,0,0,0,24.200000000000003,5.800000000000001,117.78
2012,6,10,4,30,0,0,0,24.200000000000003,5.9,106.8
2012,6,10,5,30,0,0,0,24.400000000000002,6.1000000000000005,94.74
2012,6,10,6,30,93,375,40,24.700000000000003,6.4,81.9
2012,6,10,7,30,311,664,71,25,6.6000000000000005,68.79
2012,6,10,8,30,539,793,88,25.3,6.7,55.36
2012,6,10,9,30,742,861,100,25.6,6.7,41.730000000000004
2012,6,10,10,30,902,900,107,25.8,6.6000000000000005,27.98
2012,6,10,11,30,1004,928,105,26,6.5,14.200000000000001
2012,6,10,12,30,1038,932,106,26.200000000000003,6.4,1.81
2012,6,10,13,30,1003,924,106,26.3,6.300000000000001,13.790000000000001
2012,6,10,14,30,904,911,96,26.3,6.2,27.57
2012,6,10,15,30,746,873,90,26.200000000000003,6.2,41.32
2012,6,10,16,30,543,805,81,26.1,6.2,54.95
2012,6,10,17,30,318,685,66,25.8,6.2,68.39
2012,6,10,18,30,100,411,39,25.400000000000002,6.1000000000000005,81.51
2012,6,10,19,30,0,0,0,25.1,6,94.35000000000001
2012,6,10,20,30,0,0,0,25,5.800000000000001,106.43
2012,6,10,21,30,0,0,0,24.8,5.5,117.44
2012,6,10,22,30,0,0,0,24.700000000000003,5.300000000000001,126.71000000000001
2012,6,10,23,30,0,0,0,24.6,5.1000000000000005,133.17000000000002
2012,6,11,0,30,0,0,0,24.5,4.9,135.59
2012,6,11,1,30,0,0,0,24.3,4.6000000000000005,133.32
2012,6,11,2,30,0,0,0,24.3,4.5,126.97
2012,6,11,3,30,0,0,0,24.3,4.5,117.77
2012,6,11,4,30,0,0,0,24.3,4.5,106.8
2012,6,11,5,30,0,0,0,24.5,4.800000000000001,94.75
2012,6,11,6,30,94,409,36,24.700000000000003,5.1000000000000005,81.92
2012,6,11,7,30,310,683,63,25.1,5.2,68.82000000000001
2012,6,11,8,30,534,806,76,25.400000000000002,5.300000000000001,55.39
2012,6,11,9,30,735,870,86,25.700000000000003,5.2,41.77
2012,6,11,10,30,894,906,94,26.1,5.1000000000000005,28.03
2012,6,11,11,30,993,918,103,26.400000000000002,5,14.25
2012,6,11,12,30,1028,923,105,26.6,4.9,1.8800000000000001
2012,6,11,13,30,993,915,105,26.8,4.7,13.75
2012,6,11,14,30,897,908,92,26.8,4.6000000000000005,27.52
2012,6,11,15,30,741,873,85,26.8,4.6000000000000005,41.27
2012,6,11,16,30,540,808,76,26.6,4.7,54.89
2012,6,11,17,30,317,689,62,26.3,5,68.33
2012,6,11,18,30,100,420,38,25.900000000000002,5.2,81.44
2012,6,11,19,30,0,0,0,25.6,5.5,94.28
2012,6,11,20,30,0,0,0,25.3,5.7,106.36
2012,6,11,21,30,0,0,0,25.1,5.800000000000001,117.37
2012,6,11,22,30,0,0,0,25,5.800000000000001,126.63000000000001
2012,6,11,23,30,0,0,0,24.900000000000002,5.6000000000000005,133.1
2012,6,12,0,30,0,0,0,24.8,5.300000000000001,135.52
2012,6,12,1,30,0,0,0,24.6,5,133.27
2012,6,12,2,30,0,0,0,24.5,4.800000000000001,126.94
2012,6,12,3,30,0,0,0,24.3,4.6000000000000005,117.77
2012,6,12,4,30,0,0,0,24.3,4.5,106.81
2012,6,12,5,30,0,0,0,24.3,4.5,94.77
2012,6,12,6,30,95,427,35,24.5,4.5,81.94
2012,6,12,7,30,311,698,59,24.8,4.5,68.85000000000001
2012,6,12,8,30,425,279,266,25.1,4.4,55.43
2012,6,12,9,30,551,387,263,25.400000000000002,4.3,41.81
2012,6,12,10,30,742,562,246,25.8,4.2,28.07
2012,6,12,11,30,807,363,455,26.1,4,14.3
2012,6,12,12,30,1030,932,98,26.400000000000002,3.8000000000000003,1.95
2012,6,12,13,30,998,928,96,26.6,3.5,13.71
2012,6,12,14,30,895,894,101,26.700000000000003,3.2,27.47
2012,6,12,15,30,736,850,97,26.700000000000003,2.9000000000000004,41.21
2012,6,12,16,30,533,767,91,26.6,2.8000000000000003,54.84
2012,6,12,17,30,306,610,81,26.400000000000002,2.7,68.27
2012,6,12,18,30,93,303,48,26.1,2.7,81.38
2012,6,12,19,30,0,0,0,25.8,2.8000000000000003,94.22
2012,6,12,20,30,0,0,0,25.700000000000003,2.9000000000000004,106.29
2012,6,12,21,30,0,0,0,25.5,3,117.29
2012,6,12,22,30,0,0,0,25.3,3.1,126.56
2012,6,12,23,30,0,0,0,25.1,3.1,133.03
2012,6,13,0,30,0,0,0,24.900000000000002,3,135.47
2012,6,13,1,30,0,0,0,24.8,2.9000000000000004,133.24
2012,6,13,2,30,0,0,0,24.700000000000003,2.7,126.93
2012,6,13,3,30,0,0,0,24.6,2.5,117.76
2012,6,13,4,30,0,0,0,24.6,2.1,106.82000000000001
2012,6,13,5,30,0,0,0,24.6,2,94.79
2012,6,13,6,30,87,328,42,24.8,1.9000000000000001,81.97
2012,6,13,7,30,298,622,74,25,1.9000000000000001,68.88
2012,6,13,8,30,521,758,91,25.3,1.8,55.46
2012,6,13,9,30,720,827,104,25.6,1.8,41.85
2012,6,13,10,30,394,12,383,26,1.8,28.12
2012,6,13,11,30,361,2,359,26.400000000000002,1.9000000000000001,14.35
2012,6,13,12,30,450,12,438,26.6,2,2.0100000000000002
2012,6,13,13,30,987,904,108,26.700000000000003,2,13.66
2012,6,13,14,30,889,880,108,26.8,1.9000000000000001,27.42
2012,6,13,15,30,734,843,99,26.8,1.9000000000000001,41.160000000000004
2012,6,13,16,30,535,775,88,26.700000000000003,1.9000000000000001,54.78
2012,6,13,17,30,313,649,72,26.6,1.9000000000000001,68.21000000000001
2012,6,13,18,30,99,375,42,26.400000000000002,2,81.32000000000001
2012,6,13,19,30,0,0,0,26.200000000000003,2,94.15
2012,6,13,20,30,0,0,0,26,2,106.22
2012,6,13,21,30,0,0,0,25.8,2.1,117.23
2012,6,13,22,30,0,0,0,25.6,2.1,126.49000000000001
2012,6,13,23,30,0,0,0,25.400000000000002,2.2,132.97
2012,6,14,0,30,0,0,0,25.3,2.3000000000000003,135.42000000000002
2012,6,14,1,30,0,0,0,25.1,2.4000000000000004,133.21
2012,6,14,2,30,0,0,0,25,2.4000000000000004,126.92
2012,6,14,3,30,0,0,0,25,2.2,117.77
2012,6,14,4,30,0,0,0,25,2.3000000000000003,106.84
2012,6,14,5,30,0,0,0,25,2.7,94.81
2012,6,14,6,30,89,344,41,25.200000000000003,3.3000000000000003,82
2012,6,14,7,30,130,3,129,25.400000000000002,3.9000000000000004,68.92
2012,6,14,8,30,528,783,84,25.700000000000003,4.2,55.5
2012,6,14,9,30,730,853,94,26.1,4.2,41.89
2012,6,14,10,30,888,894,100,26.400000000000002,4,28.16
2012,6,14,11,30,992,919,102,26.8,3.6,14.41
2012,6,14,12,30,1027,923,105,27,3.1,2.06
2012,6,14,13,30,995,915,105,27.200000000000003,2.8000000000000003,13.620000000000001
2012,6,14,14,30,898,900,99,27.3,2.7,27.37
2012,6,14,15,30,742,861,94,27.3,2.9000000000000004,41.11
2012,6,14,16,30,542,791,85,27.1,3.2,54.72
2012,6,14,17,30,318,663,71,26.8,3.6,68.15
2012,6,14,18,30,91,122,72,26.400000000000002,3.8000000000000003,81.26
2012,6,14,19,30,0,0,0,26,3.9000000000000004,94.09
2012,6,14,20,30,0,0,0,25.700000000000003,3.8000000000000003,106.16
2012,6,14,21,30,0,0,0,25.6,3.5,117.16
2012,6,14,22,30,0,0,0,25.5,3.4000000000000004,126.43
2012,6,14,23,30,0,0,0,25.400000000000002,3.5,132.91
2012,6,15,0,30,0,0,0,25.3,3.6,135.38
2012,6,15,1,30,0,0,0,25.200000000000003,3.7,133.19
2012,6,15,2,30,0,0,0,25.1,3.9000000000000004,126.91
2012,6,15,3,30,0,0,0,25,4,117.78
2012,6,15,4,30,0,0,0,24.900000000000002,4.1000000000000005,106.86
2012,6,15,5,30,0,0,0,25,4.3,94.84
2012,6,15,6,30,90,360,40,25.200000000000003,4.5,82.03
2012,6,15,7,30,304,650,71,25.400000000000002,4.5,68.96000000000001
2012,6,15,8,30,289,40,266,25.5,4.5,55.54
2012,6,15,9,30,491,131,393,25.8,4.7,41.94
2012,6,15,10,30,625,183,464,26.1,5,28.21
2012,6,15,11,30,811,359,464,26.400000000000002,5.1000000000000005,14.46
2012,6,15,12,30,753,360,394,26.6,5.2,2.11
2012,6,15,13,30,782,297,493,26.700000000000003,5.300000000000001,13.57
2012,6,15,14,30,595,231,390,26.700000000000003,5.4,27.32
2012,6,15,15,30,416,85,352,26.6,5.5,41.050000000000004
2012,6,15,16,30,232,6,229,26.5,5.6000000000000005,54.67
2012,6,15,17,30,194,29,183,26.200000000000003,5.7,68.09
2012,6,15,18,30,19,0,19,25.900000000000002,5.800000000000001,81.2
2012,6,15,19,30,0,0,0,25.6,6,94.03
2012,6,15,20,30,0,0,0,25.400000000000002,6,106.10000000000001
2012,6,15,21,30,0,0,0,25.200000000000003,6.1000000000000005,117.10000000000001
2012,6,15,22,30,0,0,0,25.1,6.2,126.37
2012,6,15,23,30,0,0,0,24.900000000000002,6.1000000000000005,132.86
2012,6,16,0,30,0,0,0,24.8,6,135.34
2012,6,16,1,30,0,0,0,24.700000000000003,5.9,133.17000000000002
2012,6,16,2,30,0,0,0,24.700000000000003,5.800000000000001,126.91
2012,6,16,3,30,0,0,0,24.700000000000003,5.800000000000001,117.79
2012,6,16,4,30,0,0,0,24.700000000000003,5.800000000000001,106.88
2012,6,16,5,30,0,0,0,24.8,6.1000000000000005,94.87
2012,6,16,6,30,92,387,39,25,6.4,82.07000000000001
2012,6,16,7,30,310,673,68,25.3,6.5,69
2012,6,16,8,30,538,803,84,25.6,6.6000000000000005,55.59
2012,6,16,9,30,740,869,94,25.900000000000002,6.6000000000000005,41.980000000000004
2012,6,16,10,30,899,907,100,26.1,6.7,28.26
2012,6,16,11,30,993,899,122,26.400000000000002,6.7,14.51
2012,6,16,12,30,1024,896,129,26.5,6.7,2.15
2012,6,16,13,30,986,878,132,26.6,6.800000000000001,13.530000000000001
2012,6,16,14,30,273,1,272,26.5,7,27.27
2012,6,16,15,30,517,153,401,26.400000000000002,7.300000000000001,41
2012,6,16,16,30,178,1,178,26.200000000000003,7.6000000000000005,54.61
2012,6,16,17,30,307,586,88,25.900000000000002,7.9,68.04
2012,6,16,18,30,74,10,73,25.6,8.200000000000001,81.14
2012,6,16,19,30,0,0,0,25.400000000000002,8.3,93.97
2012,6,16,20,30,0,0,0,25.3,8.5,106.04
2012,6,16,21,30,0,0,0,25.3,8.5,117.04
2012,6,16,22,30,0,0,0,25.200000000000003,8.5,126.32000000000001
2012,6,16,23,30,0,0,0,25.200000000000003,8.4,132.82
2012,6,17,0,30,0,0,0,25.200000000000003,8.200000000000001,135.31
2012,6,17,1,30,0,0,0,25.200000000000003,8,133.16
2012,6,17,2,30,0,0,0,25.3,7.800000000000001,126.92
2012,6,17,3,30,0,0,0,25.3,7.5,117.81
2012,6,17,4,30,0,0,0,25.3,7.1000000000000005,106.91
2012,6,17,5,30,0,0,0,25.3,7,94.9
2012,6,17,6,30,58,10,57,25.3,7.1000000000000005,82.10000000000001
2012,6,17,7,30,95,7,93,25.400000000000002,7.2,69.04
2012,6,17,8,30,284,38,262,25.5,7.2,55.63
2012,6,17,9,30,570,257,379,25.6,7.300000000000001,42.03
2012,6,17,10,30,723,330,433,25.8,7.4,28.310000000000002
2012,6,17,11,30,591,131,464,26,7.5,14.56
2012,6,17,12,30,539,11,528,26.1,7.7,2.18
2012,6,17,13,30,801,307,503,26.1,8.1,13.48
2012,6,17,14,30,575,131,459,26.1,8.5,27.22
2012,6,17,15,30,417,73,362,26,8.8,40.95
2012,6,17,16,30,220,20,208,25.8,9,54.56
2012,6,17,17,30,166,29,155,25.6,9.1,67.98
2012,6,17,18,30,57,8,56,25.3,9.200000000000001,81.09
2012,6,17,19,30,0,0,0,25.1,9.3,93.92
2012,6,17,20,30,0,0,0,24.900000000000002,9.5,105.98
2012,6,17,21,30,0,0,0,24.8,9.600000000000001,116.99000000000001
2012,6,17,22,30,0,0,0,24.700000000000003,9.4,126.27
2012,6,17,23,30,0,0,0,24.6,9.1,132.78
2012,6,18,0,30,0,0,0,24.5,8.8,135.29
2012,6,18,1,30,0,0,0,24.5,8.6,133.16
2012,6,18,2,30,0,0,0,24.400000000000002,8.4,126.93
2012,6,18,3,30,0,0,0,24.400000000000002,8.5,117.83
2012,6,18,4,30,0,0,0,24.400000000000002,8.700000000000001,106.94
2012,6,18,5,30,0,0,0,24.5,8.9,94.94
2012,6,18,6,30,56,5,55,24.700000000000003,9.200000000000001,82.14
2012,6,18,7,30,221,123,177,25,9.4,69.08
2012,6,18,8,30,287,63,251,25.3,9.5,55.68
2012,6,18,9,30,498,119,410,25.6,9.4,42.08
2012,6,18,10,30,590,190,422,25.8,9.3,28.36
2012,6,18,11,30,574,94,483,25.900000000000002,9.200000000000001,14.61
2012,6,18,12,30,764,186,578,26,9.1,2.21
2012,6,18,13,30,663,269,401,25.900000000000002,9,13.43
2012,6,18,14,30,654,258,424,25.8,9,27.17
2012,6,18,15,30,460,144,351,25.6,8.9,40.9
2012,6,18,16,30,305,89,253,25.400000000000002,8.9,54.51
2012,6,18,17,30,243,108,203,25.1,8.9,67.93
2012,6,18,18,30,57,1,57,24.900000000000002,8.8,81.03
2012,6,18,19,30,0,0,0,24.700000000000003,8.700000000000001,93.86
2012,6,18,20,30,0,0,0,24.5,8.700000000000001,105.93
2012,6,18,21,30,0,0,0,24.5,8.700000000000001,116.94
2012,6,18,22,30,0,0,0,24.400000000000002,8.700000000000001,126.23
2012,6,18,23,30,0,0,0,24.400000000000002,8.6,132.75
2012,6,19,0,30,0,0,0,24.400000000000002,8.6,135.28
2012,6,19,1,30,0,0,0,24.400000000000002,8.5,133.16
2012,6,19,2,30,0,0,0,24.400000000000002,8.1,126.95
2012,6,19,3,30,0,0,0,24.5,7.6000000000000005,117.86
2012,6,19,4,30,0,0,0,24.5,7.2,106.97
2012,6,19,5,30,0,0,0,24.5,7,94.98
2012,6,19,6,30,86,340,40,24.700000000000003,6.9,82.19
2012,6,19,7,30,295,631,71,24.900000000000002,6.800000000000001,69.13
2012,6,19,8,30,209,3,208,25.1,6.6000000000000005,55.730000000000004
2012,6,19,9,30,211,0,210,25.3,6.5,42.13
2012,6,19,10,30,275,1,274,25.5,6.4,28.41
2012,6,19,11,30,520,73,449,25.8,6.4,14.67
2012,6,19,12,30,1013,915,98,25.900000000000002,6.4,2.24
2012,6,19,13,30,983,912,96,25.900000000000002,6.5,13.38
2012,6,19,14,30,888,895,91,25.900000000000002,6.7,27.12
2012,6,19,15,30,735,853,89,25.8,7,40.84
2012,6,19,16,30,535,770,87,25.6,7.300000000000001,54.46
2012,6,19,17,30,313,626,77,25.5,7.4,67.88
2012,6,19,18,30,100,328,48,25.200000000000003,7.6000000000000005,80.98
2012,6,19,19,30,0,0,0,25,7.6000000000000005,93.81
2012,6,19,20,30,0,0,0,24.900000000000002,7.6000000000000005,105.89
2012,6,19,21,30,0,0,0,24.8,7.5,116.9
2012,6,19,22,30,0,0,0,24.8,7.300000000000001,126.19
2012,6,19,23,30,0,0,0,24.700000000000003,7.1000000000000005,132.73
2012,6,20,0,30,0,0,0,24.700000000000003,6.9,135.27
2012,6,20,1,30,0,0,0,24.6,6.7,133.17000000000002
2012,6,20,2,30,0,0,0,24.6,6.5,126.97
2012,6,20,3,30,0,0,0,24.6,6.300000000000001,117.9
2012,6,20,4,30,0,0,0,24.6,6.300000000000001,107.01
2012,6,20,5,30,0,0,0,24.6,6.5,95.02
2012,6,20,6,30,82,283,44,24.700000000000003,6.800000000000001,82.23
2012,6,20,7,30,288,584,81,24.900000000000002,7,69.17
2012,6,20,8,30,379,149,295,25.1,7,55.77
2012,6,20,9,30,529,193,386,25.3,7.1000000000000005,42.18
2012,6,20,10,30,674,258,446,25.5,7.1000000000000005,28.46
2012,6,20,11,30,672,182,496,25.6,7.1000000000000005,14.72
2012,6,20,12,30,869,431,439,25.8,7,2.2600000000000002
2012,6,20,13,30,977,872,129,25.8,7,13.33
2012,6,20,14,30,885,864,115,25.8,7.1000000000000005,27.07
2012,6,20,15,30,732,823,108,25.700000000000003,7.1000000000000005,40.79
2012,6,20,16,30,534,752,97,25.6,7.2,54.410000000000004
2012,6,20,17,30,314,625,78,25.400000000000002,7.2,67.83
2012,6,20,18,30,102,352,46,25.200000000000003,7.1000000000000005,80.94
2012,6,20,19,30,0,0,0,25,6.9,93.77
2012,6,20,20,30,0,0,0,25,6.800000000000001,105.84
2012,6,20,21,30,0,0,0,24.900000000000002,6.6000000000000005,116.86
2012,6,20,22,30,0,0,0,24.900000000000002,6.4,126.16
2012,6,20,23,30,0,0,0,24.8,6.2,132.71
2012,6,21,0,30,0,0,0,24.6,6,135.27
2012,6,21,1,30,0,0,0,24.5,5.9,133.18
2012,6,21,2,30,0,0,0,24.400000000000002,5.9,127
2012,6,21,3,30,0,0,0,24.400000000000002,6,117.93
2012,6,21,4,30,0,0,0,24.3,6.1000000000000005,107.06
2012,6,21,5,30,0,0,0,24.400000000000002,6.4,95.07000000000001
2012,6,21,6,30,86,362,38,24.6,6.7,82.28
2012,6,21,7,30,298,651,66,24.900000000000002,6.800000000000001,69.22
2012,6,21,8,30,521,779,83,25.200000000000003,6.7,55.82
2012,6,21,9,30,721,847,94,25.5,6.5,42.230000000000004
2012,6,21,10,30,880,886,102,25.8,6.2,28.51
2012,6,21,11,30,983,909,105,26,6,14.77
2012,6,21,12,30,1023,918,105,26.1,5.9,2.27
2012,6,21,13,30,993,914,104,26.200000000000003,5.9,13.280000000000001
2012,6,21,14,30,896,892,102,26.1,5.9,27.02
2012,6,21,15,30,743,856,95,26,6,40.74
2012,6,21,16,30,545,791,84,25.8,6.1000000000000005,54.36
2012,6,21,17,30,323,671,69,25.6,6.1000000000000005,67.78
2012,6,21,18,30,107,410,42,25.3,6.1000000000000005,80.89
2012,6,21,19,30,0,0,0,25.1,6.1000000000000005,93.73
2012,6,21,20,30,0,0,0,24.900000000000002,6,105.8
2012,6,21,21,30,0,0,0,24.900000000000002,5.800000000000001,116.83
2012,6,21,22,30,0,0,0,24.8,5.6000000000000005,126.14
2012,6,21,23,30,0,0,0,24.8,5.4,132.7
2012,6,22,0,30,0,0,0,24.700000000000003,5.2,135.28
2012,6,22,1,30,0,0,0,24.6,5.1000000000000005,133.21
2012,6,22,2,30,0,0,0,24.5,5,127.03
2012,6,22,3,30,0,0,0,24.5,4.9,117.97
2012,6,22,4,30,0,0,0,24.5,4.9,107.10000000000001
2012,6,22,5,30,0,0,0,24.6,5.2,95.12
2012,6,22,6,30,87,385,36,24.8,5.5,82.33
2012,6,22,7,30,73,0,73,25.1,5.800000000000001,69.27
2012,6,22,8,30,248,19,237,25.400000000000002,6,55.870000000000005
2012,6,22,9,30,443,101,368,25.700000000000003,6,42.28
2012,6,22,10,30,887,903,94,26,6.1000000000000005,28.560000000000002
2012,6,22,11,30,992,929,94,26.200000000000003,6.1000000000000005,14.81
2012,6,22,12,30,1029,933,97,26.3,6.1000000000000005,2.2800000000000002
2012,6,22,13,30,1000,928,97,26.400000000000002,6.2,13.23
2012,6,22,14,30,904,909,94,26.400000000000002,6.4,26.97
2012,6,22,15,30,750,871,90,26.3,6.6000000000000005,40.7
2012,6,22,16,30,551,806,81,26.1,6.800000000000001,54.31
2012,6,22,17,30,327,687,67,25.8,6.9,67.74
2012,6,22,18,30,109,428,41,25.5,6.800000000000001,80.85000000000001
2012,6,22,19,30,0,0,0,25.3,6.7,93.69
2012,6,22,20,30,0,0,0,25.200000000000003,6.5,105.77
2012,6,22,21,30,0,0,0,25.1,6.2,116.8
2012,6,22,22,30,0,0,0,25,6,126.12
2012,6,22,23,30,0,0,0,24.900000000000002,5.9,132.69
2012,6,23,0,30,0,0,0,24.8,5.9,135.29
2012,6,23,1,30,0,0,0,24.700000000000003,6,133.24
2012,6,23,2,30,0,0,0,24.6,6.2,127.07000000000001
2012,6,23,3,30,0,0,0,24.6,6.5,118.02
2012,6,23,4,30,0,0,0,24.6,6.7,107.15
2012,6,23,5,30,0,0,0,24.6,6.9,95.17
2012,6,23,6,30,84,338,39,24.700000000000003,7.2,82.38
2012,6,23,7,30,294,635,70,25,7.300000000000001,69.32000000000001
2012,6,23,8,30,517,767,87,25.3,7.4,55.93
2012,6,23,9,30,719,840,98,25.5,7.4,42.33
2012,6,23,10,30,879,882,105,25.700000000000003,7.4,28.61
2012,6,23,11,30,980,896,115,25.8,7.5,14.86
2012,6,23,12,30,1020,904,117,25.900000000000002,7.6000000000000005,2.2800000000000002
2012,6,23,13,30,992,901,115,25.900000000000002,7.9,13.18
2012,6,23,14,30,900,893,104,25.8,8.200000000000001,26.92
2012,6,23,15,30,748,858,97,25.6,8.5,40.65
2012,6,23,16,30,552,797,87,25.400000000000002,8.700000000000001,54.27
2012,6,23,17,30,328,678,71,25.1,8.8,67.7
2012,6,23,18,30,110,418,44,24.8,8.700000000000001,80.81
2012,6,23,19,30,0,0,0,24.700000000000003,8.6,93.65
2012,6,23,20,30,0,0,0,24.6,8.4,105.74000000000001
2012,6,23,21,30,0,0,0,24.6,8.200000000000001,116.78
2012,6,23,22,30,0,0,0,24.5,7.9,126.11
2012,6,23,23,30,0,0,0,24.400000000000002,7.6000000000000005,132.69
2012,6,24,0,30,0,0,0,24.3,7.5,135.31
2012,6,24,1,30,0,0,0,24.3,7.5,133.27
2012,6,24,2,30,0,0,0,24.3,7.5,127.12
2012,6,24,3,30,0,0,0,24.3,7.4,118.07000000000001
2012,6,24,4,30,0,0,0,24.3,7.5,107.21000000000001
2012,6,24,5,30,0,0,0,24.400000000000002,7.6000000000000005,95.22
2012,6,24,6,30,86,362,38,24.6,7.800000000000001,82.43
2012,6,24,7,30,299,651,70,24.900000000000002,8,69.38
2012,6,24,8,30,525,779,89,25.3,8.200000000000001,55.980000000000004
2012,6,24,9,30,729,849,101,25.6,8.200000000000001,42.38
2012,6,24,10,30,890,890,109,25.900000000000002,8.3,28.66
2012,6,24,11,30,997,920,108,26.1,8.3,14.91
2012,6,24,12,30,1036,928,109,26.200000000000003,8.3,2.2800000000000002
2012,6,24,13,30,1006,923,107,26.3,8.4,13.13
2012,6,24,14,30,910,909,100,26.200000000000003,8.6,26.87
2012,6,24,15,30,757,874,94,26.1,8.8,40.6
2012,6,24,16,30,557,811,83,25.900000000000002,9,54.22
2012,6,24,17,30,333,693,69,25.6,9.1,67.65
2012,6,24,18,30,112,429,43,25.3,9.1,80.77
2012,6,24,19,30,0,0,0,25,8.9,93.61
2012,6,24,20,30,0,0,0,24.8,8.9,105.71000000000001
2012,6,24,21,30,0,0,0,24.700000000000003,8.8,116.76
2012,6,24,22,30,0,0,0,24.700000000000003,8.700000000000001,126.10000000000001
2012,6,24,23,30,0,0,0,24.6,8.6,132.7
2012,6,25,0,30,0,0,0,24.6,8.4,135.33
2012,6,25,1,30,0,0,0,24.6,8.3,133.31
2012,6,25,2,30,0,0,0,24.6,8.200000000000001,127.17
2012,6,25,3,30,0,0,0,24.6,8.1,118.13
2012,6,25,4,30,0,0,0,24.5,8,107.26
2012,6,25,5,30,0,0,0,24.6,8.1,95.28
2012,6,25,6,30,82,307,42,24.700000000000003,8.3,82.49
2012,6,25,7,30,293,611,78,24.900000000000002,8.5,69.43
2012,6,25,8,30,202,2,200,25.1,8.700000000000001,56.03
2012,6,25,9,30,378,45,344,25.3,8.700000000000001,42.43
2012,6,25,10,30,533,121,427,25.5,8.700000000000001,28.71
2012,6,25,11,30,750,255,504,25.700000000000003,8.6,14.96
2012,6,25,12,30,674,169,505,25.8,8.6,2.27
2012,6,25,13,30,515,52,465,25.8,8.6,13.08
2012,6,25,14,30,515,90,435,25.8,8.700000000000001,26.830000000000002
2012,6,25,15,30,751,856,101,25.6,8.8,40.56
2012,6,25,16,30,554,797,87,25.400000000000002,8.8,54.18
2012,6,25,17,30,330,686,69,25.200000000000003,8.8,67.62
2012,6,25,18,30,112,434,42,25,8.700000000000001,80.74
2012,6,25,19,30,0,0,0,24.8,8.5,93.58
2012,6,25,20,30,0,0,0,24.700000000000003,8.4,105.69
2012,6,25,21,30,0,0,0,24.700000000000003,8.200000000000001,116.74000000000001
2012,6,25,22,30,0,0,0,24.6,8,126.10000000000001
2012,6,25,23,30,0,0,0,24.5,7.800000000000001,132.72
2012,6,26,0,30,0,0,0,24.400000000000002,7.7,135.37
2012,6,26,1,30,0,0,0,24.400000000000002,7.6000000000000005,133.36
2012,6,26,2,30,0,0,0,24.400000000000002,7.5,127.23
2012,6,26,3,30,0,0,0,24.400000000000002,7.4,118.19
2012,6,26,4,30,0,0,0,24.400000000000002,7.4,107.32000000000001
2012,6,26,5,30,0,0,0,24.400000000000002,7.5,95.34
2012,6,26,6,30,82,325,40,24.5,7.800000000000001,82.54
2012,6,26,7,30,43,0,43,24.700000000000003,8.1,69.49
2012,6,26,8,30,163,1,162,24.8,8.200000000000001,56.09
2012,6,26,9,30,200,0,199,25,8.200000000000001,42.480000000000004
2012,6,26,10,30,409,16,395,25.200000000000003,8.1,28.76
2012,6,26,11,30,672,187,491,25.3,8,15
2012,6,26,12,30,554,71,483,25.400000000000002,8,2.2600000000000002
2012,6,26,13,30,444,13,432,25.400000000000002,8.1,13.030000000000001
2012,6,26,14,30,403,13,392,25.3,8.200000000000001,26.78
2012,6,26,15,30,446,99,371,25.200000000000003,8.5,40.51
2012,6,26,16,30,371,107,309,25,8.700000000000001,54.14
2012,6,26,17,30,331,689,68,24.900000000000002,8.9,67.58
2012,6,26,18,30,110,408,45,24.700000000000003,9,80.7
2012,6,26,19,30,0,0,0,24.700000000000003,9.1,93.56
2012,6,26,20,30,0,0,0,24.6,9,105.67
2012,6,26,21,30,0,0,0,24.5,8.9,116.73
2012,6,26,22,30,0,0,0,24.5,8.700000000000001,126.10000000000001
2012,6,26,23,30,0,0,0,24.400000000000002,8.5,132.74
2012,6,27,0,30,0,0,0,24.400000000000002,8.200000000000001,135.41
2012,6,27,1,30,0,0,0,24.400000000000002,8,133.41
2012,6,27,2,30,0,0,0,24.3,7.9,127.29
2012,6,27,3,30,0,0,0,24.3,7.7,118.25
2012,6,27,4,30,0,0,0,24.3,7.7,107.38
2012,6,27,5,30,0,0,0,24.3,7.9,95.4
2012,6,27,6,30,83,338,39,24.5,8.3,82.60000000000001
2012,6,27,7,30,296,646,70,24.700000000000003,8.5,69.54
2012,6,27,8,30,370,129,298,24.900000000000002,8.700000000000001,56.14
2012,6,27,9,30,728,860,95,25,8.700000000000001,42.54
2012,6,27,10,30,889,899,101,25.200000000000003,8.700000000000001,28.810000000000002
2012,6,27,11,30,993,916,109,25.400000000000002,8.5,15.040000000000001
2012,6,27,12,30,1031,915,116,25.5,8.3,2.24
2012,6,27,13,30,999,905,116,25.5,8.3,12.97
2012,6,27,14,30,904,889,110,25.400000000000002,8.3,26.73
2012,6,27,15,30,407,59,362,25.3,8.4,40.47
2012,6,27,16,30,553,793,88,25.1,8.6,54.1
2012,6,27,17,30,330,678,71,24.8,8.8,67.54
2012,6,27,18,30,111,421,43,24.6,8.8,80.68
2012,6,27,19,30,0,0,0,24.5,8.700000000000001,93.54
2012,6,27,20,30,0,0,0,24.400000000000002,8.5,105.65
2012,6,27,21,30,0,0,0,24.400000000000002,8.3,116.73
2012,6,27,22,30,0,0,0,24.400000000000002,7.9,126.11
2012,6,27,23,30,0,0,0,24.3,7.6000000000000005,132.77
2012,6,28,0,30,0,0,0,24.3,7.2,135.45
2012,6,28,1,30,0,0,0,24.200000000000003,7,133.47
2012,6,28,2,30,0,0,0,24.1,6.9,127.35000000000001
2012,6,28,3,30,0,0,0,24.1,6.800000000000001,118.32000000000001
2012,6,28,4,30,0,0,0,24.1,6.7,107.45
2012,6,28,5,30,0,0,0,24.1,6.9,95.46000000000001
2012,6,28,6,30,83,373,35,24.400000000000002,7.1000000000000005,82.66
2012,6,28,7,30,294,664,63,24.6,7.300000000000001,69.60000000000001
2012,6,28,8,30,518,795,76,24.900000000000002,7.300000000000001,56.2
2012,6,28,9,30,602,382,321,25.200000000000003,7.300000000000001,42.59
2012,6,28,10,30,541,132,425,25.5,7.300000000000001,28.86
2012,6,28,11,30,682,199,489,25.6,7.2,15.09
2012,6,28,12,30,638,159,479,25.700000000000003,7.1000000000000005,2.22
2012,6,28,13,30,556,97,461,25.8,7.1000000000000005,12.92
2012,6,28,14,30,597,164,450,25.700000000000003,7.300000000000001,26.69
2012,6,28,15,30,739,845,96,25.6,7.5,40.43
2012,6,28,16,30,543,779,86,25.400000000000002,7.7,54.07
2012,6,28,17,30,323,664,69,25.200000000000003,7.800000000000001,67.51
2012,6,28,18,30,50,0,50,25,7.800000000000001,80.65
2012,6,28,19,30,0,0,0,24.8,7.800000000000001,93.52
2012,6,28,20,30,0,0,0,24.8,7.7,105.64
2012,6,28,21,30,0,0,0,24.700000000000003,7.6000000000000005,116.73
2012,6,28,22,30,0,0,0,24.700000000000003,7.4,126.13000000000001
2012,6,28,23,30,0,0,0,24.6,7.300000000000001,132.8
2012,6,29,0,30,0,0,0,24.6,7.1000000000000005,135.51
2012,6,29,1,30,0,0,0,24.5,6.9,133.54
2012,6,29,2,30,0,0,0,24.400000000000002,6.800000000000001,127.42
2012,6,29,3,30,0,0,0,24.400000000000002,6.7,118.39
2012,6,29,4,30,0,0,0,24.3,6.6000000000000005,107.52
2012,6,29,5,30,0,0,0,24.5,6.800000000000001,95.53
2012,6,29,6,30,82,378,35,24.700000000000003,7.1000000000000005,82.72
2012,6,29,7,30,296,672,62,25,7.2,69.66
2012,6,29,8,30,523,800,78,25.3,7.2,56.25
2012,6,29,9,30,727,869,88,25.5,7.1000000000000005,42.64
2012,6,29,10,30,891,910,94,25.8,6.9,28.91
2012,6,29,11,30,995,926,102,26,6.800000000000001,15.13
2012,6,29,12,30,575,91,485,26.1,6.6000000000000005,2.19
2012,6,29,13,30,1006,928,102,26.200000000000003,6.6000000000000005,12.870000000000001
2012,6,29,14,30,912,912,97,26.200000000000003,6.6000000000000005,26.64
2012,6,29,15,30,758,877,90,26.1,6.9,40.39
2012,6,29,16,30,559,814,81,25.900000000000002,7.1000000000000005,54.03
2012,6,29,17,30,334,698,67,25.700000000000003,7.2,67.48
2012,6,29,18,30,114,439,42,25.3,7.300000000000001,80.63
2012,6,29,19,30,0,0,0,25.1,7.4,93.5
2012,6,29,20,30,0,0,0,25,7.300000000000001,105.63
2012,6,29,21,30,0,0,0,24.8,7.2,116.74000000000001
2012,6,29,22,30,0,0,0,24.700000000000003,7.1000000000000005,126.15
2012,6,29,23,30,0,0,0,24.6,6.9,132.84
2012,6,30,0,30,0,0,0,24.5,6.800000000000001,135.57
2012,6,30,1,30,0,0,0,24.5,6.7,133.61
2012,6,30,2,30,0,0,0,24.400000000000002,6.6000000000000005,127.5
2012,6,30,3,30,0,0,0,24.400000000000002,6.4,118.46000000000001
2012,6,30,4,30,0,0,0,24.400000000000002,6.2,107.59
2012,6,30,5,30,0,0,0,24.400000000000002,6.2,95.60000000000001
2012,6,30,6,30,83,410,32,24.700000000000003,6.300000000000001,82.79
2012,6,30,7,30,297,691,57,24.900000000000002,6.300000000000001,69.72
2012,6,30,8,30,267,37,247,25.200000000000003,6.2,56.31
2012,6,30,9,30,270,2,268,25.5,6.1000000000000005,42.69
2012,6,30,10,30,155,0,155,25.8,5.9,28.95
2012,6,30,11,30,548,93,458,26,5.800000000000001,15.17
2012,6,30,12,30,1028,934,94,26.200000000000003,5.7,2.16
2012,6,30,13,30,998,927,94,26.3,5.6000000000000005,12.82
2012,6,30,14,30,903,911,89,26.3,5.6000000000000005,26.6
2012,6,30,15,30,749,874,83,26.200000000000003,5.800000000000001,40.36
2012,6,30,16,30,552,812,75,26,6.1000000000000005,54
2012,6,30,17,30,330,699,62,25.700000000000003,6.300000000000001,67.46000000000001
2012,6,30,18,30,113,453,39,25.400000000000002,6.5,80.61
2012,6,30,19,30,0,0,0,25.1,6.5,93.49
2012,6,30,20,30,0,0,0,24.900000000000002,6.4,105.63
2012,6,30,21,30,0,0,0,24.8,6.2,116.75
2012,6,30,22,30,0,0,0,24.700000000000003,5.9,126.18
2012,6,30,23,30,0,0,0,24.6,5.5,132.89000000000001
2012,7,1,0,30,0,0,0,24.5,5,135.63
2012,7,1,1,30,0,0,0,24.400000000000002,4.7,133.69
2012,7,1,2,30,0,0,0,24.400000000000002,4.5,127.58
2012,7,1,3,30,0,0,0,24.3,4.4,118.54
2012,7,1,4,30,0,0,0,24.3,4.4,107.67
2012,7,1,5,30,0,0,0,24.400000000000002,4.7,95.67
2012,7,1,6,30,82,412,31,24.6,5.2,82.85000000000001
2012,7,1,7,30,294,693,55,24.900000000000002,5.5,69.78
2012,7,1,8,30,517,811,68,25.200000000000003,5.6000000000000005,56.36
2012,7,1,9,30,439,104,363,25.6,5.7,42.74
2012,7,1,10,30,880,909,85,25.900000000000002,5.7,29
2012,7,1,11,30,985,934,83,26.200000000000003,5.7,15.21
2012,7,1,12,30,1025,938,87,26.400000000000002,5.6000000000000005,2.12
2012,7,1,13,30,996,931,89,26.5,5.6000000000000005,12.77
2012,7,1,14,30,901,907,90,26.5,5.6000000000000005,26.560000000000002
2012,7,1,15,30,750,873,84,26.400000000000002,5.7,40.32
2012,7,1,16,30,555,817,74,26.3,5.800000000000001,53.97
2012,7,1,17,30,333,708,61,26.1,6,67.43
2012,7,1,18,30,115,468,38,25.8,6.1000000000000005,80.59
2012,7,1,19,30,0,0,0,25.6,6.2,93.48
2012,7,1,20,30,0,0,0,25.5,6.2,105.63
2012,7,1,21,30,0,0,0,25.400000000000002,6.1000000000000005,116.76
2012,7,1,22,30,0,0,0,25.3,6,126.21000000000001
2012,7,1,23,30,0,0,0,25.200000000000003,5.800000000000001,132.94
2012,7,2,0,30,0,0,0,25.1,5.800000000000001,135.71
2012,7,2,1,30,0,0,0,24.900000000000002,5.800000000000001,133.78
2012,7,2,2,30,0,0,0,24.8,5.800000000000001,127.67
2012,7,2,3,30,0,0,0,24.6,5.9,118.62
2012,7,2,4,30,0,0,0,24.6,6,107.74000000000001
2012,7,2,5,30,0,0,0,24.700000000000003,6.2,95.74000000000001
2012,7,2,6,30,83,418,31,25,6.5,82.92
2012,7,2,7,30,298,701,57,25.3,6.7,69.84
2012,7,2,8,30,526,823,71,25.700000000000003,6.7,56.42
2012,7,2,9,30,732,887,81,26,6.7,42.79
2012,7,2,10,30,895,923,88,26.200000000000003,6.6000000000000005,29.05
2012,7,2,11,30,1001,944,91,26.5,6.5,15.25
2012,7,2,12,30,1042,950,93,26.6,6.5,2.09
2012,7,2,13,30,1013,942,94,26.700000000000003,6.5,12.72
2012,7,2,14,30,918,922,93,26.700000000000003,6.7,26.52
2012,7,2,15,30,762,883,88,26.5,7,40.29
2012,7,2,16,30,562,819,80,26.3,7.300000000000001,53.94
2012,7,2,17,30,337,704,66,26,7.6000000000000005,67.41
2012,7,2,18,30,90,53,81,25.6,7.7,80.58
2012,7,2,19,30,0,0,0,25.3,7.7,93.48
2012,7,2,20,30,0,0,0,25.1,7.7,105.64
2012,7,2,21,30,0,0,0,25,7.6000000000000005,116.78
2012,7,2,22,30,0,0,0,24.900000000000002,7.2,126.25
2012,7,2,23,30,0,0,0,24.8,6.800000000000001,133.01
2012,7,3,0,30,0,0,0,24.700000000000003,6.4,135.79
2012,7,3,1,30,0,0,0,24.6,6.2,133.87
2012,7,3,2,30,0,0,0,24.6,6.2,127.76
2012,7,3,3,30,0,0,0,24.5,6.4,118.71000000000001
2012,7,3,4,30,0,0,0,24.5,6.6000000000000005,107.82000000000001
2012,7,3,5,30,0,0,0,24.5,6.800000000000001,95.81
2012,7,3,6,30,79,370,33,24.700000000000003,7,82.98
2012,7,3,7,30,290,667,61,24.900000000000002,7.1000000000000005,69.91
2012,7,3,8,30,513,790,77,25.200000000000003,7,56.480000000000004
2012,7,3,9,30,715,855,88,25.5,6.9,42.85
2012,7,3,10,30,641,219,450,25.6,6.800000000000001,29.09
2012,7,3,11,30,585,148,442,25.700000000000003,6.800000000000001,15.280000000000001
2012,7,3,12,30,812,332,480,25.8,6.9,2.05
2012,7,3,13,30,990,911,101,25.8,6.9,12.67
2012,7,3,14,30,523,99,434,25.700000000000003,7,26.48
2012,7,3,15,30,743,848,96,25.6,7.1000000000000005,40.26
2012,7,3,16,30,547,783,86,25.6,7.2,53.92
2012,7,3,17,30,327,670,70,25.5,7.300000000000001,67.4
2012,7,3,18,30,111,420,43,25.3,7.2,80.57000000000001
2012,7,3,19,30,0,0,0,25.200000000000003,7.1000000000000005,93.47
2012,7,3,20,30,0,0,0,25.1,7,105.65
2012,7,3,21,30,0,0,0,25,6.7,116.81
2012,7,3,22,30,0,0,0,24.900000000000002,6.4,126.29
2012,7,3,23,30,0,0,0,24.8,6,133.07
2012,7,4,0,30,0,0,0,24.6,5.7,135.87
2012,7,4,1,30,0,0,0,24.400000000000002,5.300000000000001,133.96
2012,7,4,2,30,0,0,0,24.3,5.1000000000000005,127.86
2012,7,4,3,30,0,0,0,24.200000000000003,5,118.8
2012,7,4,4,30,0,0,0,24.200000000000003,5,107.91
2012,7,4,5,30,0,0,0,24.3,5.300000000000001,95.89
2012,7,4,6,30,79,391,32,24.6,5.7,83.05
2012,7,4,7,30,292,684,58,24.900000000000002,6,69.97
2012,7,4,8,30,519,814,70,25.1,6.300000000000001,56.53
2012,7,4,9,30,725,884,78,25.5,6.5,42.9
2012,7,4,10,30,888,922,82,25.8,6.7,29.14
2012,7,4,11,30,994,940,88,26.200000000000003,6.800000000000001,15.32
2012,7,4,12,30,1035,947,89,26.400000000000002,6.800000000000001,2.0100000000000002
2012,7,4,13,30,1009,944,88,26.6,6.9,12.63
2012,7,4,14,30,914,922,89,26.700000000000003,6.9,26.45
2012,7,4,15,30,607,322,362,26.6,7,40.230000000000004
2012,7,4,16,30,561,822,77,26.400000000000002,7.1000000000000005,53.89
2012,7,4,17,30,336,705,65,26.1,7.2,67.38
2012,7,4,18,30,114,444,42,25.700000000000003,7.2,80.56
2012,7,4,19,30,0,0,0,25.5,7.2,93.48
2012,7,4,20,30,0,0,0,25.3,7.2,105.67
2012,7,4,21,30,0,0,0,25.1,7.2,116.84
2012,7,4,22,30,0,0,0,25,7.2,126.35000000000001
2012,7,4,23,30,0,0,0,25,7.1000000000000005,133.15
2012,7,5,0,30,0,0,0,24.900000000000002,7.2,135.97
2012,7,5,1,30,0,0,0,24.900000000000002,7.2,134.06
2012,7,5,2,30,0,0,0,24.900000000000002,7.2,127.96000000000001
2012,7,5,3,30,0,0,0,24.900000000000002,7.2,118.9
2012,7,5,4,30,0,0,0,24.900000000000002,7.300000000000001,107.99000000000001
2012,7,5,5,30,0,0,0,25,7.4,95.97
2012,7,5,6,30,76,348,34,25.200000000000003,7.7,83.12
2012,7,5,7,30,288,656,64,25.5,7.9,70.03
2012,7,5,8,30,513,785,81,25.700000000000003,8.1,56.59
2012,7,5,9,30,440,99,367,26,8.1,42.95
2012,7,5,10,30,474,68,414,26.200000000000003,8.1,29.18
2012,7,5,11,30,514,61,455,26.400000000000002,8.1,15.35
2012,7,5,12,30,1026,917,109,26.5,8,1.96
2012,7,5,13,30,404,5,399,26.5,8.1,12.58
2012,7,5,14,30,704,424,324,26.5,8.1,26.41
2012,7,5,15,30,501,237,320,26.400000000000002,8.200000000000001,40.2
2012,7,5,16,30,444,421,196,26.200000000000003,8.4,53.870000000000005
2012,7,5,17,30,51,0,51,25.900000000000002,8.5,67.37
2012,7,5,18,30,68,3,67,25.6,8.6,80.56
2012,7,5,19,30,0,0,0,25.3,8.5,93.48
2012,7,5,20,30,0,0,0,25.200000000000003,8.4,105.69
2012,7,5,21,30,0,0,0,25.1,8.3,116.88
2012,7,5,22,30,0,0,0,25.1,8.200000000000001,126.4
2012,7,5,23,30,0,0,0,25.1,8.1,133.23
2012,7,6,0,30,0,0,0,25,7.9,136.07
2012,7,6,1,30,0,0,0,25,7.800000000000001,134.17000000000002
2012,7,6,2,30,0,0,0,25,7.7,128.06
2012,7,6,3,30,0,0,0,25,7.6000000000000005,118.99000000000001
2012,7,6,4,30,0,0,0,25,7.6000000000000005,108.08
2012,7,6,5,30,0,0,0,25,7.800000000000001,96.04
2012,7,6,6,30,73,314,36,25.3,8,83.19
2012,7,6,7,30,282,626,69,25.6,8.200000000000001,70.10000000000001
2012,7,6,8,30,180,1,180,25.900000000000002,8.200000000000001,56.65
2012,7,6,9,30,209,0,209,26.1,8.1,43
2012,7,6,10,30,318,2,316,26.3,7.9,29.22
2012,7,6,11,30,388,4,385,26.5,7.7,15.39
2012,7,6,12,30,567,88,479,26.6,7.5,1.92
2012,7,6,13,30,624,157,470,26.6,7.4,12.540000000000001
2012,7,6,14,30,900,885,107,26.6,7.300000000000001,26.38
2012,7,6,15,30,747,843,103,26.5,7.4,40.17
2012,7,6,16,30,550,775,93,26.3,7.5,53.86
2012,7,6,17,30,327,653,76,26.1,7.5,67.36
2012,7,6,18,30,111,396,46,25.700000000000003,7.6000000000000005,80.56
2012,7,6,19,30,0,0,0,25.400000000000002,7.7,93.5
2012,7,6,20,30,0,0,0,25.200000000000003,7.800000000000001,105.71000000000001
2012,7,6,21,30,0,0,0,25,7.800000000000001,116.92
2012,7,6,22,30,0,0,0,25,7.800000000000001,126.47
2012,7,6,23,30,0,0,0,24.900000000000002,7.9,133.31
2012,7,7,0,30,0,0,0,24.8,7.9,136.17000000000002
2012,7,7,1,30,0,0,0,24.700000000000003,8,134.29
2012,7,7,2,30,0,0,0,24.700000000000003,8,128.17000000000002
2012,7,7,3,30,0,0,0,24.700000000000003,7.9,119.09
2012,7,7,4,30,0,0,0,24.700000000000003,7.9,108.17
2012,7,7,5,30,0,0,0,24.700000000000003,8.1,96.13
2012,7,7,6,30,73,322,36,25,8.5,83.26
2012,7,7,7,30,151,10,147,25.3,8.700000000000001,70.16
2012,7,7,8,30,278,39,257,25.6,8.9,56.71
2012,7,7,9,30,714,839,101,25.8,9,43.050000000000004
2012,7,7,10,30,638,204,461,26,8.9,29.27
2012,7,7,11,30,983,895,120,26.1,8.9,15.42
2012,7,7,12,30,1025,904,122,26.200000000000003,8.8,1.8800000000000001
2012,7,7,13,30,318,1,317,26.1,8.8,12.5
2012,7,7,14,30,905,879,117,26.1,8.8,26.35
2012,7,7,15,30,756,853,104,25.900000000000002,8.9,40.15
2012,7,7,16,30,559,799,88,25.700000000000003,8.9,53.84
2012,7,7,17,30,336,694,69,25.5,8.8,67.35
2012,7,7,18,30,115,450,42,25.3,8.700000000000001,80.56
2012,7,7,19,30,0,0,0,25.1,8.6,93.51
2012,7,7,20,30,0,0,0,25.1,8.5,105.74000000000001
2012,7,7,21,30,0,0,0,25.1,8.4,116.97
2012,7,7,22,30,0,0,0,25.1,8.3,126.53
2012,7,7,23,30,0,0,0,25,8.200000000000001,133.41
2012,7,8,0,30,0,0,0,24.900000000000002,8.1,136.29
2012,7,8,1,30,0,0,0,24.700000000000003,8,134.41
2012,7,8,2,30,0,0,0,24.6,7.9,128.29
2012,7,8,3,30,0,0,0,24.5,7.800000000000001,119.2
2012,7,8,4,30,0,0,0,24.5,7.7,108.26
2012,7,8,5,30,0,0,0,24.6,7.7,96.21000000000001
2012,7,8,6,30,75,369,32,24.8,7.800000000000001,83.33
2012,7,8,7,30,290,679,60,25.1,7.9,70.22
2012,7,8,8,30,516,801,77,25.3,8,56.76
2012,7,8,9,30,437,97,366,25.700000000000003,8,43.1
2012,7,8,10,30,565,141,442,26,8.1,29.310000000000002
2012,7,8,11,30,991,916,108,26.200000000000003,8.1,15.450000000000001
2012,7,8,12,30,592,103,488,26.400000000000002,8,1.83
2012,7,8,13,30,1001,902,120,26.400000000000002,8,12.46
2012,7,8,14,30,913,907,100,26.400000000000002,8,26.32
2012,7,8,15,30,760,871,93,26.3,8.1,40.13
2012,7,8,16,30,561,810,83,26.1,8.1,53.83
2012,7,8,17,30,337,702,66,25.8,8.200000000000001,67.35
2012,7,8,18,30,116,456,41,25.5,8.1,80.57000000000001
2012,7,8,19,30,0,0,0,25.200000000000003,8.1,93.53
2012,7,8,20,30,0,0,0,25,8,105.78
2012,7,8,21,30,0,0,0,24.8,7.9,117.02
2012,7,8,22,30,0,0,0,24.700000000000003,7.5,126.61
2012,7,8,23,30,0,0,0,24.700000000000003,7.2,133.51
2012,7,9,0,30,0,0,0,24.6,7,136.41
2012,7,9,1,30,0,0,0,24.6,6.9,134.53
2012,7,9,2,30,0,0,0,24.6,7.1000000000000005,128.41
2012,7,9,3,30,0,0,0,24.6,7.2,119.31
2012,7,9,4,30,0,0,0,24.6,7.4,108.36
2012,7,9,5,30,0,0,0,24.700000000000003,7.5,96.29
2012,7,9,6,30,74,361,33,24.900000000000002,7.7,83.41
2012,7,9,7,30,34,0,34,25.200000000000003,7.800000000000001,70.29
2012,7,9,8,30,515,796,79,25.5,7.800000000000001,56.82
2012,7,9,9,30,270,2,268,25.900000000000002,7.800000000000001,43.15
2012,7,9,10,30,547,131,432,26.1,7.7,29.35
2012,7,9,11,30,519,61,460,26.3,7.5,15.49
2012,7,9,12,30,457,12,445,26.3,7.5,1.79
2012,7,9,13,30,294,1,293,26.3,7.5,12.42
2012,7,9,14,30,912,907,99,26.3,7.5,26.29
2012,7,9,15,30,759,873,92,26.1,7.7,40.11
2012,7,9,16,30,561,812,81,26,7.800000000000001,53.82
2012,7,9,17,30,336,701,66,25.700000000000003,7.800000000000001,67.35
2012,7,9,18,30,115,454,41,25.5,7.800000000000001,80.58
2012,7,9,19,30,0,0,0,25.3,7.7,93.55
2012,7,9,20,30,0,0,0,25.200000000000003,7.6000000000000005,105.81
2012,7,9,21,30,0,0,0,25.1,7.300000000000001,117.08
2012,7,9,22,30,0,0,0,25,6.9,126.69
2012,7,9,23,30,0,0,0,24.900000000000002,6.5,133.61
2012,7,10,0,30,0,0,0,24.900000000000002,6.2,136.53
2012,7,10,1,30,0,0,0,24.8,6.1000000000000005,134.66
2012,7,10,2,30,0,0,0,24.700000000000003,6.1000000000000005,128.53
2012,7,10,3,30,0,0,0,24.700000000000003,6.2,119.42
2012,7,10,4,30,0,0,0,24.700000000000003,6.4,108.45
2012,7,10,5,30,0,0,0,24.700000000000003,6.7,96.38
2012,7,10,6,30,71,339,33,24.900000000000002,7.1000000000000005,83.48
2012,7,10,7,30,282,648,64,25.1,7.4,70.35000000000001
2012,7,10,8,30,167,1,167,25.400000000000002,7.6000000000000005,56.88
2012,7,10,9,30,714,853,92,25.700000000000003,7.6000000000000005,43.2
2012,7,10,10,30,506,92,425,26,7.6000000000000005,29.39
2012,7,10,11,30,598,150,453,26.200000000000003,7.6000000000000005,15.52
2012,7,10,12,30,452,12,440,26.3,7.5,1.76
2012,7,10,13,30,1001,921,101,26.3,7.4,12.38
2012,7,10,14,30,906,901,99,26.200000000000003,7.5,26.27
2012,7,10,15,30,754,863,94,26.1,7.5,40.1
2012,7,10,16,30,556,799,84,25.900000000000002,7.6000000000000005,53.82
2012,7,10,17,30,137,3,135,25.700000000000003,7.7,67.35
2012,7,10,18,30,66,2,65,25.400000000000002,7.5,80.59
2012,7,10,19,30,0,0,0,25.3,7.4,93.58
2012,7,10,20,30,0,0,0,25.200000000000003,7.1000000000000005,105.86
2012,7,10,21,30,0,0,0,25.1,6.9,117.14
2012,7,10,22,30,0,0,0,25,6.5,126.78
2012,7,10,23,30,0,0,0,24.900000000000002,6.2,133.72
2012,7,11,0,30,0,0,0,24.8,5.9,136.66
2012,7,11,1,30,0,0,0,24.6,5.7,134.8
2012,7,11,2,30,0,0,0,24.5,5.6000000000000005,128.66
2012,7,11,3,30,0,0,0,24.400000000000002,5.5,119.53
2012,7,11,4,30,0,0,0,24.3,5.5,108.55
2012,7,11,5,30,0,0,0,24.400000000000002,5.6000000000000005,96.46000000000001
2012,7,11,6,30,73,380,30,24.700000000000003,5.9,83.55
2012,7,11,7,30,287,682,58,25,6.1000000000000005,70.42
2012,7,11,8,30,515,807,74,25.400000000000002,6.1000000000000005,56.93
2012,7,11,9,30,720,871,85,25.700000000000003,6,43.25
2012,7,11,10,30,460,57,410,26,5.9,29.43
2012,7,11,11,30,271,1,271,26.200000000000003,5.9,15.55
2012,7,11,12,30,139,0,139,26.400000000000002,5.9,1.73
2012,7,11,13,30,127,0,127,26.5,6,12.35
2012,7,11,14,30,180,0,180,26.5,6,26.25
2012,7,11,15,30,483,119,392,26.5,6,40.09
2012,7,11,16,30,558,799,86,26.3,6.2,53.81
2012,7,11,17,30,333,681,71,26,6.4,67.36
2012,7,11,18,30,113,426,43,25.700000000000003,6.6000000000000005,80.61
2012,7,11,19,30,0,0,0,25.5,6.800000000000001,93.61
2012,7,11,20,30,0,0,0,25.3,6.9,105.9
2012,7,11,21,30,0,0,0,25.1,6.800000000000001,117.21000000000001
2012,7,11,22,30,0,0,0,25,6.6000000000000005,126.87
2012,7,11,23,30,0,0,0,24.900000000000002,6.2,133.84
2012,7,12,0,30,0,0,0,24.700000000000003,5.9,136.8
2012,7,12,1,30,0,0,0,24.6,5.7,134.94
2012,7,12,2,30,0,0,0,24.5,5.6000000000000005,128.79
2012,7,12,3,30,0,0,0,24.400000000000002,5.5,119.65
2012,7,12,4,30,0,0,0,24.400000000000002,5.7,108.66
2012,7,12,5,30,0,0,0,24.400000000000002,6,96.55
2012,7,12,6,30,73,389,30,24.6,6.300000000000001,83.63
2012,7,12,7,30,288,699,55,24.900000000000002,6.4,70.49
2012,7,12,8,30,138,0,138,25.1,6.2,56.99
2012,7,12,9,30,724,892,75,25.400000000000002,6,43.300000000000004
2012,7,12,10,30,426,29,400,25.700000000000003,5.800000000000001,29.48
2012,7,12,11,30,346,2,345,26,5.7,15.58
2012,7,12,12,30,452,11,440,26.3,5.800000000000001,1.71
2012,7,12,13,30,1009,940,91,26.400000000000002,6,12.32
2012,7,12,14,30,915,920,90,26.400000000000002,6.2,26.23
2012,7,12,15,30,760,882,85,26.3,6.4,40.08
2012,7,12,16,30,560,816,78,26.1,6.7,53.81
2012,7,12,17,30,334,699,65,25.700000000000003,6.9,67.37
2012,7,12,18,30,113,438,41,25.400000000000002,7,80.63
2012,7,12,19,30,0,0,0,25.200000000000003,7,93.65
2012,7,12,20,30,0,0,0,25.1,6.9,105.96000000000001
2012,7,12,21,30,0,0,0,25.1,6.7,117.28
2012,7,12,22,30,0,0,0,25.1,6.4,126.97
2012,7,12,23,30,0,0,0,25,6.1000000000000005,133.97
2012,7,13,0,30,0,0,0,24.900000000000002,6,136.95000000000002
2012,7,13,1,30,0,0,0,24.8,6.1000000000000005,135.09
2012,7,13,2,30,0,0,0,24.8,6.2,128.93
2012,7,13,3,30,0,0,0,24.8,6.4,119.77
2012,7,13,4,30,0,0,0,24.900000000000002,6.5,108.76
2012,7,13,5,30,0,0,0,25,6.7,96.64
2012,7,13,6,30,67,328,31,25.200000000000003,7,83.71000000000001
2012,7,13,7,30,14,0,14,25.5,7.300000000000001,70.55
2012,7,13,8,30,500,776,78,25.900000000000002,7.6000000000000005,57.050000000000004
2012,7,13,9,30,702,842,90,26.200000000000003,7.800000000000001,43.35
2012,7,13,10,30,865,881,98,26.400000000000002,8.1,29.52
2012,7,13,11,30,969,889,113,26.6,8.200000000000001,15.610000000000001
2012,7,13,12,30,373,2,371,26.700000000000003,8.200000000000001,1.7
2012,7,13,13,30,984,887,117,26.700000000000003,8.200000000000001,12.3
2012,7,13,14,30,892,866,115,26.6,8.4,26.22
2012,7,13,15,30,741,826,109,26.5,8.6,40.07
2012,7,13,16,30,547,764,96,26.3,8.700000000000001,53.82
2012,7,13,17,30,326,650,76,26.1,8.8,67.38
2012,7,13,18,30,109,395,45,25.8,8.700000000000001,80.66
2012,7,13,19,30,0,0,0,25.5,8.700000000000001,93.69
2012,7,13,20,30,0,0,0,25.400000000000002,8.700000000000001,106.01
2012,7,13,21,30,0,0,0,25.400000000000002,8.8,117.36
2012,7,13,22,30,0,0,0,25.400000000000002,8.8,127.07000000000001
2012,7,13,23,30,0,0,0,25.3,8.6,134.1
2012,7,14,0,30,0,0,0,25.3,8.3,137.1
2012,7,14,1,30,0,0,0,25.200000000000003,7.9,135.24
2012,7,14,2,30,0,0,0,25.200000000000003,7.6000000000000005,129.07
2012,7,14,3,30,0,0,0,25.1,7.300000000000001,119.89
2012,7,14,4,30,0,0,0,25.1,7.2,108.86
2012,7,14,5,30,0,0,0,25.200000000000003,7.2,96.73
2012,7,14,6,30,64,270,35,25.400000000000002,7.300000000000001,83.78
2012,7,14,7,30,271,602,71,25.700000000000003,7.4,70.62
2012,7,14,8,30,496,744,92,26.1,7.4,57.11
2012,7,14,9,30,701,818,106,26.400000000000002,7.300000000000001,43.39
2012,7,14,10,30,866,862,117,26.6,7.1000000000000005,29.55
2012,7,14,11,30,980,907,107,26.8,7,15.64
2012,7,14,12,30,1023,916,108,26.900000000000002,7,1.7
2012,7,14,13,30,999,913,107,26.900000000000002,7.1000000000000005,12.280000000000001
2012,7,14,14,30,907,899,100,26.900000000000002,7.300000000000001,26.21
2012,7,14,15,30,756,866,93,26.700000000000003,7.6000000000000005,40.07
2012,7,14,16,30,557,804,83,26.400000000000002,7.800000000000001,53.82
2012,7,14,17,30,332,686,68,26.1,7.7,67.4
2012,7,14,18,30,111,424,42,25.8,7.4,80.68
2012,7,14,19,30,0,0,0,25.6,7.2,93.73
2012,7,14,20,30,0,0,0,25.5,7.1000000000000005,106.07000000000001
2012,7,14,21,30,0,0,0,25.400000000000002,6.9,117.44
2012,7,14,22,30,0,0,0,25.3,6.7,127.18
2012,7,14,23,30,0,0,0,25.3,6.7,134.24
2012,7,15,0,30,0,0,0,25.1,6.9,137.26
2012,7,15,1,30,0,0,0,25,7,135.4
2012,7,15,2,30,0,0,0,24.8,6.9,129.21
2012,7,15,3,30,0,0,0,24.700000000000003,6.7,120.01
2012,7,15,4,30,0,0,0,24.700000000000003,6.5,108.97
2012,7,15,5,30,0,0,0,24.700000000000003,6.5,96.82000000000001
2012,7,15,6,30,37,0,37,24.900000000000002,6.6000000000000005,83.86
2012,7,15,7,30,280,661,61,25.1,6.6000000000000005,70.69
2012,7,15,8,30,509,798,76,25.3,6.7,57.160000000000004
2012,7,15,9,30,716,865,87,25.6,6.800000000000001,43.44
2012,7,15,10,30,190,0,190,25.900000000000002,6.9,29.59
2012,7,15,11,30,987,917,104,26.1,6.9,15.67
2012,7,15,12,30,767,253,514,26.200000000000003,7,1.71
2012,7,15,13,30,441,13,429,26.200000000000003,7.1000000000000005,12.26
2012,7,15,14,30,906,900,98,26.200000000000003,7.300000000000001,26.2
2012,7,15,15,30,470,113,384,26.1,7.7,40.07
2012,7,15,16,30,366,99,308,25.900000000000002,8,53.83
2012,7,15,17,30,80,0,80,25.700000000000003,8.1,67.42
2012,7,15,18,30,87,44,80,25.5,8,80.72
2012,7,15,19,30,0,0,0,25.400000000000002,7.9,93.78
2012,7,15,20,30,0,0,0,25.3,7.6000000000000005,106.14
2012,7,15,21,30,0,0,0,25.200000000000003,7.300000000000001,117.53
2012,7,15,22,30,0,0,0,25.1,7.1000000000000005,127.3
2012,7,15,23,30,0,0,0,25.1,6.9,134.38
2012,7,16,0,30,0,0,0,25,6.7,137.42000000000002
2012,7,16,1,30,0,0,0,25,6.6000000000000005,135.57
2012,7,16,2,30,0,0,0,25,6.4,129.36
2012,7,16,3,30,0,0,0,24.900000000000002,6.4,120.14
2012,7,16,4,30,0,0,0,24.900000000000002,6.300000000000001,109.08
2012,7,16,5,30,0,0,0,25,6.2,96.91
2012,7,16,6,30,65,331,30,25.200000000000003,6.2,83.94
2012,7,16,7,30,274,653,59,25.5,6,70.75
2012,7,16,8,30,500,791,72,25.8,5.800000000000001,57.22
2012,7,16,9,30,703,857,81,26.1,5.6000000000000005,43.49
2012,7,16,10,30,864,892,89,26.400000000000002,5.5,29.63
2012,7,16,11,30,962,883,112,26.6,5.6000000000000005,15.700000000000001
2012,7,16,12,30,1004,888,116,26.6,6,1.73
2012,7,16,13,30,978,881,116,26.6,6.4,12.25
2012,7,16,14,30,564,142,437,26.6,6.800000000000001,26.19
2012,7,16,15,30,169,0,169,26.5,7.2,40.07
2012,7,16,16,30,120,0,120,26.3,7.6000000000000005,53.85
2012,7,16,17,30,322,648,73,26,7.7,67.45
2012,7,16,18,30,106,387,44,25.8,7.800000000000001,80.75
2012,7,16,19,30,0,0,0,25.5,7.800000000000001,93.83
2012,7,16,20,30,0,0,0,25.400000000000002,7.800000000000001,106.21000000000001
2012,7,16,21,30,0,0,0,25.3,7.800000000000001,117.62
2012,7,16,22,30,0,0,0,25.3,7.7,127.42
2012,7,16,23,30,0,0,0,25.200000000000003,7.6000000000000005,134.53
2012,7,17,0,30,0,0,0,25.1,7.4,137.59
2012,7,17,1,30,0,0,0,25,7.300000000000001,135.74
2012,7,17,2,30,0,0,0,25,7.2,129.51
2012,7,17,3,30,0,0,0,24.900000000000002,7.1000000000000005,120.27
2012,7,17,4,30,0,0,0,24.8,7.1000000000000005,109.19
2012,7,17,5,30,0,0,0,24.8,7.1000000000000005,97.01
2012,7,17,6,30,63,295,32,25,7.300000000000001,84.01
2012,7,17,7,30,271,628,65,25.3,7.300000000000001,70.82000000000001
2012,7,17,8,30,498,771,81,25.6,7.4,57.27
2012,7,17,9,30,702,837,95,25.900000000000002,7.4,43.53
2012,7,17,10,30,417,28,393,26.200000000000003,7.4,29.67
2012,7,17,11,30,972,897,109,26.3,7.5,15.73
2012,7,17,12,30,432,8,424,26.400000000000002,7.6000000000000005,1.77
2012,7,17,13,30,985,888,117,26.400000000000002,7.7,12.24
2012,7,17,14,30,892,868,113,26.3,7.9,26.19
2012,7,17,15,30,741,831,105,26.200000000000003,8,40.08
2012,7,17,16,30,544,765,93,26,8.200000000000001,53.86
2012,7,17,17,30,320,637,77,25.700000000000003,8.3,67.47
2012,7,17,18,30,104,355,47,25.5,8.200000000000001,80.79
2012,7,17,19,30,0,0,0,25.3,8.1,93.88
2012,7,17,20,30,0,0,0,25.3,8,106.29
2012,7,17,21,30,0,0,0,25.200000000000003,7.9,117.72
2012,7,17,22,30,0,0,0,25.200000000000003,7.6000000000000005,127.54
2012,7,17,23,30,0,0,0,25.200000000000003,7.300000000000001,134.69
2012,7,18,0,30,0,0,0,25.200000000000003,7.1000000000000005,137.76
2012,7,18,1,30,0,0,0,25.200000000000003,6.9,135.91
2012,7,18,2,30,0,0,0,25.200000000000003,6.9,129.67000000000002
2012,7,18,3,30,0,0,0,25.200000000000003,6.9,120.4
2012,7,18,4,30,0,0,0,25.200000000000003,7,109.3
2012,7,18,5,30,0,0,0,25.200000000000003,7.2,97.10000000000001
2012,7,18,6,30,60,265,32,25.400000000000002,7.5,84.09
2012,7,18,7,30,264,601,68,25.700000000000003,7.6000000000000005,70.88
2012,7,18,8,30,226,13,219,26,7.6000000000000005,57.33
2012,7,18,9,30,694,818,101,26.200000000000003,7.6000000000000005,43.58
2012,7,18,10,30,857,859,112,26.400000000000002,7.6000000000000005,29.71
2012,7,18,11,30,964,874,122,26.6,7.6000000000000005,15.76
2012,7,18,12,30,1006,880,126,26.700000000000003,7.7,1.83
2012,7,18,13,30,979,872,127,26.700000000000003,7.800000000000001,12.23
2012,7,18,14,30,894,879,105,26.6,7.9,26.19
2012,7,18,15,30,742,839,100,26.5,8.1,40.09
2012,7,18,16,30,545,772,90,26.3,8.200000000000001,53.88
2012,7,18,17,30,321,647,74,26,8.200000000000001,67.5
2012,7,18,18,30,104,371,45,25.8,8.200000000000001,80.84
2012,7,18,19,30,0,0,0,25.6,8,93.95
2012,7,18,20,30,0,0,0,25.400000000000002,7.9,106.36
2012,7,18,21,30,0,0,0,25.400000000000002,7.6000000000000005,117.82000000000001
2012,7,18,22,30,0,0,0,25.3,7.300000000000001,127.68
2012,7,18,23,30,0,0,0,25.200000000000003,7,134.85
2012,7,19,0,30,0,0,0,25.1,6.7,137.95000000000002
2012,7,19,1,30,0,0,0,25.1,6.6000000000000005,136.09
2012,7,19,2,30,0,0,0,25,6.6000000000000005,129.83
2012,7,19,3,30,0,0,0,24.900000000000002,6.7,120.54
2012,7,19,4,30,0,0,0,24.900000000000002,6.800000000000001,109.41
2012,7,19,5,30,0,0,0,24.900000000000002,7,97.2
2012,7,19,6,30,63,321,30,25,7.300000000000001,84.17
2012,7,19,7,30,10,0,10,25.200000000000003,7.5,70.95
2012,7,19,8,30,78,0,78,25.5,7.5,57.38
2012,7,19,9,30,716,867,89,25.8,7.4,43.62
2012,7,19,10,30,883,904,98,26,7.300000000000001,29.740000000000002
2012,7,19,11,30,996,934,96,26.3,7.2,15.790000000000001
2012,7,19,12,30,1037,940,98,26.400000000000002,7.1000000000000005,1.9000000000000001
2012,7,19,13,30,1011,935,98,26.5,7,12.24
2012,7,19,14,30,916,917,93,26.400000000000002,6.9,26.2
2012,7,19,15,30,761,885,85,26.3,6.9,40.11
2012,7,19,16,30,562,828,74,26.1,6.800000000000001,53.910000000000004
2012,7,19,17,30,334,717,61,25.8,6.7,67.54
2012,7,19,18,30,112,470,37,25.5,6.5,80.89
2012,7,19,19,30,0,0,0,25.3,6.300000000000001,94.01
2012,7,19,20,30,0,0,0,25.1,6.1000000000000005,106.45
2012,7,19,21,30,0,0,0,25,6,117.93
2012,7,19,22,30,0,0,0,24.900000000000002,5.800000000000001,127.81
2012,7,19,23,30,0,0,0,24.8,5.6000000000000005,135.02
2012,7,20,0,30,0,0,0,24.700000000000003,5.300000000000001,138.13
2012,7,20,1,30,0,0,0,24.700000000000003,4.9,136.27
2012,7,20,2,30,0,0,0,24.6,4.5,129.99
2012,7,20,3,30,0,0,0,24.700000000000003,4.3,120.68
2012,7,20,4,30,0,0,0,24.700000000000003,4.2,109.53
2012,7,20,5,30,0,0,0,24.8,4.1000000000000005,97.29
2012,7,20,6,30,63,355,27,24.900000000000002,4,84.24
2012,7,20,7,30,48,0,48,25.1,4,71.02
2012,7,20,8,30,506,820,64,25.3,4,57.44
2012,7,20,9,30,714,887,72,25.6,3.9000000000000004,43.67
2012,7,20,10,30,882,927,77,25.900000000000002,3.9000000000000004,29.78
2012,7,20,11,30,991,936,90,26.3,3.9000000000000004,15.82
2012,7,20,12,30,1035,946,90,26.5,3.9000000000000004,1.99
2012,7,20,13,30,1009,942,88,26.700000000000003,3.9000000000000004,12.24
2012,7,20,14,30,916,928,83,26.8,3.9000000000000004,26.21
2012,7,20,15,30,762,896,77,26.8,3.9000000000000004,40.12
2012,7,20,16,30,562,837,70,26.700000000000003,4,53.94
2012,7,20,17,30,336,730,57,26.400000000000002,4.2,67.58
2012,7,20,18,30,112,485,35,26.1,4.4,80.94
2012,7,20,19,30,0,0,0,25.700000000000003,4.6000000000000005,94.08
2012,7,20,20,30,0,0,0,25.5,4.7,106.54
2012,7,20,21,30,0,0,0,25.3,4.7,118.05
2012,7,20,22,30,0,0,0,25.1,4.4,127.96000000000001
2012,7,20,23,30,0,0,0,24.900000000000002,3.9000000000000004,135.19
2012,7,21,0,30,0,0,0,24.8,3.4000000000000004,138.33
2012,7,21,1,30,0,0,0,24.700000000000003,3,136.46
2012,7,21,2,30,0,0,0,24.6,2.8000000000000003,130.15
2012,7,21,3,30,0,0,0,24.6,2.5,120.81
2012,7,21,4,30,0,0,0,24.6,2.3000000000000003,109.64
2012,7,21,5,30,0,0,0,24.700000000000003,2.2,97.39
2012,7,21,6,30,63,366,27,25,2.2,84.32000000000001
2012,7,21,7,30,137,8,134,25.400000000000002,2.2,71.08
2012,7,21,8,30,505,814,68,25.8,2.2,57.49
2012,7,21,9,30,714,882,77,26.3,2,43.71
2012,7,21,10,30,263,1,263,26.6,1.9000000000000001,29.82
2012,7,21,11,30,519,66,455,26.8,1.7000000000000002,15.860000000000001
2012,7,21,12,30,621,126,494,26.900000000000002,1.6,2.09
2012,7,21,13,30,552,90,464,26.900000000000002,1.4000000000000001,12.26
2012,7,21,14,30,416,17,400,26.900000000000002,1.4000000000000001,26.22
2012,7,21,15,30,761,890,80,26.8,1.5,40.15
2012,7,21,16,30,402,167,304,26.700000000000003,1.8,53.97
2012,7,21,17,30,334,724,58,26.5,2.2,67.62
2012,7,21,18,30,111,480,36,26.200000000000003,2.8000000000000003,81
2012,7,21,19,30,0,0,0,26,3.3000000000000003,94.15
2012,7,21,20,30,0,0,0,25.700000000000003,3.7,106.63
2012,7,21,21,30,0,0,0,25.5,4,118.17
2012,7,21,22,30,0,0,0,25.400000000000002,4.3,128.11
2012,7,21,23,30,0,0,0,25.3,4.5,135.37
2012,7,22,0,30,0,0,0,25.200000000000003,4.5,138.52
2012,7,22,1,30,0,0,0,25.200000000000003,4.4,136.65
2012,7,22,2,30,0,0,0,25.1,4.1000000000000005,130.32
2012,7,22,3,30,0,0,0,25.1,3.8000000000000003,120.96000000000001
2012,7,22,4,30,0,0,0,25.1,3.7,109.76
2012,7,22,5,30,0,0,0,25.200000000000003,3.7,97.48
2012,7,22,6,30,62,361,26,25.400000000000002,3.8000000000000003,84.4
2012,7,22,7,30,274,685,53,25.700000000000003,3.8000000000000003,71.15
2012,7,22,8,30,504,816,66,26,3.7,57.550000000000004
2012,7,22,9,30,713,884,75,26.3,3.6,43.76
2012,7,22,10,30,880,922,81,26.700000000000003,3.4000000000000004,29.85
2012,7,22,11,30,988,929,95,27,3.3000000000000003,15.89
2012,7,22,12,30,1035,939,96,27.200000000000003,3.2,2.2
2012,7,22,13,30,1007,933,95,27.3,3.3000000000000003,12.280000000000001
2012,7,22,14,30,914,919,89,27.400000000000002,3.5,26.240000000000002
2012,7,22,15,30,760,884,84,27.3,3.8000000000000003,40.17
2012,7,22,16,30,560,824,75,27.1,4.1000000000000005,54
2012,7,22,17,30,331,711,61,26.700000000000003,4.4,67.67
2012,7,22,18,30,108,456,37,26.400000000000002,4.7,81.06
2012,7,22,19,30,0,0,0,26.1,5,94.23
2012,7,22,20,30,0,0,0,25.900000000000002,5.4,106.73
2012,7,22,21,30,0,0,0,25.8,5.800000000000001,118.29
2012,7,22,22,30,0,0,0,25.700000000000003,5.9,128.26
2012,7,22,23,30,0,0,0,25.700000000000003,6,135.56
2012,7,23,0,30,0,0,0,25.700000000000003,5.9,138.73
2012,7,23,1,30,0,0,0,25.6,5.800000000000001,136.85
2012,7,23,2,30,0,0,0,25.6,5.7,130.5
2012,7,23,3,30,0,0,0,25.5,5.6000000000000005,121.10000000000001
2012,7,23,4,30,0,0,0,25.5,5.6000000000000005,109.88
2012,7,23,5,30,0,0,0,25.5,5.7,97.58
2012,7,23,6,30,34,0,34,25.6,5.800000000000001,84.48
2012,7,23,7,30,170,31,160,25.8,6,71.21000000000001
2012,7,23,8,30,497,784,77,26.1,6,57.6
2012,7,23,9,30,397,79,339,26.400000000000002,5.9,43.800000000000004
2012,7,23,10,30,873,896,96,26.8,5.9,29.89
2012,7,23,11,30,981,908,108,27.1,5.9,15.92
2012,7,23,12,30,1024,915,110,27.3,5.800000000000001,2.33
2012,7,23,13,30,753,260,499,27.400000000000002,5.800000000000001,12.3
2012,7,23,14,30,648,203,466,27.400000000000002,6,26.27
2012,7,23,15,30,752,857,98,27.400000000000002,6.2,40.2
2012,7,23,16,30,552,793,86,27.1,6.5,54.04
2012,7,23,17,30,326,676,70,26.8,6.800000000000001,67.72
2012,7,23,18,30,104,403,42,26.400000000000002,7,81.12
2012,7,23,19,30,0,0,0,26,7.1000000000000005,94.31
2012,7,23,20,30,0,0,0,25.8,7.1000000000000005,106.83
2012,7,23,21,30,0,0,0,25.6,7,118.42
2012,7,23,22,30,0,0,0,25.5,7,128.42000000000002
2012,7,23,23,30,0,0,0,25.400000000000002,6.800000000000001,135.75
2012,7,24,0,30,0,0,0,25.3,6.800000000000001,138.94
2012,7,24,1,30,0,0,0,25.3,6.800000000000001,137.05
2012,7,24,2,30,0,0,0,25.200000000000003,6.800000000000001,130.67000000000002
2012,7,24,3,30,0,0,0,25.1,6.9,121.24000000000001
2012,7,24,4,30,0,0,0,25.1,7,109.99000000000001
2012,7,24,5,30,0,0,0,25.200000000000003,7.1000000000000005,97.67
2012,7,24,6,30,53,214,33,25.400000000000002,7.4,84.55
2012,7,24,7,30,256,562,76,25.8,7.5,71.28
2012,7,24,8,30,485,722,98,26.1,7.5,57.65
2012,7,24,9,30,469,124,379,26.3,7.5,43.84
2012,7,24,10,30,864,863,115,26.400000000000002,7.5,29.92
2012,7,24,11,30,979,908,106,26.5,7.5,15.96
2012,7,24,12,30,1021,908,114,26.6,7.5,2.48
2012,7,24,13,30,993,895,119,26.6,7.5,12.33
2012,7,24,14,30,904,895,102,26.6,7.6000000000000005,26.29
2012,7,24,15,30,750,858,95,26.5,7.7,40.24
2012,7,24,16,30,550,791,86,26.3,7.9,54.09
2012,7,24,17,30,323,669,70,26.1,8,67.78
2012,7,24,18,30,103,400,41,25.8,8.1,81.19
2012,7,24,19,30,0,0,0,25.6,8,94.4
2012,7,24,20,30,0,0,0,25.5,7.800000000000001,106.94
2012,7,24,21,30,0,0,0,25.400000000000002,7.5,118.55
2012,7,24,22,30,0,0,0,25.400000000000002,7.2,128.59
2012,7,24,23,30,0,0,0,25.200000000000003,6.9,135.95
2012,7,25,0,30,0,0,0,25.1,6.800000000000001,139.16
2012,7,25,1,30,0,0,0,25,6.7,137.26
2012,7,25,2,30,0,0,0,25,6.6000000000000005,130.85
2012,7,25,3,30,0,0,0,24.900000000000002,6.5,121.39
2012,7,25,4,30,0,0,0,25,6.4,110.11
2012,7,25,5,30,0,0,0,25.1,6.5,97.77
2012,7,25,6,30,57,315,28,25.400000000000002,6.800000000000001,84.63
2012,7,25,7,30,270,665,58,25.8,7,71.34
2012,7,25,8,30,503,803,74,26.200000000000003,7,57.7
2012,7,25,9,30,714,872,85,26.6,7,43.88
2012,7,25,10,30,884,910,95,26.900000000000002,7,29.96
2012,7,25,11,30,992,923,104,27.1,6.9,15.99
2012,7,25,12,30,1036,930,107,27.1,6.9,2.63
2012,7,25,13,30,1009,924,106,27.1,7,12.370000000000001
2012,7,25,14,30,915,908,101,27,7.2,26.330000000000002
2012,7,25,15,30,757,865,97,26.8,7.4,40.28
2012,7,25,16,30,554,797,87,26.6,7.6000000000000005,54.13
2012,7,25,17,30,325,675,71,26.200000000000003,7.800000000000001,67.84
2012,7,25,18,30,103,403,42,25.900000000000002,7.9,81.26
2012,7,25,19,30,0,0,0,25.6,7.9,94.49
2012,7,25,20,30,0,0,0,25.400000000000002,7.9,107.05
2012,7,25,21,30,0,0,0,25.3,7.7,118.69
2012,7,25,22,30,0,0,0,25.200000000000003,7.6000000000000005,128.76
2012,7,25,23,30,0,0,0,25,7.4,136.15
2012,7,26,0,30,0,0,0,24.900000000000002,7.2,139.38
2012,7,26,1,30,0,0,0,24.900000000000002,7,137.47
2012,7,26,2,30,0,0,0,24.8,6.7,131.03
2012,7,26,3,30,0,0,0,24.700000000000003,6.4,121.54
2012,7,26,4,30,0,0,0,24.700000000000003,6.2,110.23
2012,7,26,5,30,0,0,0,24.900000000000002,6.2,97.87
2012,7,26,6,30,57,334,26,25.200000000000003,6.300000000000001,84.71000000000001
2012,7,26,7,30,270,672,56,25.6,6.5,71.4
2012,7,26,8,30,503,811,70,25.900000000000002,6.6000000000000005,57.75
2012,7,26,9,30,712,879,79,26.3,6.7,43.93
2012,7,26,10,30,881,918,85,26.5,6.800000000000001,29.990000000000002
2012,7,26,11,30,991,936,91,26.700000000000003,6.800000000000001,16.03
2012,7,26,12,30,1035,942,94,26.8,6.800000000000001,2.8000000000000003
2012,7,26,13,30,1007,934,95,26.900000000000002,6.9,12.42
2012,7,26,14,30,912,911,96,26.8,7,26.36
2012,7,26,15,30,757,875,89,26.700000000000003,7.1000000000000005,40.32
2012,7,26,16,30,555,815,78,26.5,7.2,54.19
2012,7,26,17,30,327,697,64,26.200000000000003,7.2,67.9
2012,7,26,18,30,103,423,39,25.900000000000002,7.2,81.34
2012,7,26,19,30,0,0,0,25.6,7.2,94.59
2012,7,26,20,30,0,0,0,25.5,7.1000000000000005,107.17
2012,7,26,21,30,0,0,0,25.3,7,118.84
2012,7,26,22,30,0,0,0,25.200000000000003,6.800000000000001,128.94
2012,7,26,23,30,0,0,0,25.1,6.6000000000000005,136.36
2012,7,27,0,30,0,0,0,25,6.4,139.6
2012,7,27,1,30,0,0,0,25,6.300000000000001,137.68
2012,7,27,2,30,0,0,0,24.900000000000002,6.2,131.21
2012,7,27,3,30,0,0,0,24.8,6.2,121.69
2012,7,27,4,30,0,0,0,24.8,6.2,110.35000000000001
2012,7,27,5,30,0,0,0,24.900000000000002,6.4,97.96000000000001
2012,7,27,6,30,57,342,26,25.1,6.6000000000000005,84.78
2012,7,27,7,30,270,678,54,25.5,6.800000000000001,71.46000000000001
2012,7,27,8,30,502,815,68,25.8,6.800000000000001,57.800000000000004
2012,7,27,9,30,714,884,78,26.1,6.7,43.97
2012,7,27,10,30,881,921,84,26.3,6.5,30.03
2012,7,27,11,30,990,941,87,26.5,6.4,16.07
2012,7,27,12,30,1035,947,89,26.6,6.300000000000001,2.97
2012,7,27,13,30,1007,940,89,26.6,6.300000000000001,12.47
2012,7,27,14,30,909,913,92,26.5,6.300000000000001,26.41
2012,7,27,15,30,753,875,87,26.400000000000002,6.4,40.37
2012,7,27,16,30,551,809,79,26.200000000000003,6.5,54.24
2012,7,27,17,30,322,687,65,26,6.6000000000000005,67.97
2012,7,27,18,30,100,414,39,25.700000000000003,6.6000000000000005,81.42
2012,7,27,19,30,0,0,0,25.5,6.6000000000000005,94.69
2012,7,27,20,30,0,0,0,25.400000000000002,6.7,107.29
2012,7,27,21,30,0,0,0,25.400000000000002,6.7,118.99000000000001
2012,7,27,22,30,0,0,0,25.400000000000002,6.6000000000000005,129.12
2012,7,27,23,30,0,0,0,25.400000000000002,6.5,136.58
2012,7,28,0,30,0,0,0,25.400000000000002,6.4,139.84
2012,7,28,1,30,0,0,0,25.400000000000002,6.2,137.9
2012,7,28,2,30,0,0,0,25.3,6,131.4
2012,7,28,3,30,0,0,0,25.3,5.800000000000001,121.84
2012,7,28,4,30,0,0,0,25.3,5.7,110.47
2012,7,28,5,30,0,0,0,25.3,5.7,98.06
2012,7,28,6,30,53,295,27,25.400000000000002,6,84.86
2012,7,28,7,30,30,0,30,25.700000000000003,6.1000000000000005,71.53
2012,7,28,8,30,197,4,195,25.900000000000002,6.2,57.85
2012,7,28,9,30,105,0,105,26.1,6.1000000000000005,44.01
2012,7,28,10,30,535,132,420,26.3,6,30.060000000000002
2012,7,28,11,30,987,937,87,26.5,6,16.11
2012,7,28,12,30,1031,943,89,26.6,6.1000000000000005,3.16
2012,7,28,13,30,1005,938,89,26.700000000000003,6.300000000000001,12.530000000000001
2012,7,28,14,30,907,907,94,26.700000000000003,6.6000000000000005,26.46
2012,7,28,15,30,380,41,348,26.5,6.800000000000001,40.42
2012,7,28,16,30,552,815,76,26.3,7,54.300000000000004
2012,7,28,17,30,12,0,12,26,7.2,68.04
2012,7,28,18,30,102,448,36,25.700000000000003,7.300000000000001,81.51
2012,7,28,19,30,0,0,0,25.5,7.300000000000001,94.79
2012,7,28,20,30,0,0,0,25.400000000000002,7.4,107.42
2012,7,28,21,30,0,0,0,25.3,7.5,119.14
2012,7,28,22,30,0,0,0,25.3,7.5,129.31
2012,7,28,23,30,0,0,0,25.200000000000003,7.4,136.8
2012,7,29,0,30,0,0,0,25.200000000000003,7.2,140.07
2012,7,29,1,30,0,0,0,25.1,7,138.13
2012,7,29,2,30,0,0,0,25.1,6.800000000000001,131.59
2012,7,29,3,30,0,0,0,25.1,6.6000000000000005,121.99000000000001
2012,7,29,4,30,0,0,0,25.1,6.5,110.59
2012,7,29,5,30,0,0,0,25.1,6.7,98.16
2012,7,29,6,30,50,241,29,25.200000000000003,7,84.93
2012,7,29,7,30,256,607,65,25.400000000000002,7.2,71.59
2012,7,29,8,30,342,120,278,25.700000000000003,7.2,57.9
2012,7,29,9,30,498,171,375,25.900000000000002,7.1000000000000005,44.050000000000004
2012,7,29,10,30,467,67,409,26.200000000000003,7,30.1
2012,7,29,11,30,319,1,318,26.400000000000002,6.9,16.15
2012,7,29,12,30,858,424,434,26.6,6.800000000000001,3.35
2012,7,29,13,30,998,921,99,26.700000000000003,6.7,12.6
2012,7,29,14,30,904,907,92,26.8,6.6000000000000005,26.51
2012,7,29,15,30,750,872,87,26.8,6.6000000000000005,40.47
2012,7,29,16,30,549,810,78,26.6,6.800000000000001,54.370000000000005
2012,7,29,17,30,321,694,63,26.400000000000002,6.9,68.11
2012,7,29,18,30,99,418,38,26.1,6.9,81.60000000000001
2012,7,29,19,30,0,0,0,25.8,7,94.9
2012,7,29,20,30,0,0,0,25.700000000000003,7,107.55
2012,7,29,21,30,0,0,0,25.5,7.1000000000000005,119.3
2012,7,29,22,30,0,0,0,25.400000000000002,7.1000000000000005,129.5
2012,7,29,23,30,0,0,0,25.3,7,137.02
2012,7,30,0,30,0,0,0,25.3,6.9,140.31
2012,7,30,1,30,0,0,0,25.200000000000003,6.800000000000001,138.35
2012,7,30,2,30,0,0,0,25.200000000000003,6.800000000000001,131.78
2012,7,30,3,30,0,0,0,25.200000000000003,6.7,122.14
2012,7,30,4,30,0,0,0,25.200000000000003,6.7,110.71000000000001
2012,7,30,5,30,0,0,0,25.200000000000003,6.800000000000001,98.25
2012,7,30,6,30,51,281,27,25.400000000000002,7,85.01
2012,7,30,7,30,260,637,59,25.700000000000003,7.1000000000000005,71.65
2012,7,30,8,30,490,779,77,25.900000000000002,7.1000000000000005,57.95
2012,7,30,9,30,307,10,300,26.200000000000003,7,44.09
2012,7,30,10,30,864,886,99,26.5,7,30.13
2012,7,30,11,30,975,912,99,26.700000000000003,7,16.2
2012,7,30,12,30,1016,915,103,26.900000000000002,7.1000000000000005,3.5500000000000003
2012,7,30,13,30,988,907,103,26.900000000000002,7.300000000000001,12.68
2012,7,30,14,30,890,879,104,26.900000000000002,7.4,26.57
2012,7,30,15,30,735,837,99,26.8,7.7,40.53
2012,7,30,16,30,241,11,234,26.6,7.9,54.44
2012,7,30,17,30,308,636,72,26.3,8.1,68.19
2012,7,30,18,30,91,341,42,26,8.1,81.69
2012,7,30,19,30,0,0,0,25.8,8.1,95.01
2012,7,30,20,30,0,0,0,25.700000000000003,8,107.69
2012,7,30,21,30,0,0,0,25.6,7.9,119.46000000000001
2012,7,30,22,30,0,0,0,25.6,7.7,129.7
2012,7,30,23,30,0,0,0,25.5,7.6000000000000005,137.26
2012,7,31,0,30,0,0,0,25.400000000000002,7.6000000000000005,140.56
2012,7,31,1,30,0,0,0,25.400000000000002,7.5,138.58
2012,7,31,2,30,0,0,0,25.3,7.4,131.97
2012,7,31,3,30,0,0,0,25.400000000000002,7.300000000000001,122.29
2012,7,31,4,30,0,0,0,25.400000000000002,7.2,110.84
2012,7,31,5,30,0,0,0,25.400000000000002,7.300000000000001,98.35000000000001
2012,7,31,6,30,28,1,28,25.6,7.4,85.08
2012,7,31,7,30,245,546,73,25.900000000000002,7.5,71.71000000000001
2012,7,31,8,30,471,708,96,26.200000000000003,7.6000000000000005,58
2012,7,31,9,30,112,0,112,26.400000000000002,7.6000000000000005,44.13
2012,7,31,10,30,492,107,399,26.6,7.5,30.17
2012,7,31,11,30,955,862,128,26.8,7.5,16.25
2012,7,31,12,30,998,866,134,26.900000000000002,7.6000000000000005,3.7600000000000002
2012,7,31,13,30,971,855,137,27,7.6000000000000005,12.77
2012,7,31,14,30,888,873,107,27,7.6000000000000005,26.63
2012,7,31,15,30,733,831,102,26.900000000000002,7.6000000000000005,40.6
2012,7,31,16,30,533,762,91,26.700000000000003,7.6000000000000005,54.51
2012,7,31,17,30,307,630,74,26.400000000000002,7.6000000000000005,68.28
2012,7,31,18,30,90,338,42,26.1,7.4,81.79
2012,7,31,19,30,0,0,0,25.900000000000002,7.2,95.13
2012,7,31,20,30,0,0,0,25.900000000000002,7,107.83
2012,7,31,21,30,0,0,0,25.8,6.7,119.63
2012,7,31,22,30,0,0,0,25.8,6.5,129.9
2012,7,31,23,30,0,0,0,25.700000000000003,6.300000000000001,137.49
2012,8,1,0,30,0,0,0,25.6,6.1000000000000005,140.82
2012,8,1,1,30,0,0,0,25.6,6.1000000000000005,138.82
2012,8,1,2,30,0,0,0,25.6,6,132.16
2012,8,1,3,30,0,0,0,25.6,6,122.45
2012,8,1,4,30,0,0,0,25.6,5.9,110.96000000000001
2012,8,1,5,30,0,0,0,25.700000000000003,6,98.44
2012,8,1,6,30,47,230,28,25.900000000000002,6.1000000000000005,85.16
2012,8,1,7,30,69,0,69,26.1,6.2,71.77
2012,8,1,8,30,217,11,211,26.5,6.2,58.050000000000004
2012,8,1,9,30,692,832,95,26.700000000000003,6.1000000000000005,44.17
2012,8,1,10,30,860,875,104,27,6.1000000000000005,30.21
2012,8,1,11,30,968,890,114,27.200000000000003,6.1000000000000005,16.3
2012,8,1,12,30,1012,898,117,27.3,6.2,3.98
2012,8,1,13,30,984,890,117,27.400000000000002,6.2,12.86
2012,8,1,14,30,889,870,112,27.400000000000002,6.300000000000001,26.7
2012,8,1,15,30,734,830,105,27.200000000000003,6.5,40.67
2012,8,1,16,30,533,759,94,27,6.7,54.59
2012,8,1,17,30,306,624,76,26.700000000000003,6.9,68.37
2012,8,1,18,30,88,323,43,26.3,7,81.89
2012,8,1,19,30,0,0,0,26,7.1000000000000005,95.25
2012,8,1,20,30,0,0,0,25.900000000000002,7.1000000000000005,107.97
2012,8,1,21,30,0,0,0,25.8,6.9,119.8
2012,8,1,22,30,0,0,0,25.700000000000003,6.6000000000000005,130.11
2012,8,1,23,30,0,0,0,25.6,6.300000000000001,137.74
2012,8,2,0,30,0,0,0,25.5,6,141.07
2012,8,2,1,30,0,0,0,25.400000000000002,5.800000000000001,139.06
2012,8,2,2,30,0,0,0,25.3,5.6000000000000005,132.36
2012,8,2,3,30,0,0,0,25.200000000000003,5.5,122.60000000000001
2012,8,2,4,30,0,0,0,25.200000000000003,5.4,111.08
2012,8,2,5,30,0,0,0,25.3,5.4,98.54
2012,8,2,6,30,49,301,24,25.5,5.6000000000000005,85.23
2012,8,2,7,30,259,658,53,25.8,5.7,71.83
2012,8,2,8,30,490,799,68,26.1,5.7,58.09
2012,8,2,9,30,701,868,79,26.400000000000002,5.7,44.2
2012,8,2,10,30,342,4,339,26.6,5.7,30.240000000000002
2012,8,2,11,30,399,6,393,26.8,5.7,16.35
2012,8,2,12,30,1020,922,101,27,5.7,4.21
2012,8,2,13,30,435,12,423,27.1,5.6000000000000005,12.96
2012,8,2,14,30,311,1,310,27.1,5.5,26.78
2012,8,2,15,30,499,142,391,27,5.5,40.74
2012,8,2,16,30,539,791,82,26.900000000000002,5.5,54.67
2012,8,2,17,30,311,669,65,26.700000000000003,5.6000000000000005,68.46000000000001
2012,8,2,18,30,62,6,61,26.400000000000002,5.7,81.99
2012,8,2,19,30,0,0,0,26.200000000000003,5.9,95.37
2012,8,2,20,30,0,0,0,26,6,108.12
2012,8,2,21,30,0,0,0,25.900000000000002,6.1000000000000005,119.98
2012,8,2,22,30,0,0,0,25.8,6.300000000000001,130.32
2012,8,2,23,30,0,0,0,25.700000000000003,6.4,137.98
2012,8,3,0,30,0,0,0,25.6,6.4,141.34
2012,8,3,1,30,0,0,0,25.400000000000002,6.5,139.3
2012,8,3,2,30,0,0,0,25.400000000000002,6.5,132.56
2012,8,3,3,30,0,0,0,25.3,6.5,122.76
2012,8,3,4,30,0,0,0,25.400000000000002,6.4,111.2
2012,8,3,5,30,0,0,0,25.5,6.2,98.63
2012,8,3,6,30,48,275,25,25.700000000000003,6.1000000000000005,85.3
2012,8,3,7,30,255,634,58,26,5.800000000000001,71.89
2012,8,3,8,30,486,781,73,26.3,5.5,58.14
2012,8,3,9,30,289,5,285,26.700000000000003,5.2,44.24
2012,8,3,10,30,624,213,441,27,5,30.28
2012,8,3,11,30,978,919,97,27.200000000000003,4.800000000000001,16.4
2012,8,3,12,30,944,662,283,27.400000000000002,4.4,4.44
2012,8,3,13,30,996,921,98,27.5,4.2,13.07
2012,8,3,14,30,901,905,93,27.5,4.1000000000000005,26.86
2012,8,3,15,30,745,868,88,27.400000000000002,4.3,40.82
2012,8,3,16,30,542,803,78,27.200000000000003,4.800000000000001,54.75
2012,8,3,17,30,245,262,149,26.900000000000002,5.300000000000001,68.56
2012,8,3,18,30,90,385,37,26.6,5.9,82.10000000000001
2012,8,3,19,30,0,0,0,26.3,6.4,95.5
2012,8,3,20,30,0,0,0,26,6.800000000000001,108.27
2012,8,3,21,30,0,0,0,25.8,7,120.16
2012,8,3,22,30,0,0,0,25.700000000000003,6.9,130.54
2012,8,3,23,30,0,0,0,25.6,6.7,138.24
2012,8,4,0,30,0,0,0,25.5,6.4,141.6
2012,8,4,1,30,0,0,0,25.400000000000002,6,139.54
2012,8,4,2,30,0,0,0,25.3,5.800000000000001,132.76
2012,8,4,3,30,0,0,0,25.1,5.7,122.92
2012,8,4,4,30,0,0,0,25,5.6000000000000005,111.32000000000001
2012,8,4,5,30,0,0,0,25.1,5.7,98.73
2012,8,4,6,30,48,308,23,25.3,5.9,85.37
2012,8,4,7,30,259,670,52,25.5,6,71.94
2012,8,4,8,30,492,810,65,25.900000000000002,5.9,58.19
2012,8,4,9,30,705,884,72,26.200000000000003,5.7,44.28
2012,8,4,10,30,874,924,77,26.6,5.5,30.32
2012,8,4,11,30,985,936,88,26.8,5.4,16.46
2012,8,4,12,30,1030,944,89,27.1,5.5,4.68
2012,8,4,13,30,1003,939,88,27.200000000000003,5.6000000000000005,13.19
2012,8,4,14,30,904,912,91,27.200000000000003,5.800000000000001,26.94
2012,8,4,15,30,747,874,87,27.1,6.1000000000000005,40.910000000000004
2012,8,4,16,30,543,806,78,26.900000000000002,6.4,54.84
2012,8,4,17,30,310,674,65,26.6,6.6000000000000005,68.66
2012,8,4,18,30,88,374,37,26.200000000000003,6.800000000000001,82.22
2012,8,4,19,30,0,0,0,25.900000000000002,6.9,95.64
2012,8,4,20,30,0,0,0,25.700000000000003,6.9,108.43
2012,8,4,21,30,0,0,0,25.5,6.7,120.35000000000001
2012,8,4,22,30,0,0,0,25.3,6.6000000000000005,130.76
2012,8,4,23,30,0,0,0,25.200000000000003,6.4,138.49
2012,8,5,0,30,0,0,0,25.1,6.1000000000000005,141.87
2012,8,5,1,30,0,0,0,25,5.9,139.79
2012,8,5,2,30,0,0,0,25,5.7,132.96
2012,8,5,3,30,0,0,0,24.900000000000002,5.6000000000000005,123.07000000000001
2012,8,5,4,30,0,0,0,24.900000000000002,5.5,111.44
2012,8,5,5,30,0,0,0,24.900000000000002,5.6000000000000005,98.82000000000001
2012,8,5,6,30,46,291,23,25.1,5.800000000000001,85.45
2012,8,5,7,30,254,648,54,25.5,5.800000000000001,72
2012,8,5,8,30,485,789,69,25.8,5.6000000000000005,58.230000000000004
2012,8,5,9,30,694,861,79,26.200000000000003,5.4,44.32
2012,8,5,10,30,863,901,85,26.5,5.2,30.36
2012,8,5,11,30,971,911,97,26.8,5,16.52
2012,8,5,12,30,1015,919,99,27.1,4.9,4.93
2012,8,5,13,30,989,916,98,27.3,4.7,13.31
2012,8,5,14,30,894,899,93,27.3,4.800000000000001,27.03
2012,8,5,15,30,739,865,86,27.3,4.9,41
2012,8,5,16,30,537,802,76,27,5.1000000000000005,54.94
2012,8,5,17,30,308,683,61,26.700000000000003,5.300000000000001,68.76
2012,8,5,18,30,87,399,34,26.3,5.5,82.33
2012,8,5,19,30,0,0,0,26,5.7,95.77
2012,8,5,20,30,0,0,0,25.8,5.7,108.59
2012,8,5,21,30,0,0,0,25.6,5.7,120.54
2012,8,5,22,30,0,0,0,25.5,5.5,130.99
2012,8,5,23,30,0,0,0,25.400000000000002,5.300000000000001,138.76
2012,8,6,0,30,0,0,0,25.3,5.1000000000000005,142.15
2012,8,6,1,30,0,0,0,25.200000000000003,4.9,140.04
2012,8,6,2,30,0,0,0,25.1,4.9,133.16
2012,8,6,3,30,0,0,0,25,4.9,123.23
2012,8,6,4,30,0,0,0,25,5,111.57000000000001
2012,8,6,5,30,0,0,0,25,5.1000000000000005,98.92
2012,8,6,6,30,47,319,22,25.200000000000003,5.2,85.52
2012,8,6,7,30,255,666,50,25.5,5.2,72.06
2012,8,6,8,30,485,799,65,25.900000000000002,5.1000000000000005,58.28
2012,8,6,9,30,695,866,77,26.3,4.9,44.36
2012,8,6,10,30,321,2,319,26.6,4.800000000000001,30.400000000000002
2012,8,6,11,30,497,54,445,26.8,4.800000000000001,16.59
2012,8,6,12,30,352,2,350,27,5,5.18
2012,8,6,13,30,990,923,93,27.1,5.4,13.450000000000001
2012,8,6,14,30,890,885,102,27.200000000000003,5.800000000000001,27.13
2012,8,6,15,30,733,845,96,27.1,6.2,41.09
2012,8,6,16,30,531,776,86,26.900000000000002,6.6000000000000005,55.04
2012,8,6,17,30,302,646,69,26.700000000000003,6.800000000000001,68.87
2012,8,6,18,30,83,343,38,26.400000000000002,7,82.46000000000001
2012,8,6,19,30,0,0,0,26.200000000000003,7.1000000000000005,95.91
2012,8,6,20,30,0,0,0,26.1,7.1000000000000005,108.75
2012,8,6,21,30,0,0,0,26,6.800000000000001,120.74000000000001
2012,8,6,22,30,0,0,0,26,6.5,131.22
2012,8,6,23,30,0,0,0,25.900000000000002,6.1000000000000005,139.02
2012,8,7,0,30,0,0,0,25.8,5.800000000000001,142.43
2012,8,7,1,30,0,0,0,25.700000000000003,5.5,140.3
2012,8,7,2,30,0,0,0,25.6,5.4,133.37
2012,8,7,3,30,0,0,0,25.400000000000002,5.4,123.39
2012,8,7,4,30,0,0,0,25.3,5.5,111.69
2012,8,7,5,30,0,0,0,25.200000000000003,5.800000000000001,99.01
2012,8,7,6,30,45,287,23,25.3,6.2,85.59
2012,8,7,7,30,257,659,54,25.6,6.5,72.11
2012,8,7,8,30,492,801,71,26,6.7,58.32
2012,8,7,9,30,706,873,83,26.3,6.800000000000001,44.4
2012,8,7,10,30,878,912,92,26.6,6.800000000000001,30.44
2012,8,7,11,30,992,930,100,26.900000000000002,6.7,16.66
2012,8,7,12,30,1035,935,105,27.1,6.6000000000000005,5.44
2012,8,7,13,30,1007,927,105,27.1,6.5,13.59
2012,8,7,14,30,912,921,93,27.200000000000003,6.5,27.240000000000002
2012,8,7,15,30,752,880,89,27.1,6.6000000000000005,41.19
2012,8,7,16,30,544,811,81,26.900000000000002,6.9,55.14
2012,8,7,17,30,309,677,66,26.5,7.300000000000001,68.98
2012,8,7,18,30,57,4,57,26.1,7.6000000000000005,82.58
2012,8,7,19,30,0,0,0,25.8,7.800000000000001,96.06
2012,8,7,20,30,0,0,0,25.6,7.800000000000001,108.92
2012,8,7,21,30,0,0,0,25.5,7.7,120.93
2012,8,7,22,30,0,0,0,25.400000000000002,7.5,131.45
2012,8,7,23,30,0,0,0,25.3,7.300000000000001,139.29
2012,8,8,0,30,0,0,0,25.3,7.1000000000000005,142.72
2012,8,8,1,30,0,0,0,25.3,6.9,140.55
2012,8,8,2,30,0,0,0,25.3,6.800000000000001,133.58
2012,8,8,3,30,0,0,0,25.3,6.7,123.55
2012,8,8,4,30,0,0,0,25.3,6.7,111.81
2012,8,8,5,30,0,0,0,25.3,6.800000000000001,99.10000000000001
2012,8,8,6,30,45,280,24,25.400000000000002,7.1000000000000005,85.66
2012,8,8,7,30,259,664,55,25.6,7.300000000000001,72.17
2012,8,8,8,30,496,809,72,26,7.4,58.370000000000005
2012,8,8,9,30,713,879,85,26.3,7.4,44.44
2012,8,8,10,30,396,13,385,26.6,7.300000000000001,30.48
2012,8,8,11,30,468,23,446,26.8,7.1000000000000005,16.73
2012,8,8,12,30,1041,940,106,26.900000000000002,6.9,5.71
2012,8,8,13,30,1013,936,104,27,6.7,13.74
2012,8,8,14,30,912,906,107,27.1,6.7,27.35
2012,8,8,15,30,391,47,356,27,6.7,41.29
2012,8,8,16,30,289,40,266,26.8,6.9,55.25
2012,8,8,17,30,307,663,70,26.5,7.1000000000000005,69.10000000000001
2012,8,8,18,30,82,345,38,26.200000000000003,7.300000000000001,82.71000000000001
2012,8,8,19,30,0,0,0,26,7.4,96.21000000000001
2012,8,8,20,30,0,0,0,25.8,7.4,109.09
2012,8,8,21,30,0,0,0,25.700000000000003,7.300000000000001,121.14
2012,8,8,22,30,0,0,0,25.6,7.1000000000000005,131.69
2012,8,8,23,30,0,0,0,25.5,6.7,139.57
2012,8,9,0,30,0,0,0,25.3,6.300000000000001,143.01
2012,8,9,1,30,0,0,0,25.200000000000003,5.800000000000001,140.81
2012,8,9,2,30,0,0,0,25.1,5.4,133.78
2012,8,9,3,30,0,0,0,25.1,5.1000000000000005,123.71000000000001
2012,8,9,4,30,0,0,0,25,5,111.93
2012,8,9,5,30,0,0,0,25.1,5.1000000000000005,99.2
2012,8,9,6,30,43,243,25,25.400000000000002,5.4,85.73
2012,8,9,7,30,253,627,61,25.700000000000003,5.7,72.23
2012,8,9,8,30,489,779,81,26.1,5.9,58.410000000000004
2012,8,9,9,30,704,858,92,26.400000000000002,6.1000000000000005,44.480000000000004
2012,8,9,10,30,693,306,430,26.700000000000003,6.1000000000000005,30.52
2012,8,9,11,30,992,933,98,26.900000000000002,6.1000000000000005,16.81
2012,8,9,12,30,1035,938,102,27,6.2,5.98
2012,8,9,13,30,1006,929,104,27.1,6.300000000000001,13.9
2012,8,9,14,30,910,917,96,27,6.5,27.46
2012,8,9,15,30,750,881,89,26.900000000000002,6.800000000000001,41.4
2012,8,9,16,30,542,814,79,26.6,7,55.36
2012,8,9,17,30,307,685,64,26.3,7.1000000000000005,69.22
2012,8,9,18,30,82,373,35,26,7.1000000000000005,82.84
2012,8,9,19,30,0,0,0,25.8,7,96.36
2012,8,9,20,30,0,0,0,25.6,6.800000000000001,109.27
2012,8,9,21,30,0,0,0,25.6,6.5,121.34
2012,8,9,22,30,0,0,0,25.5,6.2,131.94
2012,8,9,23,30,0,0,0,25.400000000000002,5.800000000000001,139.85
2012,8,10,0,30,0,0,0,25.3,5.5,143.3
2012,8,10,1,30,0,0,0,25.200000000000003,5.4,141.08
2012,8,10,2,30,0,0,0,25.1,5.300000000000001,133.99
2012,8,10,3,30,0,0,0,25,5.300000000000001,123.87
2012,8,10,4,30,0,0,0,25,5.300000000000001,112.05
2012,8,10,5,30,0,0,0,25,5.5,99.29
2012,8,10,6,30,44,269,24,25.3,5.800000000000001,85.79
2012,8,10,7,30,258,658,58,25.6,6.1000000000000005,72.28
2012,8,10,8,30,498,809,75,25.900000000000002,6.2,58.46
2012,8,10,9,30,715,882,86,26.200000000000003,6.300000000000001,44.52
2012,8,10,10,30,889,923,94,26.400000000000002,6.300000000000001,30.57
2012,8,10,11,30,1002,942,101,26.6,6.2,16.89
2012,8,10,12,30,664,169,496,26.8,6.1000000000000005,6.25
2012,8,10,13,30,1016,947,98,26.900000000000002,6,14.07
2012,8,10,14,30,916,933,89,26.900000000000002,6,27.580000000000002
2012,8,10,15,30,753,894,84,26.8,6,41.51
2012,8,10,16,30,543,828,74,26.700000000000003,6.1000000000000005,55.47
2012,8,10,17,30,307,702,59,26.3,6.2,69.34
2012,8,10,18,30,81,400,32,25.900000000000002,6.300000000000001,82.98
2012,8,10,19,30,0,0,0,25.6,6.2,96.52
2012,8,10,20,30,0,0,0,25.400000000000002,6.1000000000000005,109.45
2012,8,10,21,30,0,0,0,25.3,5.9,121.56
2012,8,10,22,30,0,0,0,25.200000000000003,5.6000000000000005,132.19
2012,8,10,23,30,0,0,0,25.1,5.300000000000001,140.14000000000001
2012,8,11,0,30,0,0,0,25,5.2,143.6
2012,8,11,1,30,0,0,0,25,5.2,141.34
2012,8,11,2,30,0,0,0,24.900000000000002,5.2,134.2
2012,8,11,3,30,0,0,0,24.900000000000002,5.4,124.03
2012,8,11,4,30,0,0,0,24.900000000000002,5.5,112.17
2012,8,11,5,30,0,0,0,24.900000000000002,5.7,99.38
2012,8,11,6,30,41,261,23,25,6,85.86
2012,8,11,7,30,251,643,56,25.200000000000003,6.1000000000000005,72.34
2012,8,11,8,30,72,0,72,25.5,6.2,58.5
2012,8,11,9,30,700,863,85,25.8,6.2,44.56
2012,8,11,10,30,871,904,93,26.1,6.1000000000000005,30.61
2012,8,11,11,30,985,939,87,26.400000000000002,6,16.97
2012,8,11,12,30,1030,947,89,26.6,5.9,6.54
2012,8,11,13,30,1002,941,89,26.700000000000003,6,14.25
2012,8,11,14,30,902,916,90,26.700000000000003,6.1000000000000005,27.71
2012,8,11,15,30,742,879,85,26.6,6.300000000000001,41.63
2012,8,11,16,30,535,812,75,26.400000000000002,6.5,55.59
2012,8,11,17,30,300,683,61,26.1,6.800000000000001,69.47
2012,8,11,18,30,77,373,33,25.8,7,83.12
2012,8,11,19,30,0,0,0,25.6,7.2,96.68
2012,8,11,20,30,0,0,0,25.5,7.4,109.63
2012,8,11,21,30,0,0,0,25.400000000000002,7.5,121.77
2012,8,11,22,30,0,0,0,25.3,7.5,132.44
2012,8,11,23,30,0,0,0,25.200000000000003,7.300000000000001,140.43
2012,8,12,0,30,0,0,0,25.200000000000003,7.1000000000000005,143.9
2012,8,12,1,30,0,0,0,25.1,6.800000000000001,141.61
2012,8,12,2,30,0,0,0,25.1,6.5,134.41
2012,8,12,3,30,0,0,0,25.200000000000003,6.2,124.19
2012,8,12,4,30,0,0,0,25.200000000000003,6,112.29
2012,8,12,5,30,0,0,0,25.200000000000003,6.1000000000000005,99.47
2012,8,12,6,30,42,286,22,25.400000000000002,6.2,85.93
2012,8,12,7,30,255,670,53,25.6,6.300000000000001,72.39
2012,8,12,8,30,493,817,66,25.900000000000002,6.300000000000001,58.550000000000004
2012,8,12,9,30,709,892,74,26.200000000000003,6.2,44.6
2012,8,12,10,30,881,931,80,26.5,6.1000000000000005,30.66
2012,8,12,11,30,993,952,83,26.8,6,17.06
2012,8,12,12,30,380,2,378,27,5.9,6.82
2012,8,12,13,30,1004,946,89,27.200000000000003,5.800000000000001,14.43
2012,8,12,14,30,902,917,92,27.3,5.800000000000001,27.84
2012,8,12,15,30,741,878,86,27.3,5.9,41.75
2012,8,12,16,30,117,0,117,27.1,6.1000000000000005,55.72
2012,8,12,17,30,66,0,66,26.8,6.300000000000001,69.60000000000001
2012,8,12,18,30,74,332,35,26.5,6.7,83.26
2012,8,12,19,30,0,0,0,26.200000000000003,7.1000000000000005,96.84
2012,8,12,20,30,0,0,0,26,7.2,109.82000000000001
2012,8,12,21,30,0,0,0,25.900000000000002,7.2,121.99000000000001
2012,8,12,22,30,0,0,0,25.8,7.1000000000000005,132.7
2012,8,12,23,30,0,0,0,25.700000000000003,7,140.73
2012,8,13,0,30,0,0,0,25.700000000000003,6.800000000000001,144.21
2012,8,13,1,30,0,0,0,25.6,6.6000000000000005,141.88
2012,8,13,2,30,0,0,0,25.5,6.5,134.63
2012,8,13,3,30,0,0,0,25.5,6.300000000000001,124.35000000000001
2012,8,13,4,30,0,0,0,25.400000000000002,6.2,112.41
2012,8,13,5,30,0,0,0,25.400000000000002,6.1000000000000005,99.56
2012,8,13,6,30,39,227,23,25.5,6.2,86
2012,8,13,7,30,247,626,59,25.8,6.300000000000001,72.44
2012,8,13,8,30,481,777,76,26,6.300000000000001,58.59
2012,8,13,9,30,695,853,88,26.3,6.300000000000001,44.64
2012,8,13,10,30,865,895,95,26.5,6.1000000000000005,30.71
2012,8,13,11,30,977,918,99,26.8,6,17.16
2012,8,13,12,30,1018,925,101,27,5.800000000000001,7.11
2012,8,13,13,30,988,918,100,27.200000000000003,5.7,14.620000000000001
2012,8,13,14,30,889,896,98,27.200000000000003,5.7,27.98
2012,8,13,15,30,728,854,92,27.200000000000003,5.800000000000001,41.88
2012,8,13,16,30,218,5,215,27,6.1000000000000005,55.85
2012,8,13,17,30,289,642,66,26.700000000000003,6.4,69.74
2012,8,13,18,30,70,311,34,26.3,6.7,83.41
2012,8,13,19,30,0,0,0,26.1,6.9,97.01
2012,8,13,20,30,0,0,0,25.900000000000002,7,110.01
2012,8,13,21,30,0,0,0,25.700000000000003,7.1000000000000005,122.21000000000001
2012,8,13,22,30,0,0,0,25.6,7.1000000000000005,132.96
2012,8,13,23,30,0,0,0,25.5,7.1000000000000005,141.02
2012,8,14,0,30,0,0,0,25.400000000000002,7.1000000000000005,144.52
2012,8,14,1,30,0,0,0,25.3,7,142.15
2012,8,14,2,30,0,0,0,25.200000000000003,6.9,134.84
2012,8,14,3,30,0,0,0,25.200000000000003,6.800000000000001,124.5
2012,8,14,4,30,0,0,0,25.3,6.7,112.53
2012,8,14,5,30,0,0,0,25.400000000000002,6.800000000000001,99.65
2012,8,14,6,30,38,212,24,25.6,7,86.06
2012,8,14,7,30,246,614,61,25.900000000000002,7.2,72.5
2012,8,14,8,30,166,1,166,26.3,7.300000000000001,58.63
2012,8,14,9,30,695,846,94,26.5,7.300000000000001,44.68
2012,8,14,10,30,868,891,102,26.700000000000003,7.300000000000001,30.76
2012,8,14,11,30,979,910,110,26.900000000000002,7.300000000000001,17.25
2012,8,14,12,30,1021,913,116,27,7.300000000000001,7.41
2012,8,14,13,30,990,901,119,27.1,7.4,14.82
2012,8,14,14,30,891,883,112,27,7.5,28.13
2012,8,14,15,30,729,840,105,26.900000000000002,7.6000000000000005,42.01
2012,8,14,16,30,521,764,93,26.700000000000003,7.800000000000001,55.980000000000004
2012,8,14,17,30,287,622,73,26.400000000000002,7.800000000000001,69.88
2012,8,14,18,30,68,282,36,26.1,7.800000000000001,83.56
2012,8,14,19,30,0,0,0,25.900000000000002,7.7,97.18
2012,8,14,20,30,0,0,0,25.8,7.6000000000000005,110.2
2012,8,14,21,30,0,0,0,25.8,7.5,122.44
2012,8,14,22,30,0,0,0,25.700000000000003,7.4,133.22
2012,8,14,23,30,0,0,0,25.6,7.5,141.33
2012,8,15,0,30,0,0,0,25.400000000000002,7.5,144.83
2012,8,15,1,30,0,0,0,25.200000000000003,7.5,142.43
2012,8,15,2,30,0,0,0,25.200000000000003,7.4,135.05
2012,8,15,3,30,0,0,0,25.200000000000003,7.4,124.66
2012,8,15,4,30,0,0,0,25.200000000000003,7.4,112.65
2012,8,15,5,30,0,0,0,25.3,7.5,99.74000000000001
2012,8,15,6,30,38,202,24,25.400000000000002,7.6000000000000005,86.13
2012,8,15,7,30,192,139,150,25.6,7.7,72.55
2012,8,15,8,30,153,0,153,25.900000000000002,7.7,58.68
2012,8,15,9,30,700,849,96,26.3,7.6000000000000005,44.72
2012,8,15,10,30,871,891,106,26.5,7.5,30.82
2012,8,15,11,30,662,183,488,26.700000000000003,7.4,17.36
2012,8,15,12,30,799,302,501,26.900000000000002,7.300000000000001,7.71
2012,8,15,13,30,1000,932,100,26.900000000000002,7.300000000000001,15.030000000000001
2012,8,15,14,30,898,904,102,26.900000000000002,7.300000000000001,28.28
2012,8,15,15,30,736,866,94,26.8,7.4,42.15
2012,8,15,16,30,525,796,82,26.6,7.4,56.120000000000005
2012,8,15,17,30,290,660,65,26.400000000000002,7.4,70.02
2012,8,15,18,30,68,322,33,26.1,7.300000000000001,83.71000000000001
2012,8,15,19,30,0,0,0,26,7.300000000000001,97.35000000000001
2012,8,15,20,30,0,0,0,25.900000000000002,7.300000000000001,110.4
2012,8,15,21,30,0,0,0,25.8,7.300000000000001,122.66
2012,8,15,22,30,0,0,0,25.700000000000003,7.1000000000000005,133.49
2012,8,15,23,30,0,0,0,25.6,6.9,141.64000000000001
2012,8,16,0,30,0,0,0,25.5,6.7,145.15
2012,8,16,1,30,0,0,0,25.400000000000002,6.5,142.71
2012,8,16,2,30,0,0,0,25.3,6.300000000000001,135.27
2012,8,16,3,30,0,0,0,25.3,6.2,124.82000000000001
2012,8,16,4,30,0,0,0,25.200000000000003,6.1000000000000005,112.76
2012,8,16,5,30,0,0,0,25.200000000000003,6.1000000000000005,99.83
2012,8,16,6,30,38,230,22,25.400000000000002,6.300000000000001,86.19
2012,8,16,7,30,69,0,69,25.700000000000003,6.4,72.60000000000001
2012,8,16,8,30,483,781,78,26.1,6.4,58.72
2012,8,16,9,30,699,858,90,26.5,6.4,44.76
2012,8,16,10,30,870,898,100,26.8,6.4,30.87
2012,8,16,11,30,983,923,102,27,6.4,17.47
2012,8,16,12,30,1026,931,104,27.1,6.4,8.02
2012,8,16,13,30,996,924,104,27.200000000000003,6.5,15.24
2012,8,16,14,30,897,913,95,27.1,6.5,28.43
2012,8,16,15,30,735,874,88,27,6.6000000000000005,42.29
2012,8,16,16,30,526,805,78,26.700000000000003,6.800000000000001,56.26
2012,8,16,17,30,289,670,62,26.400000000000002,6.9,70.17
2012,8,16,18,30,67,333,32,26.1,7,83.87
2012,8,16,19,30,0,0,0,25.900000000000002,7,97.53
2012,8,16,20,30,0,0,0,25.700000000000003,7,110.60000000000001
2012,8,16,21,30,0,0,0,25.6,6.800000000000001,122.9
2012,8,16,22,30,0,0,0,25.6,6.6000000000000005,133.76
2012,8,16,23,30,0,0,0,25.5,6.2,141.95000000000002
2012,8,17,0,30,0,0,0,25.400000000000002,5.800000000000001,145.47
2012,8,17,1,30,0,0,0,25.3,5.4,142.99
2012,8,17,2,30,0,0,0,25.200000000000003,5,135.48
2012,8,17,3,30,0,0,0,25.1,4.800000000000001,124.98
2012,8,17,4,30,0,0,0,25,4.7,112.88
2012,8,17,5,30,0,0,0,25.1,4.800000000000001,99.91
2012,8,17,6,30,39,274,21,25.400000000000002,5.1000000000000005,86.26
2012,8,17,7,30,252,670,52,25.700000000000003,5.5,72.65
2012,8,17,8,30,492,818,67,26,5.7,58.77
2012,8,17,9,30,709,889,78,26.400000000000002,5.9,44.81
2012,8,17,10,30,881,927,86,26.700000000000003,6,30.93
2012,8,17,11,30,992,937,98,27,6.1000000000000005,17.580000000000002
2012,8,17,12,30,1035,945,100,27.1,6.2,8.33
2012,8,17,13,30,1007,944,97,27.1,6.300000000000001,15.47
2012,8,17,14,30,906,929,91,27.1,6.4,28.59
2012,8,17,15,30,742,891,84,26.900000000000002,6.5,42.44
2012,8,17,16,30,530,824,74,26.700000000000003,6.7,56.4
2012,8,17,17,30,292,695,58,26.3,6.800000000000001,70.32000000000001
2012,8,17,18,30,67,365,29,26,6.800000000000001,84.03
2012,8,17,19,30,0,0,0,25.700000000000003,6.7,97.71000000000001
2012,8,17,20,30,0,0,0,25.6,6.6000000000000005,110.81
2012,8,17,21,30,0,0,0,25.5,6.4,123.13000000000001
2012,8,17,22,30,0,0,0,25.3,6.2,134.04
2012,8,17,23,30,0,0,0,25.200000000000003,5.9,142.26
2012,8,18,0,30,0,0,0,25,5.7,145.8
2012,8,18,1,30,0,0,0,24.8,5.5,143.27
2012,8,18,2,30,0,0,0,24.8,5.300000000000001,135.69
2012,8,18,3,30,0,0,0,24.700000000000003,5.1000000000000005,125.14
2012,8,18,4,30,0,0,0,24.700000000000003,5,113
2012,8,18,5,30,0,0,0,24.8,5,100
2012,8,18,6,30,39,321,19,25,5.1000000000000005,86.32000000000001
2012,8,18,7,30,8,0,8,25.400000000000002,5.2,72.7
2012,8,18,8,30,492,834,60,25.900000000000002,5.2,58.81
2012,8,18,9,30,362,46,330,26.3,5.2,44.85
2012,8,18,10,30,556,143,433,26.700000000000003,5.2,30.990000000000002
2012,8,18,11,30,575,116,465,26.900000000000002,5.300000000000001,17.7
2012,8,18,12,30,319,1,318,26.900000000000002,5.4,8.64
2012,8,18,13,30,995,947,83,26.900000000000002,5.5,15.700000000000001
2012,8,18,14,30,441,40,406,26.700000000000003,5.7,28.76
2012,8,18,15,30,729,886,77,26.400000000000002,5.9,42.59
2012,8,18,16,30,520,821,67,26.1,6.1000000000000005,56.550000000000004
2012,8,18,17,30,285,696,53,25.8,6.300000000000001,70.48
2012,8,18,18,30,65,377,26,25.6,6.4,84.19
2012,8,18,19,30,0,0,0,25.400000000000002,6.5,97.89
2012,8,18,20,30,0,0,0,25.400000000000002,6.6000000000000005,111.01
2012,8,18,21,30,0,0,0,25.400000000000002,6.6000000000000005,123.37
2012,8,18,22,30,0,0,0,25.3,6.5,134.32
2012,8,18,23,30,0,0,0,25.3,6.300000000000001,142.58
2012,8,19,0,30,0,0,0,25.200000000000003,6.2,146.13
2012,8,19,1,30,0,0,0,25.200000000000003,6.1000000000000005,143.55
2012,8,19,2,30,0,0,0,25.1,6,135.91
2012,8,19,3,30,0,0,0,25.1,6,125.29
2012,8,19,4,30,0,0,0,25.1,6,113.11
2012,8,19,5,30,0,0,0,25.1,6.1000000000000005,100.09
2012,8,19,6,30,37,259,20,25.400000000000002,6.4,86.38
2012,8,19,7,30,248,661,52,25.700000000000003,6.6000000000000005,72.76
2012,8,19,8,30,487,815,66,25.900000000000002,6.6000000000000005,58.85
2012,8,19,9,30,703,888,75,26.200000000000003,6.5,44.9
2012,8,19,10,30,875,927,81,26.5,6.4,31.05
2012,8,19,11,30,986,939,92,26.8,6.300000000000001,17.82
2012,8,19,12,30,1030,948,93,27,6.2,8.96
2012,8,19,13,30,999,942,93,27.200000000000003,6.1000000000000005,15.93
2012,8,19,14,30,900,931,85,27.200000000000003,6.1000000000000005,28.94
2012,8,19,15,30,735,890,82,27.200000000000003,6.2,42.74
2012,8,19,16,30,524,820,74,27,6.5,56.7
2012,8,19,17,30,285,679,60,26.700000000000003,6.7,70.63
2012,8,19,18,30,61,322,30,26.3,6.9,84.36
2012,8,19,19,30,0,0,0,26,7.1000000000000005,98.08
2012,8,19,20,30,0,0,0,25.8,7.1000000000000005,111.22
2012,8,19,21,30,0,0,0,25.700000000000003,7,123.61
2012,8,19,22,30,0,0,0,25.6,6.800000000000001,134.6
2012,8,19,23,30,0,0,0,25.5,6.6000000000000005,142.9
2012,8,20,0,30,0,0,0,25.400000000000002,6.4,146.46
2012,8,20,1,30,0,0,0,25.3,6.4,143.83
2012,8,20,2,30,0,0,0,25.3,6.5,136.12
2012,8,20,3,30,0,0,0,25.3,6.6000000000000005,125.45
2012,8,20,4,30,0,0,0,25.3,6.800000000000001,113.22
2012,8,20,5,30,0,0,0,25.3,7,100.17
2012,8,20,6,30,35,237,21,25.5,7.2,86.44
2012,8,20,7,30,245,647,53,25.8,7.4,72.81
2012,8,20,8,30,481,798,69,26.1,7.300000000000001,58.9
2012,8,20,9,30,697,872,80,26.5,7.2,44.94
2012,8,20,10,30,538,134,423,26.8,7,31.12
2012,8,20,11,30,733,267,479,27,6.800000000000001,17.95
2012,8,20,12,30,1022,945,89,27.200000000000003,6.6000000000000005,9.28
2012,8,20,13,30,991,938,90,27.200000000000003,6.4,16.18
2012,8,20,14,30,887,909,93,27.200000000000003,6.300000000000001,29.12
2012,8,20,15,30,722,865,88,27.1,6.4,42.9
2012,8,20,16,30,510,790,79,26.900000000000002,6.6000000000000005,56.86
2012,8,20,17,30,275,646,62,26.6,6.7,70.8
2012,8,20,18,30,57,290,29,26.3,6.7,84.53
2012,8,20,19,30,0,0,0,26.1,6.7,98.27
2012,8,20,20,30,0,0,0,26,6.5,111.44
2012,8,20,21,30,0,0,0,25.900000000000002,6.1000000000000005,123.86
2012,8,20,22,30,0,0,0,25.8,5.800000000000001,134.89000000000001
2012,8,20,23,30,0,0,0,25.700000000000003,5.5,143.23
2012,8,21,0,30,0,0,0,25.6,5.300000000000001,146.79
2012,8,21,1,30,0,0,0,25.6,5.1000000000000005,144.12
2012,8,21,2,30,0,0,0,25.5,4.9,136.34
2012,8,21,3,30,0,0,0,25.400000000000002,4.9,125.60000000000001
2012,8,21,4,30,0,0,0,25.400000000000002,4.9,113.34
2012,8,21,5,30,0,0,0,25.400000000000002,5,100.25
2012,8,21,6,30,36,283,19,25.6,5.2,86.51
2012,8,21,7,30,248,677,48,25.900000000000002,5.4,72.86
2012,8,21,8,30,486,824,61,26.200000000000003,5.6000000000000005,58.94
2012,8,21,9,30,701,895,69,26.5,5.6000000000000005,44.99
2012,8,21,10,30,590,175,441,26.8,5.6000000000000005,31.18
2012,8,21,11,30,982,933,94,27.1,5.6000000000000005,18.080000000000002
2012,8,21,12,30,1024,943,94,27.3,5.6000000000000005,9.61
2012,8,21,13,30,992,940,91,27.3,5.6000000000000005,16.43
2012,8,21,14,30,891,925,84,27.3,5.6000000000000005,29.3
2012,8,21,15,30,727,889,77,27.200000000000003,5.7,43.07
2012,8,21,16,30,516,824,68,26.900000000000002,6,57.02
2012,8,21,17,30,279,695,53,26.5,6.2,70.96000000000001
2012,8,21,18,30,59,362,25,26.1,6.4,84.7
2012,8,21,19,30,0,0,0,25.900000000000002,6.5,98.46000000000001
2012,8,21,20,30,0,0,0,25.700000000000003,6.5,111.65
2012,8,21,21,30,0,0,0,25.6,6.300000000000001,124.10000000000001
2012,8,21,22,30,0,0,0,25.5,6.1000000000000005,135.17000000000002
2012,8,21,23,30,0,0,0,25.400000000000002,5.7,143.56
2012,8,22,0,30,0,0,0,25.3,5.300000000000001,147.13
2012,8,22,1,30,0,0,0,25.200000000000003,5,144.4
2012,8,22,2,30,0,0,0,25.1,4.9,136.55
2012,8,22,3,30,0,0,0,25.1,4.800000000000001,125.76
2012,8,22,4,30,0,0,0,25.200000000000003,4.800000000000001,113.45
2012,8,22,5,30,0,0,0,25.3,4.9,100.34
2012,8,22,6,30,35,258,19,25.6,5.2,86.57000000000001
2012,8,22,7,30,244,657,51,26,5.4,72.91
2012,8,22,8,30,480,803,67,26.400000000000002,5.5,58.99
2012,8,22,9,30,696,875,77,26.8,5.5,45.04
2012,8,22,10,30,447,56,399,27.1,5.4,31.25
2012,8,22,11,30,979,935,90,27.3,5.300000000000001,18.22
2012,8,22,12,30,1020,943,92,27.5,5.300000000000001,9.94
2012,8,22,13,30,988,938,90,27.6,5.2,16.68
2012,8,22,14,30,885,918,86,27.6,5.300000000000001,29.490000000000002
2012,8,22,15,30,721,880,80,27.5,5.4,43.24
2012,8,22,16,30,510,810,71,27.3,5.5,57.19
2012,8,22,17,30,273,670,56,26.900000000000002,5.7,71.13
2012,8,22,18,30,54,308,26,26.5,5.9,84.88
2012,8,22,19,30,0,0,0,26.200000000000003,5.9,98.66
2012,8,22,20,30,0,0,0,26.1,5.9,111.87
2012,8,22,21,30,0,0,0,26,5.7,124.35000000000001
2012,8,22,22,30,0,0,0,25.900000000000002,5.5,135.47
2012,8,22,23,30,0,0,0,25.8,5.2,143.89000000000001
2012,8,23,0,30,0,0,0,25.700000000000003,4.9,147.47
2012,8,23,1,30,0,0,0,25.6,4.7,144.69
2012,8,23,2,30,0,0,0,25.5,4.6000000000000005,136.76
2012,8,23,3,30,0,0,0,25.5,4.5,125.91
2012,8,23,4,30,0,0,0,25.400000000000002,4.5,113.56
2012,8,23,5,30,0,0,0,25.5,4.6000000000000005,100.42
2012,8,23,6,30,34,245,19,25.6,4.800000000000001,86.63
2012,8,23,7,30,243,650,52,25.900000000000002,4.9,72.96000000000001
2012,8,23,8,30,106,0,106,26.200000000000003,4.800000000000001,59.03
2012,8,23,9,30,695,874,77,26.5,4.7,45.09
2012,8,23,10,30,396,19,380,26.700000000000003,4.5,31.32
2012,8,23,11,30,580,146,442,26.900000000000002,4.3,18.36
2012,8,23,12,30,669,184,488,27,4.1000000000000005,10.27
2012,8,23,13,30,496,50,448,27.1,4,16.95
2012,8,23,14,30,603,176,451,27.200000000000003,4,29.69
2012,8,23,15,30,515,187,379,27.1,4.1000000000000005,43.410000000000004
2012,8,23,16,30,265,35,246,27,4.2,57.36
2012,8,23,17,30,261,601,68,26.8,4.4,71.3
2012,8,23,18,30,48,210,30,26.5,4.5,85.05
2012,8,23,19,30,0,0,0,26.3,4.7,98.85000000000001
2012,8,23,20,30,0,0,0,26.3,4.800000000000001,112.09
2012,8,23,21,30,0,0,0,26.3,4.9,124.61
2012,8,23,22,30,0,0,0,26.200000000000003,4.800000000000001,135.76
2012,8,23,23,30,0,0,0,26.200000000000003,4.6000000000000005,144.23
2012,8,24,0,30,0,0,0,26.1,4.5,147.82
2012,8,24,1,30,0,0,0,26,4.4,144.98
2012,8,24,2,30,0,0,0,25.900000000000002,4.4,136.98
2012,8,24,3,30,0,0,0,25.700000000000003,4.3,126.06
2012,8,24,4,30,0,0,0,25.6,4.2,113.67
2012,8,24,5,30,0,0,0,25.6,4.2,100.5
2012,8,24,6,30,30,139,22,25.8,4.2,86.68
2012,8,24,7,30,233,577,65,26.1,4.3,73.01
2012,8,24,8,30,270,108,214,26.5,4.2,59.08
2012,8,24,9,30,607,580,198,26.900000000000002,4,45.14
2012,8,24,10,30,711,377,389,27.200000000000003,3.7,31.400000000000002
2012,8,24,11,30,383,4,380,27.400000000000002,3.3000000000000003,18.51
2012,8,24,12,30,942,675,278,27.6,2.9000000000000004,10.61
2012,8,24,13,30,730,238,503,27.6,2.5,17.22
2012,8,24,14,30,268,1,268,27.6,2.3000000000000003,29.89
2012,8,24,15,30,223,1,222,27.5,2.2,43.59
2012,8,24,16,30,488,711,106,27.400000000000002,2.2,57.53
2012,8,24,17,30,253,542,81,27.200000000000003,2.4000000000000004,71.48
2012,8,24,18,30,44,154,32,27,2.9000000000000004,85.23
2012,8,24,19,30,0,0,0,26.700000000000003,3.5,99.05
2012,8,24,20,30,0,0,0,26.6,4.1000000000000005,112.32000000000001
2012,8,24,21,30,0,0,0,26.400000000000002,4.6000000000000005,124.86
2012,8,24,22,30,0,0,0,26.200000000000003,5.1000000000000005,136.06
2012,8,24,23,30,0,0,0,26.1,5.4,144.57
2012,8,25,0,30,0,0,0,25.900000000000002,5.6000000000000005,148.16
2012,8,25,1,30,0,0,0,25.8,5.800000000000001,145.27
2012,8,25,2,30,0,0,0,25.700000000000003,5.9,137.19
2012,8,25,3,30,0,0,0,25.700000000000003,6.1000000000000005,126.21000000000001
2012,8,25,4,30,0,0,0,25.700000000000003,6.1000000000000005,113.78
2012,8,25,5,30,0,0,0,25.700000000000003,6.1000000000000005,100.58
2012,8,25,6,30,33,231,20,25.900000000000002,6.1000000000000005,86.74
2012,8,25,7,30,244,653,54,26.200000000000003,6.300000000000001,73.06
2012,8,25,8,30,343,146,269,26.5,6.300000000000001,59.120000000000005
2012,8,25,9,30,701,880,81,26.900000000000002,6.300000000000001,45.19
2012,8,25,10,30,875,924,87,27.1,6.300000000000001,31.470000000000002
2012,8,25,11,30,987,945,92,27.400000000000002,6.300000000000001,18.67
2012,8,25,12,30,1027,951,94,27.6,6.2,10.950000000000001
2012,8,25,13,30,994,944,94,27.6,6.300000000000001,17.490000000000002
2012,8,25,14,30,890,924,90,27.6,6.4,30.1
2012,8,25,15,30,723,887,83,27.5,6.6000000000000005,43.77
2012,8,25,16,30,508,815,72,27.3,6.800000000000001,57.7
2012,8,25,17,30,268,677,56,26.900000000000002,7,71.66
2012,8,25,18,30,49,305,24,26.5,7.2,85.42
2012,8,25,19,30,0,0,0,26.3,7.300000000000001,99.26
2012,8,25,20,30,0,0,0,26.1,7.300000000000001,112.54
2012,8,25,21,30,0,0,0,25.900000000000002,7.2,125.12
2012,8,25,22,30,0,0,0,25.8,7,136.36
2012,8,25,23,30,0,0,0,25.6,6.800000000000001,144.91
2012,8,26,0,30,0,0,0,25.5,6.5,148.51
2012,8,26,1,30,0,0,0,25.5,6.300000000000001,145.56
2012,8,26,2,30,0,0,0,25.400000000000002,6.1000000000000005,137.4
2012,8,26,3,30,0,0,0,25.3,6,126.36
2012,8,26,4,30,0,0,0,25.3,6,113.89
2012,8,26,5,30,0,0,0,25.3,6.2,100.66
2012,8,26,6,30,33,282,18,25.5,6.4,86.8
2012,8,26,7,30,8,0,8,25.700000000000003,6.6000000000000005,73.10000000000001
2012,8,26,8,30,213,11,207,26,6.7,59.17
2012,8,26,9,30,250,1,249,26.400000000000002,6.7,45.24
2012,8,26,10,30,142,0,142,26.700000000000003,6.7,31.55
2012,8,26,11,30,679,203,487,26.900000000000002,6.6000000000000005,18.830000000000002
2012,8,26,12,30,340,1,339,27,6.6000000000000005,11.290000000000001
2012,8,26,13,30,344,2,343,27.1,6.7,17.77
2012,8,26,14,30,887,925,89,27,6.800000000000001,30.310000000000002
2012,8,26,15,30,719,884,83,26.900000000000002,6.9,43.96
2012,8,26,16,30,506,815,72,26.700000000000003,7.1000000000000005,57.88
2012,8,26,17,30,265,668,56,26.5,7.2,71.84
2012,8,26,18,30,29,1,29,26.200000000000003,7.4,85.60000000000001
2012,8,26,19,30,0,0,0,26,7.4,99.46000000000001
2012,8,26,20,30,0,0,0,25.900000000000002,7.4,112.77
2012,8,26,21,30,0,0,0,25.700000000000003,7.2,125.38000000000001
2012,8,26,22,30,0,0,0,25.6,6.9,136.66
2012,8,26,23,30,0,0,0,25.5,6.7,145.26
2012,8,27,0,30,0,0,0,25.400000000000002,6.5,148.87
2012,8,27,1,30,0,0,0,25.3,6.4,145.85
2012,8,27,2,30,0,0,0,25.200000000000003,6.300000000000001,137.61
2012,8,27,3,30,0,0,0,25.1,6.1000000000000005,126.51
2012,8,27,4,30,0,0,0,25.1,5.9,113.99000000000001
2012,8,27,5,30,0,0,0,25.1,5.800000000000001,100.74000000000001
2012,8,27,6,30,30,200,19,25.200000000000003,6,86.86
2012,8,27,7,30,125,7,123,25.5,6.2,73.15
2012,8,27,8,30,195,5,193,25.8,6.4,59.21
2012,8,27,9,30,544,288,341,26,6.6000000000000005,45.300000000000004
2012,8,27,10,30,441,48,400,26.3,6.6000000000000005,31.63
2012,8,27,11,30,693,218,486,26.5,6.5,18.990000000000002
2012,8,27,12,30,1015,938,97,26.700000000000003,6.4,11.64
2012,8,27,13,30,983,935,94,26.700000000000003,6.300000000000001,18.06
2012,8,27,14,30,708,356,402,26.700000000000003,6.300000000000001,30.53
2012,8,27,15,30,710,873,83,26.6,6.4,44.15
2012,8,27,16,30,495,794,75,26.400000000000002,6.7,58.07
2012,8,27,17,30,256,637,60,26.200000000000003,6.9,72.02
2012,8,27,18,30,42,233,25,26,7.2,85.79
2012,8,27,19,30,0,0,0,25.900000000000002,7.4,99.67
2012,8,27,20,30,0,0,0,25.8,7.300000000000001,113
2012,8,27,21,30,0,0,0,25.700000000000003,7.1000000000000005,125.64
2012,8,27,22,30,0,0,0,25.6,6.800000000000001,136.96
2012,8,27,23,30,0,0,0,25.5,6.6000000000000005,145.61
2012,8,28,0,30,0,0,0,25.5,6.5,149.22
2012,8,28,1,30,0,0,0,25.400000000000002,6.5,146.14000000000001
2012,8,28,2,30,0,0,0,25.3,6.6000000000000005,137.82
2012,8,28,3,30,0,0,0,25.200000000000003,6.7,126.66
2012,8,28,4,30,0,0,0,25.200000000000003,6.800000000000001,114.10000000000001
2012,8,28,5,30,0,0,0,25.200000000000003,6.800000000000001,100.81
2012,8,28,6,30,15,0,15,25.3,6.800000000000001,86.91
2012,8,28,7,30,133,11,130,25.6,6.9,73.2
2012,8,28,8,30,311,207,205,25.900000000000002,6.800000000000001,59.26
2012,8,28,9,30,294,6,290,26.3,6.6000000000000005,45.35
2012,8,28,10,30,696,490,279,26.5,6.4,31.720000000000002
2012,8,28,11,30,737,268,483,26.8,6.300000000000001,19.17
2012,8,28,12,30,707,209,503,26.900000000000002,6.300000000000001,11.99
2012,8,28,13,30,549,96,458,26.900000000000002,6.4,18.35
2012,8,28,14,30,713,357,405,26.8,6.6000000000000005,30.75
2012,8,28,15,30,470,244,296,26.6,6.800000000000001,44.35
2012,8,28,16,30,359,158,276,26.3,7,58.25
2012,8,28,17,30,181,133,140,26,7.1000000000000005,72.21000000000001
2012,8,28,18,30,23,0,23,25.700000000000003,7.2,85.98
2012,8,28,19,30,0,0,0,25.5,7.300000000000001,99.88
2012,8,28,20,30,0,0,0,25.400000000000002,7.300000000000001,113.23
2012,8,28,21,30,0,0,0,25.3,7.2,125.91
2012,8,28,22,30,0,0,0,25.3,6.9,137.27
2012,8,28,23,30,0,0,0,25.200000000000003,6.6000000000000005,145.96
2012,8,29,0,30,0,0,0,25.200000000000003,6.300000000000001,149.58
2012,8,29,1,30,0,0,0,25.1,6.1000000000000005,146.44
2012,8,29,2,30,0,0,0,25.1,6,138.03
2012,8,29,3,30,0,0,0,25.1,6,126.8
2012,8,29,4,30,0,0,0,25.1,6,114.2
2012,8,29,5,30,0,0,0,25.200000000000003,6.2,100.89
2012,8,29,6,30,18,0,18,25.3,6.6000000000000005,86.97
2012,8,29,7,30,52,0,52,25.5,6.9,73.25
2012,8,29,8,30,295,66,261,25.8,7,59.31
2012,8,29,9,30,494,290,290,26,7,45.410000000000004
2012,8,29,10,30,402,25,381,26.200000000000003,6.7,31.810000000000002
2012,8,29,11,30,485,46,442,26.400000000000002,6.5,19.34
2012,8,29,12,30,721,385,344,26.5,6.300000000000001,12.34
2012,8,29,13,30,458,47,414,26.5,6,18.650000000000002
2012,8,29,14,30,453,79,386,26.5,5.9,30.98
2012,8,29,15,30,395,111,316,26.400000000000002,5.800000000000001,44.550000000000004
2012,8,29,16,30,259,65,224,26.3,5.9,58.44
2012,8,29,17,30,40,0,40,26.1,6.1000000000000005,72.4
2012,8,29,18,30,22,0,22,26,6.300000000000001,86.17
2012,8,29,19,30,0,0,0,25.900000000000002,6.4,100.10000000000001
2012,8,29,20,30,0,0,0,25.900000000000002,6.4,113.47
2012,8,29,21,30,0,0,0,25.8,6.4,126.17
2012,8,29,22,30,0,0,0,25.700000000000003,6.2,137.58
2012,8,29,23,30,0,0,0,25.6,5.9,146.31
2012,8,30,0,30,0,0,0,25.5,5.6000000000000005,149.94
2012,8,30,1,30,0,0,0,25.400000000000002,5.4,146.73
2012,8,30,2,30,0,0,0,25.3,5.4,138.24
2012,8,30,3,30,0,0,0,25.200000000000003,5.4,126.95
2012,8,30,4,30,0,0,0,25.200000000000003,5.5,114.3
2012,8,30,5,30,0,0,0,25.3,5.6000000000000005,100.96000000000001
2012,8,30,6,30,27,153,19,25.5,5.9,87.02
2012,8,30,7,30,232,600,59,25.8,6.1000000000000005,73.3
2012,8,30,8,30,470,774,76,26.1,6,59.36
2012,8,30,9,30,686,854,87,26.5,5.9,45.47
2012,8,30,10,30,857,898,94,26.8,5.6000000000000005,31.900000000000002
2012,8,30,11,30,828,455,399,27,5.4,19.52
2012,8,30,12,30,1003,921,104,27.1,5.1000000000000005,12.700000000000001
2012,8,30,13,30,968,914,103,27.200000000000003,4.9,18.95
2012,8,30,14,30,574,158,439,27.3,4.800000000000001,31.21
2012,8,30,15,30,243,1,242,27.200000000000003,4.9,44.75
2012,8,30,16,30,481,777,77,27,5.1000000000000005,58.64
2012,8,30,17,30,244,617,59,26.8,5.4,72.59
2012,8,30,18,30,34,197,22,26.5,5.800000000000001,86.37
2012,8,30,19,30,0,0,0,26.3,6,100.31
2012,8,30,20,30,0,0,0,26.200000000000003,6.2,113.7
2012,8,30,21,30,0,0,0,26.1,6.300000000000001,126.44
2012,8,30,22,30,0,0,0,26,6.2,137.89000000000001
2012,8,30,23,30,0,0,0,25.900000000000002,6.1000000000000005,146.67000000000002
2012,8,31,0,30,0,0,0,25.8,6.2,150.3
2012,8,31,1,30,0,0,0,25.8,6.300000000000001,147.02
2012,8,31,2,30,0,0,0,25.8,6.300000000000001,138.44
2012,8,31,3,30,0,0,0,25.700000000000003,6.4,127.09
2012,8,31,4,30,0,0,0,25.700000000000003,6.4,114.4
2012,8,31,5,30,0,0,0,25.700000000000003,6.4,101.04
2012,8,31,6,30,28,175,19,25.700000000000003,6.5,87.08
2012,8,31,7,30,233,619,56,26,6.6000000000000005,73.35000000000001
2012,8,31,8,30,160,1,159,26.200000000000003,6.7,59.4
2012,8,31,9,30,508,213,359,26.400000000000002,6.6000000000000005,45.53
2012,8,31,10,30,316,2,314,26.6,6.5,32
2012,8,31,11,30,740,283,474,26.8,6.4,19.71
2012,8,31,12,30,477,28,450,27,6.300000000000001,13.06
2012,8,31,13,30,977,935,94,27.1,6.4,19.26
2012,8,31,14,30,870,913,91,27.200000000000003,6.6000000000000005,31.45
2012,8,31,15,30,702,876,83,27.1,6.9,44.96
2012,8,31,16,30,486,801,72,26.900000000000002,7.2,58.84
2012,8,31,17,30,247,648,55,26.6,7.5,72.79
2012,8,31,18,30,34,225,21,26.200000000000003,7.6000000000000005,86.56
2012,8,31,19,30,0,0,0,26,7.7,100.53
2012,8,31,20,30,0,0,0,25.8,7.7,113.94
2012,8,31,21,30,0,0,0,25.6,7.6000000000000005,126.71000000000001
2012,8,31,22,30,0,0,0,25.5,7.5,138.20000000000002
2012,8,31,23,30,0,0,0,25.3,7.300000000000001,147.03
2012,9,1,0,30,0,0,0,25.200000000000003,7,150.66
2012,9,1,1,30,0,0,0,25.1,6.800000000000001,147.31
2012,9,1,2,30,0,0,0,25,6.6000000000000005,138.65
2012,9,1,3,30,0,0,0,25,6.4,127.23
2012,9,1,4,30,0,0,0,25,6.300000000000001,114.5
2012,9,1,5,30,0,0,0,25.200000000000003,6.2,101.11
2012,9,1,6,30,29,241,17,25.400000000000002,6.4,87.13
2012,9,1,7,30,242,674,50,25.8,6.7,73.4
2012,9,1,8,30,183,2,182,26.1,6.9,59.45
2012,9,1,9,30,224,1,224,26.5,7,45.59
2012,9,1,10,30,111,0,111,26.8,7.1000000000000005,32.09
2012,9,1,11,30,530,79,455,27.1,7.2,19.900000000000002
2012,9,1,12,30,1021,948,99,27.200000000000003,7.2,13.42
2012,9,1,13,30,985,942,97,27.200000000000003,7.2,19.57
2012,9,1,14,30,875,921,92,27.1,7.2,31.69
2012,9,1,15,30,705,883,83,26.900000000000002,7.4,45.17
2012,9,1,16,30,488,811,71,26.6,7.7,59.03
2012,9,1,17,30,247,658,54,26.3,7.800000000000001,72.99
2012,9,1,18,30,33,228,20,26,7.7,86.76
2012,9,1,19,30,0,0,0,25.8,7.6000000000000005,100.75
2012,9,1,20,30,0,0,0,25.700000000000003,7.5,114.18
2012,9,1,21,30,0,0,0,25.6,7.300000000000001,126.98
2012,9,1,22,30,0,0,0,25.5,7.2,138.52
2012,9,1,23,30,0,0,0,25.400000000000002,7.1000000000000005,147.39000000000001
2012,9,2,0,30,0,0,0,25.3,6.9,151.03
2012,9,2,1,30,0,0,0,25.200000000000003,6.9,147.6
2012,9,2,2,30,0,0,0,25.200000000000003,7.2,138.85
2012,9,2,3,30,0,0,0,25.200000000000003,7.5,127.37
2012,9,2,4,30,0,0,0,25.1,7.9,114.60000000000001
2012,9,2,5,30,0,0,0,24.900000000000002,7.9,101.19
2012,9,2,6,30,28,202,18,25,7.7,87.19
2012,9,2,7,30,238,645,54,25.400000000000002,7.5,73.45
2012,9,2,8,30,411,379,218,25.700000000000003,7.4,59.51
2012,9,2,9,30,53,0,53,26.1,7.4,45.65
2012,9,2,10,30,235,0,235,26.3,7.5,32.2
2012,9,2,11,30,391,4,387,26.5,7.7,20.1
2012,9,2,12,30,679,183,502,26.700000000000003,7.7,13.790000000000001
2012,9,2,13,30,967,901,120,26.8,7.800000000000001,19.89
2012,9,2,14,30,655,376,336,26.700000000000003,8,31.93
2012,9,2,15,30,564,455,244,26.6,8.3,45.38
2012,9,2,16,30,424,518,159,26.3,8.5,59.24
2012,9,2,17,30,201,301,114,26,8.6,73.19
2012,9,2,18,30,17,0,17,25.8,8.6,86.96000000000001
2012,9,2,19,30,0,0,0,25.700000000000003,8.5,100.97
2012,9,2,20,30,0,0,0,25.6,8.5,114.42
2012,9,2,21,30,0,0,0,25.6,8.5,127.25
2012,9,2,22,30,0,0,0,25.5,8.5,138.83
2012,9,2,23,30,0,0,0,25.400000000000002,8.3,147.76
2012,9,3,0,30,0,0,0,25.3,8,151.39000000000001
2012,9,3,1,30,0,0,0,25.3,7.6000000000000005,147.9
2012,9,3,2,30,0,0,0,25.200000000000003,7.2,139.05
2012,9,3,3,30,0,0,0,25.200000000000003,6.800000000000001,127.51
2012,9,3,4,30,0,0,0,25.3,6.5,114.7
2012,9,3,5,30,0,0,0,25.3,6.5,101.26
2012,9,3,6,30,27,189,18,25.5,6.7,87.24
2012,9,3,7,30,14,0,14,25.8,7.1000000000000005,73.5
2012,9,3,8,30,478,802,71,26.1,7.300000000000001,59.56
2012,9,3,9,30,695,878,82,26.400000000000002,7.5,45.72
2012,9,3,10,30,868,920,90,26.6,7.6000000000000005,32.3
2012,9,3,11,30,978,945,91,26.900000000000002,7.6000000000000005,20.31
2012,9,3,12,30,1017,951,95,27.1,7.6000000000000005,14.15
2012,9,3,13,30,982,944,96,27.200000000000003,7.7,20.21
2012,9,3,14,30,873,921,94,27.200000000000003,7.800000000000001,32.19
2012,9,3,15,30,701,878,86,27,8,45.6
2012,9,3,16,30,482,799,75,26.8,8.200000000000001,59.44
2012,9,3,17,30,239,636,57,26.400000000000002,8.3,73.39
2012,9,3,18,30,28,181,19,26,8.3,87.16
2012,9,3,19,30,0,0,0,25.8,8.200000000000001,101.19
2012,9,3,20,30,0,0,0,25.700000000000003,8.1,114.67
2012,9,3,21,30,0,0,0,25.6,7.9,127.53
2012,9,3,22,30,0,0,0,25.6,7.6000000000000005,139.15
2012,9,3,23,30,0,0,0,25.5,7.2,148.12
2012,9,4,0,30,0,0,0,25.5,6.9,151.76
2012,9,4,1,30,0,0,0,25.400000000000002,6.6000000000000005,148.19
2012,9,4,2,30,0,0,0,25.400000000000002,6.300000000000001,139.26
2012,9,4,3,30,0,0,0,25.400000000000002,6.2,127.65
2012,9,4,4,30,0,0,0,25.400000000000002,6.1000000000000005,114.8
2012,9,4,5,30,0,0,0,25.400000000000002,6.300000000000001,101.33
2012,9,4,6,30,27,206,18,25.6,6.6000000000000005,87.29
2012,9,4,7,30,113,4,112,25.900000000000002,6.800000000000001,73.55
2012,9,4,8,30,481,811,71,26.3,6.9,59.61
2012,9,4,9,30,701,889,81,26.6,7,45.79
2012,9,4,10,30,873,932,87,27,7,32.410000000000004
2012,9,4,11,30,981,948,93,27.200000000000003,6.9,20.51
2012,9,4,12,30,1020,956,95,27.400000000000002,6.7,14.52
2012,9,4,13,30,982,948,95,27.5,6.6000000000000005,20.54
2012,9,4,14,30,453,56,406,27.5,6.6000000000000005,32.44
2012,9,4,15,30,700,881,86,27.400000000000002,6.7,45.82
2012,9,4,16,30,479,797,76,27.200000000000003,7,59.65
2012,9,4,17,30,235,624,59,26.8,7.4,73.60000000000001
2012,9,4,18,30,26,154,19,26.5,7.7,87.36
2012,9,4,19,30,0,0,0,26.200000000000003,8,101.41
2012,9,4,20,30,0,0,0,26,8.1,114.91
2012,9,4,21,30,0,0,0,25.900000000000002,8,127.8
2012,9,4,22,30,0,0,0,25.8,7.9,139.47
2012,9,4,23,30,0,0,0,25.700000000000003,7.6000000000000005,148.49
2012,9,5,0,30,0,0,0,25.6,7.4,152.13
2012,9,5,1,30,0,0,0,25.5,7.2,148.48
2012,9,5,2,30,0,0,0,25.5,7.1000000000000005,139.46
2012,9,5,3,30,0,0,0,25.400000000000002,7,127.79
2012,9,5,4,30,0,0,0,25.3,7,114.89
2012,9,5,5,30,0,0,0,25.3,7.2,101.4
2012,9,5,6,30,13,0,13,25.400000000000002,7.6000000000000005,87.35000000000001
2012,9,5,7,30,233,632,54,25.6,8,73.60000000000001
2012,9,5,8,30,184,3,183,25.900000000000002,8.200000000000001,59.660000000000004
2012,9,5,9,30,339,31,317,26.200000000000003,8.3,45.86
2012,9,5,10,30,229,0,229,26.400000000000002,8.1,32.52
2012,9,5,11,30,577,112,472,26.700000000000003,7.9,20.73
2012,9,5,12,30,790,313,488,26.8,7.5,14.9
2012,9,5,13,30,474,32,443,26.900000000000002,7.300000000000001,20.86
2012,9,5,14,30,338,3,335,27,7,32.7
2012,9,5,15,30,689,860,92,27,6.9,46.050000000000004
2012,9,5,16,30,470,776,81,26.8,7,59.86
2012,9,5,17,30,228,602,60,26.6,7.1000000000000005,73.8
2012,9,5,18,30,23,126,18,26.200000000000003,7.2,87.56
2012,9,5,19,30,0,0,0,26,7.300000000000001,101.64
2012,9,5,20,30,0,0,0,25.8,7.300000000000001,115.15
2012,9,5,21,30,0,0,0,25.700000000000003,7.2,128.08
2012,9,5,22,30,0,0,0,25.5,6.9,139.79
2012,9,5,23,30,0,0,0,25.400000000000002,6.6000000000000005,148.86
2012,9,6,0,30,0,0,0,25.3,6.2,152.51
2012,9,6,1,30,0,0,0,25.200000000000003,6,148.77
2012,9,6,2,30,0,0,0,25.1,5.9,139.65
2012,9,6,3,30,0,0,0,25,5.9,127.92
2012,9,6,4,30,0,0,0,25,5.9,114.99000000000001
2012,9,6,5,30,0,0,0,25,5.9,101.47
2012,9,6,6,30,27,229,16,25.3,6.1000000000000005,87.4
2012,9,6,7,30,238,671,49,25.700000000000003,6.2,73.65
2012,9,6,8,30,480,826,63,26,6.300000000000001,59.72
2012,9,6,9,30,699,901,72,26.3,6.300000000000001,45.93
2012,9,6,10,30,869,939,78,26.5,6.300000000000001,32.64
2012,9,6,11,30,977,955,85,26.8,6.2,20.95
2012,9,6,12,30,1014,961,87,27,6.1000000000000005,15.27
2012,9,6,13,30,975,953,87,27.200000000000003,6,21.2
2012,9,6,14,30,863,927,86,27.200000000000003,6,32.96
2012,9,6,15,30,690,880,81,27.200000000000003,6,46.28
2012,9,6,16,30,468,792,73,27,6,60.08
2012,9,6,17,30,225,612,56,26.6,6.1000000000000005,74.01
2012,9,6,18,30,21,129,16,26.3,6.2,87.76
2012,9,6,19,30,0,0,0,26.1,6.300000000000001,101.86
2012,9,6,20,30,0,0,0,25.900000000000002,6.300000000000001,115.4
2012,9,6,21,30,0,0,0,25.8,6.2,128.35
2012,9,6,22,30,0,0,0,25.700000000000003,5.9,140.11
2012,9,6,23,30,0,0,0,25.6,5.5,149.23
2012,9,7,0,30,0,0,0,25.5,5.2,152.88
2012,9,7,1,30,0,0,0,25.3,4.9,149.06
2012,9,7,2,30,0,0,0,25.200000000000003,4.5,139.85
2012,9,7,3,30,0,0,0,25.1,4.2,128.05
2012,9,7,4,30,0,0,0,25.1,4.1000000000000005,115.08
2012,9,7,5,30,0,0,0,25,4,101.54
2012,9,7,6,30,12,0,12,25.1,4,87.45
2012,9,7,7,30,108,4,107,25.3,3.9000000000000004,73.7
2012,9,7,8,30,357,209,252,25.400000000000002,3.6,59.77
2012,9,7,9,30,350,43,320,25.6,3.3000000000000003,46.01
2012,9,7,10,30,457,66,401,25.700000000000003,3,32.76
2012,9,7,11,30,604,173,443,25.900000000000002,2.8000000000000003,21.17
2012,9,7,12,30,436,12,425,26,2.6,15.65
2012,9,7,13,30,383,13,371,26.1,2.5,21.53
2012,9,7,14,30,480,157,349,26.1,2.4000000000000004,33.230000000000004
2012,9,7,15,30,398,84,340,26.1,2.4000000000000004,46.51
2012,9,7,16,30,182,4,180,26.1,2.5,60.29
2012,9,7,17,30,118,22,112,26.1,2.5,74.22
2012,9,7,18,30,9,0,9,26,2.5,87.96000000000001
2012,9,7,19,30,0,0,0,25.8,2.5,102.09
2012,9,7,20,30,0,0,0,25.700000000000003,2.7,115.65
2012,9,7,21,30,0,0,0,25.6,2.9000000000000004,128.63
2012,9,7,22,30,0,0,0,25.5,3,140.43
2012,9,7,23,30,0,0,0,25.400000000000002,3.1,149.6
2012,9,8,0,30,0,0,0,25.3,3.2,153.26
2012,9,8,1,30,0,0,0,25.200000000000003,3.3000000000000003,149.35
2012,9,8,2,30,0,0,0,25.1,3.5,140.04
2012,9,8,3,30,0,0,0,25.1,3.7,128.18
2012,9,8,4,30,0,0,0,25.1,4,115.17
2012,9,8,5,30,0,0,0,25.200000000000003,4.2,101.61
2012,9,8,6,30,23,148,16,25.400000000000002,4.6000000000000005,87.51
2012,9,8,7,30,225,610,54,25.700000000000003,4.7,73.75
2012,9,8,8,30,463,781,70,26,4.5,59.83
2012,9,8,9,30,291,9,285,26.400000000000002,4.2,46.08
2012,9,8,10,30,562,159,428,26.700000000000003,3.8000000000000003,32.88
2012,9,8,11,30,954,928,90,26.900000000000002,3.6,21.400000000000002
2012,9,8,12,30,989,935,90,27,3.4000000000000004,16.02
2012,9,8,13,30,950,929,89,27.1,3.5,21.87
2012,9,8,14,30,839,896,92,27.1,3.6,33.49
2012,9,8,15,30,667,848,86,27.1,3.9000000000000004,46.74
2012,9,8,16,30,450,759,76,26.900000000000002,4.2,60.51
2012,9,8,17,30,7,0,7,26.700000000000003,4.5,74.44
2012,9,8,18,30,17,97,14,26.400000000000002,4.7,88.16
2012,9,8,19,30,0,0,0,26.1,4.9,102.32000000000001
2012,9,8,20,30,0,0,0,26,5.1000000000000005,115.89
2012,9,8,21,30,0,0,0,25.900000000000002,5.1000000000000005,128.91
2012,9,8,22,30,0,0,0,25.8,5.1000000000000005,140.75
2012,9,8,23,30,0,0,0,25.700000000000003,5.1000000000000005,149.98
2012,9,9,0,30,0,0,0,25.700000000000003,5.1000000000000005,153.63
2012,9,9,1,30,0,0,0,25.6,5.2,149.64000000000001
2012,9,9,2,30,0,0,0,25.6,5.300000000000001,140.24
2012,9,9,3,30,0,0,0,25.5,5.4,128.31
2012,9,9,4,30,0,0,0,25.5,5.4,115.26
2012,9,9,5,30,0,0,0,25.6,5.4,101.67
2012,9,9,6,30,23,161,16,25.8,5.5,87.56
2012,9,9,7,30,226,618,53,26.1,5.7,73.8
2012,9,9,8,30,337,159,257,26.3,5.7,59.89
2012,9,9,9,30,237,1,236,26.6,5.7,46.160000000000004
2012,9,9,10,30,243,1,242,26.8,5.800000000000001,33.01
2012,9,9,11,30,469,38,434,27,5.9,21.64
2012,9,9,12,30,985,922,100,27.1,6.1000000000000005,16.4
2012,9,9,13,30,945,914,99,27.200000000000003,6.4,22.21
2012,9,9,14,30,832,880,101,27.200000000000003,6.6000000000000005,33.77
2012,9,9,15,30,661,835,91,27.1,6.9,46.980000000000004
2012,9,9,16,30,241,31,226,27,7.1000000000000005,60.730000000000004
2012,9,9,17,30,208,575,56,26.8,7.300000000000001,74.65
2012,9,9,18,30,16,84,13,26.5,7.2,88.36
2012,9,9,19,30,0,0,0,26.400000000000002,7.2,102.55
2012,9,9,20,30,0,0,0,26.3,7.2,116.14
2012,9,9,21,30,0,0,0,26.200000000000003,7.1000000000000005,129.19
2012,9,9,22,30,0,0,0,26.1,6.9,141.08
2012,9,9,23,30,0,0,0,26,6.6000000000000005,150.35
2012,9,10,0,30,0,0,0,25.900000000000002,6.4,154.01
2012,9,10,1,30,0,0,0,25.8,6.2,149.92000000000002
2012,9,10,2,30,0,0,0,25.700000000000003,6.1000000000000005,140.43
2012,9,10,3,30,0,0,0,25.700000000000003,6.1000000000000005,128.44
2012,9,10,4,30,0,0,0,25.700000000000003,6.1000000000000005,115.35000000000001
2012,9,10,5,30,0,0,0,25.700000000000003,6.300000000000001,101.74000000000001
2012,9,10,6,30,23,181,16,25.900000000000002,6.7,87.61
2012,9,10,7,30,229,638,51,26.200000000000003,7,73.86
2012,9,10,8,30,468,802,66,26.400000000000002,7.2,59.95
2012,9,10,9,30,684,878,77,26.5,7.4,46.25
2012,9,10,10,30,853,919,83,26.700000000000003,7.4,33.14
2012,9,10,11,30,957,934,90,26.8,7.4,21.88
2012,9,10,12,30,991,938,94,26.900000000000002,7.4,16.79
2012,9,10,13,30,951,927,95,26.8,7.300000000000001,22.56
2012,9,10,14,30,836,894,96,26.8,7.4,34.04
2012,9,10,15,30,663,847,88,26.6,7.5,47.22
2012,9,10,16,30,446,765,74,26.400000000000002,7.7,60.95
2012,9,10,17,30,67,0,66,26.1,7.800000000000001,74.87
2012,9,10,18,30,8,0,8,25.900000000000002,7.9,88.56
2012,9,10,19,30,0,0,0,25.700000000000003,8,102.77
2012,9,10,20,30,0,0,0,25.6,8,116.39
2012,9,10,21,30,0,0,0,25.5,7.9,129.46
2012,9,10,22,30,0,0,0,25.5,7.6000000000000005,141.4
2012,9,10,23,30,0,0,0,25.5,7.300000000000001,150.73
2012,9,11,0,30,0,0,0,25.400000000000002,6.9,154.39000000000001
2012,9,11,1,30,0,0,0,25.400000000000002,6.7,150.21
2012,9,11,2,30,0,0,0,25.3,6.7,140.62
2012,9,11,3,30,0,0,0,25.200000000000003,6.7,128.57
2012,9,11,4,30,0,0,0,25.200000000000003,6.800000000000001,115.44
2012,9,11,5,30,0,0,0,25.200000000000003,6.800000000000001,101.81
2012,9,11,6,30,11,0,11,25.400000000000002,7.1000000000000005,87.66
2012,9,11,7,30,231,650,50,25.8,7.4,73.91
2012,9,11,8,30,359,227,246,26,7.4,60.01
2012,9,11,9,30,541,302,332,26.3,7.4,46.33
2012,9,11,10,30,682,336,401,26.5,7.300000000000001,33.28
2012,9,11,11,30,961,929,100,26.700000000000003,7.2,22.12
2012,9,11,12,30,997,936,103,26.8,7.2,17.17
2012,9,11,13,30,956,927,102,26.900000000000002,7.2,22.900000000000002
2012,9,11,14,30,842,900,99,26.8,7.2,34.32
2012,9,11,15,30,668,854,91,26.700000000000003,7.2,47.46
2012,9,11,16,30,448,767,78,26.5,7.4,61.17
2012,9,11,17,30,206,578,57,26.1,7.5,75.08
2012,9,11,18,30,13,58,12,25.900000000000002,7.5,88.76
2012,9,11,19,30,0,0,0,25.700000000000003,7.4,103
2012,9,11,20,30,0,0,0,25.700000000000003,7.300000000000001,116.64
2012,9,11,21,30,0,0,0,25.6,7.1000000000000005,129.74
2012,9,11,22,30,0,0,0,25.6,6.7,141.72
2012,9,11,23,30,0,0,0,25.5,6.4,151.1
2012,9,12,0,30,0,0,0,25.3,6.1000000000000005,154.77
2012,9,12,1,30,0,0,0,25.200000000000003,5.9,150.49
2012,9,12,2,30,0,0,0,25.200000000000003,5.9,140.8
2012,9,12,3,30,0,0,0,25.200000000000003,6,128.69
2012,9,12,4,30,0,0,0,25.200000000000003,6.1000000000000005,115.53
2012,9,12,5,30,0,0,0,25.200000000000003,6.300000000000001,101.88
2012,9,12,6,30,22,157,16,25.400000000000002,6.6000000000000005,87.72
2012,9,12,7,30,170,100,142,25.8,6.9,73.96000000000001
2012,9,12,8,30,469,791,74,26.1,7.1000000000000005,60.08
2012,9,12,9,30,686,871,86,26.3,7.2,46.42
2012,9,12,10,30,856,913,94,26.5,7.2,33.42
2012,9,12,11,30,964,944,91,26.6,7.2,22.37
2012,9,12,12,30,998,947,95,26.700000000000003,7.300000000000001,17.55
2012,9,12,13,30,956,936,96,26.6,7.4,23.25
2012,9,12,14,30,841,909,92,26.5,7.6000000000000005,34.6
2012,9,12,15,30,664,857,87,26.400000000000002,7.800000000000001,47.7
2012,9,12,16,30,292,79,254,26.200000000000003,7.9,61.4
2012,9,12,17,30,81,1,81,26,7.9,75.3
2012,9,12,18,30,12,59,11,25.8,7.9,88.96000000000001
2012,9,12,19,30,0,0,0,25.700000000000003,7.9,103.23
2012,9,12,20,30,0,0,0,25.6,7.800000000000001,116.88
2012,9,12,21,30,0,0,0,25.5,7.6000000000000005,130.02
2012,9,12,22,30,0,0,0,25.5,7.300000000000001,142.05
2012,9,12,23,30,0,0,0,25.400000000000002,6.9,151.48
2012,9,13,0,30,0,0,0,25.400000000000002,6.4,155.15
2012,9,13,1,30,0,0,0,25.3,6.1000000000000005,150.78
2012,9,13,2,30,0,0,0,25.400000000000002,5.9,140.99
2012,9,13,3,30,0,0,0,25.400000000000002,5.9,128.82
2012,9,13,4,30,0,0,0,25.400000000000002,5.9,115.62
2012,9,13,5,30,0,0,0,25.400000000000002,6.1000000000000005,101.94
2012,9,13,6,30,22,155,16,25.6,6.5,87.77
2012,9,13,7,30,64,0,64,25.900000000000002,6.9,74.02
2012,9,13,8,30,474,814,68,26.200000000000003,7,60.14
2012,9,13,9,30,503,200,365,26.5,7,46.51
2012,9,13,10,30,560,149,436,26.700000000000003,6.9,33.56
2012,9,13,11,30,146,0,146,26.900000000000002,6.800000000000001,22.62
2012,9,13,12,30,665,182,492,27,6.6000000000000005,17.94
2012,9,13,13,30,960,941,98,27,6.5,23.61
2012,9,13,14,30,847,924,89,27,6.6000000000000005,34.89
2012,9,13,15,30,669,876,82,26.900000000000002,6.800000000000001,47.95
2012,9,13,16,30,446,790,70,26.700000000000003,7.1000000000000005,61.63
2012,9,13,17,30,141,46,129,26.400000000000002,7.4,75.52
2012,9,13,18,30,0,0,0,26.1,7.6000000000000005,89.16
2012,9,13,19,30,0,0,0,25.900000000000002,7.7,103.46000000000001
2012,9,13,20,30,0,0,0,25.700000000000003,7.6000000000000005,117.13
2012,9,13,21,30,0,0,0,25.6,7.300000000000001,130.3
2012,9,13,22,30,0,0,0,25.5,6.9,142.37
2012,9,13,23,30,0,0,0,25.400000000000002,6.5,151.86
2012,9,14,0,30,0,0,0,25.3,6.2,155.53
2012,9,14,1,30,0,0,0,25.200000000000003,6.1000000000000005,151.06
2012,9,14,2,30,0,0,0,25.1,6.1000000000000005,141.17000000000002
2012,9,14,3,30,0,0,0,25.1,6.1000000000000005,128.94
2012,9,14,4,30,0,0,0,25,6,115.7
2012,9,14,5,30,0,0,0,25,6,102.01
2012,9,14,6,30,22,193,15,25.200000000000003,6.2,87.82000000000001
2012,9,14,7,30,66,0,66,25.5,6.4,74.08
2012,9,14,8,30,352,197,254,25.8,6.5,60.21
2012,9,14,9,30,248,1,247,26.1,6.5,46.6
2012,9,14,10,30,420,35,391,26.400000000000002,6.4,33.71
2012,9,14,11,30,790,391,430,26.6,6.2,22.88
2012,9,14,12,30,717,233,497,26.8,6.1000000000000005,18.330000000000002
2012,9,14,13,30,773,368,437,26.8,6.1000000000000005,23.96
2012,9,14,14,30,658,313,402,26.8,6.2,35.17
2012,9,14,15,30,659,863,84,26.700000000000003,6.5,48.2
2012,9,14,16,30,437,773,73,26.5,6.7,61.86
2012,9,14,17,30,196,578,53,26.200000000000003,6.7,75.74
2012,9,14,18,30,0,0,0,26,6.800000000000001,89.35000000000001
2012,9,14,19,30,0,0,0,25.8,6.9,103.7
2012,9,14,20,30,0,0,0,25.700000000000003,6.800000000000001,117.38
2012,9,14,21,30,0,0,0,25.6,6.7,130.57
2012,9,14,22,30,0,0,0,25.5,6.4,142.69
2012,9,14,23,30,0,0,0,25.400000000000002,6.2,152.24
2012,9,15,0,30,0,0,0,25.400000000000002,6,155.91
2012,9,15,1,30,0,0,0,25.3,5.800000000000001,151.34
2012,9,15,2,30,0,0,0,25.3,5.6000000000000005,141.35
2012,9,15,3,30,0,0,0,25.3,5.4,129.06
2012,9,15,4,30,0,0,0,25.200000000000003,5.2,115.79
2012,9,15,5,30,0,0,0,25.200000000000003,5,102.07000000000001
2012,9,15,6,30,21,158,15,25.3,5.1000000000000005,87.87
2012,9,15,7,30,88,1,87,25.6,5.2,74.13
2012,9,15,8,30,55,0,55,25.8,5.2,60.28
2012,9,15,9,30,495,196,361,26.1,5.2,46.7
2012,9,15,10,30,622,225,435,26.3,5.2,33.86
2012,9,15,11,30,963,959,81,26.6,5.1000000000000005,23.14
2012,9,15,12,30,996,964,83,26.8,5,18.72
2012,9,15,13,30,953,955,83,26.900000000000002,5,24.32
2012,9,15,14,30,839,933,79,26.900000000000002,5,35.46
2012,9,15,15,30,662,886,74,26.900000000000002,5.1000000000000005,48.45
2012,9,15,16,30,439,800,65,26.700000000000003,5.4,62.09
2012,9,15,17,30,197,615,48,26.5,5.6000000000000005,75.97
2012,9,15,18,30,0,0,0,26.200000000000003,5.9,89.54
2012,9,15,19,30,0,0,0,25.900000000000002,6.1000000000000005,103.93
2012,9,15,20,30,0,0,0,25.8,6.2,117.63
2012,9,15,21,30,0,0,0,25.700000000000003,6,130.85
2012,9,15,22,30,0,0,0,25.6,5.800000000000001,143.01
2012,9,15,23,30,0,0,0,25.400000000000002,5.5,152.62
2012,9,16,0,30,0,0,0,25.3,5.300000000000001,156.29
2012,9,16,1,30,0,0,0,25.200000000000003,5.1000000000000005,151.62
2012,9,16,2,30,0,0,0,25,5,141.53
2012,9,16,3,30,0,0,0,24.900000000000002,4.9,129.18
2012,9,16,4,30,0,0,0,24.900000000000002,4.9,115.87
2012,9,16,5,30,0,0,0,24.900000000000002,5,102.14
2012,9,16,6,30,22,216,14,25.1,5.2,87.93
2012,9,16,7,30,231,674,47,25.5,5.300000000000001,74.19
2012,9,16,8,30,472,829,62,25.900000000000002,5.300000000000001,60.35
2012,9,16,9,30,690,904,71,26.400000000000002,5.2,46.800000000000004
2012,9,16,10,30,859,944,77,26.8,5.2,34.02
2012,9,16,11,30,965,965,80,27.1,5.1000000000000005,23.41
2012,9,16,12,30,998,971,81,27.200000000000003,5.1000000000000005,19.11
2012,9,16,13,30,953,960,80,27.3,5.2,24.67
2012,9,16,14,30,838,937,78,27.200000000000003,5.300000000000001,35.76
2012,9,16,15,30,659,889,72,27,5.5,48.7
2012,9,16,16,30,436,805,62,26.8,5.7,62.32
2012,9,16,17,30,194,622,45,26.400000000000002,5.9,76.19
2012,9,16,18,30,0,0,0,26,6.1000000000000005,89.73
2012,9,16,19,30,0,0,0,25.8,6.300000000000001,104.16
2012,9,16,20,30,0,0,0,25.6,6.4,117.87
2012,9,16,21,30,0,0,0,25.5,6.4,131.12
2012,9,16,22,30,0,0,0,25.400000000000002,6.300000000000001,143.33
2012,9,16,23,30,0,0,0,25.3,6,153
2012,9,17,0,30,0,0,0,25.200000000000003,5.7,156.68
2012,9,17,1,30,0,0,0,25.200000000000003,5.5,151.89000000000001
2012,9,17,2,30,0,0,0,25.1,5.4,141.71
2012,9,17,3,30,0,0,0,25,5.300000000000001,129.29
2012,9,17,4,30,0,0,0,25,5.2,115.95
2012,9,17,5,30,0,0,0,25,5.2,102.2
2012,9,17,6,30,21,186,14,25.3,5.4,87.98
2012,9,17,7,30,111,4,110,25.700000000000003,5.7,74.25
2012,9,17,8,30,464,803,68,26.1,5.800000000000001,60.42
2012,9,17,9,30,681,882,78,26.5,5.9,46.9
2012,9,17,10,30,849,922,86,26.8,5.9,34.17
2012,9,17,11,30,751,330,449,27.1,5.9,23.68
2012,9,17,12,30,699,221,491,27.3,5.9,19.5
2012,9,17,13,30,941,934,95,27.400000000000002,5.9,25.03
2012,9,17,14,30,826,912,88,27.400000000000002,6,36.050000000000004
2012,9,17,15,30,650,868,80,27.200000000000003,6.300000000000001,48.95
2012,9,17,16,30,428,779,69,27,6.7,62.550000000000004
2012,9,17,17,30,187,586,49,26.6,7,76.41
2012,9,17,18,30,0,0,0,26.3,7.2,89.92
2012,9,17,19,30,0,0,0,26,7.4,104.39
2012,9,17,20,30,0,0,0,25.900000000000002,7.4,118.12
2012,9,17,21,30,0,0,0,25.8,7.2,131.4
2012,9,17,22,30,0,0,0,25.700000000000003,6.800000000000001,143.66
2012,9,17,23,30,0,0,0,25.6,6.4,153.38
2012,9,18,0,30,0,0,0,25.5,6,157.06
2012,9,18,1,30,0,0,0,25.3,5.7,152.17000000000002
2012,9,18,2,30,0,0,0,25.200000000000003,5.5,141.88
2012,9,18,3,30,0,0,0,25.1,5.300000000000001,129.41
2012,9,18,4,30,0,0,0,25,5.300000000000001,116.04
2012,9,18,5,30,0,0,0,24.900000000000002,5.300000000000001,102.27
2012,9,18,6,30,20,178,14,25,5.5,88.04
2012,9,18,7,30,15,0,15,25.3,5.6000000000000005,74.31
2012,9,18,8,30,45,0,45,25.5,5.5,60.49
2012,9,18,9,30,286,6,282,25.900000000000002,5.300000000000001,47
2012,9,18,10,30,855,935,83,26.200000000000003,5,34.34
2012,9,18,11,30,960,953,89,26.6,4.800000000000001,23.96
2012,9,18,12,30,992,959,91,26.900000000000002,4.800000000000001,19.89
2012,9,18,13,30,785,409,415,27,4.9,25.400000000000002
2012,9,18,14,30,705,611,212,27.1,5.2,36.35
2012,9,18,15,30,648,860,86,27.1,5.5,49.21
2012,9,18,16,30,422,759,75,26.900000000000002,5.800000000000001,62.79
2012,9,18,17,30,180,541,55,26.6,6.1000000000000005,76.64
2012,9,18,18,30,0,0,0,26.3,6.2,90.11
2012,9,18,19,30,0,0,0,26.1,6.300000000000001,104.62
2012,9,18,20,30,0,0,0,26,6.1000000000000005,118.36
2012,9,18,21,30,0,0,0,25.900000000000002,5.7,131.67000000000002
2012,9,18,22,30,0,0,0,25.8,5.300000000000001,143.97
2012,9,18,23,30,0,0,0,25.6,4.800000000000001,153.76
2012,9,19,0,30,0,0,0,25.5,4.3,157.44
2012,9,19,1,30,0,0,0,25.400000000000002,3.9000000000000004,152.44
2012,9,19,2,30,0,0,0,25.3,3.5,142.05
2012,9,19,3,30,0,0,0,25.3,3.3000000000000003,129.52
2012,9,19,4,30,0,0,0,25.200000000000003,3.3000000000000003,116.12
2012,9,19,5,30,0,0,0,25.200000000000003,3.5,102.33
2012,9,19,6,30,18,126,14,25.3,3.8000000000000003,88.09
2012,9,19,7,30,217,608,54,25.400000000000002,4.1000000000000005,74.37
2012,9,19,8,30,456,783,71,25.700000000000003,4.3,60.57
2012,9,19,9,30,670,865,82,26,4.3,47.11
2012,9,19,10,30,836,906,89,26.400000000000002,4.1000000000000005,34.5
2012,9,19,11,30,937,917,101,26.700000000000003,3.9000000000000004,24.23
2012,9,19,12,30,967,922,102,26.900000000000002,3.6,20.28
2012,9,19,13,30,923,914,100,27,3.4000000000000004,25.76
2012,9,19,14,30,807,884,97,27.1,3.3000000000000003,36.64
2012,9,19,15,30,630,833,89,27,3.4000000000000004,49.47
2012,9,19,16,30,410,740,74,26.8,3.6,63.02
2012,9,19,17,30,174,540,51,26.5,3.8000000000000003,76.86
2012,9,19,18,30,0,0,0,26.1,4,90.9
2012,9,19,19,30,0,0,0,25.8,4.2,104.85000000000001
2012,9,19,20,30,0,0,0,25.5,4.3,118.61
2012,9,19,21,30,0,0,0,25.3,4.3,131.94
2012,9,19,22,30,0,0,0,25.200000000000003,4.2,144.29
2012,9,19,23,30,0,0,0,25.1,3.8000000000000003,154.14000000000001
2012,9,20,0,30,0,0,0,25.1,3.4000000000000004,157.82
2012,9,20,1,30,0,0,0,25,3.1,152.71
2012,9,20,2,30,0,0,0,25,2.7,142.22
2012,9,20,3,30,0,0,0,25,2.4000000000000004,129.63
2012,9,20,4,30,0,0,0,25,2.1,116.2
2012,9,20,5,30,0,0,0,25.1,2,102.39
2012,9,20,6,30,12,0,12,25.200000000000003,2.1,88.14
2012,9,20,7,30,220,639,48,25.400000000000002,2.3000000000000003,74.43
2012,9,20,8,30,209,14,202,25.6,2.5,60.65
2012,9,20,9,30,203,1,203,25.8,2.6,47.22
2012,9,20,10,30,498,117,401,26.1,2.6,34.67
2012,9,20,11,30,738,443,335,26.3,2.4000000000000004,24.52
2012,9,20,12,30,454,52,405,26.5,2.2,20.68
2012,9,20,13,30,288,1,287,26.6,2.1,26.12
2012,9,20,14,30,311,3,309,26.6,2.1,36.94
2012,9,20,15,30,358,66,316,26.5,2.1,49.730000000000004
2012,9,20,16,30,404,720,80,26.400000000000002,2.2,63.26
2012,9,20,17,30,125,49,114,26.200000000000003,2.3000000000000003,77.08
2012,9,20,18,30,0,0,0,26,2.4000000000000004,91.13
2012,9,20,19,30,0,0,0,25.8,2.4000000000000004,105.08
2012,9,20,20,30,0,0,0,25.6,2.4000000000000004,118.85000000000001
2012,9,20,21,30,0,0,0,25.5,2.3000000000000003,132.21
2012,9,20,22,30,0,0,0,25.400000000000002,2.2,144.61
2012,9,20,23,30,0,0,0,25.3,2.2,154.52
2012,9,21,0,30,0,0,0,25.3,2.2,158.21
2012,9,21,1,30,0,0,0,25.200000000000003,2.2,152.97
2012,9,21,2,30,0,0,0,25.200000000000003,2.3000000000000003,142.39000000000001
2012,9,21,3,30,0,0,0,25.200000000000003,2.5,129.74
2012,9,21,4,30,0,0,0,25.200000000000003,2.7,116.28
2012,9,21,5,30,0,0,0,25.200000000000003,2.8000000000000003,102.46000000000001
2012,9,21,6,30,17,109,14,25.3,2.9000000000000004,88.2
2012,9,21,7,30,214,591,56,25.6,3,74.5
2012,9,21,8,30,452,774,74,26,2.9000000000000004,60.730000000000004
2012,9,21,9,30,466,159,359,26.400000000000002,2.9000000000000004,47.33
2012,9,21,10,30,836,908,91,26.700000000000003,2.9000000000000004,34.85
2012,9,21,11,30,607,158,464,27,2.9000000000000004,24.8
2012,9,21,12,30,483,43,443,27.200000000000003,2.8000000000000003,21.07
2012,9,21,13,30,551,133,433,27.3,2.9000000000000004,26.490000000000002
2012,9,21,14,30,808,895,95,27.400000000000002,3.1,37.24
2012,9,21,15,30,630,849,85,27.3,3.5,49.99
2012,9,21,16,30,409,760,70,27.200000000000003,4,63.5
2012,9,21,17,30,171,561,47,26.900000000000002,4.6000000000000005,77.31
2012,9,21,18,30,0,0,0,26.5,5.300000000000001,91.35000000000001
2012,9,21,19,30,0,0,0,26.200000000000003,5.7,105.3
2012,9,21,20,30,0,0,0,26.1,6,119.10000000000001
2012,9,21,21,30,0,0,0,25.900000000000002,6.1000000000000005,132.48
2012,9,21,22,30,0,0,0,25.8,6,144.93
2012,9,21,23,30,0,0,0,25.700000000000003,5.800000000000001,154.9
2012,9,22,0,30,0,0,0,25.6,5.6000000000000005,158.59
2012,9,22,1,30,0,0,0,25.5,5.4,153.24
2012,9,22,2,30,0,0,0,25.400000000000002,5.300000000000001,142.55
2012,9,22,3,30,0,0,0,25.3,5.300000000000001,129.85
2012,9,22,4,30,0,0,0,25.200000000000003,5.300000000000001,116.35000000000001
2012,9,22,5,30,0,0,0,25.200000000000003,5.5,102.52
2012,9,22,6,30,18,169,13,25.400000000000002,5.9,88.25
2012,9,22,7,30,80,1,80,25.8,6.300000000000001,74.56
2012,9,22,8,30,337,180,249,26.1,6.6000000000000005,60.81
2012,9,22,9,30,478,177,358,26.400000000000002,6.800000000000001,47.44
2012,9,22,10,30,314,2,312,26.6,6.800000000000001,35.03
2012,9,22,11,30,514,84,437,26.8,6.7,25.09
2012,9,22,12,30,753,305,469,26.900000000000002,6.7,21.46
2012,9,22,13,30,504,80,432,27,6.7,26.85
2012,9,22,14,30,304,2,303,26.900000000000002,6.9,37.550000000000004
2012,9,22,15,30,205,1,204,26.8,7.1000000000000005,50.25
2012,9,22,16,30,257,58,232,26.6,7.300000000000001,63.730000000000004
2012,9,22,17,30,118,36,110,26.3,7.5,77.53
2012,9,22,18,30,0,0,0,26,7.6000000000000005,91.57000000000001
2012,9,22,19,30,0,0,0,25.8,7.5,105.53
2012,9,22,20,30,0,0,0,25.700000000000003,7.4,119.34
2012,9,22,21,30,0,0,0,25.6,7.2,132.75
2012,9,22,22,30,0,0,0,25.5,7,145.24
2012,9,22,23,30,0,0,0,25.400000000000002,6.800000000000001,155.28
2012,9,23,0,30,0,0,0,25.400000000000002,6.7,158.97
2012,9,23,1,30,0,0,0,25.400000000000002,6.7,153.5
2012,9,23,2,30,0,0,0,25.3,6.800000000000001,142.71
2012,9,23,3,30,0,0,0,25.400000000000002,6.800000000000001,129.95
2012,9,23,4,30,0,0,0,25.400000000000002,6.800000000000001,116.43
2012,9,23,5,30,0,0,0,25.400000000000002,6.800000000000001,102.59
2012,9,23,6,30,17,114,13,25.5,6.9,88.31
2012,9,23,7,30,216,610,54,25.8,7.1000000000000005,74.63
2012,9,23,8,30,455,791,70,26.1,7.1000000000000005,60.89
2012,9,23,9,30,331,35,308,26.400000000000002,7.2,47.56
2012,9,23,10,30,417,43,383,26.700000000000003,7.300000000000001,35.21
2012,9,23,11,30,938,945,83,26.900000000000002,7.300000000000001,25.38
2012,9,23,12,30,484,47,440,27,7.4,21.86
2012,9,23,13,30,922,941,86,27,7.5,27.22
2012,9,23,14,30,804,910,85,27,7.6000000000000005,37.85
2012,9,23,15,30,624,856,80,26.900000000000002,7.7,50.51
2012,9,23,16,30,401,757,69,26.700000000000003,7.9,63.97
2012,9,23,17,30,162,539,48,26.400000000000002,7.9,77.76
2012,9,23,18,30,0,0,0,26.1,7.9,91.8
2012,9,23,19,30,0,0,0,26,7.800000000000001,105.76
2012,9,23,20,30,0,0,0,25.900000000000002,7.7,119.58
2012,9,23,21,30,0,0,0,25.8,7.5,133.02
2012,9,23,22,30,0,0,0,25.700000000000003,7.300000000000001,145.55
2012,9,23,23,30,0,0,0,25.700000000000003,7.1000000000000005,155.66
2012,9,24,0,30,0,0,0,25.700000000000003,7,159.35
2012,9,24,1,30,0,0,0,25.6,6.9,153.76
2012,9,24,2,30,0,0,0,25.6,6.7,142.87
2012,9,24,3,30,0,0,0,25.5,6.5,130.06
2012,9,24,4,30,0,0,0,25.5,6.4,116.51
2012,9,24,5,30,0,0,0,25.400000000000002,6.300000000000001,102.65
2012,9,24,6,30,16,94,13,25.5,6.5,88.36
2012,9,24,7,30,122,9,120,25.8,6.7,74.69
2012,9,24,8,30,451,769,78,26,6.9,60.980000000000004
2012,9,24,9,30,466,155,361,26.3,6.9,47.68
2012,9,24,10,30,177,0,177,26.5,6.9,35.39
2012,9,24,11,30,182,0,182,26.700000000000003,6.800000000000001,25.68
2012,9,24,12,30,204,0,204,26.8,6.800000000000001,22.25
2012,9,24,13,30,355,3,353,26.8,6.800000000000001,27.59
2012,9,24,14,30,209,0,209,26.700000000000003,6.9,38.160000000000004
2012,9,24,15,30,302,27,285,26.6,6.9,50.77
2012,9,24,16,30,194,16,187,26.400000000000002,7,64.21000000000001
2012,9,24,17,30,163,558,46,26.1,7,77.98
2012,9,24,18,30,0,0,0,25.900000000000002,7,92.02
2012,9,24,19,30,0,0,0,25.700000000000003,6.9,105.98
2012,9,24,20,30,0,0,0,25.700000000000003,6.800000000000001,119.82000000000001
2012,9,24,21,30,0,0,0,25.6,6.800000000000001,133.28
2012,9,24,22,30,0,0,0,25.5,6.7,145.86
2012,9,24,23,30,0,0,0,25.400000000000002,6.6000000000000005,156.04
2012,9,25,0,30,0,0,0,25.400000000000002,6.4,159.73
2012,9,25,1,30,0,0,0,25.3,6.300000000000001,154.01
2012,9,25,2,30,0,0,0,25.3,6.1000000000000005,143.03
2012,9,25,3,30,0,0,0,25.200000000000003,6,130.16
2012,9,25,4,30,0,0,0,25.200000000000003,5.9,116.58
2012,9,25,5,30,0,0,0,25.200000000000003,5.9,102.71000000000001
2012,9,25,6,30,7,0,7,25.400000000000002,6.1000000000000005,88.42
2012,9,25,7,30,216,624,52,25.700000000000003,6.300000000000001,74.76
2012,9,25,8,30,457,799,70,26,6.4,61.06
2012,9,25,9,30,673,881,81,26.400000000000002,6.4,47.800000000000004
2012,9,25,10,30,840,926,87,26.6,6.4,35.58
2012,9,25,11,30,942,947,91,26.8,6.300000000000001,25.97
2012,9,25,12,30,971,952,92,26.900000000000002,6.2,22.650000000000002
2012,9,25,13,30,922,939,92,26.900000000000002,6.300000000000001,27.95
2012,9,25,14,30,801,910,88,26.900000000000002,6.4,38.46
2012,9,25,15,30,619,858,79,26.700000000000003,6.6000000000000005,51.04
2012,9,25,16,30,63,0,63,26.5,6.9,64.45
2012,9,25,17,30,157,548,45,26.200000000000003,6.9,78.21000000000001
2012,9,25,18,30,0,0,0,26,6.800000000000001,92.24
2012,9,25,19,30,0,0,0,25.900000000000002,6.6000000000000005,106.21000000000001
2012,9,25,20,30,0,0,0,25.8,6.4,120.05
2012,9,25,21,30,0,0,0,25.700000000000003,6.1000000000000005,133.54
2012,9,25,22,30,0,0,0,25.6,5.9,146.17000000000002
2012,9,25,23,30,0,0,0,25.400000000000002,5.7,156.41
2012,9,26,0,30,0,0,0,25.3,5.6000000000000005,160.11
2012,9,26,1,30,0,0,0,25.200000000000003,5.5,154.27
2012,9,26,2,30,0,0,0,25.1,5.6000000000000005,143.18
2012,9,26,3,30,0,0,0,25,5.7,130.26
2012,9,26,4,30,0,0,0,24.900000000000002,5.9,116.66
2012,9,26,5,30,0,0,0,24.900000000000002,6,102.77
2012,9,26,6,30,16,131,12,25.1,6.4,88.48
2012,9,26,7,30,217,631,52,25.400000000000002,6.800000000000001,74.83
2012,9,26,8,30,175,3,174,25.8,6.9,61.15
2012,9,26,9,30,480,180,359,26.1,7,47.93
2012,9,26,10,30,319,3,317,26.400000000000002,6.9,35.77
2012,9,26,11,30,502,75,435,26.6,6.7,26.27
2012,9,26,12,30,567,110,466,26.8,6.5,23.04
2012,9,26,13,30,921,938,95,26.900000000000002,6.4,28.32
2012,9,26,14,30,375,23,357,27,6.300000000000001,38.77
2012,9,26,15,30,346,61,308,26.900000000000002,6.300000000000001,51.300000000000004
2012,9,26,16,30,188,14,182,26.700000000000003,6.4,64.69
2012,9,26,17,30,153,528,47,26.5,6.6000000000000005,78.43
2012,9,26,18,30,0,0,0,26.1,6.800000000000001,92.46000000000001
2012,9,26,19,30,0,0,0,25.8,6.9,106.43
2012,9,26,20,30,0,0,0,25.700000000000003,7,120.29
2012,9,26,21,30,0,0,0,25.6,6.9,133.8
2012,9,26,22,30,0,0,0,25.5,6.7,146.47
2012,9,26,23,30,0,0,0,25.400000000000002,6.4,156.79
2012,9,27,0,30,0,0,0,25.400000000000002,6.1000000000000005,160.49
2012,9,27,1,30,0,0,0,25.3,6,154.52
2012,9,27,2,30,0,0,0,25.200000000000003,5.9,143.33
2012,9,27,3,30,0,0,0,25.1,5.9,130.36
2012,9,27,4,30,0,0,0,25.1,5.9,116.73
2012,9,27,5,30,0,0,0,25.1,6,102.84
2012,9,27,6,30,16,139,12,25.3,6.2,88.53
2012,9,27,7,30,217,638,50,25.6,6.5,74.9
2012,9,27,8,30,457,806,69,25.900000000000002,6.7,61.24
2012,9,27,9,30,672,886,80,26.200000000000003,6.7,48.06
2012,9,27,10,30,838,927,88,26.5,6.7,35.97
2012,9,27,11,30,637,183,473,26.700000000000003,6.6000000000000005,26.580000000000002
2012,9,27,12,30,427,13,415,26.8,6.5,23.44
2012,9,27,13,30,159,0,159,26.8,6.5,28.69
2012,9,27,14,30,301,2,299,26.700000000000003,6.7,39.08
2012,9,27,15,30,242,3,240,26.5,6.800000000000001,51.56
2012,9,27,16,30,95,0,95,26.200000000000003,6.9,64.93
2012,9,27,17,30,152,552,44,25.900000000000002,6.9,78.66
2012,9,27,18,30,0,0,0,25.6,6.9,92.68
2012,9,27,19,30,0,0,0,25.5,6.9,106.65
2012,9,27,20,30,0,0,0,25.5,6.800000000000001,120.52
2012,9,27,21,30,0,0,0,25.6,6.800000000000001,134.06
2012,9,27,22,30,0,0,0,25.6,6.7,146.78
2012,9,27,23,30,0,0,0,25.6,6.6000000000000005,157.16
2012,9,28,0,30,0,0,0,25.700000000000003,6.5,160.87
2012,9,28,1,30,0,0,0,25.700000000000003,6.4,154.76
2012,9,28,2,30,0,0,0,25.6,6.300000000000001,143.48
2012,9,28,3,30,0,0,0,25.6,6.300000000000001,130.46
2012,9,28,4,30,0,0,0,25.5,6.4,116.8
2012,9,28,5,30,0,0,0,25.5,6.6000000000000005,102.9
2012,9,28,6,30,6,0,6,25.700000000000003,7,88.59
2012,9,28,7,30,214,625,53,26,7.4,74.98
2012,9,28,8,30,214,14,207,26.3,7.6000000000000005,61.34
2012,9,28,9,30,465,156,361,26.6,7.7,48.19
2012,9,28,10,30,528,133,420,26.900000000000002,7.7,36.160000000000004
2012,9,28,11,30,603,155,464,27,7.5,26.88
2012,9,28,12,30,815,616,251,27.1,7.300000000000001,23.830000000000002
2012,9,28,13,30,832,705,216,27.1,7.1000000000000005,29.060000000000002
2012,9,28,14,30,502,114,414,27,6.9,39.38
2012,9,28,15,30,483,257,324,26.900000000000002,6.7,51.83
2012,9,28,16,30,260,118,210,26.700000000000003,6.7,65.16
2012,9,28,17,30,54,0,54,26.5,6.6000000000000005,78.88
2012,9,28,18,30,0,0,0,26.3,6.5,92.9
2012,9,28,19,30,0,0,0,26.200000000000003,6.6000000000000005,106.87
2012,9,28,20,30,0,0,0,26.1,6.6000000000000005,120.75
2012,9,28,21,30,0,0,0,26,6.5,134.32
2012,9,28,22,30,0,0,0,26,6.2,147.08
2012,9,28,23,30,0,0,0,25.900000000000002,5.7,157.53
2012,9,29,0,30,0,0,0,25.8,5.2,161.25
2012,9,29,1,30,0,0,0,25.700000000000003,4.800000000000001,155.01
2012,9,29,2,30,0,0,0,25.6,4.800000000000001,143.62
2012,9,29,3,30,0,0,0,25.6,5,130.56
2012,9,29,4,30,0,0,0,25.6,5.2,116.88
2012,9,29,5,30,0,0,0,25.6,5.300000000000001,102.96000000000001
2012,9,29,6,30,8,0,8,25.700000000000003,5.5,88.65
2012,9,29,7,30,171,206,118,26,5.7,75.05
2012,9,29,8,30,155,1,154,26.400000000000002,5.7,61.43
2012,9,29,9,30,61,0,61,26.700000000000003,5.5,48.32
2012,9,29,10,30,643,423,302,27,5.300000000000001,36.37
2012,9,29,11,30,753,359,434,27.3,5,27.19
2012,9,29,12,30,531,89,450,27.5,4.6000000000000005,24.23
2012,9,29,13,30,631,331,342,27.700000000000003,4.2,29.42
2012,9,29,14,30,581,346,315,27.700000000000003,3.8000000000000003,39.69
2012,9,29,15,30,235,3,234,27.700000000000003,3.7,52.09
2012,9,29,16,30,380,742,71,27.5,3.8000000000000003,65.4
2012,9,29,17,30,100,27,95,27.200000000000003,4.1000000000000005,79.10000000000001
2012,9,29,18,30,0,0,0,26.8,4.4,93.11
2012,9,29,19,30,0,0,0,26.6,4.6000000000000005,107.09
2012,9,29,20,30,0,0,0,26.400000000000002,4.6000000000000005,120.98
2012,9,29,21,30,0,0,0,26.3,4.4,134.57
2012,9,29,22,30,0,0,0,26.200000000000003,4.2,147.37
2012,9,29,23,30,0,0,0,26.1,3.9000000000000004,157.9
2012,9,30,0,30,0,0,0,26.1,3.6,161.63
2012,9,30,1,30,0,0,0,26,3.3000000000000003,155.25
2012,9,30,2,30,0,0,0,25.900000000000002,3,143.77
2012,9,30,3,30,0,0,0,25.8,2.9000000000000004,130.65
2012,9,30,4,30,0,0,0,25.700000000000003,2.9000000000000004,116.95
2012,9,30,5,30,0,0,0,25.700000000000003,2.9000000000000004,103.03
2012,9,30,6,30,13,56,12,25.8,3.1,88.71000000000001
2012,9,30,7,30,205,565,60,26,3.2,75.13
2012,9,30,8,30,443,761,80,26.200000000000003,3.1,61.53
2012,9,30,9,30,164,0,164,26.400000000000002,2.9000000000000004,48.46
2012,9,30,10,30,512,124,412,26.6,2.6,36.57
2012,9,30,11,30,610,164,465,26.8,2.4000000000000004,27.5
2012,9,30,12,30,909,737,239,26.900000000000002,2.2,24.62
2012,9,30,13,30,897,914,104,27,2,29.79
2012,9,30,14,30,777,882,101,27,1.9000000000000001,40
2012,9,30,15,30,389,98,329,27,1.8,52.36
2012,9,30,16,30,196,56,173,26.900000000000002,1.8,65.64
2012,9,30,17,30,93,40,85,26.8,1.8,79.32000000000001
2012,9,30,18,30,0,0,0,26.6,1.7000000000000002,93.33
2012,9,30,19,30,0,0,0,26.5,1.6,107.31
2012,9,30,20,30,0,0,0,26.5,1.5,121.21000000000001
2012,9,30,21,30,0,0,0,26.400000000000002,1.5,134.82
2012,9,30,22,30,0,0,0,26.3,1.5,147.67000000000002
2012,9,30,23,30,0,0,0,26.200000000000003,1.4000000000000001,158.27
2012,10,1,0,30,0,0,0,26,1.5,162
2012,10,1,1,30,0,0,0,25.900000000000002,1.5,155.48
2012,10,1,2,30,0,0,0,25.700000000000003,1.4000000000000001,143.91
2012,10,1,3,30,0,0,0,25.6,1.4000000000000001,130.74
2012,10,1,4,30,0,0,0,25.400000000000002,1.4000000000000001,117.02
2012,10,1,5,30,0,0,0,25.400000000000002,1.4000000000000001,103.09
2012,10,1,6,30,5,0,5,25.5,1.4000000000000001,88.77
2012,10,1,7,30,135,26,128,25.8,1.6,75.2
2012,10,1,8,30,352,256,230,26.1,1.7000000000000002,61.63
2012,10,1,9,30,657,864,85,26.5,1.8,48.6
2012,10,1,10,30,424,54,381,26.8,1.9000000000000001,36.78
2012,10,1,11,30,827,554,336,27,1.9000000000000001,27.810000000000002
2012,10,1,12,30,217,0,216,27.200000000000003,2,25.01
2012,10,1,13,30,381,8,374,27.400000000000002,1.9000000000000001,30.16
2012,10,1,14,30,306,3,304,27.400000000000002,1.8,40.31
2012,10,1,15,30,263,11,256,27.400000000000002,1.8,52.620000000000005
2012,10,1,16,30,251,76,220,27.3,2,65.88
2012,10,1,17,30,62,1,61,27.1,2.1,79.54
2012,10,1,18,30,0,0,0,26.900000000000002,2.2,93.54
2012,10,1,19,30,0,0,0,26.6,2.2,107.52
2012,10,1,20,30,0,0,0,26.400000000000002,2.2,121.43
2012,10,1,21,30,0,0,0,26.3,2,135.06
2012,10,1,22,30,0,0,0,26.1,1.7000000000000002,147.96
2012,10,1,23,30,0,0,0,25.900000000000002,1.5,158.64000000000001
2012,10,2,0,30,0,0,0,25.8,1.5,162.38
2012,10,2,1,30,0,0,0,25.700000000000003,1.8,155.71
2012,10,2,2,30,0,0,0,25.6,2.1,144.04
2012,10,2,3,30,0,0,0,25.6,2.5,130.84
2012,10,2,4,30,0,0,0,25.5,2.7,117.09
2012,10,2,5,30,0,0,0,25.5,2.7,103.16
2012,10,2,6,30,5,0,5,25.6,2.7,88.83
2012,10,2,7,30,22,0,22,25.8,2.8000000000000003,75.28
2012,10,2,8,30,169,3,167,26,2.7,61.74
2012,10,2,9,30,446,284,258,26.200000000000003,2.5,48.74
2012,10,2,10,30,421,54,378,26.5,2.2,36.99
2012,10,2,11,30,548,129,434,26.6,1.9000000000000001,28.12
2012,10,2,12,30,735,492,290,26.8,1.6,25.400000000000002
2012,10,2,13,30,716,357,408,26.900000000000002,1.5,30.52
2012,10,2,14,30,501,135,398,27,1.5,40.61
2012,10,2,15,30,368,86,316,27.1,1.6,52.89
2012,10,2,16,30,163,10,159,27,1.7000000000000002,66.11
2012,10,2,17,30,89,18,86,26.8,1.9000000000000001,79.76
2012,10,2,18,30,0,0,0,26.700000000000003,2.4000000000000004,93.76
2012,10,2,19,30,0,0,0,26.5,3.2,107.74000000000001
2012,10,2,20,30,0,0,0,26.3,3.6,121.65
2012,10,2,21,30,0,0,0,26.1,3.6,135.31
2012,10,2,22,30,0,0,0,26,3.4000000000000004,148.25
2012,10,2,23,30,0,0,0,25.900000000000002,3.3000000000000003,159
2012,10,3,0,30,0,0,0,25.8,3.2,162.75
2012,10,3,1,30,0,0,0,25.700000000000003,3.2,155.94
2012,10,3,2,30,0,0,0,25.700000000000003,3.2,144.18
2012,10,3,3,30,0,0,0,25.700000000000003,3.3000000000000003,130.93
2012,10,3,4,30,0,0,0,25.700000000000003,3.4000000000000004,117.17
2012,10,3,5,30,0,0,0,25.700000000000003,3.5,103.22
2012,10,3,6,30,5,0,5,25.8,3.7,88.89
2012,10,3,7,30,120,10,117,26,3.8000000000000003,75.36
2012,10,3,8,30,297,98,251,26.200000000000003,3.8000000000000003,61.84
2012,10,3,9,30,582,478,268,26.400000000000002,3.7,48.89
2012,10,3,10,30,430,63,381,26.700000000000003,3.6,37.21
2012,10,3,11,30,907,915,102,27,3.5,28.44
2012,10,3,12,30,932,922,102,27.200000000000003,3.5,25.79
2012,10,3,13,30,759,601,243,27.3,3.6,30.89
2012,10,3,14,30,464,168,337,27.3,3.7,40.92
2012,10,3,15,30,102,1,102,27.200000000000003,3.9000000000000004,53.15
2012,10,3,16,30,125,9,121,27.1,4.1000000000000005,66.35
2012,10,3,17,30,58,5,57,26.8,4.3,79.98
2012,10,3,18,30,0,0,0,26.6,4.4,93.97
2012,10,3,19,30,0,0,0,26.3,4.4,107.95
2012,10,3,20,30,0,0,0,26.1,4.3,121.87
2012,10,3,21,30,0,0,0,26,4.1000000000000005,135.55
2012,10,3,22,30,0,0,0,25.8,3.9000000000000004,148.53
2012,10,3,23,30,0,0,0,25.8,3.5,159.36
2012,10,4,0,30,0,0,0,25.700000000000003,3.2,163.12
2012,10,4,1,30,0,0,0,25.700000000000003,3,156.17000000000002
2012,10,4,2,30,0,0,0,25.700000000000003,2.9000000000000004,144.31
2012,10,4,3,30,0,0,0,25.700000000000003,2.9000000000000004,131.02
2012,10,4,4,30,0,0,0,25.6,2.9000000000000004,117.24000000000001
2012,10,4,5,30,0,0,0,25.6,3,103.29
2012,10,4,6,30,12,78,10,25.8,3.3000000000000003,88.95
2012,10,4,7,30,201,591,52,26.1,3.5,75.45
2012,10,4,8,30,354,292,216,26.400000000000002,3.5,61.95
2012,10,4,9,30,648,866,80,26.700000000000003,3.3000000000000003,49.04
2012,10,4,10,30,811,912,86,27.1,3,37.42
2012,10,4,11,30,907,925,96,27.400000000000002,2.5,28.76
2012,10,4,12,30,882,683,269,27.6,2.1,26.19
2012,10,4,13,30,880,918,96,27.700000000000003,1.8,31.25
2012,10,4,14,30,758,883,94,27.700000000000003,1.9000000000000001,41.230000000000004
2012,10,4,15,30,577,827,84,27.700000000000003,2.1,53.410000000000004
2012,10,4,16,30,354,718,69,27.5,2.4000000000000004,66.58
2012,10,4,17,30,122,459,43,27.200000000000003,2.6,80.19
2012,10,4,18,30,0,0,0,26.900000000000002,2.7,94.18
2012,10,4,19,30,0,0,0,26.700000000000003,2.9000000000000004,108.15
2012,10,4,20,30,0,0,0,26.400000000000002,2.9000000000000004,122.09
2012,10,4,21,30,0,0,0,26.200000000000003,2.9000000000000004,135.78
2012,10,4,22,30,0,0,0,26,2.7,148.81
2012,10,4,23,30,0,0,0,25.8,2.4000000000000004,159.72
2012,10,5,0,30,0,0,0,25.700000000000003,2.1,163.49
2012,10,5,1,30,0,0,0,25.5,2,156.39000000000001
2012,10,5,2,30,0,0,0,25.400000000000002,1.9000000000000001,144.44
2012,10,5,3,30,0,0,0,25.3,1.9000000000000001,131.11
2012,10,5,4,30,0,0,0,25.3,1.9000000000000001,117.31
2012,10,5,5,30,0,0,0,25.3,1.9000000000000001,103.35000000000001
2012,10,5,6,30,0,0,0,25.400000000000002,1.9000000000000001,89.02
2012,10,5,7,30,202,609,49,25.6,1.9000000000000001,75.53
2012,10,5,8,30,436,788,67,26,1.8,62.06
2012,10,5,9,30,647,873,77,26.400000000000002,1.7000000000000002,49.19
2012,10,5,10,30,713,503,315,26.8,1.6,37.64
2012,10,5,11,30,197,0,197,27.1,1.3,29.080000000000002
2012,10,5,12,30,409,13,398,27.3,1,26.57
2012,10,5,13,30,405,21,388,27.400000000000002,1,31.62
2012,10,5,14,30,205,0,205,27.5,1.2000000000000002,41.53
2012,10,5,15,30,256,12,249,27.400000000000002,1.5,53.68
2012,10,5,16,30,215,39,200,27.3,1.9000000000000001,66.82000000000001
2012,10,5,17,30,121,487,40,27,2.2,80.41
2012,10,5,18,30,0,0,0,26.8,2.4000000000000004,94.38
2012,10,5,19,30,0,0,0,26.5,2.4000000000000004,108.36
2012,10,5,20,30,0,0,0,26.3,2.4000000000000004,122.3
2012,10,5,21,30,0,0,0,26.1,2.4000000000000004,136.01
2012,10,5,22,30,0,0,0,25.900000000000002,2.4000000000000004,149.08
2012,10,5,23,30,0,0,0,25.700000000000003,2.4000000000000004,160.07
2012,10,6,0,30,0,0,0,25.6,2.2,163.86
2012,10,6,1,30,0,0,0,25.400000000000002,2,156.61
2012,10,6,2,30,0,0,0,25.200000000000003,1.8,144.57
2012,10,6,3,30,0,0,0,25.1,1.6,131.2
2012,10,6,4,30,0,0,0,25,1.5,117.38
2012,10,6,5,30,0,0,0,25,1.5,103.42
2012,10,6,6,30,0,0,0,25.200000000000003,1.8,89.08
2012,10,6,7,30,200,613,48,25.5,2,75.62
2012,10,6,8,30,434,789,65,25.8,2.2,62.17
2012,10,6,9,30,395,91,335,26.200000000000003,2.5,49.35
2012,10,6,10,30,557,176,418,26.5,2.8000000000000003,37.87
2012,10,6,11,30,666,244,454,26.6,3.1,29.400000000000002
2012,10,6,12,30,601,158,460,26.6,3.3000000000000003,26.96
2012,10,6,13,30,478,88,403,26.6,3.5,31.98
2012,10,6,14,30,446,154,332,26.6,3.6,41.84
2012,10,6,15,30,388,208,266,26.700000000000003,3.7,53.94
2012,10,6,16,30,135,2,134,26.700000000000003,3.8000000000000003,67.05
2012,10,6,17,30,77,9,75,26.6,3.8000000000000003,80.62
2012,10,6,18,30,0,0,0,26.5,3.7,94.59
2012,10,6,19,30,0,0,0,26.400000000000002,3.7,108.56
2012,10,6,20,30,0,0,0,26.3,3.6,122.51
2012,10,6,21,30,0,0,0,26.200000000000003,3.5,136.24
2012,10,6,22,30,0,0,0,26.200000000000003,3.4000000000000004,149.35
2012,10,6,23,30,0,0,0,26.1,3.3000000000000003,160.43
2012,10,7,0,30,0,0,0,26.1,3.2,164.22
2012,10,7,1,30,0,0,0,26,3.1,156.83
2012,10,7,2,30,0,0,0,26,3,144.70000000000002
2012,10,7,3,30,0,0,0,25.900000000000002,2.9000000000000004,131.28
2012,10,7,4,30,0,0,0,25.900000000000002,2.8000000000000003,117.45
2012,10,7,5,30,0,0,0,25.8,2.8000000000000003,103.49000000000001
2012,10,7,6,30,0,0,0,25.900000000000002,2.9000000000000004,89.15
2012,10,7,7,30,196,578,53,26.200000000000003,3.1,75.7
2012,10,7,8,30,429,767,72,26.400000000000002,3.1,62.28
2012,10,7,9,30,638,855,83,26.700000000000003,3.2,49.5
2012,10,7,10,30,799,901,90,26.900000000000002,3.3000000000000003,38.09
2012,10,7,11,30,892,910,102,27.1,3.3000000000000003,29.72
2012,10,7,12,30,733,334,436,27.200000000000003,3.3000000000000003,27.35
2012,10,7,13,30,864,904,100,27.3,3.4000000000000004,32.34
2012,10,7,14,30,741,867,98,27.3,3.5,42.14
2012,10,7,15,30,561,813,85,27.200000000000003,3.6,54.2
2012,10,7,16,30,340,702,69,27,3.7,67.28
2012,10,7,17,30,111,442,41,26.8,3.8000000000000003,80.83
2012,10,7,18,30,0,0,0,26.6,3.9000000000000004,94.79
2012,10,7,19,30,0,0,0,26.400000000000002,4.1000000000000005,108.76
2012,10,7,20,30,0,0,0,26.3,4.3,122.71000000000001
2012,10,7,21,30,0,0,0,26.3,4.4,136.46
2012,10,7,22,30,0,0,0,26.3,4.5,149.62
2012,10,7,23,30,0,0,0,26.3,4.5,160.77
2012,10,8,0,30,0,0,0,26.3,4.4,164.59
2012,10,8,1,30,0,0,0,26.200000000000003,4.3,157.04
2012,10,8,2,30,0,0,0,26.200000000000003,4.2,144.82
2012,10,8,3,30,0,0,0,26.1,4.1000000000000005,131.37
2012,10,8,4,30,0,0,0,26.1,4,117.52
2012,10,8,5,30,0,0,0,26,3.9000000000000004,103.56
2012,10,8,6,30,0,0,0,26.1,4,89.21000000000001
2012,10,8,7,30,197,601,50,26.3,4.2,75.79
2012,10,8,8,30,171,3,170,26.400000000000002,4.2,62.4
2012,10,8,9,30,384,81,331,26.6,4.2,49.660000000000004
2012,10,8,10,30,569,193,418,26.8,4.3,38.32
2012,10,8,11,30,772,454,379,27,4.3,30.04
2012,10,8,12,30,553,128,440,27.200000000000003,4.4,27.73
2012,10,8,13,30,621,202,451,27.200000000000003,4.3,32.7
2012,10,8,14,30,415,79,356,27.200000000000003,4.1000000000000005,42.45
2012,10,8,15,30,268,20,256,27.1,4.1000000000000005,54.46
2012,10,8,16,30,335,679,75,26.900000000000002,4,67.51
2012,10,8,17,30,106,401,44,26.6,3.8000000000000003,81.04
2012,10,8,18,30,0,0,0,26.400000000000002,3.6,94.99
2012,10,8,19,30,0,0,0,26.200000000000003,3.4000000000000004,108.96000000000001
2012,10,8,20,30,0,0,0,26.1,3.2,122.91
2012,10,8,21,30,0,0,0,26,3.1,136.68
2012,10,8,22,30,0,0,0,25.900000000000002,2.9000000000000004,149.88
2012,10,8,23,30,0,0,0,25.8,2.8000000000000003,161.12
2012,10,9,0,30,0,0,0,25.8,2.6,164.95000000000002
2012,10,9,1,30,0,0,0,25.700000000000003,2.5,157.24
2012,10,9,2,30,0,0,0,25.6,2.4000000000000004,144.94
2012,10,9,3,30,0,0,0,25.5,2.3000000000000003,131.46
2012,10,9,4,30,0,0,0,25.5,2.3000000000000003,117.59
2012,10,9,5,30,0,0,0,25.5,2.2,103.63
2012,10,9,6,30,0,0,0,25.6,2.3000000000000003,89.28
2012,10,9,7,30,196,600,49,25.900000000000002,2.4000000000000004,75.89
2012,10,9,8,30,429,786,66,26.200000000000003,2.4000000000000004,62.52
2012,10,9,9,30,637,870,76,26.6,2.4000000000000004,49.83
2012,10,9,10,30,797,914,82,27,2.3000000000000003,38.550000000000004
2012,10,9,11,30,892,934,86,27.200000000000003,2.1,30.36
2012,10,9,12,30,915,940,86,27.3,1.7000000000000002,28.12
2012,10,9,13,30,863,928,84,27.400000000000002,1.4000000000000001,33.05
2012,10,9,14,30,739,888,86,27.6,1.1,42.75
2012,10,9,15,30,557,831,77,27.700000000000003,0.9,54.71
2012,10,9,16,30,336,719,63,27.700000000000003,0.7000000000000001,67.73
2012,10,9,17,30,107,455,38,27.5,0.6000000000000001,81.24
2012,10,9,18,30,0,0,0,27.3,0.7000000000000001,95.19
2012,10,9,19,30,0,0,0,27.1,0.8,109.15
2012,10,9,20,30,0,0,0,27,1.2000000000000002,123.11
2012,10,9,21,30,0,0,0,26.900000000000002,1.4000000000000001,136.9
2012,10,9,22,30,0,0,0,26.8,1.5,150.14000000000001
2012,10,9,23,30,0,0,0,26.6,1.4000000000000001,161.46
2012,10,10,0,30,0,0,0,26.400000000000002,1.3,165.31
2012,10,10,1,30,0,0,0,26.200000000000003,1.2000000000000002,157.45000000000002
2012,10,10,2,30,0,0,0,26,1.1,145.06
2012,10,10,3,30,0,0,0,25.8,1,131.54
2012,10,10,4,30,0,0,0,25.700000000000003,1.1,117.66
2012,10,10,5,30,0,0,0,25.700000000000003,1.5,103.7
2012,10,10,6,30,0,0,0,25.8,1.9000000000000001,89.34
2012,10,10,7,30,195,595,51,26.1,2.3000000000000003,75.98
2012,10,10,8,30,431,788,68,26.5,2.5,62.64
2012,10,10,9,30,641,875,79,27,2.6,49.99
2012,10,10,10,30,719,526,309,27.400000000000002,2.6,38.79
2012,10,10,11,30,892,908,111,27.700000000000003,2.6,30.69
2012,10,10,12,30,917,918,111,27.900000000000002,2.7,28.5
2012,10,10,13,30,865,909,107,28,2.8000000000000003,33.410000000000004
2012,10,10,14,30,745,896,90,28,3.1,43.050000000000004
2012,10,10,15,30,562,841,80,27.900000000000002,3.6,54.97
2012,10,10,16,30,338,731,64,27.700000000000003,4.2,67.96000000000001
2012,10,10,17,30,107,469,37,27.3,4.7,81.45
2012,10,10,18,30,0,0,0,27,5.2,95.38
2012,10,10,19,30,0,0,0,26.700000000000003,5.5,109.34
2012,10,10,20,30,0,0,0,26.5,5.6000000000000005,123.31
2012,10,10,21,30,0,0,0,26.400000000000002,5.6000000000000005,137.11
2012,10,10,22,30,0,0,0,26.3,5.5,150.39000000000001
2012,10,10,23,30,0,0,0,26.3,5.300000000000001,161.8
2012,10,11,0,30,0,0,0,26.3,5.2,165.67000000000002
2012,10,11,1,30,0,0,0,26.200000000000003,5.1000000000000005,157.65
2012,10,11,2,30,0,0,0,26.200000000000003,5,145.18
2012,10,11,3,30,0,0,0,26.200000000000003,5.1000000000000005,131.62
2012,10,11,4,30,0,0,0,26.1,5.2,117.74000000000001
2012,10,11,5,30,0,0,0,26.1,5.300000000000001,103.77
2012,10,11,6,30,0,0,0,26.200000000000003,5.5,89.41
2012,10,11,7,30,199,634,47,26.400000000000002,5.7,76.08
2012,10,11,8,30,435,817,61,26.8,5.7,62.76
2012,10,11,9,30,647,901,70,27.200000000000003,5.5,50.160000000000004
2012,10,11,10,30,809,942,77,27.5,5.1000000000000005,39.02
2012,10,11,11,30,903,960,80,27.700000000000003,4.800000000000001,31.01
2012,10,11,12,30,926,964,82,27.900000000000002,4.5,28.88
2012,10,11,13,30,873,952,81,28,4.4,33.76
2012,10,11,14,30,748,920,79,27.900000000000002,4.6000000000000005,43.35
2012,10,11,15,30,564,862,72,27.8,5.1000000000000005,55.22
2012,10,11,16,30,158,9,154,27.5,5.7,68.18
2012,10,11,17,30,105,473,37,27.1,6.300000000000001,81.65
2012,10,11,18,30,0,0,0,26.8,6.800000000000001,95.57000000000001
2012,10,11,19,30,0,0,0,26.5,7.1000000000000005,109.53
2012,10,11,20,30,0,0,0,26.400000000000002,7.2,123.5
2012,10,11,21,30,0,0,0,26.3,7.300000000000001,137.32
2012,10,11,22,30,0,0,0,26.200000000000003,7.300000000000001,150.63
2012,10,11,23,30,0,0,0,26.200000000000003,7.2,162.13
2012,10,12,0,30,0,0,0,26.1,7,166.02
2012,10,12,1,30,0,0,0,26,6.800000000000001,157.84
2012,10,12,2,30,0,0,0,25.900000000000002,6.5,145.3
2012,10,12,3,30,0,0,0,25.900000000000002,6.2,131.71
2012,10,12,4,30,0,0,0,25.900000000000002,6,117.81
2012,10,12,5,30,0,0,0,25.900000000000002,5.7,103.84
2012,10,12,6,30,0,0,0,26,5.6000000000000005,89.48
2012,10,12,7,30,197,612,51,26.3,5.6000000000000005,76.17
2012,10,12,8,30,434,797,70,26.6,5.4,62.89
2012,10,12,9,30,644,882,81,26.900000000000002,5.300000000000001,50.33
2012,10,12,10,30,806,928,88,27.200000000000003,5.2,39.26
2012,10,12,11,30,903,952,90,27.5,5.2,31.34
2012,10,12,12,30,925,956,91,27.700000000000003,5.2,29.26
2012,10,12,13,30,871,944,90,27.8,5.300000000000001,34.11
2012,10,12,14,30,746,916,83,27.8,5.4,43.64
2012,10,12,15,30,560,854,76,27.700000000000003,5.5,55.47
2012,10,12,16,30,334,739,62,27.5,5.800000000000001,68.4
2012,10,12,17,30,102,458,37,27.1,6.1000000000000005,81.85000000000001
2012,10,12,18,30,0,0,0,26.8,6.5,95.76
2012,10,12,19,30,0,0,0,26.5,6.800000000000001,109.71000000000001
2012,10,12,20,30,0,0,0,26.400000000000002,7,123.68
2012,10,12,21,30,0,0,0,26.3,7.1000000000000005,137.52
2012,10,12,22,30,0,0,0,26.200000000000003,7,150.87
2012,10,12,23,30,0,0,0,26.200000000000003,6.7,162.46
2012,10,13,0,30,0,0,0,26.1,6.4,166.37
2012,10,13,1,30,0,0,0,26.1,6.1000000000000005,158.04
2012,10,13,2,30,0,0,0,26,5.800000000000001,145.41
2012,10,13,3,30,0,0,0,25.900000000000002,5.5,131.79
2012,10,13,4,30,0,0,0,25.900000000000002,5.300000000000001,117.88
2012,10,13,5,30,0,0,0,25.900000000000002,5.4,103.91
2012,10,13,6,30,0,0,0,26.1,5.7,89.55
2012,10,13,7,30,144,79,125,26.5,6,76.27
2012,10,13,8,30,70,0,70,26.8,6.2,63.02
2012,10,13,9,30,77,0,77,27.200000000000003,6.300000000000001,50.5
2012,10,13,10,30,323,4,320,27.5,6.4,39.5
2012,10,13,11,30,330,2,328,27.6,6.300000000000001,31.66
2012,10,13,12,30,605,163,463,27.700000000000003,6.4,29.64
2012,10,13,13,30,860,929,95,27.700000000000003,6.5,34.46
2012,10,13,14,30,734,894,90,27.6,6.800000000000001,43.94
2012,10,13,15,30,550,831,82,27.400000000000002,7.1000000000000005,55.72
2012,10,13,16,30,325,705,68,27.1,7.4,68.62
2012,10,13,17,30,95,404,39,26.8,7.4,82.04
2012,10,13,18,30,0,0,0,26.5,7.4,95.95
2012,10,13,19,30,0,0,0,26.400000000000002,7.5,109.89
2012,10,13,20,30,0,0,0,26.3,7.4,123.87
2012,10,13,21,30,0,0,0,26.3,7.4,137.72
2012,10,13,22,30,0,0,0,26.200000000000003,7.2,151.11
2012,10,13,23,30,0,0,0,26.1,7,162.78
2012,10,14,0,30,0,0,0,26.1,6.7,166.72
2012,10,14,1,30,0,0,0,26,6.4,158.22
2012,10,14,2,30,0,0,0,25.900000000000002,6.2,145.52
2012,10,14,3,30,0,0,0,25.900000000000002,6,131.87
2012,10,14,4,30,0,0,0,25.8,6,117.95
2012,10,14,5,30,0,0,0,25.8,6,103.99000000000001
2012,10,14,6,30,0,0,0,25.900000000000002,6.1000000000000005,89.63
2012,10,14,7,30,6,0,6,26.200000000000003,6.300000000000001,76.37
2012,10,14,8,30,40,0,40,26.5,6.4,63.15
2012,10,14,9,30,164,0,164,26.700000000000003,6.4,50.68
2012,10,14,10,30,213,0,213,27,6.2,39.74
2012,10,14,11,30,559,140,440,27.3,6,31.990000000000002
2012,10,14,12,30,581,148,452,27.400000000000002,5.9,30.01
2012,10,14,13,30,252,1,252,27.400000000000002,6,34.81
2012,10,14,14,30,260,1,259,27.400000000000002,6.2,44.230000000000004
2012,10,14,15,30,254,17,244,27.200000000000003,6.6000000000000005,55.97
2012,10,14,16,30,323,717,64,27,7,68.84
2012,10,14,17,30,94,428,36,26.6,7.2,82.24
2012,10,14,18,30,0,0,0,26.3,7.300000000000001,96.13
2012,10,14,19,30,0,0,0,26.1,7.4,110.07000000000001
2012,10,14,20,30,0,0,0,25.900000000000002,7.300000000000001,124.04
2012,10,14,21,30,0,0,0,25.8,7.1000000000000005,137.91
2012,10,14,22,30,0,0,0,25.700000000000003,6.9,151.34
2012,10,14,23,30,0,0,0,25.700000000000003,6.6000000000000005,163.09
2012,10,15,0,30,0,0,0,25.700000000000003,6.300000000000001,167.07
2012,10,15,1,30,0,0,0,25.6,6.1000000000000005,158.41
2012,10,15,2,30,0,0,0,25.6,5.9,145.63
2012,10,15,3,30,0,0,0,25.6,5.800000000000001,131.95
2012,10,15,4,30,0,0,0,25.6,5.7,118.02
2012,10,15,5,30,0,0,0,25.6,5.800000000000001,104.06
2012,10,15,6,30,0,0,0,25.8,6,89.7
2012,10,15,7,30,108,7,106,26.1,6.300000000000001,76.48
2012,10,15,8,30,150,1,150,26.400000000000002,6.6000000000000005,63.28
2012,10,15,9,30,407,102,342,26.700000000000003,6.7,50.86
2012,10,15,10,30,395,39,366,27,6.800000000000001,39.99
2012,10,15,11,30,791,531,343,27.200000000000003,6.800000000000001,32.31
2012,10,15,12,30,911,949,92,27.3,6.7,30.38
2012,10,15,13,30,854,932,92,27.3,6.7,35.160000000000004
2012,10,15,14,30,437,94,370,27.3,6.800000000000001,44.52
2012,10,15,15,30,360,102,304,27.200000000000003,7,56.22
2012,10,15,16,30,210,55,191,27,7,69.05
2012,10,15,17,30,56,2,56,26.8,6.9,82.43
2012,10,15,18,30,0,0,0,26.5,6.7,96.31
2012,10,15,19,30,0,0,0,26.400000000000002,6.5,110.24000000000001
2012,10,15,20,30,0,0,0,26.200000000000003,6.300000000000001,124.22
2012,10,15,21,30,0,0,0,26.1,6.1000000000000005,138.1
2012,10,15,22,30,0,0,0,26,6.1000000000000005,151.56
2012,10,15,23,30,0,0,0,25.900000000000002,6,163.41
2012,10,16,0,30,0,0,0,25.900000000000002,5.7,167.41
2012,10,16,1,30,0,0,0,25.8,5.300000000000001,158.59
2012,10,16,2,30,0,0,0,25.700000000000003,5.1000000000000005,145.74
2012,10,16,3,30,0,0,0,25.700000000000003,5,132.03
2012,10,16,4,30,0,0,0,25.6,5.2,118.10000000000001
2012,10,16,5,30,0,0,0,25.6,5.5,104.14
2012,10,16,6,30,0,0,0,25.700000000000003,5.9,89.77
2012,10,16,7,30,116,52,104,25.900000000000002,6.1000000000000005,76.58
2012,10,16,8,30,266,134,206,26.200000000000003,6.1000000000000005,63.42
2012,10,16,9,30,383,163,280,26.5,5.7,51.04
2012,10,16,10,30,591,410,278,26.900000000000002,4.9,40.230000000000004
2012,10,16,11,30,656,412,309,27.200000000000003,4.1000000000000005,32.64
2012,10,16,12,30,709,318,436,27.400000000000002,3.4000000000000004,30.75
2012,10,16,13,30,604,325,340,27.5,3.1,35.5
2012,10,16,14,30,608,409,318,27.6,3.3000000000000003,44.81
2012,10,16,15,30,540,839,76,27.6,3.6,56.46
2012,10,16,16,30,316,717,62,27.400000000000002,4.1000000000000005,69.26
2012,10,16,17,30,89,418,35,27.1,4.6000000000000005,82.62
2012,10,16,18,30,0,0,0,26.700000000000003,5,96.48
2012,10,16,19,30,0,0,0,26.5,5.300000000000001,110.41
2012,10,16,20,30,0,0,0,26.400000000000002,5.300000000000001,124.39
2012,10,16,21,30,0,0,0,26.200000000000003,5,138.28
2012,10,16,22,30,0,0,0,26,4.4,151.78
2012,10,16,23,30,0,0,0,25.900000000000002,3.8000000000000003,163.71
2012,10,17,0,30,0,0,0,25.8,3.4000000000000004,167.76
2012,10,17,1,30,0,0,0,25.6,3.1,158.76
2012,10,17,2,30,0,0,0,25.5,2.9000000000000004,145.84
2012,10,17,3,30,0,0,0,25.400000000000002,2.7,132.11
2012,10,17,4,30,0,0,0,25.400000000000002,2.7,118.17
2012,10,17,5,30,0,0,0,25.3,2.8000000000000003,104.21000000000001
2012,10,17,6,30,0,0,0,25.400000000000002,3.2,89.85000000000001
2012,10,17,7,30,188,604,49,25.700000000000003,3.6,76.69
2012,10,17,8,30,292,113,242,26,3.9000000000000004,63.56
2012,10,17,9,30,88,0,88,26.3,4,51.22
2012,10,17,10,30,788,924,85,26.6,4.1000000000000005,40.480000000000004
2012,10,17,11,30,880,935,95,26.900000000000002,4.2,32.96
2012,10,17,12,30,901,940,96,27.200000000000003,4.2,31.12
2012,10,17,13,30,844,924,95,27.400000000000002,4.3,35.84
2012,10,17,14,30,719,889,91,27.5,4.5,45.09
2012,10,17,15,30,535,827,81,27.5,4.800000000000001,56.7
2012,10,17,16,30,311,703,65,27.3,5,69.47
2012,10,17,17,30,85,395,36,27,5.1000000000000005,82.8
2012,10,17,18,30,0,0,0,26.700000000000003,5.1000000000000005,96.66
2012,10,17,19,30,0,0,0,26.6,5,110.58
2012,10,17,20,30,0,0,0,26.400000000000002,4.9,124.55
2012,10,17,21,30,0,0,0,26.3,4.6000000000000005,138.45000000000002
2012,10,17,22,30,0,0,0,26.200000000000003,4.3,151.99
2012,10,17,23,30,0,0,0,26.1,3.9000000000000004,164.01
2012,10,18,0,30,0,0,0,26.1,3.6,168.09
2012,10,18,1,30,0,0,0,26,3.4000000000000004,158.94
2012,10,18,2,30,0,0,0,25.900000000000002,3.3000000000000003,145.95000000000002
2012,10,18,3,30,0,0,0,25.8,3.2,132.19
2012,10,18,4,30,0,0,0,25.8,3.2,118.25
2012,10,18,5,30,0,0,0,25.700000000000003,3.3000000000000003,104.29
2012,10,18,6,30,0,0,0,25.700000000000003,3.7,89.92
2012,10,18,7,30,9,0,9,25.900000000000002,4,76.8
2012,10,18,8,30,96,0,96,26.200000000000003,4.2,63.7
2012,10,18,9,30,476,253,319,26.5,4.4,51.4
2012,10,18,10,30,716,562,290,26.700000000000003,4.7,40.730000000000004
2012,10,18,11,30,658,262,439,27,5.1000000000000005,33.29
2012,10,18,12,30,901,960,82,27.3,5.300000000000001,31.48
2012,10,18,13,30,846,947,82,27.5,5.4,36.17
2012,10,18,14,30,721,906,84,27.6,5.6000000000000005,45.38
2012,10,18,15,30,536,842,76,27.6,6,56.94
2012,10,18,16,30,116,0,116,27.5,6.4,69.68
2012,10,18,17,30,85,409,35,27.200000000000003,6.5,82.98
2012,10,18,18,30,0,0,0,26.8,6.4,96.83
2012,10,18,19,30,0,0,0,26.6,6.4,110.74000000000001
2012,10,18,20,30,0,0,0,26.400000000000002,6.2,124.71000000000001
2012,10,18,21,30,0,0,0,26.200000000000003,5.9,138.62
2012,10,18,22,30,0,0,0,26.1,5.5,152.19
2012,10,18,23,30,0,0,0,26,5.1000000000000005,164.31
2012,10,19,0,30,0,0,0,25.900000000000002,4.800000000000001,168.43
2012,10,19,1,30,0,0,0,25.8,4.4,159.11
2012,10,19,2,30,0,0,0,25.8,4.3,146.05
2012,10,19,3,30,0,0,0,25.700000000000003,4.5,132.27
2012,10,19,4,30,0,0,0,25.700000000000003,4.800000000000001,118.32000000000001
2012,10,19,5,30,0,0,0,25.700000000000003,5.2,104.37
2012,10,19,6,30,0,0,0,25.900000000000002,5.6000000000000005,90
2012,10,19,7,30,185,604,48,26.200000000000003,5.800000000000001,76.91
2012,10,19,8,30,418,794,67,26.6,5.9,63.84
2012,10,19,9,30,341,57,305,26.900000000000002,5.9,51.59
2012,10,19,10,30,785,924,87,27.3,5.9,40.980000000000004
2012,10,19,11,30,715,365,410,27.5,6,33.61
2012,10,19,12,30,901,946,98,27.700000000000003,6,31.85
2012,10,19,13,30,848,937,95,27.700000000000003,6.1000000000000005,36.51
2012,10,19,14,30,722,905,89,27.6,6.4,45.660000000000004
2012,10,19,15,30,442,343,257,27.5,6.800000000000001,57.18
2012,10,19,16,30,310,715,64,27.1,7.300000000000001,69.88
2012,10,19,17,30,82,391,35,26.700000000000003,7.6000000000000005,83.16
2012,10,19,18,30,0,0,0,26.400000000000002,7.800000000000001,96.99000000000001
2012,10,19,19,30,0,0,0,26.200000000000003,7.9,110.89
2012,10,19,20,30,0,0,0,26.1,8,124.87
2012,10,19,21,30,0,0,0,26,8,138.79
2012,10,19,22,30,0,0,0,25.900000000000002,7.9,152.39000000000001
2012,10,19,23,30,0,0,0,25.900000000000002,7.7,164.59
2012,10,20,0,30,0,0,0,25.900000000000002,7.5,168.76
2012,10,20,1,30,0,0,0,25.900000000000002,7.2,159.27
2012,10,20,2,30,0,0,0,25.8,6.800000000000001,146.15
2012,10,20,3,30,0,0,0,25.8,6.300000000000001,132.35
2012,10,20,4,30,0,0,0,25.700000000000003,5.7,118.39
2012,10,20,5,30,0,0,0,25.700000000000003,5.300000000000001,104.45
2012,10,20,6,30,0,0,0,25.8,5.1000000000000005,90.08
2012,10,20,7,30,181,589,49,26,5.1000000000000005,77.02
2012,10,20,8,30,413,791,66,26.3,5.1000000000000005,63.980000000000004
2012,10,20,9,30,621,883,75,26.5,5.1000000000000005,51.78
2012,10,20,10,30,778,927,81,26.8,5.1000000000000005,41.230000000000004
2012,10,20,11,30,871,953,80,27,5.2,33.93
2012,10,20,12,30,771,496,352,27.200000000000003,5.4,32.21
2012,10,20,13,30,836,942,82,27.3,5.5,36.84
2012,10,20,14,30,710,902,83,27.3,5.7,45.94
2012,10,20,15,30,525,833,77,27.3,6,57.410000000000004
2012,10,20,16,30,301,693,65,27.1,6.300000000000001,70.08
2012,10,20,17,30,76,347,36,26.900000000000002,6.6000000000000005,83.33
2012,10,20,18,30,0,0,0,26.6,6.9,97.15
2012,10,20,19,30,0,0,0,26.3,7.1000000000000005,111.05
2012,10,20,20,30,0,0,0,26.200000000000003,7.2,125.02
2012,10,20,21,30,0,0,0,26.1,7.1000000000000005,138.95000000000002
2012,10,20,22,30,0,0,0,26,6.9,152.58
2012,10,20,23,30,0,0,0,25.900000000000002,6.800000000000001,164.87
2012,10,21,0,30,0,0,0,25.900000000000002,6.6000000000000005,169.09
2012,10,21,1,30,0,0,0,25.8,6.4,159.43
2012,10,21,2,30,0,0,0,25.8,6.2,146.25
2012,10,21,3,30,0,0,0,25.8,6,132.43
2012,10,21,4,30,0,0,0,25.8,5.800000000000001,118.47
2012,10,21,5,30,0,0,0,25.8,5.7,104.53
2012,10,21,6,30,0,0,0,26,5.800000000000001,90.16
2012,10,21,7,30,71,1,71,26.3,6.1000000000000005,77.14
2012,10,21,8,30,414,788,70,26.6,6.300000000000001,64.13
2012,10,21,9,30,624,880,82,26.900000000000002,6.4,51.97
2012,10,21,10,30,738,614,278,27.200000000000003,6.300000000000001,41.480000000000004
2012,10,21,11,30,873,939,97,27.400000000000002,6.2,34.26
2012,10,21,12,30,474,65,419,27.5,6,32.56
2012,10,21,13,30,656,305,414,27.6,5.9,37.160000000000004
2012,10,21,14,30,705,871,102,27.5,5.9,46.21
2012,10,21,15,30,331,72,293,27.400000000000002,6.1000000000000005,57.64
2012,10,21,16,30,101,0,101,27.1,6.4,70.28
2012,10,21,17,30,56,9,55,26.8,6.800000000000001,83.51
2012,10,21,18,30,0,0,0,26.5,7.2,97.31
2012,10,21,19,30,0,0,0,26.200000000000003,7.5,111.2
2012,10,21,20,30,0,0,0,26,7.7,125.17
2012,10,21,21,30,0,0,0,25.8,7.6000000000000005,139.11
2012,10,21,22,30,0,0,0,25.700000000000003,7.300000000000001,152.77
2012,10,21,23,30,0,0,0,25.700000000000003,6.9,165.15
2012,10,22,0,30,0,0,0,25.6,6.6000000000000005,169.41
2012,10,22,1,30,0,0,0,25.6,6.300000000000001,159.59
2012,10,22,2,30,0,0,0,25.6,6.1000000000000005,146.35
2012,10,22,3,30,0,0,0,25.5,5.800000000000001,132.51
2012,10,22,4,30,0,0,0,25.5,5.7,118.55
2012,10,22,5,30,0,0,0,25.6,5.7,104.62
2012,10,22,6,30,0,0,0,25.700000000000003,5.800000000000001,90.24
2012,10,22,7,30,95,2,95,25.900000000000002,5.9,77.25
2012,10,22,8,30,220,24,209,26.3,5.9,64.27
2012,10,22,9,30,392,93,335,26.6,5.800000000000001,52.160000000000004
2012,10,22,10,30,724,577,294,26.900000000000002,5.7,41.730000000000004
2012,10,22,11,30,539,128,433,27.1,5.6000000000000005,34.58
2012,10,22,12,30,530,122,428,27.200000000000003,5.5,32.92
2012,10,22,13,30,561,297,325,27.3,5.5,37.49
2012,10,22,14,30,548,445,241,27.3,5.5,46.480000000000004
2012,10,22,15,30,303,90,255,27.200000000000003,5.6000000000000005,57.86
2012,10,22,16,30,82,0,82,27,5.6000000000000005,70.47
2012,10,22,17,30,47,1,46,26.8,5.7,83.67
2012,10,22,18,30,0,0,0,26.5,5.800000000000001,97.47
2012,10,22,19,30,0,0,0,26.3,5.800000000000001,111.34
2012,10,22,20,30,0,0,0,26.200000000000003,5.7,125.31
2012,10,22,21,30,0,0,0,26.1,5.5,139.26
2012,10,22,22,30,0,0,0,26,5.2,152.94
2012,10,22,23,30,0,0,0,25.900000000000002,4.9,165.41
2012,10,23,0,30,0,0,0,25.8,4.6000000000000005,169.73
2012,10,23,1,30,0,0,0,25.700000000000003,4.3,159.74
2012,10,23,2,30,0,0,0,25.5,4.1000000000000005,146.44
2012,10,23,3,30,0,0,0,25.5,3.8000000000000003,132.59
2012,10,23,4,30,0,0,0,25.400000000000002,3.6,118.62
2012,10,23,5,30,0,0,0,25.400000000000002,3.5,104.7
2012,10,23,6,30,0,0,0,25.5,3.5,90.93
2012,10,23,7,30,58,0,58,25.900000000000002,3.5,77.37
2012,10,23,8,30,169,6,166,26.200000000000003,3.3000000000000003,64.42
2012,10,23,9,30,435,174,329,26.5,3,52.35
2012,10,23,10,30,661,463,317,26.8,2.6,41.980000000000004
2012,10,23,11,30,841,904,99,27.1,2.2,34.9
2012,10,23,12,30,600,185,446,27.200000000000003,1.7000000000000002,33.27
2012,10,23,13,30,804,896,96,27.200000000000003,1.4000000000000001,37.81
2012,10,23,14,30,681,865,89,27.3,1.2000000000000002,46.75
2012,10,23,15,30,501,800,78,27.3,1.4000000000000001,58.09
2012,10,23,16,30,151,10,148,27.1,1.5,70.66
2012,10,23,17,30,38,0,38,26.900000000000002,1.6,83.84
2012,10,23,18,30,0,0,0,26.700000000000003,1.7000000000000002,97.62
2012,10,23,19,30,0,0,0,26.6,1.8,111.48
2012,10,23,20,30,0,0,0,26.5,1.8,125.45
2012,10,23,21,30,0,0,0,26.3,1.8,139.4
2012,10,23,22,30,0,0,0,26.1,1.7000000000000002,153.11
2012,10,23,23,30,0,0,0,26,1.6,165.67000000000002
2012,10,24,0,30,0,0,0,25.900000000000002,1.5,170.05
2012,10,24,1,30,0,0,0,25.8,1.5,159.89000000000001
2012,10,24,2,30,0,0,0,25.700000000000003,1.5,146.54
2012,10,24,3,30,0,0,0,25.700000000000003,1.6,132.67000000000002
2012,10,24,4,30,0,0,0,25.6,1.6,118.7
2012,10,24,5,30,0,0,0,25.6,1.7000000000000002,104.78
2012,10,24,6,30,0,0,0,25.8,1.7000000000000002,91.03
2012,10,24,7,30,166,536,50,26,1.6,77.49
2012,10,24,8,30,389,744,70,26.400000000000002,1.5,64.57000000000001
2012,10,24,9,30,591,840,80,26.700000000000003,1.3,52.550000000000004
2012,10,24,10,30,482,128,387,26.900000000000002,1.1,42.24
2012,10,24,11,30,666,333,394,27.1,1,35.21
2012,10,24,12,30,539,227,350,27.200000000000003,1.1,33.61
2012,10,24,13,30,499,198,344,27.3,1.2000000000000002,38.12
2012,10,24,14,30,361,64,318,27.3,1.3,47.02
2012,10,24,15,30,362,289,210,27.200000000000003,1.4000000000000001,58.31
2012,10,24,16,30,168,22,161,27.1,1.5,70.85000000000001
2012,10,24,17,30,26,0,26,26.900000000000002,1.6,84
2012,10,24,18,30,0,0,0,26.8,1.6,97.76
2012,10,24,19,30,0,0,0,26.6,1.5,111.62
2012,10,24,20,30,0,0,0,26.5,1.5,125.58
2012,10,24,21,30,0,0,0,26.400000000000002,1.5,139.54
2012,10,24,22,30,0,0,0,26.3,1.6,153.28
2012,10,24,23,30,0,0,0,26.200000000000003,1.6,165.92000000000002
2012,10,25,0,30,0,0,0,26.1,1.5,170.36
2012,10,25,1,30,0,0,0,25.900000000000002,1.5,160.03
2012,10,25,2,30,0,0,0,25.8,1.6,146.63
2012,10,25,3,30,0,0,0,25.700000000000003,1.6,132.75
2012,10,25,4,30,0,0,0,25.700000000000003,1.5,118.78
2012,10,25,5,30,0,0,0,25.700000000000003,1.5,104.87
2012,10,25,6,30,0,0,0,25.8,1.5,91.13
2012,10,25,7,30,160,489,55,26,1.5,77.61
2012,10,25,8,30,383,714,78,26.400000000000002,1.5,64.73
2012,10,25,9,30,376,92,321,26.700000000000003,1.5,52.74
2012,10,25,10,30,739,869,98,27,1.5,42.49
2012,10,25,11,30,567,166,432,27.1,1.5,35.53
2012,10,25,12,30,573,161,439,27.3,1.6,33.96
2012,10,25,13,30,507,127,408,27.400000000000002,1.8,38.44
2012,10,25,14,30,78,0,78,27.400000000000002,1.8,47.28
2012,10,25,15,30,493,794,78,27.3,1.8,58.53
2012,10,25,16,30,276,659,62,27.200000000000003,1.7000000000000002,71.03
2012,10,25,17,30,63,320,31,27,1.8,84.15
2012,10,25,18,30,0,0,0,26.8,1.9000000000000001,97.91
2012,10,25,19,30,0,0,0,26.6,1.9000000000000001,111.75
2012,10,25,20,30,0,0,0,26.400000000000002,1.9000000000000001,125.71000000000001
2012,10,25,21,30,0,0,0,26.3,1.9000000000000001,139.67000000000002
2012,10,25,22,30,0,0,0,26.1,2,153.43
2012,10,25,23,30,0,0,0,26,2.2,166.16
2012,10,26,0,30,0,0,0,25.8,2.3000000000000003,170.67000000000002
2012,10,26,1,30,0,0,0,25.700000000000003,2.2,160.17000000000002
2012,10,26,2,30,0,0,0,25.6,2.1,146.72
2012,10,26,3,30,0,0,0,25.5,1.9000000000000001,132.83
2012,10,26,4,30,0,0,0,25.400000000000002,1.8,118.86
2012,10,26,5,30,0,0,0,25.400000000000002,1.7000000000000002,104.96000000000001
2012,10,26,6,30,0,0,0,25.5,1.7000000000000002,91.23
2012,10,26,7,30,166,570,45,25.700000000000003,1.7000000000000002,77.73
2012,10,26,8,30,266,96,225,26,1.6,64.88
2012,10,26,9,30,592,860,74,26.400000000000002,1.5,52.94
2012,10,26,10,30,494,143,389,26.8,1.5,42.75
2012,10,26,11,30,416,41,382,27,1.5,35.85
2012,10,26,12,30,551,143,433,27.200000000000003,1.5,34.300000000000004
2012,10,26,13,30,92,0,92,27.3,1.6,38.75
2012,10,26,14,30,68,0,68,27.3,1.8,47.53
2012,10,26,15,30,41,0,41,27.400000000000002,2,58.74
2012,10,26,16,30,274,646,66,27.3,2.2,71.21000000000001
2012,10,26,17,30,61,298,32,27.200000000000003,2.6,84.31
2012,10,26,18,30,0,0,0,26.900000000000002,2.9000000000000004,98.04
2012,10,26,19,30,0,0,0,26.700000000000003,3.2,111.88
2012,10,26,20,30,0,0,0,26.5,3.6,125.83
2012,10,26,21,30,0,0,0,26.200000000000003,3.8000000000000003,139.79
2012,10,26,22,30,0,0,0,26,3.8000000000000003,153.58
2012,10,26,23,30,0,0,0,25.900000000000002,3.7,166.4
2012,10,27,0,30,0,0,0,25.8,3.5,170.97
2012,10,27,1,30,0,0,0,25.700000000000003,3.4000000000000004,160.31
2012,10,27,2,30,0,0,0,25.6,3.2,146.81
2012,10,27,3,30,0,0,0,25.6,3.1,132.9
2012,10,27,4,30,0,0,0,25.5,3.1,118.94
2012,10,27,5,30,0,0,0,25.5,3.1,105.05
2012,10,27,6,30,0,0,0,25.6,3.3000000000000003,91.33
2012,10,27,7,30,166,589,43,25.700000000000003,3.6,77.86
2012,10,27,8,30,255,74,224,26,3.8000000000000003,65.04
2012,10,27,9,30,281,24,267,26.3,4,53.14
2012,10,27,10,30,530,194,389,26.700000000000003,4.2,43
2012,10,27,11,30,837,931,86,27.1,4.4,36.160000000000004
2012,10,27,12,30,856,936,86,27.3,4.6000000000000005,34.63
2012,10,27,13,30,528,147,414,27.5,4.7,39.050000000000004
2012,10,27,14,30,676,888,80,27.5,5,47.79
2012,10,27,15,30,201,4,199,27.400000000000002,5.300000000000001,58.95
2012,10,27,16,30,18,0,18,27.1,5.7,71.39
2012,10,27,17,30,63,362,27,26.700000000000003,5.9,84.45
2012,10,27,18,30,0,0,0,26.400000000000002,5.9,98.18
2012,10,27,19,30,0,0,0,26.1,5.9,112
2012,10,27,20,30,0,0,0,26,5.800000000000001,125.94
2012,10,27,21,30,0,0,0,25.900000000000002,5.7,139.91
2012,10,27,22,30,0,0,0,25.8,5.7,153.73
2012,10,27,23,30,0,0,0,25.700000000000003,5.6000000000000005,166.62
2012,10,28,0,30,0,0,0,25.6,5.5,171.27
2012,10,28,1,30,0,0,0,25.5,5.300000000000001,160.45000000000002
2012,10,28,2,30,0,0,0,25.400000000000002,5.300000000000001,146.9
2012,10,28,3,30,0,0,0,25.3,5.300000000000001,132.98
2012,10,28,4,30,0,0,0,25.3,5.4,119.02
2012,10,28,5,30,0,0,0,25.3,5.4,105.14
2012,10,28,6,30,0,0,0,25.400000000000002,5.6000000000000005,91.44
2012,10,28,7,30,7,0,7,25.6,5.7,77.99
2012,10,28,8,30,158,3,157,25.8,5.7,65.19
2012,10,28,9,30,598,876,75,26.1,5.7,53.34
2012,10,28,10,30,600,331,358,26.3,5.6000000000000005,43.26
2012,10,28,11,30,845,945,85,26.400000000000002,5.4,36.47
2012,10,28,12,30,456,63,404,26.6,5.2,34.96
2012,10,28,13,30,164,0,164,26.6,5.2,39.35
2012,10,28,14,30,131,0,131,26.700000000000003,5.300000000000001,48.04
2012,10,28,15,30,114,0,114,26.6,5.6000000000000005,59.15
2012,10,28,16,30,25,0,25,26.400000000000002,5.9,71.56
2012,10,28,17,30,62,371,27,26,6.2,84.60000000000001
2012,10,28,18,30,0,0,0,25.8,6.4,98.31
2012,10,28,19,30,0,0,0,25.6,6.6000000000000005,112.12
2012,10,28,20,30,0,0,0,25.6,6.7,126.06
2012,10,28,21,30,0,0,0,25.6,6.9,140.03
2012,10,28,22,30,0,0,0,25.6,6.9,153.86
2012,10,28,23,30,0,0,0,25.6,6.9,166.84
2012,10,29,0,30,0,0,0,25.5,6.9,171.57
2012,10,29,1,30,0,0,0,25.5,6.9,160.58
2012,10,29,2,30,0,0,0,25.5,6.800000000000001,146.99
2012,10,29,3,30,0,0,0,25.5,6.7,133.06
2012,10,29,4,30,0,0,0,25.400000000000002,6.5,119.10000000000001
2012,10,29,5,30,0,0,0,25.400000000000002,6.1000000000000005,105.23
2012,10,29,6,30,0,0,0,25.5,5.800000000000001,91.54
2012,10,29,7,30,106,14,103,25.8,5.800000000000001,78.11
2012,10,29,8,30,76,0,76,26.1,5.9,65.35
2012,10,29,9,30,135,0,134,26.3,6.1000000000000005,53.54
2012,10,29,10,30,580,267,387,26.6,6.300000000000001,43.51
2012,10,29,11,30,852,952,90,26.8,6.5,36.78
2012,10,29,12,30,870,956,90,26.900000000000002,6.5,35.29
2012,10,29,13,30,430,60,384,26.900000000000002,6.5,39.65
2012,10,29,14,30,688,913,81,26.900000000000002,6.4,48.29
2012,10,29,15,30,282,43,260,26.8,6.5,59.36
2012,10,29,16,30,121,4,120,26.6,6.7,71.72
2012,10,29,17,30,59,338,28,26.3,7,84.74
2012,10,29,18,30,0,0,0,26,7.300000000000001,98.43
2012,10,29,19,30,0,0,0,25.8,7.300000000000001,112.23
2012,10,29,20,30,0,0,0,25.700000000000003,7.2,126.16
2012,10,29,21,30,0,0,0,25.700000000000003,7,140.14000000000001
2012,10,29,22,30,0,0,0,25.700000000000003,6.800000000000001,153.99
2012,10,29,23,30,0,0,0,25.700000000000003,6.5,167.04
2012,10,30,0,30,0,0,0,25.6,6.2,171.86
2012,10,30,1,30,0,0,0,25.6,6,160.71
2012,10,30,2,30,0,0,0,25.5,5.9,147.08
2012,10,30,3,30,0,0,0,25.5,5.800000000000001,133.14000000000001
2012,10,30,4,30,0,0,0,25.5,5.7,119.18
2012,10,30,5,30,0,0,0,25.400000000000002,5.5,105.32000000000001
2012,10,30,6,30,0,0,0,25.5,5.5,91.65
2012,10,30,7,30,164,584,45,25.8,5.6000000000000005,78.24
2012,10,30,8,30,270,101,228,26.1,5.7,65.51
2012,10,30,9,30,596,880,76,26.3,5.7,53.74
2012,10,30,10,30,573,267,380,26.6,5.800000000000001,43.76
2012,10,30,11,30,613,227,433,26.8,5.800000000000001,37.09
2012,10,30,12,30,334,3,332,26.900000000000002,5.800000000000001,35.62
2012,10,30,13,30,583,214,419,27,5.800000000000001,39.94
2012,10,30,14,30,675,892,85,27,5.9,48.53
2012,10,30,15,30,492,820,76,26.900000000000002,6,59.550000000000004
2012,10,30,16,30,272,682,60,26.6,6.1000000000000005,71.89
2012,10,30,17,30,35,1,35,26.3,6.1000000000000005,84.88
2012,10,30,18,30,0,0,0,26.1,6.1000000000000005,98.55
2012,10,30,19,30,0,0,0,25.900000000000002,6.1000000000000005,112.34
2012,10,30,20,30,0,0,0,25.8,5.9,126.26
2012,10,30,21,30,0,0,0,25.700000000000003,5.7,140.24
2012,10,30,22,30,0,0,0,25.700000000000003,5.6000000000000005,154.11
2012,10,30,23,30,0,0,0,25.6,5.300000000000001,167.24
2012,10,31,0,30,0,0,0,25.6,5,172.15
2012,10,31,1,30,0,0,0,25.5,4.7,160.83
2012,10,31,2,30,0,0,0,25.400000000000002,4.5,147.17000000000002
2012,10,31,3,30,0,0,0,25.400000000000002,4.3,133.22
2012,10,31,4,30,0,0,0,25.3,4.2,119.27
2012,10,31,5,30,0,0,0,25.200000000000003,4.3,105.41
2012,10,31,6,30,0,0,0,25.3,4.5,91.76
2012,10,31,7,30,109,27,103,25.6,4.7,78.37
2012,10,31,8,30,259,81,225,25.900000000000002,4.7,65.67
2012,10,31,9,30,56,0,56,26.1,4.7,53.94
2012,10,31,10,30,254,1,254,26.400000000000002,4.7,44.02
2012,10,31,11,30,169,0,168,26.6,4.800000000000001,37.39
2012,10,31,12,30,539,135,430,26.700000000000003,5,35.94
2012,10,31,13,30,440,70,387,26.8,5.2,40.230000000000004
2012,10,31,14,30,679,919,73,26.700000000000003,5.5,48.77
2012,10,31,15,30,496,854,66,26.5,5.7,59.75
2012,10,31,16,30,139,7,136,26.200000000000003,5.9,72.05
2012,10,31,17,30,58,375,25,25.900000000000002,5.9,85.01
2012,10,31,18,30,0,0,0,25.6,5.9,98.67
2012,10,31,19,30,0,0,0,25.5,5.7,112.44
2012,10,31,20,30,0,0,0,25.400000000000002,5.5,126.36
2012,10,31,21,30,0,0,0,25.3,5.2,140.33
2012,10,31,22,30,0,0,0,25.200000000000003,4.9,154.22
2012,10,31,23,30,0,0,0,25.1,4.5,167.42000000000002
2012,11,1,0,30,0,0,0,25,4.1000000000000005,172.43
2012,11,1,1,30,0,0,0,24.900000000000002,3.7,160.95000000000002
2012,11,1,2,30,0,0,0,24.900000000000002,3.3000000000000003,147.25
2012,11,1,3,30,0,0,0,24.8,2.9000000000000004,133.3
2012,11,1,4,30,0,0,0,24.8,2.7,119.35000000000001
2012,11,1,5,30,0,0,0,24.8,2.5,105.51
2012,11,1,6,30,0,0,0,25,2.4000000000000004,91.87
2012,11,1,7,30,162,593,44,25.3,2.5,78.51
2012,11,1,8,30,389,795,64,25.700000000000003,2.7,65.84
2012,11,1,9,30,594,887,75,26.1,2.8000000000000003,54.15
2012,11,1,10,30,750,935,81,26.5,3,44.27
2012,11,1,11,30,841,961,80,26.8,3.2,37.69
2012,11,1,12,30,859,966,80,27,3.4000000000000004,36.25
2012,11,1,13,30,803,954,78,27.1,3.6,40.51
2012,11,1,14,30,676,908,80,27.200000000000003,3.7,49
2012,11,1,15,30,491,836,72,27.1,3.9000000000000004,59.94
2012,11,1,16,30,270,695,58,26.900000000000002,4.1000000000000005,72.2
2012,11,1,17,30,54,327,27,26.6,4.3,85.13
2012,11,1,18,30,0,0,0,26.200000000000003,4.4,98.78
2012,11,1,19,30,0,0,0,26,4.4,112.54
2012,11,1,20,30,0,0,0,25.8,4.1000000000000005,126.45
2012,11,1,21,30,0,0,0,25.5,3.8000000000000003,140.42000000000002
2012,11,1,22,30,0,0,0,25.3,3.3000000000000003,154.32
2012,11,1,23,30,0,0,0,25.200000000000003,2.8000000000000003,167.6
2012,11,2,0,30,0,0,0,25,2.3000000000000003,172.70000000000002
2012,11,2,1,30,0,0,0,24.900000000000002,1.9000000000000001,161.07
2012,11,2,2,30,0,0,0,24.8,1.6,147.34
2012,11,2,3,30,0,0,0,24.8,1.4000000000000001,133.38
2012,11,2,4,30,0,0,0,24.700000000000003,1.4000000000000001,119.44
2012,11,2,5,30,0,0,0,24.700000000000003,1.5,105.61
2012,11,2,6,30,0,0,0,24.8,1.7000000000000002,91.99
2012,11,2,7,30,156,557,47,25.1,1.9000000000000001,78.64
2012,11,2,8,30,383,776,68,25.400000000000002,2,66
2012,11,2,9,30,588,873,79,25.8,1.9000000000000001,54.35
2012,11,2,10,30,584,300,370,26.1,1.9000000000000001,44.52
2012,11,2,11,30,551,146,436,26.400000000000002,2.1,37.99
2012,11,2,12,30,425,38,394,26.6,2.4000000000000004,36.57
2012,11,2,13,30,799,936,90,26.8,2.8000000000000003,40.79
2012,11,2,14,30,675,910,80,26.8,3,49.230000000000004
2012,11,2,15,30,491,843,71,26.8,3,60.120000000000005
2012,11,2,16,30,270,705,57,26.700000000000003,3,72.35000000000001
2012,11,2,17,30,54,335,26,26.400000000000002,2.8000000000000003,85.26
2012,11,2,18,30,0,0,0,26.200000000000003,2.7,98.89
2012,11,2,19,30,0,0,0,26,2.5,112.63
2012,11,2,20,30,0,0,0,25.900000000000002,2.5,126.53
2012,11,2,21,30,0,0,0,25.700000000000003,2.8000000000000003,140.51
2012,11,2,22,30,0,0,0,25.5,3,154.42000000000002
2012,11,2,23,30,0,0,0,25.3,3.2,167.76
2012,11,3,0,30,0,0,0,25.200000000000003,3.3000000000000003,172.97
2012,11,3,1,30,0,0,0,25.1,3.3000000000000003,161.19
2012,11,3,2,30,0,0,0,24.900000000000002,3.1,147.43
2012,11,3,3,30,0,0,0,24.8,2.9000000000000004,133.47
2012,11,3,4,30,0,0,0,24.8,2.8000000000000003,119.53
2012,11,3,5,30,0,0,0,24.8,2.6,105.7
2012,11,3,6,30,0,0,0,25,2.6,92.10000000000001
2012,11,3,7,30,156,586,41,25.3,2.6,78.78
2012,11,3,8,30,381,794,60,25.700000000000003,2.5,66.17
2012,11,3,9,30,583,886,69,26.1,2.4000000000000004,54.550000000000004
2012,11,3,10,30,737,932,76,26.5,2.4000000000000004,44.78
2012,11,3,11,30,820,918,99,26.700000000000003,2.5,38.29
2012,11,3,12,30,764,551,323,26.900000000000002,2.6,36.87
2012,11,3,13,30,434,85,370,27,2.6,41.07
2012,11,3,14,30,658,872,92,27.1,2.4000000000000004,49.45
2012,11,3,15,30,477,800,81,27,2,60.300000000000004
2012,11,3,16,30,259,652,63,26.900000000000002,1.5,72.5
2012,11,3,17,30,49,272,27,26.700000000000003,1.1,85.37
2012,11,3,18,30,0,0,0,26.5,0.9,98.99000000000001
2012,11,3,19,30,0,0,0,26.400000000000002,0.9,112.72
2012,11,3,20,30,0,0,0,26.3,1,126.61
2012,11,3,21,30,0,0,0,26.1,1.1,140.58
2012,11,3,22,30,0,0,0,25.900000000000002,1.1,154.51
2012,11,3,23,30,0,0,0,25.8,1.1,167.92000000000002
2012,11,4,0,30,0,0,0,25.6,1.1,173.24
2012,11,4,1,30,0,0,0,25.400000000000002,1,161.3
2012,11,4,2,30,0,0,0,25.3,0.9,147.51
2012,11,4,3,30,0,0,0,25.1,0.7000000000000001,133.55
2012,11,4,4,30,0,0,0,25.1,0.7000000000000001,119.61
2012,11,4,5,30,0,0,0,25.1,0.7000000000000001,105.8
2012,11,4,6,30,0,0,0,25.1,0.7000000000000001,92.22
2012,11,4,7,30,150,533,47,25.400000000000002,0.8,78.91
2012,11,4,8,30,374,760,69,25.700000000000003,0.9,66.33
2012,11,4,9,30,577,860,81,26.1,1,54.76
2012,11,4,10,30,732,910,89,26.5,1,45.03
2012,11,4,11,30,816,904,109,26.8,1.2000000000000002,38.58
2012,11,4,12,30,786,599,309,27,1.4000000000000001,37.18
2012,11,4,13,30,747,611,288,27.200000000000003,1.6,41.34
2012,11,4,14,30,425,95,364,27.3,1.5,49.67
2012,11,4,15,30,137,0,137,27.200000000000003,1.4000000000000001,60.480000000000004
2012,11,4,16,30,49,0,49,27.1,1.3,72.64
2012,11,4,17,30,45,175,31,26.900000000000002,1.3,85.49
2012,11,4,18,30,0,0,0,26.6,1.4000000000000001,99.09
2012,11,4,19,30,0,0,0,26.3,1.4000000000000001,112.8
2012,11,4,20,30,0,0,0,26,1.4000000000000001,126.69
2012,11,4,21,30,0,0,0,25.700000000000003,1.4000000000000001,140.65
2012,11,4,22,30,0,0,0,25.5,1.4000000000000001,154.59
2012,11,4,23,30,0,0,0,25.3,1.5,168.06
2012,11,5,0,30,0,0,0,25.1,1.7000000000000002,173.5
2012,11,5,1,30,0,0,0,25,1.9000000000000001,161.41
2012,11,5,2,30,0,0,0,24.8,2.1,147.6
2012,11,5,3,30,0,0,0,24.700000000000003,2.2,133.63
2012,11,5,4,30,0,0,0,24.6,2.4000000000000004,119.7
2012,11,5,5,30,0,0,0,24.6,2.7,105.91
2012,11,5,6,30,0,0,0,24.700000000000003,3,92.33
2012,11,5,7,30,100,17,96,25,3.4000000000000004,79.05
2012,11,5,8,30,181,12,177,25.400000000000002,3.7,66.5
2012,11,5,9,30,61,0,61,25.8,4,54.96
2012,11,5,10,30,734,925,83,26.200000000000003,4.3,45.28
2012,11,5,11,30,818,924,99,26.5,4.5,38.87
2012,11,5,12,30,838,934,97,26.700000000000003,4.7,37.480000000000004
2012,11,5,13,30,783,923,93,26.8,4.7,41.6
2012,11,5,14,30,371,64,330,26.8,4.9,49.89
2012,11,5,15,30,468,771,90,26.700000000000003,5.2,60.65
2012,11,5,16,30,53,0,53,26.400000000000002,5.7,72.78
2012,11,5,17,30,44,198,29,26.1,6.2,85.60000000000001
2012,11,5,18,30,0,0,0,25.700000000000003,6.6000000000000005,99.18
2012,11,5,19,30,0,0,0,25.6,6.9,112.88
2012,11,5,20,30,0,0,0,25.5,7,126.75
2012,11,5,21,30,0,0,0,25.5,7,140.72
2012,11,5,22,30,0,0,0,25.5,7,154.66
2012,11,5,23,30,0,0,0,25.400000000000002,6.9,168.19
2012,11,6,0,30,0,0,0,25.400000000000002,6.9,173.75
2012,11,6,1,30,0,0,0,25.5,6.9,161.52
2012,11,6,2,30,0,0,0,25.5,6.9,147.68
2012,11,6,3,30,0,0,0,25.5,6.9,133.72
2012,11,6,4,30,0,0,0,25.400000000000002,6.9,119.79
2012,11,6,5,30,0,0,0,25.400000000000002,6.800000000000001,106.01
2012,11,6,6,30,0,0,0,25.5,6.9,92.45
2012,11,6,7,30,51,0,51,25.700000000000003,7,79.19
2012,11,6,8,30,31,0,31,26,7,66.67
2012,11,6,9,30,204,1,203,26.200000000000003,7,55.17
2012,11,6,10,30,201,0,201,26.5,6.9,45.53
2012,11,6,11,30,419,55,377,26.700000000000003,6.800000000000001,39.160000000000004
2012,11,6,12,30,412,41,380,26.8,6.6000000000000005,37.77
2012,11,6,13,30,774,925,85,26.8,6.5,41.86
2012,11,6,14,30,161,0,161,26.8,6.5,50.1
2012,11,6,15,30,236,26,223,26.700000000000003,6.6000000000000005,60.82
2012,11,6,16,30,38,0,38,26.5,6.800000000000001,72.91
2012,11,6,17,30,46,293,24,26.200000000000003,6.9,85.7
2012,11,6,18,30,0,0,0,26,7,99.27
2012,11,6,19,30,0,0,0,25.8,7.1000000000000005,112.95
2012,11,6,20,30,0,0,0,25.8,7.1000000000000005,126.82000000000001
2012,11,6,21,30,0,0,0,25.700000000000003,7,140.78
2012,11,6,22,30,0,0,0,25.700000000000003,6.800000000000001,154.73
2012,11,6,23,30,0,0,0,25.6,6.5,168.31
2012,11,7,0,30,0,0,0,25.5,6.2,174
2012,11,7,1,30,0,0,0,25.5,6.1000000000000005,161.63
2012,11,7,2,30,0,0,0,25.400000000000002,6,147.77
2012,11,7,3,30,0,0,0,25.400000000000002,6,133.8
2012,11,7,4,30,0,0,0,25.3,6.1000000000000005,119.89
2012,11,7,5,30,0,0,0,25.400000000000002,6.2,106.11
2012,11,7,6,30,0,0,0,25.5,6.300000000000001,92.57000000000001
2012,11,7,7,30,99,21,95,25.8,6.4,79.33
2012,11,7,8,30,370,776,65,26.1,6.2,66.84
2012,11,7,9,30,574,877,76,26.5,5.9,55.370000000000005
2012,11,7,10,30,728,926,83,26.8,5.6000000000000005,45.77
2012,11,7,11,30,537,146,425,27.1,5.300000000000001,39.44
2012,11,7,12,30,838,955,86,27.200000000000003,5.300000000000001,38.06
2012,11,7,13,30,781,940,83,27.3,5.4,42.11
2012,11,7,14,30,656,906,77,27.200000000000003,5.7,50.300000000000004
2012,11,7,15,30,475,838,68,27,6,60.980000000000004
2012,11,7,16,30,38,0,38,26.8,6.2,73.04
2012,11,7,17,30,46,301,24,26.5,6.4,85.8
2012,11,7,18,30,0,0,0,26.200000000000003,6.6000000000000005,99.35000000000001
2012,11,7,19,30,0,0,0,26,6.800000000000001,113.02
2012,11,7,20,30,0,0,0,25.900000000000002,6.800000000000001,126.87
2012,11,7,21,30,0,0,0,25.900000000000002,6.800000000000001,140.83
2012,11,7,22,30,0,0,0,25.8,6.5,154.79
2012,11,7,23,30,0,0,0,25.700000000000003,6.2,168.42000000000002
2012,11,8,0,30,0,0,0,25.700000000000003,5.9,174.25
2012,11,8,1,30,0,0,0,25.5,5.800000000000001,161.73
2012,11,8,2,30,0,0,0,25.5,5.6000000000000005,147.85
2012,11,8,3,30,0,0,0,25.400000000000002,5.4,133.89000000000001
2012,11,8,4,30,0,0,0,25.400000000000002,5.5,119.98
2012,11,8,5,30,0,0,0,25.400000000000002,5.7,106.22
2012,11,8,6,30,0,0,0,25.5,5.800000000000001,92.7
2012,11,8,7,30,87,24,83,25.700000000000003,6.1000000000000005,79.48
2012,11,8,8,30,300,385,150,26.1,6.4,67.01
2012,11,8,9,30,376,113,313,26.400000000000002,6.6000000000000005,55.58
2012,11,8,10,30,537,370,280,26.6,6.7,46.02
2012,11,8,11,30,616,435,281,26.8,6.6000000000000005,39.72
2012,11,8,12,30,582,195,428,26.900000000000002,6.4,38.34
2012,11,8,13,30,767,924,85,26.900000000000002,6.300000000000001,42.36
2012,11,8,14,30,643,880,83,26.900000000000002,6.2,50.5
2012,11,8,15,30,465,815,71,26.8,6.4,61.14
2012,11,8,16,30,250,676,54,26.6,6.7,73.16
2012,11,8,17,30,44,296,23,26.3,6.800000000000001,85.89
2012,11,8,18,30,0,0,0,26,6.800000000000001,99.43
2012,11,8,19,30,0,0,0,25.8,6.7,113.08
2012,11,8,20,30,0,0,0,25.700000000000003,6.6000000000000005,126.93
2012,11,8,21,30,0,0,0,25.6,6.5,140.87
2012,11,8,22,30,0,0,0,25.5,6.6000000000000005,154.84
2012,11,8,23,30,0,0,0,25.400000000000002,6.7,168.52
2012,11,9,0,30,0,0,0,25.3,6.800000000000001,174.48
2012,11,9,1,30,0,0,0,25.200000000000003,6.800000000000001,161.83
2012,11,9,2,30,0,0,0,25.1,6.6000000000000005,147.94
2012,11,9,3,30,0,0,0,25,6.4,133.97
2012,11,9,4,30,0,0,0,25,6.300000000000001,120.07000000000001
2012,11,9,5,30,0,0,0,25,6.300000000000001,106.32000000000001
2012,11,9,6,30,0,0,0,25.1,6.5,92.82000000000001
2012,11,9,7,30,140,549,41,25.400000000000002,7,79.62
2012,11,9,8,30,362,777,61,25.6,7.4,67.18
2012,11,9,9,30,562,873,71,25.8,7.7,55.78
2012,11,9,10,30,346,30,325,26,7.800000000000001,46.26
2012,11,9,11,30,367,17,354,26.3,7.800000000000001,40
2012,11,9,12,30,186,0,185,26.5,7.800000000000001,38.62
2012,11,9,13,30,297,3,295,26.6,7.7,42.61
2012,11,9,14,30,29,0,29,26.6,7.7,50.7
2012,11,9,15,30,231,24,220,26.5,7.7,61.29
2012,11,9,16,30,89,1,89,26.3,7.7,73.28
2012,11,9,17,30,44,272,25,26.1,7.800000000000001,85.98
2012,11,9,18,30,0,0,0,25.900000000000002,7.800000000000001,99.5
2012,11,9,19,30,0,0,0,25.8,7.9,113.14
2012,11,9,20,30,0,0,0,25.700000000000003,7.800000000000001,126.97
2012,11,9,21,30,0,0,0,25.6,7.7,140.91
2012,11,9,22,30,0,0,0,25.5,7.6000000000000005,154.88
2012,11,9,23,30,0,0,0,25.400000000000002,7.5,168.61
2012,11,10,0,30,0,0,0,25.200000000000003,7.4,174.71
2012,11,10,1,30,0,0,0,25.1,7.300000000000001,161.93
2012,11,10,2,30,0,0,0,25,7.1000000000000005,148.02
2012,11,10,3,30,0,0,0,24.900000000000002,6.9,134.06
2012,11,10,4,30,0,0,0,24.8,6.800000000000001,120.17
2012,11,10,5,30,0,0,0,24.700000000000003,6.800000000000001,106.43
2012,11,10,6,30,0,0,0,24.8,6.9,92.94
2012,11,10,7,30,95,19,92,25.1,7.1000000000000005,79.76
2012,11,10,8,30,193,19,186,25.400000000000002,7.1000000000000005,67.35
2012,11,10,9,30,417,203,303,25.700000000000003,7.1000000000000005,55.99
2012,11,10,10,30,721,936,77,25.900000000000002,7.1000000000000005,46.51
2012,11,10,11,30,812,959,80,26.200000000000003,7.1000000000000005,40.27
2012,11,10,12,30,831,962,82,26.3,7.2,38.9
2012,11,10,13,30,776,948,81,26.400000000000002,7.300000000000001,42.84
2012,11,10,14,30,651,908,78,26.5,7.4,50.89
2012,11,10,15,30,469,835,70,26.400000000000002,7.5,61.43
2012,11,10,16,30,8,0,8,26.200000000000003,7.6000000000000005,73.39
2012,11,10,17,30,43,288,23,26,7.800000000000001,86.07000000000001
2012,11,10,18,30,0,0,0,25.700000000000003,7.9,99.57000000000001
2012,11,10,19,30,0,0,0,25.6,8,113.19
2012,11,10,20,30,0,0,0,25.5,8.1,127.01
2012,11,10,21,30,0,0,0,25.400000000000002,8.1,140.95000000000002
2012,11,10,22,30,0,0,0,25.3,8,154.92000000000002
2012,11,10,23,30,0,0,0,25.3,7.800000000000001,168.69
2012,11,11,0,30,0,0,0,25.200000000000003,7.5,174.94
2012,11,11,1,30,0,0,0,25.1,7.2,162.03
2012,11,11,2,30,0,0,0,25,6.9,148.11
2012,11,11,3,30,0,0,0,24.900000000000002,6.7,134.15
2012,11,11,4,30,0,0,0,24.8,6.6000000000000005,120.27
2012,11,11,5,30,0,0,0,24.8,6.6000000000000005,106.54
2012,11,11,6,30,0,0,0,24.900000000000002,6.800000000000001,93.07000000000001
2012,11,11,7,30,137,549,41,25.200000000000003,7.1000000000000005,79.91
2012,11,11,8,30,359,779,62,25.6,7.2,67.52
2012,11,11,9,30,561,878,73,25.900000000000002,7.2,56.19
2012,11,11,10,30,717,931,80,26.3,7,46.75
2012,11,11,11,30,807,948,87,26.5,6.800000000000001,40.54
2012,11,11,12,30,824,949,88,26.700000000000003,6.7,39.17
2012,11,11,13,30,769,935,86,26.8,6.6000000000000005,43.08
2012,11,11,14,30,643,891,83,26.8,6.7,51.07
2012,11,11,15,30,463,819,73,26.700000000000003,6.800000000000001,61.58
2012,11,11,16,30,246,668,57,26.5,7,73.5
2012,11,11,17,30,41,265,23,26.200000000000003,7.2,86.15
2012,11,11,18,30,0,0,0,25.900000000000002,7.300000000000001,99.63
2012,11,11,19,30,0,0,0,25.6,7.300000000000001,113.24000000000001
2012,11,11,20,30,0,0,0,25.5,7.2,127.05
2012,11,11,21,30,0,0,0,25.400000000000002,7,140.98
2012,11,11,22,30,0,0,0,25.3,6.7,154.95000000000002
2012,11,11,23,30,0,0,0,25.200000000000003,6.5,168.75
2012,11,12,0,30,0,0,0,25.1,6.300000000000001,175.15
2012,11,12,1,30,0,0,0,25,6.1000000000000005,162.13
2012,11,12,2,30,0,0,0,25,6,148.19
2012,11,12,3,30,0,0,0,24.900000000000002,5.800000000000001,134.24
2012,11,12,4,30,0,0,0,24.900000000000002,5.7,120.37
2012,11,12,5,30,0,0,0,24.900000000000002,5.7,106.65
2012,11,12,6,30,0,0,0,25,5.7,93.2
2012,11,12,7,30,4,0,4,25.3,5.800000000000001,80.05
2012,11,12,8,30,45,0,45,25.6,5.9,67.7
2012,11,12,9,30,551,862,73,25.900000000000002,5.9,56.4
2012,11,12,10,30,492,172,375,26.200000000000003,5.9,46.99
2012,11,12,11,30,661,412,349,26.3,5.800000000000001,40.81
2012,11,12,12,30,547,160,423,26.400000000000002,5.800000000000001,39.43
2012,11,12,13,30,758,927,84,26.5,5.9,43.300000000000004
2012,11,12,14,30,635,885,82,26.400000000000002,6.2,51.25
2012,11,12,15,30,455,806,73,26.200000000000003,6.7,61.71
2012,11,12,16,30,241,649,58,25.900000000000002,7.1000000000000005,73.60000000000001
2012,11,12,17,30,39,234,23,25.6,7.2,86.22
2012,11,12,18,30,0,0,0,25.400000000000002,7.2,99.69
2012,11,12,19,30,0,0,0,25.3,7.1000000000000005,113.28
2012,11,12,20,30,0,0,0,25.200000000000003,7,127.08
2012,11,12,21,30,0,0,0,25.200000000000003,6.800000000000001,141
2012,11,12,22,30,0,0,0,25.1,6.7,154.97
2012,11,12,23,30,0,0,0,25,6.5,168.81
2012,11,13,0,30,0,0,0,24.900000000000002,6.4,175.37
2012,11,13,1,30,0,0,0,24.8,6.300000000000001,162.23
2012,11,13,2,30,0,0,0,24.700000000000003,6.2,148.28
2012,11,13,3,30,0,0,0,24.6,6.2,134.33
2012,11,13,4,30,0,0,0,24.6,6.1000000000000005,120.47
2012,11,13,5,30,0,0,0,24.6,6.1000000000000005,106.77
2012,11,13,6,30,0,0,0,24.700000000000003,6.4,93.33
2012,11,13,7,30,130,528,40,25,6.7,80.2
2012,11,13,8,30,22,0,22,25.200000000000003,7,67.87
2012,11,13,9,30,193,1,192,25.400000000000002,7.2,56.6
2012,11,13,10,30,141,0,141,25.6,7.2,47.22
2012,11,13,11,30,236,1,235,25.8,7.1000000000000005,41.07
2012,11,13,12,30,341,7,336,25.900000000000002,7.1000000000000005,39.69
2012,11,13,13,30,262,1,262,25.900000000000002,7.2,43.52
2012,11,13,14,30,130,0,130,25.900000000000002,7.300000000000001,51.42
2012,11,13,15,30,138,0,138,25.900000000000002,7.5,61.84
2012,11,13,16,30,42,0,42,25.8,7.7,73.7
2012,11,13,17,30,40,288,21,25.6,7.9,86.29
2012,11,13,18,30,0,0,0,25.5,8,99.74000000000001
2012,11,13,19,30,0,0,0,25.400000000000002,8.1,113.32000000000001
2012,11,13,20,30,0,0,0,25.400000000000002,8.1,127.10000000000001
2012,11,13,21,30,0,0,0,25.3,8.1,141.02
2012,11,13,22,30,0,0,0,25.3,7.9,154.99
2012,11,13,23,30,0,0,0,25.200000000000003,7.7,168.85
2012,11,14,0,30,0,0,0,25.200000000000003,7.5,175.57
2012,11,14,1,30,0,0,0,25.1,7.4,162.32
2012,11,14,2,30,0,0,0,25,7.300000000000001,148.37
2012,11,14,3,30,0,0,0,25,7.2,134.42000000000002
2012,11,14,4,30,0,0,0,24.900000000000002,7,120.57000000000001
2012,11,14,5,30,0,0,0,24.900000000000002,7,106.88
2012,11,14,6,30,0,0,0,25,7.2,93.45
2012,11,14,7,30,128,508,43,25.200000000000003,7.5,80.35000000000001
2012,11,14,8,30,119,1,119,25.5,7.800000000000001,68.04
2012,11,14,9,30,381,136,307,25.8,7.800000000000001,56.800000000000004
2012,11,14,10,30,334,25,318,26,7.800000000000001,47.46
2012,11,14,11,30,248,1,247,26.200000000000003,7.9,41.33
2012,11,14,12,30,320,3,318,26.200000000000003,7.9,39.94
2012,11,14,13,30,432,87,369,26.200000000000003,8,43.74
2012,11,14,14,30,307,26,291,26.200000000000003,8.1,51.59
2012,11,14,15,30,457,821,71,26,8.200000000000001,61.97
2012,11,14,16,30,242,665,56,25.8,8.200000000000001,73.79
2012,11,14,17,30,38,250,22,25.6,8.200000000000001,86.36
2012,11,14,18,30,0,0,0,25.400000000000002,8.1,99.79
2012,11,14,19,30,0,0,0,25.3,8,113.35000000000001
2012,11,14,20,30,0,0,0,25.200000000000003,7.800000000000001,127.12
2012,11,14,21,30,0,0,0,25.200000000000003,7.6000000000000005,141.03
2012,11,14,22,30,0,0,0,25.1,7.4,154.99
2012,11,14,23,30,0,0,0,25.1,7.2,168.89000000000001
2012,11,15,0,30,0,0,0,25,7.1000000000000005,175.76
2012,11,15,1,30,0,0,0,24.900000000000002,7.1000000000000005,162.41
2012,11,15,2,30,0,0,0,24.8,7.1000000000000005,148.45000000000002
2012,11,15,3,30,0,0,0,24.700000000000003,7.2,134.51
2012,11,15,4,30,0,0,0,24.6,7.300000000000001,120.67
2012,11,15,5,30,0,0,0,24.6,7.300000000000001,106.99000000000001
2012,11,15,6,30,0,0,0,24.700000000000003,7.4,93.59
2012,11,15,7,30,64,8,63,24.900000000000002,7.6000000000000005,80.5
2012,11,15,8,30,283,383,141,25.1,7.800000000000001,68.21000000000001
2012,11,15,9,30,437,451,191,25.3,7.800000000000001,57
2012,11,15,10,30,422,154,319,25.6,7.6000000000000005,47.69
2012,11,15,11,30,479,168,353,25.8,7.4,41.58
2012,11,15,12,30,530,248,340,25.8,7.300000000000001,40.19
2012,11,15,13,30,550,343,303,25.900000000000002,7.300000000000001,43.95
2012,11,15,14,30,348,109,280,25.8,7.300000000000001,51.75
2012,11,15,15,30,324,227,218,25.700000000000003,7.5,62.09
2012,11,15,16,30,92,1,92,25.5,7.6000000000000005,73.88
2012,11,15,17,30,26,2,26,25.200000000000003,7.7,86.42
2012,11,15,18,30,0,0,0,25,7.6000000000000005,99.83
2012,11,15,19,30,0,0,0,24.900000000000002,7.6000000000000005,113.38
2012,11,15,20,30,0,0,0,24.900000000000002,7.5,127.14
2012,11,15,21,30,0,0,0,24.900000000000002,7.300000000000001,141.03
2012,11,15,22,30,0,0,0,24.900000000000002,7,155
2012,11,15,23,30,0,0,0,24.8,6.9,168.91
2012,11,16,0,30,0,0,0,24.700000000000003,6.7,175.95000000000002
2012,11,16,1,30,0,0,0,24.6,6.6000000000000005,162.5
2012,11,16,2,30,0,0,0,24.5,6.5,148.54
2012,11,16,3,30,0,0,0,24.400000000000002,6.5,134.61
2012,11,16,4,30,0,0,0,24.3,6.5,120.77
2012,11,16,5,30,0,0,0,24.400000000000002,6.800000000000001,107.11
2012,11,16,6,30,0,0,0,24.5,7.300000000000001,93.72
2012,11,16,7,30,94,63,84,24.700000000000003,7.6000000000000005,80.65
2012,11,16,8,30,243,162,183,24.900000000000002,7.7,68.39
2012,11,16,9,30,392,161,305,25.1,7.7,57.2
2012,11,16,10,30,494,284,304,25.3,7.6000000000000005,47.92
2012,11,16,11,30,643,497,272,25.6,7.6000000000000005,41.83
2012,11,16,12,30,488,107,407,25.700000000000003,7.5,40.43
2012,11,16,13,30,639,413,343,25.700000000000003,7.5,44.15
2012,11,16,14,30,540,564,192,25.6,7.7,51.910000000000004
2012,11,16,15,30,450,789,82,25.400000000000002,8,62.2
2012,11,16,16,30,101,2,101,25.200000000000003,8.200000000000001,73.96000000000001
2012,11,16,17,30,24,1,24,25,8.1,86.47
2012,11,16,18,30,0,0,0,24.900000000000002,8,99.87
2012,11,16,19,30,0,0,0,24.8,8,113.4
2012,11,16,20,30,0,0,0,24.8,7.800000000000001,127.14
2012,11,16,21,30,0,0,0,24.8,7.5,141.03
2012,11,16,22,30,0,0,0,24.900000000000002,7.2,154.99
2012,11,16,23,30,0,0,0,24.8,7,168.92000000000002
2012,11,17,0,30,0,0,0,24.8,6.800000000000001,176.13
2012,11,17,1,30,0,0,0,24.8,6.800000000000001,162.6
2012,11,17,2,30,0,0,0,24.700000000000003,6.7,148.63
2012,11,17,3,30,0,0,0,24.700000000000003,6.5,134.7
2012,11,17,4,30,0,0,0,24.700000000000003,6.5,120.88
2012,11,17,5,30,0,0,0,24.6,6.7,107.23
2012,11,17,6,30,0,0,0,24.6,7.1000000000000005,93.85000000000001
2012,11,17,7,30,61,6,60,24.8,7.5,80.79
2012,11,17,8,30,155,20,148,25,7.800000000000001,68.56
2012,11,17,9,30,195,1,195,25.200000000000003,7.9,57.4
2012,11,17,10,30,321,17,310,25.400000000000002,7.9,48.14
2012,11,17,11,30,489,112,406,25.5,7.800000000000001,42.08
2012,11,17,12,30,536,256,342,25.6,7.6000000000000005,40.660000000000004
2012,11,17,13,30,332,11,324,25.6,7.5,44.35
2012,11,17,14,30,222,1,221,25.6,7.4,52.06
2012,11,17,15,30,358,365,189,25.6,7.5,62.31
2012,11,17,16,30,8,0,8,25.5,7.5,74.04
2012,11,17,17,30,19,0,19,25.3,7.5,86.52
2012,11,17,18,30,0,0,0,25.200000000000003,7.5,99.9
2012,11,17,19,30,0,0,0,25.1,7.4,113.41
2012,11,17,20,30,0,0,0,25,7.1000000000000005,127.15
2012,11,17,21,30,0,0,0,25,6.7,141.03
2012,11,17,22,30,0,0,0,24.900000000000002,6.300000000000001,154.98
2012,11,17,23,30,0,0,0,24.900000000000002,5.800000000000001,168.93
2012,11,18,0,30,0,0,0,24.8,5.4,176.31
2012,11,18,1,30,0,0,0,24.8,5.300000000000001,162.69
2012,11,18,2,30,0,0,0,24.700000000000003,5.300000000000001,148.72
2012,11,18,3,30,0,0,0,24.6,5.6000000000000005,134.8
2012,11,18,4,30,0,0,0,24.6,5.800000000000001,120.98
2012,11,18,5,30,0,0,0,24.6,6,107.35000000000001
2012,11,18,6,30,0,0,0,24.700000000000003,6.300000000000001,93.98
2012,11,18,7,30,82,32,77,24.900000000000002,6.7,80.94
2012,11,18,8,30,86,3,85,25.1,7.1000000000000005,68.73
2012,11,18,9,30,193,2,192,25.3,7.300000000000001,57.6
2012,11,18,10,30,432,107,361,25.6,7.2,48.370000000000005
2012,11,18,11,30,769,916,91,25.8,7,42.32
2012,11,18,12,30,547,170,418,26,6.6000000000000005,40.89
2012,11,18,13,30,559,254,378,26.200000000000003,6.1000000000000005,44.54
2012,11,18,14,30,617,866,86,26.3,5.6000000000000005,52.21
2012,11,18,15,30,76,0,76,26.400000000000002,5.300000000000001,62.42
2012,11,18,16,30,53,0,53,26.3,5,74.11
2012,11,18,17,30,34,189,23,26,4.7,86.57000000000001
2012,11,18,18,30,0,0,0,25.8,4.6000000000000005,99.93
2012,11,18,19,30,0,0,0,25.6,4.6000000000000005,113.43
2012,11,18,20,30,0,0,0,25.400000000000002,4.4,127.15
2012,11,18,21,30,0,0,0,25.3,4.1000000000000005,141.01
2012,11,18,22,30,0,0,0,25.1,3.8000000000000003,154.97
2012,11,18,23,30,0,0,0,24.900000000000002,3.5,168.92000000000002
2012,11,19,0,30,0,0,0,24.700000000000003,3.3000000000000003,176.47
2012,11,19,1,30,0,0,0,24.6,3.1,162.78
2012,11,19,2,30,0,0,0,24.5,3,148.81
2012,11,19,3,30,0,0,0,24.3,2.9000000000000004,134.89000000000001
2012,11,19,4,30,0,0,0,24.3,2.9000000000000004,121.09
2012,11,19,5,30,0,0,0,24.3,3,107.46000000000001
2012,11,19,6,30,0,0,0,24.5,3.3000000000000003,94.11
2012,11,19,7,30,108,404,46,24.700000000000003,3.9000000000000004,81.09
2012,11,19,8,30,318,680,73,25.1,4.5,68.9
2012,11,19,9,30,516,805,87,25.3,4.800000000000001,57.800000000000004
2012,11,19,10,30,230,1,230,25.6,4.800000000000001,48.59
2012,11,19,11,30,393,49,357,25.8,4.6000000000000005,42.550000000000004
2012,11,19,12,30,781,910,96,26.1,4.3,41.12
2012,11,19,13,30,730,897,93,26.3,4,44.730000000000004
2012,11,19,14,30,613,865,84,26.400000000000002,4,52.34
2012,11,19,15,30,169,2,168,26.400000000000002,4.3,62.52
2012,11,19,16,30,230,636,57,26.400000000000002,4.5,74.18
2012,11,19,17,30,34,210,22,26.1,4.7,86.61
2012,11,19,18,30,0,0,0,25.8,5.1000000000000005,99.95
2012,11,19,19,30,0,0,0,25.700000000000003,5.6000000000000005,113.43
2012,11,19,20,30,0,0,0,25.5,5.9,127.14
2012,11,19,21,30,0,0,0,25.3,6,141
2012,11,19,22,30,0,0,0,25.1,6,154.94
2012,11,19,23,30,0,0,0,25,5.7,168.91
2012,11,20,0,30,0,0,0,24.900000000000002,5.4,176.62
2012,11,20,1,30,0,0,0,24.8,5.2,162.86
2012,11,20,2,30,0,0,0,24.8,5.300000000000001,148.9
2012,11,20,3,30,0,0,0,24.700000000000003,5.5,134.99
2012,11,20,4,30,0,0,0,24.700000000000003,5.7,121.2
2012,11,20,5,30,0,0,0,24.700000000000003,5.9,107.58
2012,11,20,6,30,0,0,0,24.8,6.1000000000000005,94.25
2012,11,20,7,30,12,0,12,25,6.4,81.24
2012,11,20,8,30,130,11,126,25.200000000000003,6.7,69.07000000000001
2012,11,20,9,30,312,120,249,25.3,6.9,57.99
2012,11,20,10,30,380,92,319,25.5,6.7,48.81
2012,11,20,11,30,354,47,319,25.6,6.300000000000001,42.78
2012,11,20,12,30,539,238,360,25.8,5.9,41.33
2012,11,20,13,30,478,181,349,25.8,5.4,44.9
2012,11,20,14,30,439,229,300,25.900000000000002,5,52.480000000000004
2012,11,20,15,30,234,47,212,25.900000000000002,4.7,62.61
2012,11,20,16,30,137,180,88,25.8,4.7,74.24
2012,11,20,17,30,22,0,22,25.5,4.800000000000001,86.64
2012,11,20,18,30,0,0,0,25.3,5,99.97
2012,11,20,19,30,0,0,0,25.200000000000003,5.2,113.43
2012,11,20,20,30,0,0,0,25,5.2,127.13000000000001
2012,11,20,21,30,0,0,0,24.900000000000002,5.1000000000000005,140.98
2012,11,20,22,30,0,0,0,24.8,4.7,154.92000000000002
2012,11,20,23,30,0,0,0,24.700000000000003,4.4,168.88
2012,11,21,0,30,0,0,0,24.6,4,176.77
2012,11,21,1,30,0,0,0,24.6,3.8000000000000003,162.95000000000002
2012,11,21,2,30,0,0,0,24.5,3.5,148.99
2012,11,21,3,30,0,0,0,24.5,3.2,135.09
2012,11,21,4,30,0,0,0,24.5,3,121.3
2012,11,21,5,30,0,0,0,24.5,2.9000000000000004,107.7
2012,11,21,6,30,0,0,0,24.6,2.7,94.38
2012,11,21,7,30,97,155,74,24.8,2.6,81.39
2012,11,21,8,30,218,137,169,25,2.5,69.24
2012,11,21,9,30,336,90,289,25.1,2.2,58.18
2012,11,21,10,30,291,11,284,25.200000000000003,1.8,49.02
2012,11,21,11,30,282,2,281,25.3,1.4000000000000001,43.01
2012,11,21,12,30,371,27,351,25.400000000000002,1,41.550000000000004
2012,11,21,13,30,159,0,159,25.6,0.8,45.08
2012,11,21,14,30,592,785,115,25.700000000000003,0.8,52.6
2012,11,21,15,30,28,0,28,25.700000000000003,0.8,62.7
2012,11,21,16,30,71,3,70,25.700000000000003,1,74.3
2012,11,21,17,30,18,0,18,25.6,1,86.67
2012,11,21,18,30,0,0,0,25.5,0.9,99.98
2012,11,21,19,30,0,0,0,25.400000000000002,0.9,113.43
2012,11,21,20,30,0,0,0,25.3,0.9,127.12
2012,11,21,21,30,0,0,0,25.200000000000003,1.1,140.95000000000002
2012,11,21,22,30,0,0,0,25.1,1.3,154.88
2012,11,21,23,30,0,0,0,24.900000000000002,1.6,168.85
2012,11,22,0,30,0,0,0,24.700000000000003,1.9000000000000001,176.91
2012,11,22,1,30,0,0,0,24.5,2.2,163.04
2012,11,22,2,30,0,0,0,24.400000000000002,2.3000000000000003,149.08
2012,11,22,3,30,0,0,0,24.200000000000003,2.4000000000000004,135.19
2012,11,22,4,30,0,0,0,24.200000000000003,2.3000000000000003,121.41
2012,11,22,5,30,0,0,0,24.200000000000003,2.1,107.83
2012,11,22,6,30,0,0,0,24.400000000000002,1.8,94.52
2012,11,22,7,30,48,3,48,24.6,1.7000000000000002,81.54
2012,11,22,8,30,199,108,162,24.900000000000002,1.8,69.41
2012,11,22,9,30,256,32,239,25.1,1.9000000000000001,58.370000000000005
2012,11,22,10,30,470,180,353,25.200000000000003,2,49.230000000000004
2012,11,22,11,30,322,32,298,25.3,2.2,43.230000000000004
2012,11,22,12,30,341,11,333,25.400000000000002,2.3000000000000003,41.75
2012,11,22,13,30,415,85,354,25.400000000000002,2.3000000000000003,45.24
2012,11,22,14,30,72,0,72,25.400000000000002,2.1,52.72
2012,11,22,15,30,72,0,71,25.400000000000002,1.8,62.78
2012,11,22,16,30,216,549,68,25.3,1.4000000000000001,74.35000000000001
2012,11,22,17,30,17,0,17,25.200000000000003,1.1,86.7
2012,11,22,18,30,0,0,0,25.1,1,99.99000000000001
2012,11,22,19,30,0,0,0,25,0.9,113.42
2012,11,22,20,30,0,0,0,25,0.8,127.10000000000001
2012,11,22,21,30,0,0,0,24.900000000000002,0.8,140.92000000000002
2012,11,22,22,30,0,0,0,24.8,0.8,154.84
2012,11,22,23,30,0,0,0,24.700000000000003,0.8,168.81
2012,11,23,0,30,0,0,0,24.700000000000003,0.7000000000000001,177.03
2012,11,23,1,30,0,0,0,24.6,0.7000000000000001,163.13
2012,11,23,2,30,0,0,0,24.6,0.8,149.17000000000002
2012,11,23,3,30,0,0,0,24.5,1,135.29
2012,11,23,4,30,0,0,0,24.6,1.3,121.52
2012,11,23,5,30,0,0,0,24.6,1.6,107.95
2012,11,23,6,30,0,0,0,24.700000000000003,1.8,94.65
2012,11,23,7,30,100,405,41,24.900000000000002,2,81.69
2012,11,23,8,30,307,682,69,25.1,2.2,69.58
2012,11,23,9,30,502,803,83,25.3,2.3000000000000003,58.56
2012,11,23,10,30,148,0,148,25.5,2.4000000000000004,49.44
2012,11,23,11,30,418,77,362,25.700000000000003,2.5,43.44
2012,11,23,12,30,753,846,124,25.900000000000002,2.6,41.95
2012,11,23,13,30,704,837,117,26.1,2.6,45.4
2012,11,23,14,30,434,137,351,26.200000000000003,2.8000000000000003,52.84
2012,11,23,15,30,242,25,230,26.1,3.1,62.85
2012,11,23,16,30,109,2,109,26,3.4000000000000004,74.39
2012,11,23,17,30,18,0,18,25.700000000000003,3.6,86.72
2012,11,23,18,30,0,0,0,25.400000000000002,3.7,99.99000000000001
2012,11,23,19,30,0,0,0,25.200000000000003,3.6,113.41
2012,11,23,20,30,0,0,0,25,3.3000000000000003,127.07000000000001
2012,11,23,21,30,0,0,0,24.8,3,140.88
2012,11,23,22,30,0,0,0,24.700000000000003,2.7,154.8
2012,11,23,23,30,0,0,0,24.6,2.5,168.76
2012,11,24,0,30,0,0,0,24.5,2.2,177.15
2012,11,24,1,30,0,0,0,24.400000000000002,2.1,163.21
2012,11,24,2,30,0,0,0,24.3,2.1,149.27
2012,11,24,3,30,0,0,0,24.3,2.3000000000000003,135.39000000000001
2012,11,24,4,30,0,0,0,24.200000000000003,2.6,121.64
2012,11,24,5,30,0,0,0,24.200000000000003,3,108.07000000000001
2012,11,24,6,30,0,0,0,24.3,3.4000000000000004,94.79
2012,11,24,7,30,99,404,41,24.6,3.8000000000000003,81.84
2012,11,24,8,30,308,691,69,25,4.2,69.75
2012,11,24,9,30,504,815,82,25.400000000000002,4.4,58.75
2012,11,24,10,30,657,877,89,25.700000000000003,4.6000000000000005,49.64
2012,11,24,11,30,750,916,87,26,4.800000000000001,43.65
2012,11,24,12,30,774,925,88,26.200000000000003,4.9,42.14
2012,11,24,13,30,724,911,86,26.3,5.1000000000000005,45.56
2012,11,24,14,30,605,859,88,26.400000000000002,5.2,52.95
2012,11,24,15,30,433,783,77,26.200000000000003,5.4,62.92
2012,11,24,16,30,227,625,59,26,5.6000000000000005,74.43
2012,11,24,17,30,33,204,21,25.6,5.6000000000000005,86.74
2012,11,24,18,30,0,0,0,25.3,5.5,99.99000000000001
2012,11,24,19,30,0,0,0,25.1,5.4,113.4
2012,11,24,20,30,0,0,0,25,5.1000000000000005,127.04
2012,11,24,21,30,0,0,0,24.900000000000002,4.800000000000001,140.84
2012,11,24,22,30,0,0,0,24.8,4.4,154.75
2012,11,24,23,30,0,0,0,24.700000000000003,4.2,168.71
2012,11,25,0,30,0,0,0,24.6,4.1000000000000005,177.26
2012,11,25,1,30,0,0,0,24.6,4.2,163.3
2012,11,25,2,30,0,0,0,24.5,4.3,149.36
2012,11,25,3,30,0,0,0,24.400000000000002,4.5,135.49
2012,11,25,4,30,0,0,0,24.3,4.6000000000000005,121.75
2012,11,25,5,30,0,0,0,24.3,4.6000000000000005,108.19
2012,11,25,6,30,0,0,0,24.400000000000002,4.800000000000001,94.92
2012,11,25,7,30,57,2,57,24.700000000000003,5.300000000000001,81.99
2012,11,25,8,30,221,97,188,24.900000000000002,5.800000000000001,69.91
2012,11,25,9,30,372,175,282,25.1,6.1000000000000005,58.93
2012,11,25,10,30,516,287,332,25.3,6.300000000000001,49.84
2012,11,25,11,30,552,209,402,25.400000000000002,6.5,43.86
2012,11,25,12,30,544,296,325,25.5,6.9,42.33
2012,11,25,13,30,429,140,331,25.5,7.1000000000000005,45.7
2012,11,25,14,30,407,222,274,25.5,7.300000000000001,53.050000000000004
2012,11,25,15,30,245,31,231,25.3,7.4,62.99
2012,11,25,16,30,101,2,101,25.1,7.300000000000001,74.47
2012,11,25,17,30,18,0,18,24.900000000000002,6.9,86.75
2012,11,25,18,30,0,0,0,24.700000000000003,6.300000000000001,99.98
2012,11,25,19,30,0,0,0,24.700000000000003,6.1000000000000005,113.37
2012,11,25,20,30,0,0,0,24.6,6.1000000000000005,127.01
2012,11,25,21,30,0,0,0,24.6,6,140.8
2012,11,25,22,30,0,0,0,24.6,5.9,154.70000000000002
2012,11,25,23,30,0,0,0,24.400000000000002,5.9,168.65
2012,11,26,0,30,0,0,0,24.3,5.800000000000001,177.35
2012,11,26,1,30,0,0,0,24.200000000000003,5.800000000000001,163.39000000000001
2012,11,26,2,30,0,0,0,24,5.800000000000001,149.45000000000002
2012,11,26,3,30,0,0,0,23.900000000000002,5.7,135.6
2012,11,26,4,30,0,0,0,23.900000000000002,5.7,121.86
2012,11,26,5,30,0,0,0,23.900000000000002,6,108.32000000000001
2012,11,26,6,30,0,0,0,24,6.4,95.06
2012,11,26,7,30,62,15,60,24.200000000000003,6.9,82.13
2012,11,26,8,30,224,101,190,24.5,7.2,70.08
2012,11,26,9,30,390,329,221,24.8,7.300000000000001,59.11
2012,11,26,10,30,429,197,302,24.900000000000002,7.4,50.04
2012,11,26,11,30,490,213,337,25,7.4,44.06
2012,11,26,12,30,528,256,339,25,7.4,42.51
2012,11,26,13,30,419,120,335,25,7.4,45.84
2012,11,26,14,30,406,192,291,24.900000000000002,7.300000000000001,53.14
2012,11,26,15,30,242,61,214,24.8,7.2,63.04
2012,11,26,16,30,145,53,131,24.700000000000003,6.9,74.5
2012,11,26,17,30,24,2,24,24.400000000000002,6.6000000000000005,86.75
2012,11,26,18,30,0,0,0,24.200000000000003,6.300000000000001,99.97
2012,11,26,19,30,0,0,0,24.1,6.1000000000000005,113.35000000000001
2012,11,26,20,30,0,0,0,24,6,126.97
2012,11,26,21,30,0,0,0,24,6,140.75
2012,11,26,22,30,0,0,0,23.900000000000002,6,154.64000000000001
2012,11,26,23,30,0,0,0,23.900000000000002,6.1000000000000005,168.58
2012,11,27,0,30,0,0,0,23.8,6,177.44
2012,11,27,1,30,0,0,0,23.8,5.9,163.48
2012,11,27,2,30,0,0,0,23.8,5.800000000000001,149.55
2012,11,27,3,30,0,0,0,23.700000000000003,5.9,135.7
2012,11,27,4,30,0,0,0,23.8,5.9,121.98
2012,11,27,5,30,0,0,0,23.8,5.9,108.44
2012,11,27,6,30,0,0,0,23.900000000000002,6,95.2
2012,11,27,7,30,98,437,39,24.200000000000003,6.2,82.28
2012,11,27,8,30,253,246,170,24.6,6.6000000000000005,70.24
2012,11,27,9,30,203,3,201,24.8,6.7,59.29
2012,11,27,10,30,346,41,320,25,6.7,50.230000000000004
2012,11,27,11,30,185,0,185,25.1,6.7,44.25
2012,11,27,12,30,361,17,349,25.200000000000003,6.6000000000000005,42.68
2012,11,27,13,30,331,13,322,25.200000000000003,6.6000000000000005,45.97
2012,11,27,14,30,370,73,327,25.200000000000003,6.5,53.230000000000004
2012,11,27,15,30,87,0,87,25.1,6.5,63.1
2012,11,27,16,30,69,0,69,25,6.5,74.52
2012,11,27,17,30,36,257,21,24.700000000000003,6.300000000000001,86.75
2012,11,27,18,30,0,0,0,24.5,6.2,99.96000000000001
2012,11,27,19,30,0,0,0,24.400000000000002,6.1000000000000005,113.32000000000001
2012,11,27,20,30,0,0,0,24.200000000000003,5.800000000000001,126.93
2012,11,27,21,30,0,0,0,24.1,5.5,140.70000000000002
2012,11,27,22,30,0,0,0,23.900000000000002,5.2,154.57
2012,11,27,23,30,0,0,0,23.900000000000002,4.800000000000001,168.51
2012,11,28,0,30,0,0,0,23.8,4.6000000000000005,177.52
2012,11,28,1,30,0,0,0,23.8,4.3,163.57
2012,11,28,2,30,0,0,0,23.700000000000003,4.1000000000000005,149.65
2012,11,28,3,30,0,0,0,23.700000000000003,3.8000000000000003,135.81
2012,11,28,4,30,0,0,0,23.700000000000003,3.6,122.09
2012,11,28,5,30,0,0,0,23.700000000000003,3.5,108.57000000000001
2012,11,28,6,30,0,0,0,23.8,3.5,95.33
2012,11,28,7,30,99,485,35,24.1,3.7,82.43
2012,11,28,8,30,314,760,59,24.400000000000002,4,70.4
2012,11,28,9,30,308,61,278,24.6,4.2,59.47
2012,11,28,10,30,671,931,78,24.900000000000002,4.2,50.42
2012,11,28,11,30,762,948,85,25,4,44.44
2012,11,28,12,30,653,411,352,25.200000000000003,3.4000000000000004,42.85
2012,11,28,13,30,735,938,85,25.3,2.7,46.1
2012,11,28,14,30,616,887,86,25.3,2.1,53.32
2012,11,28,15,30,442,809,76,25.3,1.7000000000000002,63.14
2012,11,28,16,30,231,649,58,25.200000000000003,1.8,74.54
2012,11,28,17,30,34,226,22,25,1.9000000000000001,86.75
2012,11,28,18,30,0,0,0,24.8,2,99.94
2012,11,28,19,30,0,0,0,24.6,1.8,113.28
2012,11,28,20,30,0,0,0,24.400000000000002,1.6,126.88000000000001
2012,11,28,21,30,0,0,0,24.200000000000003,1.6,140.64000000000001
2012,11,28,22,30,0,0,0,24,1.5,154.51
2012,11,28,23,30,0,0,0,23.900000000000002,1.2000000000000002,168.43
2012,11,29,0,30,0,0,0,23.8,1.1,177.59
2012,11,29,1,30,0,0,0,23.700000000000003,0.9,163.65
2012,11,29,2,30,0,0,0,23.700000000000003,0.6000000000000001,149.74
2012,11,29,3,30,0,0,0,23.6,0.6000000000000001,135.91
2012,11,29,4,30,0,0,0,23.6,0.8,122.21000000000001
2012,11,29,5,30,0,0,0,23.6,1,108.69
2012,11,29,6,30,0,0,0,23.700000000000003,1.1,95.47
2012,11,29,7,30,53,8,52,23.900000000000002,1.3,82.57000000000001
2012,11,29,8,30,250,333,140,24.1,1.3,70.56
2012,11,29,9,30,335,107,281,24.400000000000002,1.1,59.64
2012,11,29,10,30,522,336,308,24.700000000000003,0.9,50.6
2012,11,29,11,30,443,97,374,24.900000000000002,0.7000000000000001,44.62
2012,11,29,12,30,491,125,400,25,0.7000000000000001,43.01
2012,11,29,13,30,351,30,330,25.1,0.7000000000000001,46.22
2012,11,29,14,30,326,89,273,25.200000000000003,0.8,53.39
2012,11,29,15,30,230,82,193,25.200000000000003,0.8,63.18
2012,11,29,16,30,110,4,109,25.1,0.9,74.55
2012,11,29,17,30,24,2,23,25,0.8,86.74
2012,11,29,18,30,0,0,0,24.900000000000002,0.8,99.91
2012,11,29,19,30,0,0,0,24.900000000000002,0.8,113.24000000000001
2012,11,29,20,30,0,0,0,24.8,0.8,126.83
2012,11,29,21,30,0,0,0,24.8,0.9,140.58
2012,11,29,22,30,0,0,0,24.700000000000003,0.9,154.44
2012,11,29,23,30,0,0,0,24.6,0.9,168.35
2012,11,30,0,30,0,0,0,24.5,0.9,177.65
2012,11,30,1,30,0,0,0,24.400000000000002,0.8,163.74
2012,11,30,2,30,0,0,0,24.400000000000002,0.8,149.84
2012,11,30,3,30,0,0,0,24.3,0.8,136.02
2012,11,30,4,30,0,0,0,24.3,1,122.32000000000001
2012,11,30,5,30,0,0,0,24.3,1.2000000000000002,108.82000000000001
2012,11,30,6,30,0,0,0,24.3,1.4000000000000001,95.60000000000001
2012,11,30,7,30,91,450,34,24.5,1.7000000000000002,82.72
2012,11,30,8,30,230,170,174,24.8,1.9000000000000001,70.72
2012,11,30,9,30,501,852,72,25,1.8,59.81
2012,11,30,10,30,655,909,80,25.200000000000003,1.5,50.78
2012,11,30,11,30,748,930,88,25.400000000000002,1.2000000000000002,44.800000000000004
2012,11,30,12,30,577,244,399,25.6,0.9,43.160000000000004
2012,11,30,13,30,555,272,368,25.6,0.7000000000000001,46.33
2012,11,30,14,30,267,10,260,25.700000000000003,0.7000000000000001,53.46
2012,11,30,15,30,276,125,219,25.6,0.8,63.22
2012,11,30,16,30,128,42,117,25.5,1,74.56
2012,11,30,17,30,23,2,23,25.400000000000002,1,86.73
2012,11,30,18,30,0,0,0,25.200000000000003,0.9,99.88
2012,11,30,19,30,0,0,0,25.1,0.9,113.2
2012,11,30,20,30,0,0,0,25,1.1,126.77
2012,11,30,21,30,0,0,0,24.900000000000002,1.4000000000000001,140.51
2012,11,30,22,30,0,0,0,24.700000000000003,1.6,154.36
2012,11,30,23,30,0,0,0,24.6,1.7000000000000002,168.27
2012,12,1,0,30,0,0,0,24.5,1.6,177.70000000000002
2012,12,1,1,30,0,0,0,24.400000000000002,1.5,163.83
2012,12,1,2,30,0,0,0,24.3,1.4000000000000001,149.94
2012,12,1,3,30,0,0,0,24.200000000000003,1.2000000000000002,136.13
2012,12,1,4,30,0,0,0,24.200000000000003,1.1,122.44
2012,12,1,5,30,0,0,0,24.1,1.2000000000000002,108.94
2012,12,1,6,30,0,0,0,24,1.5,95.74000000000001
2012,12,1,7,30,85,394,36,24.200000000000003,1.8,82.86
2012,12,1,8,30,290,690,64,24.400000000000002,2,70.88
2012,12,1,9,30,253,30,238,24.6,1.9000000000000001,59.980000000000004
2012,12,1,10,30,638,875,87,24.900000000000002,1.7000000000000002,50.95
2012,12,1,11,30,731,910,87,25.1,1.3,44.97
2012,12,1,12,30,649,621,196,25.400000000000002,1,43.300000000000004
2012,12,1,13,30,687,635,249,25.6,1,46.44
2012,12,1,14,30,543,643,162,25.700000000000003,1,53.53
2012,12,1,15,30,313,161,241,25.700000000000003,1,63.25
2012,12,1,16,30,220,603,60,25.6,1,74.56
2012,12,1,17,30,16,0,16,25.5,1.1,86.71000000000001
2012,12,1,18,30,0,0,0,25.3,1.1,99.85000000000001
2012,12,1,19,30,0,0,0,25.200000000000003,1.1,113.15
2012,12,1,20,30,0,0,0,25.1,1.1,126.71000000000001
2012,12,1,21,30,0,0,0,25,1.2000000000000002,140.45000000000002
2012,12,1,22,30,0,0,0,24.900000000000002,1.4000000000000001,154.28
2012,12,1,23,30,0,0,0,24.8,1.8,168.17000000000002
2012,12,2,0,30,0,0,0,24.8,2.2,177.74
2012,12,2,1,30,0,0,0,24.700000000000003,2.1,163.92000000000002
2012,12,2,2,30,0,0,0,24.6,1.8,150.04
2012,12,2,3,30,0,0,0,24.6,1.4000000000000001,136.24
2012,12,2,4,30,0,0,0,24.6,1.1,122.56
2012,12,2,5,30,0,0,0,24.700000000000003,1,109.07000000000001
2012,12,2,6,30,0,0,0,24.700000000000003,1.2000000000000002,95.87
2012,12,2,7,30,18,0,18,24.900000000000002,1.6,83
2012,12,2,8,30,26,0,26,25.1,1.7000000000000002,71.03
2012,12,2,9,30,310,156,233,25.400000000000002,1.7000000000000002,60.14
2012,12,2,10,30,132,2,131,25.700000000000003,2,51.120000000000005
2012,12,2,11,30,303,27,284,25.900000000000002,2.3000000000000003,45.13
2012,12,2,12,30,601,531,215,25.900000000000002,2.7,43.44
2012,12,2,13,30,495,256,319,26,3.2,46.54
2012,12,2,14,30,431,285,261,26,3.6,53.58
2012,12,2,15,30,236,75,202,25.900000000000002,4,63.27
2012,12,2,16,30,124,22,118,25.700000000000003,4.2,74.56
2012,12,2,17,30,19,0,19,25.6,4.2,86.69
2012,12,2,18,30,0,0,0,25.5,4.1000000000000005,99.81
2012,12,2,19,30,0,0,0,25.5,4,113.10000000000001
2012,12,2,20,30,0,0,0,25.5,3.9000000000000004,126.65
2012,12,2,21,30,0,0,0,25.5,3.8000000000000003,140.37
2012,12,2,22,30,0,0,0,25.5,3.9000000000000004,154.20000000000002
2012,12,2,23,30,0,0,0,25.5,3.9000000000000004,168.08
2012,12,3,0,30,0,0,0,25.400000000000002,4,177.78
2012,12,3,1,30,0,0,0,25.400000000000002,4,164.02
2012,12,3,2,30,0,0,0,25.3,4.1000000000000005,150.15
2012,12,3,3,30,0,0,0,25.200000000000003,4.1000000000000005,136.35
2012,12,3,4,30,0,0,0,25.200000000000003,4.1000000000000005,122.67
2012,12,3,5,30,0,0,0,25.200000000000003,4.1000000000000005,109.19
2012,12,3,6,30,0,0,0,25.200000000000003,4.1000000000000005,96.01
2012,12,3,7,30,82,412,32,25.5,4.2,83.15
2012,12,3,8,30,184,43,170,25.700000000000003,4.2,71.19
2012,12,3,9,30,130,0,130,25.900000000000002,4.1000000000000005,60.300000000000004
2012,12,3,10,30,633,894,73,26,3.8000000000000003,51.29
2012,12,3,11,30,389,73,338,26.1,3.4000000000000004,45.29
2012,12,3,12,30,111,0,111,26.200000000000003,3,43.58
2012,12,3,13,30,706,921,74,26.200000000000003,2.8000000000000003,46.63
2012,12,3,14,30,589,848,86,26.200000000000003,2.7,53.63
2012,12,3,15,30,423,777,74,26.1,2.6,63.29
2012,12,3,16,30,153,48,140,26,2.6,74.55
2012,12,3,17,30,34,230,21,25.8,2.4000000000000004,86.67
2012,12,3,18,30,0,0,0,25.700000000000003,2.1,99.76
2012,12,3,19,30,0,0,0,25.5,1.8,113.05
2012,12,3,20,30,0,0,0,25.400000000000002,1.6,126.59
2012,12,3,21,30,0,0,0,25.3,1.4000000000000001,140.3
2012,12,3,22,30,0,0,0,25.200000000000003,1.3,154.11
2012,12,3,23,30,0,0,0,25.1,1.3,167.98
2012,12,4,0,30,0,0,0,25,1.1,177.8
2012,12,4,1,30,0,0,0,24.900000000000002,0.9,164.11
2012,12,4,2,30,0,0,0,24.8,0.8,150.25
2012,12,4,3,30,0,0,0,24.8,1.1,136.46
2012,12,4,4,30,0,0,0,24.700000000000003,1.6,122.79
2012,12,4,5,30,0,0,0,24.700000000000003,1.7000000000000002,109.32000000000001
2012,12,4,6,30,0,0,0,24.8,1.6,96.14
2012,12,4,7,30,81,435,30,24.900000000000002,1.4000000000000001,83.29
2012,12,4,8,30,284,718,54,25.200000000000003,1.2000000000000002,71.34
2012,12,4,9,30,478,838,65,25.400000000000002,1,60.46
2012,12,4,10,30,630,896,71,25.700000000000003,0.8,51.45
2012,12,4,11,30,719,901,87,25.8,0.6000000000000001,45.44
2012,12,4,12,30,745,909,88,25.900000000000002,0.6000000000000001,43.7
2012,12,4,13,30,339,30,318,26,0.7000000000000001,46.71
2012,12,4,14,30,244,5,240,25.900000000000002,0.8,53.68
2012,12,4,15,30,176,5,173,25.900000000000002,1,63.300000000000004
2012,12,4,16,30,139,19,134,25.8,1.1,74.53
2012,12,4,17,30,17,0,17,25.700000000000003,1.3,86.63
2012,12,4,18,30,0,0,0,25.6,1.4000000000000001,99.72
2012,12,4,19,30,0,0,0,25.5,1.5,112.99000000000001
2012,12,4,20,30,0,0,0,25.400000000000002,1.6,126.52
2012,12,4,21,30,0,0,0,25.3,1.8,140.22
2012,12,4,22,30,0,0,0,25.200000000000003,1.8,154.03
2012,12,4,23,30,0,0,0,25.200000000000003,1.7000000000000002,167.88
2012,12,5,0,30,0,0,0,25.1,1.6,177.82
2012,12,5,1,30,0,0,0,25.1,1.7000000000000002,164.20000000000002
2012,12,5,2,30,0,0,0,25,1.7000000000000002,150.35
2012,12,5,3,30,0,0,0,25,1.6,136.57
2012,12,5,4,30,0,0,0,25,1.6,122.91
2012,12,5,5,30,0,0,0,25,1.7000000000000002,109.45
2012,12,5,6,30,0,0,0,25.1,1.7000000000000002,96.28
2012,12,5,7,30,36,0,36,25.3,1.4000000000000001,83.43
2012,12,5,8,30,105,12,101,25.5,1.3,71.48
2012,12,5,9,30,201,28,187,25.700000000000003,1.4000000000000001,60.620000000000005
2012,12,5,10,30,366,136,282,25.8,1.6,51.6
2012,12,5,11,30,371,77,317,26,1.6,45.59
2012,12,5,12,30,413,109,334,26.200000000000003,1.5,43.82
2012,12,5,13,30,451,183,326,26.200000000000003,1.5,46.79
2012,12,5,14,30,304,70,263,26.3,1.6,53.72
2012,12,5,15,30,139,8,136,26.3,1.7000000000000002,63.300000000000004
2012,12,5,16,30,21,0,21,26.200000000000003,1.8,74.52
2012,12,5,17,30,18,0,18,26,1.8,86.60000000000001
2012,12,5,18,30,0,0,0,25.8,1.9000000000000001,99.66
2012,12,5,19,30,0,0,0,25.700000000000003,2,112.92
2012,12,5,20,30,0,0,0,25.5,1.9000000000000001,126.44
2012,12,5,21,30,0,0,0,25.400000000000002,1.9000000000000001,140.13
2012,12,5,22,30,0,0,0,25.3,1.8,153.93
2012,12,5,23,30,0,0,0,25.200000000000003,1.7000000000000002,167.78
2012,12,6,0,30,0,0,0,25.200000000000003,1.7000000000000002,177.84
2012,12,6,1,30,0,0,0,25.1,1.7000000000000002,164.3
2012,12,6,2,30,0,0,0,25,1.7000000000000002,150.46
2012,12,6,3,30,0,0,0,24.900000000000002,1.8,136.68
2012,12,6,4,30,0,0,0,24.900000000000002,1.9000000000000001,123.03
2012,12,6,5,30,0,0,0,24.8,2,109.57000000000001
2012,12,6,6,30,0,0,0,24.8,2,96.41
2012,12,6,7,30,43,1,43,25,2.2,83.56
2012,12,6,8,30,205,105,172,25.3,2.4000000000000004,71.63
2012,12,6,9,30,318,95,272,25.400000000000002,2.4000000000000004,60.77
2012,12,6,10,30,622,850,95,25.6,2.5,51.75
2012,12,6,11,30,442,96,374,25.900000000000002,2.5,45.72
2012,12,6,12,30,165,0,165,26.1,2.5,43.93
2012,12,6,13,30,196,0,196,26.200000000000003,2.5,46.86
2012,12,6,14,30,137,0,137,26.200000000000003,2.4000000000000004,53.75
2012,12,6,15,30,187,8,184,26.200000000000003,2.3000000000000003,63.300000000000004
2012,12,6,16,30,220,570,68,26.1,2.3000000000000003,74.49
2012,12,6,17,30,33,151,24,25.8,2.4000000000000004,86.56
2012,12,6,18,30,0,0,0,25.6,2.4000000000000004,99.61
2012,12,6,19,30,0,0,0,25.5,2.4000000000000004,112.85000000000001
2012,12,6,20,30,0,0,0,25.3,2.3000000000000003,126.37
2012,12,6,21,30,0,0,0,25.200000000000003,2.3000000000000003,140.05
2012,12,6,22,30,0,0,0,25.1,2.2,153.84
2012,12,6,23,30,0,0,0,25,2.1,167.67000000000002
2012,12,7,0,30,0,0,0,24.900000000000002,2,177.85
2012,12,7,1,30,0,0,0,24.8,1.8,164.39000000000001
2012,12,7,2,30,0,0,0,24.700000000000003,1.8,150.57
2012,12,7,3,30,0,0,0,24.6,1.7000000000000002,136.8
2012,12,7,4,30,0,0,0,24.5,1.6,123.15
2012,12,7,5,30,0,0,0,24.6,1.6,109.7
2012,12,7,6,30,0,0,0,24.700000000000003,1.6,96.54
2012,12,7,7,30,42,0,42,24.900000000000002,1.5,83.7
2012,12,7,8,30,266,609,75,25.200000000000003,1.5,71.77
2012,12,7,9,30,314,88,271,25.400000000000002,1.6,60.910000000000004
2012,12,7,10,30,616,839,99,25.700000000000003,1.8,51.9
2012,12,7,11,30,644,480,310,25.900000000000002,1.9000000000000001,45.86
2012,12,7,12,30,579,275,382,26.1,1.8,44.03
2012,12,7,13,30,583,367,333,26.3,1.5,46.92
2012,12,7,14,30,25,0,25,26.400000000000002,1.5,53.77
2012,12,7,15,30,140,12,134,26.400000000000002,2,63.300000000000004
2012,12,7,16,30,109,15,105,26.3,2.6,74.46000000000001
2012,12,7,17,30,15,0,15,26.1,3,86.51
2012,12,7,18,30,0,0,0,25.900000000000002,3.2,99.55
2012,12,7,19,30,0,0,0,25.700000000000003,3.3000000000000003,112.78
2012,12,7,20,30,0,0,0,25.5,3.4000000000000004,126.29
2012,12,7,21,30,0,0,0,25.3,3.4000000000000004,139.96
2012,12,7,22,30,0,0,0,25.200000000000003,3.3000000000000003,153.74
2012,12,7,23,30,0,0,0,25.1,3.1,167.56
2012,12,8,0,30,0,0,0,25,2.9000000000000004,177.86
2012,12,8,1,30,0,0,0,25,2.8000000000000003,164.49
2012,12,8,2,30,0,0,0,24.900000000000002,2.8000000000000003,150.67000000000002
2012,12,8,3,30,0,0,0,24.8,2.8000000000000003,136.91
2012,12,8,4,30,0,0,0,24.700000000000003,2.8000000000000003,123.27
2012,12,8,5,30,0,0,0,24.700000000000003,2.9000000000000004,109.82000000000001
2012,12,8,6,30,0,0,0,24.700000000000003,3,96.67
2012,12,8,7,30,50,4,50,24.900000000000002,3.5,83.83
2012,12,8,8,30,88,0,88,25.200000000000003,4,71.91
2012,12,8,9,30,188,24,177,25.5,4.4,61.06
2012,12,8,10,30,449,172,344,25.700000000000003,4.7,52.04
2012,12,8,11,30,381,52,346,25.900000000000002,4.800000000000001,45.980000000000004
2012,12,8,12,30,756,933,86,26,4.7,44.13
2012,12,8,13,30,319,14,309,26.1,4.7,46.980000000000004
2012,12,8,14,30,297,30,279,26.200000000000003,4.6000000000000005,53.79
2012,12,8,15,30,261,48,239,26.1,4.800000000000001,63.28
2012,12,8,16,30,90,1,90,26,5.2,74.43
2012,12,8,17,30,37,237,22,25.8,5.800000000000001,86.46000000000001
2012,12,8,18,30,0,0,0,25.6,6.4,99.48
2012,12,8,19,30,0,0,0,25.400000000000002,6.9,112.71000000000001
2012,12,8,20,30,0,0,0,25.3,7.2,126.2
2012,12,8,21,30,0,0,0,25.1,7.4,139.87
2012,12,8,22,30,0,0,0,25.1,7.4,153.64000000000001
2012,12,8,23,30,0,0,0,25,7.4,167.45000000000002
2012,12,9,0,30,0,0,0,25,7.6000000000000005,177.86
2012,12,9,1,30,0,0,0,24.900000000000002,7.800000000000001,164.59
2012,12,9,2,30,0,0,0,24.900000000000002,7.6000000000000005,150.78
2012,12,9,3,30,0,0,0,24.900000000000002,7.300000000000001,137.03
2012,12,9,4,30,0,0,0,24.8,6.9,123.39
2012,12,9,5,30,0,0,0,24.8,6.7,109.95
2012,12,9,6,30,0,0,0,24.8,6.7,96.8
2012,12,9,7,30,70,359,33,25,7,83.96000000000001
2012,12,9,8,30,273,688,61,25.1,7.300000000000001,72.05
2012,12,9,9,30,470,819,75,25.400000000000002,7.4,61.2
2012,12,9,10,30,245,3,243,25.6,7.300000000000001,52.18
2012,12,9,11,30,518,193,384,25.8,7.1000000000000005,46.1
2012,12,9,12,30,275,2,273,26,6.7,44.22
2012,12,9,13,30,391,73,341,26.200000000000003,6.300000000000001,47.03
2012,12,9,14,30,176,0,176,26.200000000000003,6,53.800000000000004
2012,12,9,15,30,95,0,95,26.200000000000003,5.800000000000001,63.26
2012,12,9,16,30,8,0,8,26.1,5.9,74.39
2012,12,9,17,30,35,172,25,25.8,6,86.41
2012,12,9,18,30,0,0,0,25.5,6.1000000000000005,99.42
2012,12,9,19,30,0,0,0,25.3,6.300000000000001,112.63
2012,12,9,20,30,0,0,0,25.1,6.4,126.12
2012,12,9,21,30,0,0,0,25,6.4,139.78
2012,12,9,22,30,0,0,0,24.900000000000002,6.4,153.54
2012,12,9,23,30,0,0,0,24.8,6.300000000000001,167.34
2012,12,10,0,30,0,0,0,24.8,6.4,177.86
2012,12,10,1,30,0,0,0,24.8,6.5,164.69
2012,12,10,2,30,0,0,0,24.8,6.5,150.89000000000001
2012,12,10,3,30,0,0,0,24.8,6.300000000000001,137.14000000000001
2012,12,10,4,30,0,0,0,24.8,6.300000000000001,123.51
2012,12,10,5,30,0,0,0,24.900000000000002,6.7,110.07000000000001
2012,12,10,6,30,0,0,0,25,7.300000000000001,96.93
2012,12,10,7,30,66,302,35,25.200000000000003,8.1,84.09
2012,12,10,8,30,267,650,68,25.400000000000002,8.8,72.19
2012,12,10,9,30,464,792,84,25.6,9.1,61.33
2012,12,10,10,30,622,869,91,25.8,8.9,52.31
2012,12,10,11,30,724,916,90,26,8.5,46.22
2012,12,10,12,30,755,926,92,26.1,8.200000000000001,44.300000000000004
2012,12,10,13,30,712,913,90,26.1,8,47.07
2012,12,10,14,30,602,874,86,26,8,53.800000000000004
2012,12,10,15,30,435,790,79,25.900000000000002,8.200000000000001,63.24
2012,12,10,16,30,161,51,148,25.6,8.3,74.34
2012,12,10,17,30,23,0,23,25.3,8.4,86.35000000000001
2012,12,10,18,30,0,0,0,25.1,8.5,99.34
2012,12,10,19,30,0,0,0,25,8.6,112.55
2012,12,10,20,30,0,0,0,24.900000000000002,8.8,126.03
2012,12,10,21,30,0,0,0,24.900000000000002,9,139.68
2012,12,10,22,30,0,0,0,24.8,8.9,153.44
2012,12,10,23,30,0,0,0,24.8,8.700000000000001,167.23
2012,12,11,0,30,0,0,0,24.700000000000003,8.4,177.86
2012,12,11,1,30,0,0,0,24.6,8.1,164.79
2012,12,11,2,30,0,0,0,24.5,7.800000000000001,151
2012,12,11,3,30,0,0,0,24.400000000000002,7.5,137.26
2012,12,11,4,30,0,0,0,24.3,7.5,123.63000000000001
2012,12,11,5,30,0,0,0,24.3,7.6000000000000005,110.2
2012,12,11,6,30,0,0,0,24.400000000000002,7.800000000000001,97.06
2012,12,11,7,30,47,8,46,24.700000000000003,8.200000000000001,84.22
2012,12,11,8,30,193,82,169,25,8.6,72.32000000000001
2012,12,11,9,30,233,24,222,25.200000000000003,8.8,61.46
2012,12,11,10,30,325,50,295,25.400000000000002,9,52.43
2012,12,11,11,30,557,401,280,25.5,9,46.32
2012,12,11,12,30,639,562,238,25.5,9.1,44.37
2012,12,11,13,30,589,543,220,25.5,9.200000000000001,47.1
2012,12,11,14,30,500,537,183,25.5,9.3,53.800000000000004
2012,12,11,15,30,336,322,191,25.400000000000002,9.5,63.21
2012,12,11,16,30,194,269,121,25.200000000000003,9.600000000000001,74.29
2012,12,11,17,30,22,0,22,25,9.600000000000001,86.29
2012,12,11,18,30,0,0,0,24.8,9.600000000000001,99.27
2012,12,11,19,30,0,0,0,24.8,9.5,112.46000000000001
2012,12,11,20,30,0,0,0,24.700000000000003,9.3,125.93
2012,12,11,21,30,0,0,0,24.6,9.200000000000001,139.58
2012,12,11,22,30,0,0,0,24.5,8.9,153.33
2012,12,11,23,30,0,0,0,24.400000000000002,8.6,167.11
2012,12,12,0,30,0,0,0,24.3,8.3,177.86
2012,12,12,1,30,0,0,0,24.200000000000003,8,164.89000000000001
2012,12,12,2,30,0,0,0,24.1,7.800000000000001,151.11
2012,12,12,3,30,0,0,0,24.1,7.9,137.37
2012,12,12,4,30,0,0,0,24,8.1,123.75
2012,12,12,5,30,0,0,0,23.900000000000002,8.3,110.32000000000001
2012,12,12,6,30,0,0,0,24,8.4,97.18
2012,12,12,7,30,66,347,32,24.3,8.6,84.35000000000001
2012,12,12,8,30,61,0,61,24.6,8.9,72.45
2012,12,12,9,30,122,0,122,24.900000000000002,9.1,61.59
2012,12,12,10,30,349,59,312,25.1,9.200000000000001,52.550000000000004
2012,12,12,11,30,447,101,377,25.3,9.200000000000001,46.42
2012,12,12,12,30,610,349,361,25.3,9.3,44.44
2012,12,12,13,30,432,93,368,25.200000000000003,9.4,47.13
2012,12,12,14,30,603,869,90,25.1,9.5,53.79
2012,12,12,15,30,440,803,78,25,9.700000000000001,63.17
2012,12,12,16,30,237,652,60,24.8,9.600000000000001,74.24
2012,12,12,17,30,40,233,25,24.6,9.5,86.22
2012,12,12,18,30,0,0,0,24.5,9.3,99.19
2012,12,12,19,30,0,0,0,24.400000000000002,9.200000000000001,112.38
2012,12,12,20,30,0,0,0,24.400000000000002,9.1,125.84
2012,12,12,21,30,0,0,0,24.3,9.1,139.48
2012,12,12,22,30,0,0,0,24.3,8.9,153.23
2012,12,12,23,30,0,0,0,24.3,8.700000000000001,167
2012,12,13,0,30,0,0,0,24.200000000000003,8.4,177.85
2012,12,13,1,30,0,0,0,24.1,8.200000000000001,165
2012,12,13,2,30,0,0,0,24,8.1,151.22
2012,12,13,3,30,0,0,0,23.900000000000002,8.200000000000001,137.49
2012,12,13,4,30,0,0,0,23.900000000000002,8.3,123.87
2012,12,13,5,30,0,0,0,23.900000000000002,8.5,110.44
2012,12,13,6,30,0,0,0,24,8.6,97.31
2012,12,13,7,30,45,8,44,24.200000000000003,9,84.47
2012,12,13,8,30,207,232,137,24.5,9.3,72.57000000000001
2012,12,13,9,30,338,252,218,24.6,9.5,61.71
2012,12,13,10,30,501,480,210,24.700000000000003,9.600000000000001,52.67
2012,12,13,11,30,546,247,376,24.900000000000002,9.600000000000001,46.52
2012,12,13,12,30,595,313,372,25,9.5,44.5
2012,12,13,13,30,463,117,383,25.1,9.4,47.15
2012,12,13,14,30,596,843,98,25.200000000000003,9.3,53.78
2012,12,13,15,30,337,313,196,25.1,9.200000000000001,63.13
2012,12,13,16,30,176,152,135,25,9.1,74.18
2012,12,13,17,30,39,179,27,24.8,9.1,86.15
2012,12,13,18,30,0,0,0,24.700000000000003,9.1,99.10000000000001
2012,12,13,19,30,0,0,0,24.6,9,112.28
2012,12,13,20,30,0,0,0,24.6,9,125.74000000000001
2012,12,13,21,30,0,0,0,24.6,8.9,139.38
2012,12,13,22,30,0,0,0,24.5,9,153.12
2012,12,13,23,30,0,0,0,24.400000000000002,9.1,166.88
2012,12,14,0,30,0,0,0,24.200000000000003,9.1,177.85
2012,12,14,1,30,0,0,0,24.200000000000003,9.1,165.1
2012,12,14,2,30,0,0,0,24.1,9,151.34
2012,12,14,3,30,0,0,0,24,9,137.6
2012,12,14,4,30,0,0,0,24,9,123.99000000000001
2012,12,14,5,30,0,0,0,24,9.3,110.56
2012,12,14,6,30,0,0,0,24.1,9.5,97.43
2012,12,14,7,30,21,0,21,24.3,9.600000000000001,84.59
2012,12,14,8,30,205,132,166,24.6,9.700000000000001,72.7
2012,12,14,9,30,258,34,243,24.900000000000002,9.600000000000001,61.83
2012,12,14,10,30,434,137,350,25.1,9.4,52.77
2012,12,14,11,30,168,0,168,25.3,9.200000000000001,46.61
2012,12,14,12,30,478,111,399,25.3,8.9,44.550000000000004
2012,12,14,13,30,466,116,387,25.3,8.700000000000001,47.160000000000004
2012,12,14,14,30,395,98,337,25.3,8.6,53.75
2012,12,14,15,30,443,802,80,25.200000000000003,8.6,63.08
2012,12,14,16,30,103,2,102,25,8.700000000000001,74.11
2012,12,14,17,30,42,226,26,24.700000000000003,8.700000000000001,86.07000000000001
2012,12,14,18,30,0,0,0,24.5,8.8,99.02
2012,12,14,19,30,0,0,0,24.400000000000002,8.9,112.19
2012,12,14,20,30,0,0,0,24.3,8.700000000000001,125.64
2012,12,14,21,30,0,0,0,24.200000000000003,8.5,139.27
2012,12,14,22,30,0,0,0,24.200000000000003,8.200000000000001,153.01
2012,12,14,23,30,0,0,0,24.1,8,166.77
2012,12,15,0,30,0,0,0,24.1,7.9,177.85
2012,12,15,1,30,0,0,0,24,7.9,165.21
2012,12,15,2,30,0,0,0,24,7.800000000000001,151.45000000000002
2012,12,15,3,30,0,0,0,23.900000000000002,7.800000000000001,137.72
2012,12,15,4,30,0,0,0,23.8,7.800000000000001,124.11
2012,12,15,5,30,0,0,0,23.8,7.800000000000001,110.68
2012,12,15,6,30,0,0,0,23.900000000000002,7.9,97.55
2012,12,15,7,30,62,351,29,24.1,8.1,84.71000000000001
2012,12,15,8,30,71,0,71,24.400000000000002,8.200000000000001,72.82000000000001
2012,12,15,9,30,309,89,267,24.700000000000003,8.1,61.95
2012,12,15,10,30,625,893,86,24.900000000000002,8,52.88
2012,12,15,11,30,479,131,390,25.1,7.800000000000001,46.69
2012,12,15,12,30,755,928,94,25.200000000000003,7.800000000000001,44.6
2012,12,15,13,30,715,915,93,25.400000000000002,7.800000000000001,47.17
2012,12,15,14,30,607,877,89,25.400000000000002,7.9,53.72
2012,12,15,15,30,444,804,79,25.400000000000002,8,63.03
2012,12,15,16,30,240,647,62,25.200000000000003,8.200000000000001,74.04
2012,12,15,17,30,43,240,26,24.900000000000002,8.3,85.99
2012,12,15,18,30,0,0,0,24.6,8.4,98.93
2012,12,15,19,30,0,0,0,24.400000000000002,8.5,112.09
2012,12,15,20,30,0,0,0,24.200000000000003,8.4,125.54
2012,12,15,21,30,0,0,0,24,8.3,139.17000000000002
2012,12,15,22,30,0,0,0,24,8.3,152.9
2012,12,15,23,30,0,0,0,24,8.3,166.65
2012,12,16,0,30,0,0,0,24,8.3,177.85
2012,12,16,1,30,0,0,0,23.900000000000002,8.200000000000001,165.32
2012,12,16,2,30,0,0,0,23.900000000000002,8.1,151.56
2012,12,16,3,30,0,0,0,23.900000000000002,8,137.84
2012,12,16,4,30,0,0,0,23.900000000000002,8.1,124.22
2012,12,16,5,30,0,0,0,23.900000000000002,8.200000000000001,110.8
2012,12,16,6,30,0,0,0,24,8.4,97.67
2012,12,16,7,30,59,297,32,24.200000000000003,8.6,84.83
2012,12,16,8,30,62,0,62,24.5,8.8,72.93
2012,12,16,9,30,292,61,264,24.8,8.8,62.06
2012,12,16,10,30,455,181,346,25.1,8.8,52.97
2012,12,16,11,30,514,172,396,25.3,8.700000000000001,46.76
2012,12,16,12,30,748,905,105,25.400000000000002,8.5,44.64
2012,12,16,13,30,708,892,102,25.3,8.4,47.17
2012,12,16,14,30,606,877,87,25.3,8.5,53.69
2012,12,16,15,30,441,797,78,25.200000000000003,8.6,62.97
2012,12,16,16,30,238,639,62,25,8.8,73.97
2012,12,16,17,30,43,234,26,24.700000000000003,9,85.91
2012,12,16,18,30,0,0,0,24.5,9.1,98.83
2012,12,16,19,30,0,0,0,24.3,9.3,111.99000000000001
2012,12,16,20,30,0,0,0,24.200000000000003,9.4,125.44
2012,12,16,21,30,0,0,0,24,9.4,139.06
2012,12,16,22,30,0,0,0,23.900000000000002,9.5,152.79
2012,12,16,23,30,0,0,0,23.8,9.4,166.54
2012,12,17,0,30,0,0,0,23.8,9.200000000000001,177.84
2012,12,17,1,30,0,0,0,23.900000000000002,9,165.43
2012,12,17,2,30,0,0,0,23.900000000000002,8.9,151.67000000000002
2012,12,17,3,30,0,0,0,23.900000000000002,8.9,137.95000000000002
2012,12,17,4,30,0,0,0,23.8,9,124.34
2012,12,17,5,30,0,0,0,23.8,9.200000000000001,110.92
2012,12,17,6,30,0,0,0,23.900000000000002,9.4,97.79
2012,12,17,7,30,51,186,35,24,9.8,84.94
2012,12,17,8,30,91,0,91,24.200000000000003,10.100000000000001,73.04
2012,12,17,9,30,38,0,38,24.400000000000002,10.3,62.160000000000004
2012,12,17,10,30,219,1,218,24.5,10.200000000000001,53.06
2012,12,17,11,30,262,2,261,24.6,9.9,46.82
2012,12,17,12,30,283,2,281,24.700000000000003,9.8,44.67
2012,12,17,13,30,194,0,194,24.8,9.8,47.160000000000004
2012,12,17,14,30,183,1,183,24.8,10,53.65
2012,12,17,15,30,95,0,95,24.8,10.200000000000001,62.910000000000004
2012,12,17,16,30,230,575,70,24.700000000000003,10.3,73.89
2012,12,17,17,30,42,192,28,24.400000000000002,10.3,85.82000000000001
2012,12,17,18,30,0,0,0,24.3,10.3,98.74000000000001
2012,12,17,19,30,0,0,0,24.200000000000003,10.4,111.89
2012,12,17,20,30,0,0,0,24.1,10.3,125.33
2012,12,17,21,30,0,0,0,24,10,138.95000000000002
2012,12,17,22,30,0,0,0,24,9.600000000000001,152.68
2012,12,17,23,30,0,0,0,24,9.1,166.42000000000002
2012,12,18,0,30,0,0,0,24,8.700000000000001,177.84
2012,12,18,1,30,0,0,0,24,8.4,165.54
2012,12,18,2,30,0,0,0,24,8,151.79
2012,12,18,3,30,0,0,0,24,7.7,138.07
2012,12,18,4,30,0,0,0,24.1,7.5,124.46000000000001
2012,12,18,5,30,0,0,0,24.1,7.7,111.04
2012,12,18,6,30,0,0,0,24.200000000000003,7.9,97.9
2012,12,18,7,30,52,219,33,24.3,8.4,85.05
2012,12,18,8,30,249,614,71,24.6,8.700000000000001,73.15
2012,12,18,9,30,452,791,84,24.900000000000002,8.9,62.26
2012,12,18,10,30,614,874,90,25,9,53.15
2012,12,18,11,30,713,894,102,25.200000000000003,8.9,46.88
2012,12,18,12,30,747,907,102,25.3,8.700000000000001,44.69
2012,12,18,13,30,710,896,100,25.3,8.700000000000001,47.14
2012,12,18,14,30,607,873,89,25.3,8.700000000000001,53.6
2012,12,18,15,30,443,795,81,25.3,8.9,62.84
2012,12,18,16,30,241,634,64,25,9,73.8
2012,12,18,17,30,45,232,28,24.8,9,85.73
2012,12,18,18,30,0,0,0,24.6,9,98.64
2012,12,18,19,30,0,0,0,24.5,8.9,111.79
2012,12,18,20,30,0,0,0,24.400000000000002,8.8,125.22
2012,12,18,21,30,0,0,0,24.3,8.5,138.84
2012,12,18,22,30,0,0,0,24.3,8.1,152.56
2012,12,18,23,30,0,0,0,24.200000000000003,7.7,166.31
2012,12,19,0,30,0,0,0,24.200000000000003,7.4,177.84
2012,12,19,1,30,0,0,0,24.200000000000003,7.2,165.65
2012,12,19,2,30,0,0,0,24.200000000000003,7.1000000000000005,151.9
2012,12,19,3,30,0,0,0,24.200000000000003,7,138.18
2012,12,19,4,30,0,0,0,24.1,7.2,124.57000000000001
2012,12,19,5,30,0,0,0,24.1,7.4,111.15
2012,12,19,6,30,0,0,0,24.1,7.800000000000001,98.02
2012,12,19,7,30,51,223,32,24.3,8.200000000000001,85.16
2012,12,19,8,30,151,17,146,24.6,8.5,73.26
2012,12,19,9,30,238,26,226,24.8,8.8,62.36
2012,12,19,10,30,472,254,320,25,9,53.230000000000004
2012,12,19,11,30,460,118,379,25.1,9,46.93
2012,12,19,12,30,205,0,205,25.1,9.1,44.7
2012,12,19,13,30,446,103,375,25.1,9,47.12
2012,12,19,14,30,283,19,272,25,9,53.550000000000004
2012,12,19,15,30,54,0,54,24.900000000000002,9.1,62.77
2012,12,19,16,30,8,0,8,24.700000000000003,9.200000000000001,73.72
2012,12,19,17,30,44,184,30,24.5,9.3,85.64
2012,12,19,18,30,0,0,0,24.3,9.4,98.53
2012,12,19,19,30,0,0,0,24.3,9.4,111.68
2012,12,19,20,30,0,0,0,24.200000000000003,9.3,125.11
2012,12,19,21,30,0,0,0,24.200000000000003,9.200000000000001,138.73
2012,12,19,22,30,0,0,0,24.1,9,152.45000000000002
2012,12,19,23,30,0,0,0,24.1,9,166.19
2012,12,20,0,30,0,0,0,24,9,177.85
2012,12,20,1,30,0,0,0,23.900000000000002,9,165.76
2012,12,20,2,30,0,0,0,23.8,8.9,152.02
2012,12,20,3,30,0,0,0,23.700000000000003,8.700000000000001,138.3
2012,12,20,4,30,0,0,0,23.6,8.6,124.69
2012,12,20,5,30,0,0,0,23.6,8.6,111.26
2012,12,20,6,30,0,0,0,23.6,8.8,98.13
2012,12,20,7,30,33,0,33,23.8,9.1,85.26
2012,12,20,8,30,130,5,129,24,9.4,73.36
2012,12,20,9,30,192,6,190,24.200000000000003,9.600000000000001,62.45
2012,12,20,10,30,300,26,285,24.400000000000002,9.8,53.300000000000004
2012,12,20,11,30,197,0,196,24.5,10,46.980000000000004
2012,12,20,12,30,185,0,184,24.5,10,44.71
2012,12,20,13,30,229,1,228,24.5,10,47.09
2012,12,20,14,30,373,143,288,24.5,9.9,53.49
2012,12,20,15,30,266,42,247,24.400000000000002,9.8,62.690000000000005
2012,12,20,16,30,14,0,14,24.200000000000003,9.700000000000001,73.62
2012,12,20,17,30,28,0,28,24.1,9.5,85.54
2012,12,20,18,30,0,0,0,24,9.4,98.43
2012,12,20,19,30,0,0,0,24,9.3,111.57000000000001
2012,12,20,20,30,0,0,0,23.900000000000002,9.1,125
2012,12,20,21,30,0,0,0,23.900000000000002,8.9,138.61
2012,12,20,22,30,0,0,0,23.8,8.6,152.34
2012,12,20,23,30,0,0,0,23.8,8.200000000000001,166.08
2012,12,21,0,30,0,0,0,23.700000000000003,7.800000000000001,177.85
2012,12,21,1,30,0,0,0,23.700000000000003,7.5,165.87
2012,12,21,2,30,0,0,0,23.6,7.4,152.13
2012,12,21,3,30,0,0,0,23.6,7.300000000000001,138.41
2012,12,21,4,30,0,0,0,23.5,7.300000000000001,124.8
2012,12,21,5,30,0,0,0,23.6,7.5,111.37
2012,12,21,6,30,0,0,0,23.700000000000003,7.7,98.24000000000001
2012,12,21,7,30,38,8,37,24,8.1,85.36
2012,12,21,8,30,77,0,77,24.3,8.4,73.45
2012,12,21,9,30,334,161,260,24.5,8.6,62.53
2012,12,21,10,30,408,109,343,24.700000000000003,8.5,53.370000000000005
2012,12,21,11,30,594,373,340,24.900000000000002,8.4,47.02
2012,12,21,12,30,588,283,387,25,8.3,44.71
2012,12,21,13,30,719,915,95,25,8.200000000000001,47.050000000000004
2012,12,21,14,30,615,882,89,24.900000000000002,8.4,53.42
2012,12,21,15,30,453,815,78,24.700000000000003,8.5,62.6
2012,12,21,16,30,251,668,61,24.5,8.700000000000001,73.53
2012,12,21,17,30,51,288,28,24.3,8.700000000000001,85.44
2012,12,21,18,30,0,0,0,24.200000000000003,8.8,98.32000000000001
2012,12,21,19,30,0,0,0,24.1,8.700000000000001,111.46000000000001
2012,12,21,20,30,0,0,0,24,8.4,124.89
2012,12,21,21,30,0,0,0,24,8,138.5
2012,12,21,22,30,0,0,0,23.900000000000002,7.6000000000000005,152.22
2012,12,21,23,30,0,0,0,23.8,7.4,165.96
2012,12,22,0,30,0,0,0,23.700000000000003,7.1000000000000005,177.86
2012,12,22,1,30,0,0,0,23.5,6.9,165.99
2012,12,22,2,30,0,0,0,23.400000000000002,6.7,152.24
2012,12,22,3,30,0,0,0,23.3,6.6000000000000005,138.52
2012,12,22,4,30,0,0,0,23.200000000000003,6.5,124.91
2012,12,22,5,30,0,0,0,23.200000000000003,6.300000000000001,111.48
2012,12,22,6,30,0,0,0,23.3,6.2,98.34
2012,12,22,7,30,53,338,26,23.700000000000003,6.2,85.46000000000001
2012,12,22,8,30,256,709,55,24.1,6.1000000000000005,73.54
2012,12,22,9,30,330,153,259,24.400000000000002,5.800000000000001,62.61
2012,12,22,10,30,467,230,329,24.700000000000003,5.5,53.43
2012,12,22,11,30,727,945,83,24.900000000000002,5,47.050000000000004
2012,12,22,12,30,765,955,86,25.200000000000003,4.6000000000000005,44.7
2012,12,22,13,30,729,944,85,25.3,4.3,47
2012,12,22,14,30,625,911,81,25.5,4.2,53.35
2012,12,22,15,30,462,842,73,25.5,4.2,62.51
2012,12,22,16,30,257,696,58,25.400000000000002,4.1000000000000005,73.43
2012,12,22,17,30,54,319,28,25.1,4,85.34
2012,12,22,18,30,0,0,0,24.8,4.2,98.21000000000001
2012,12,22,19,30,0,0,0,24.6,4.5,111.35000000000001
2012,12,22,20,30,0,0,0,24.3,4.5,124.77
2012,12,22,21,30,0,0,0,24.1,4.5,138.39000000000001
2012,12,22,22,30,0,0,0,24,4.4,152.11
2012,12,22,23,30,0,0,0,23.8,4.2,165.85
2012,12,23,0,30,0,0,0,23.700000000000003,4,177.87
2012,12,23,1,30,0,0,0,23.700000000000003,3.7,166.1
2012,12,23,2,30,0,0,0,23.6,3.5,152.36
2012,12,23,3,30,0,0,0,23.5,3.3000000000000003,138.63
2012,12,23,4,30,0,0,0,23.5,3.3000000000000003,125.02
2012,12,23,5,30,0,0,0,23.400000000000002,3.3000000000000003,111.59
2012,12,23,6,30,0,0,0,23.400000000000002,3.3000000000000003,98.44
2012,12,23,7,30,50,304,27,23.700000000000003,3.3000000000000003,85.55
2012,12,23,8,30,144,14,140,23.900000000000002,3.1,73.63
2012,12,23,9,30,453,832,71,24,2.6,62.690000000000005
2012,12,23,10,30,616,906,77,24.200000000000003,2.1,53.480000000000004
2012,12,23,11,30,500,162,390,24.6,1.8,47.07
2012,12,23,12,30,632,407,342,24.8,1.6,44.69
2012,12,23,13,30,726,942,83,25.1,1.4000000000000001,46.95
2012,12,23,14,30,398,97,340,25.3,1.4000000000000001,53.27
2012,12,23,15,30,331,149,262,25.5,1.6,62.42
2012,12,23,16,30,258,695,58,25.5,1.8,73.32000000000001
2012,12,23,17,30,55,335,28,25.200000000000003,2,85.23
2012,12,23,18,30,0,0,0,24.900000000000002,2.4000000000000004,98.10000000000001
2012,12,23,19,30,0,0,0,24.700000000000003,2.8000000000000003,111.24000000000001
2012,12,23,20,30,0,0,0,24.5,3,124.66
2012,12,23,21,30,0,0,0,24.400000000000002,2.9000000000000004,138.27
2012,12,23,22,30,0,0,0,24.200000000000003,2.7,151.99
2012,12,23,23,30,0,0,0,24.1,2.4000000000000004,165.74
2012,12,24,0,30,0,0,0,24,2.1,177.88
2012,12,24,1,30,0,0,0,23.900000000000002,2.1,166.22
2012,12,24,2,30,0,0,0,23.8,2.2,152.47
2012,12,24,3,30,0,0,0,23.700000000000003,2.3000000000000003,138.75
2012,12,24,4,30,0,0,0,23.700000000000003,2.4000000000000004,125.13000000000001
2012,12,24,5,30,0,0,0,23.6,2.6,111.7
2012,12,24,6,30,0,0,0,23.700000000000003,2.8000000000000003,98.54
2012,12,24,7,30,28,2,28,23.8,3.2,85.65
2012,12,24,8,30,98,11,95,24.1,3.5,73.72
2012,12,24,9,30,106,2,105,24.200000000000003,3.7,62.76
2012,12,24,10,30,347,126,272,24.400000000000002,3.7,53.53
2012,12,24,11,30,437,148,336,24.6,3.3000000000000003,47.09
2012,12,24,12,30,441,94,373,24.8,2.8000000000000003,44.67
2012,12,24,13,30,467,208,325,25,2.6,46.89
2012,12,24,14,30,150,3,148,25.1,2.5,53.18
2012,12,24,15,30,159,12,154,25.200000000000003,2.6,62.31
2012,12,24,16,30,112,14,108,25.1,2.8000000000000003,73.22
2012,12,24,17,30,30,2,30,25,3,85.12
2012,12,24,18,30,0,0,0,24.8,3.1,97.98
2012,12,24,19,30,0,0,0,24.8,3.1,111.12
2012,12,24,20,30,0,0,0,24.700000000000003,3.2,124.54
2012,12,24,21,30,0,0,0,24.700000000000003,3.5,138.15
2012,12,24,22,30,0,0,0,24.6,3.8000000000000003,151.88
2012,12,24,23,30,0,0,0,24.5,3.9000000000000004,165.63
2012,12,25,0,30,0,0,0,24.5,4,177.89000000000001
2012,12,25,1,30,0,0,0,24.400000000000002,4.1000000000000005,166.33
2012,12,25,2,30,0,0,0,24.400000000000002,4.2,152.58
2012,12,25,3,30,0,0,0,24.3,4.2,138.86
2012,12,25,4,30,0,0,0,24.3,4.3,125.23
2012,12,25,5,30,0,0,0,24.400000000000002,4.4,111.8
2012,12,25,6,30,0,0,0,24.5,4.4,98.64
2012,12,25,7,30,16,0,16,24.700000000000003,4.3,85.73
2012,12,25,8,30,92,1,91,24.900000000000002,4.3,73.8
2012,12,25,9,30,96,0,96,25.1,4,62.82
2012,12,25,10,30,79,0,79,25.200000000000003,3.8000000000000003,53.57
2012,12,25,11,30,121,0,121,25.3,3.7,47.1
2012,12,25,12,30,51,0,51,25.3,3.7,44.64
2012,12,25,13,30,94,0,93,25.200000000000003,3.6,46.83
2012,12,25,14,30,370,161,273,25.1,3.6,53.09
2012,12,25,15,30,218,21,208,25.1,4.1000000000000005,62.21
2012,12,25,16,30,130,7,128,25,4.7,73.10000000000001
2012,12,25,17,30,27,0,27,24.900000000000002,5,85.01
2012,12,25,18,30,0,0,0,24.8,5.1000000000000005,97.86
2012,12,25,19,30,0,0,0,24.700000000000003,5.1000000000000005,111
2012,12,25,20,30,0,0,0,24.6,4.9,124.43
2012,12,25,21,30,0,0,0,24.5,4.7,138.04
2012,12,25,22,30,0,0,0,24.400000000000002,4.4,151.76
2012,12,25,23,30,0,0,0,24.3,4.3,165.52
2012,12,26,0,30,0,0,0,24.200000000000003,4.4,177.9
2012,12,26,1,30,0,0,0,24.1,4.7,166.45000000000002
2012,12,26,2,30,0,0,0,24,5,152.70000000000002
2012,12,26,3,30,0,0,0,24,5.4,138.96
2012,12,26,4,30,0,0,0,24,5.7,125.34
2012,12,26,5,30,0,0,0,24.1,6,111.9
2012,12,26,6,30,0,0,0,24.200000000000003,6.300000000000001,98.74000000000001
2012,12,26,7,30,45,270,26,24.400000000000002,6.9,85.82000000000001
2012,12,26,8,30,241,652,59,24.700000000000003,7.300000000000001,73.87
2012,12,26,9,30,441,798,77,24.900000000000002,7.4,62.88
2012,12,26,10,30,601,864,88,25.1,7.2,53.61
2012,12,26,11,30,708,908,90,25.3,6.6000000000000005,47.1
2012,12,26,12,30,546,212,395,25.5,6,44.6
2012,12,26,13,30,713,906,92,25.700000000000003,5.5,46.75
2012,12,26,14,30,423,138,340,25.8,5.2,53
2012,12,26,15,30,257,37,240,25.900000000000002,5.1000000000000005,62.1
2012,12,26,16,30,256,667,61,25.700000000000003,5.2,72.99
2012,12,26,17,30,57,308,30,25.3,5.2,84.89
2012,12,26,18,30,0,0,0,25,5.4,97.74000000000001
2012,12,26,19,30,0,0,0,24.8,5.7,110.88
2012,12,26,20,30,0,0,0,24.6,5.800000000000001,124.31
2012,12,26,21,30,0,0,0,24.400000000000002,5.800000000000001,137.92000000000002
2012,12,26,22,30,0,0,0,24.3,5.7,151.65
2012,12,26,23,30,0,0,0,24.200000000000003,5.7,165.41
2012,12,27,0,30,0,0,0,24.1,6,177.91
2012,12,27,1,30,0,0,0,24,6.2,166.56
2012,12,27,2,30,0,0,0,24,6.300000000000001,152.81
2012,12,27,3,30,0,0,0,23.900000000000002,6.4,139.07
2012,12,27,4,30,0,0,0,23.900000000000002,6.4,125.44
2012,12,27,5,30,0,0,0,23.900000000000002,6.300000000000001,112
2012,12,27,6,30,0,0,0,23.900000000000002,6.300000000000001,98.83
2012,12,27,7,30,45,289,25,24.200000000000003,6.300000000000001,85.9
2012,12,27,8,30,243,672,57,24.5,6.300000000000001,73.94
2012,12,27,9,30,445,818,73,24.700000000000003,6,62.93
2012,12,27,10,30,609,888,82,25,5.800000000000001,53.64
2012,12,27,11,30,713,919,87,25.200000000000003,5.5,47.09
2012,12,27,12,30,753,933,88,25.400000000000002,5.2,44.550000000000004
2012,12,27,13,30,721,925,86,25.5,4.9,46.67
2012,12,27,14,30,621,896,80,25.700000000000003,4.6000000000000005,52.89
2012,12,27,15,30,462,830,72,25.8,4.4,61.980000000000004
2012,12,27,16,30,262,696,57,25.700000000000003,4.1000000000000005,72.87
2012,12,27,17,30,60,346,29,25.400000000000002,3.8000000000000003,84.77
2012,12,27,18,30,0,0,0,25,3.6,97.62
2012,12,27,19,30,0,0,0,24.8,3.4000000000000004,110.76
2012,12,27,20,30,0,0,0,24.6,3.3000000000000003,124.19
2012,12,27,21,30,0,0,0,24.400000000000002,3.1,137.8
2012,12,27,22,30,0,0,0,24.200000000000003,2.9000000000000004,151.54
2012,12,27,23,30,0,0,0,24.1,2.7,165.3
2012,12,28,0,30,0,0,0,23.900000000000002,2.5,177.92000000000002
2012,12,28,1,30,0,0,0,23.8,2.5,166.68
2012,12,28,2,30,0,0,0,23.700000000000003,2.3000000000000003,152.92000000000002
2012,12,28,3,30,0,0,0,23.6,2.2,139.18
2012,12,28,4,30,0,0,0,23.6,2.1,125.54
2012,12,28,5,30,0,0,0,23.6,2,112.09
2012,12,28,6,30,0,0,0,23.700000000000003,1.9000000000000001,98.91
2012,12,28,7,30,44,291,24,23.900000000000002,1.7000000000000002,85.97
2012,12,28,8,30,240,673,54,24.1,1.4000000000000001,74.01
2012,12,28,9,30,441,822,68,24.3,1.1,62.980000000000004
2012,12,28,10,30,604,893,75,24.6,1,53.660000000000004
2012,12,28,11,30,705,895,95,24.8,1.1,47.08
2012,12,28,12,30,744,909,96,25.1,1.4000000000000001,44.5
2012,12,28,13,30,715,905,93,25.200000000000003,1.5,46.58
2012,12,28,14,30,614,863,92,25.3,1.6,52.78
2012,12,28,15,30,458,800,80,25.3,1.6,61.870000000000005
2012,12,28,16,30,260,661,64,25.200000000000003,1.5,72.74
2012,12,28,17,30,60,303,32,25,1.4000000000000001,84.65
2012,12,28,18,30,0,0,0,24.700000000000003,1.4000000000000001,97.5
2012,12,28,19,30,0,0,0,24.5,1.4000000000000001,110.64
2012,12,28,20,30,0,0,0,24.3,1.4000000000000001,124.07000000000001
2012,12,28,21,30,0,0,0,24.200000000000003,1.4000000000000001,137.69
2012,12,28,22,30,0,0,0,24,1.4000000000000001,151.42000000000002
2012,12,28,23,30,0,0,0,23.900000000000002,1.5,165.20000000000002
2012,12,29,0,30,0,0,0,23.8,1.6,177.94
2012,12,29,1,30,0,0,0,23.700000000000003,1.8,166.8
2012,12,29,2,30,0,0,0,23.5,2.1,153.03
2012,12,29,3,30,0,0,0,23.400000000000002,2.4000000000000004,139.28
2012,12,29,4,30,0,0,0,23.400000000000002,2.5,125.64
2012,12,29,5,30,0,0,0,23.400000000000002,2.6,112.18
2012,12,29,6,30,0,0,0,23.400000000000002,2.5,99
2012,12,29,7,30,43,285,24,23.700000000000003,2.5,86.04
2012,12,29,8,30,240,680,54,24,2.4000000000000004,74.07000000000001
2012,12,29,9,30,443,830,66,24.3,2.4000000000000004,63.03
2012,12,29,10,30,606,901,73,24.700000000000003,2.4000000000000004,53.67
2012,12,29,11,30,710,912,88,25,2.5,47.06
2012,12,29,12,30,750,927,88,25.200000000000003,2.6,44.44
2012,12,29,13,30,720,921,85,25.400000000000002,2.8000000000000003,46.49
2012,12,29,14,30,623,896,79,25.6,3,52.67
2012,12,29,15,30,465,835,70,25.6,3.4000000000000004,61.74
2012,12,29,16,30,267,710,55,25.400000000000002,3.7,72.62
2012,12,29,17,30,65,389,28,25,4,84.53
2012,12,29,18,30,0,0,0,24.700000000000003,4.3,97.37
2012,12,29,19,30,0,0,0,24.400000000000002,4.6000000000000005,110.51
2012,12,29,20,30,0,0,0,24.200000000000003,4.7,123.95
2012,12,29,21,30,0,0,0,24.1,4.7,137.57
2012,12,29,22,30,0,0,0,24,4.5,151.31
2012,12,29,23,30,0,0,0,23.900000000000002,4.3,165.09
2012,12,30,0,30,0,0,0,23.8,4.1000000000000005,177.95000000000002
2012,12,30,1,30,0,0,0,23.8,4,166.91
2012,12,30,2,30,0,0,0,23.700000000000003,3.9000000000000004,153.14000000000001
2012,12,30,3,30,0,0,0,23.700000000000003,3.8000000000000003,139.38
2012,12,30,4,30,0,0,0,23.700000000000003,3.8000000000000003,125.74000000000001
2012,12,30,5,30,0,0,0,23.6,3.8000000000000003,112.27
2012,12,30,6,30,0,0,0,23.6,3.7,99.08
2012,12,30,7,30,43,304,22,23.8,3.7,86.11
2012,12,30,8,30,147,23,140,24.1,3.6,74.12
2012,12,30,9,30,94,0,94,24.200000000000003,3.1,63.06
2012,12,30,10,30,366,79,319,24.3,2.7,53.68
2012,12,30,11,30,707,897,96,24.6,2.2,47.04
2012,12,30,12,30,749,915,95,24.900000000000002,1.9000000000000001,44.37
2012,12,30,13,30,719,911,91,25.200000000000003,1.5,46.39
2012,12,30,14,30,619,872,89,25.400000000000002,1.2000000000000002,52.550000000000004
2012,12,30,15,30,461,804,79,25.5,1,61.61
2012,12,30,16,30,264,666,63,25.5,1.1,72.49
2012,12,30,17,30,63,319,32,25.400000000000002,1.2000000000000002,84.4
2012,12,30,18,30,0,0,0,25.1,1.3,97.24000000000001
2012,12,30,19,30,0,0,0,24.900000000000002,1.3,110.39
2012,12,30,20,30,0,0,0,24.700000000000003,1.3,123.83
2012,12,30,21,30,0,0,0,24.6,1.3,137.45000000000002
2012,12,30,22,30,0,0,0,24.400000000000002,1.4000000000000001,151.20000000000002
2012,12,30,23,30,0,0,0,24.3,1.5,164.99
2012,12,31,0,30,0,0,0,24.200000000000003,1.6,177.96
2012,12,31,1,30,0,0,0,24.200000000000003,1.6,167.03
2012,12,31,2,30,0,0,0,24.1,1.6,153.24
2012,12,31,3,30,0,0,0,24.1,1.6,139.48
2012,12,31,4,30,0,0,0,24.1,1.6,125.83
2012,12,31,5,30,0,0,0,24.1,1.6,112.36
2012,12,31,6,30,0,0,0,24.1,1.5,99.16
2012,12,31,7,30,40,236,24,24.3,1.5,86.18
2012,12,31,8,30,233,639,59,24.5,1.5,74.18
2012,12,31,9,30,434,792,76,24.8,1.5,63.09
2012,12,31,10,30,492,349,285,25.1,1.7000000000000002,53.69
2012,12,31,11,30,563,317,347,25.3,1.9000000000000001,47
2012,12,31,12,30,350,21,335,25.5,1.9000000000000001,44.300000000000004
2012,12,31,13,30,378,50,343,25.6,1.9000000000000001,46.28
2012,12,31,14,30,628,899,81,24.5,4.5,52.52
2012,12,31,15,30,469,836,71,24.400000000000002,4.800000000000001,61.58
2012,12,31,16,30,271,711,56,24.3,5.1000000000000005,72.45
2012,12,31,17,30,67,387,29,24,5.300000000000001,84.37
2012,12,31,18,30,0,0,0,23.700000000000003,5.4,97.21000000000001
2012,12,31,19,30,0,0,0,23.5,5.300000000000001,110.36
2012,12,31,20,30,0,0,0,23.400000000000002,5.1000000000000005,123.8
2012,12,31,21,30,0,0,0,23.3,4.7,137.42000000000002
2012,12,31,22,30,0,0,0,23.200000000000003,4.4,151.17000000000002
2012,12,31,23,30,0,0,0,23.1,4.1000000000000005,164.96
