month,day,hour,poa_wm2,dn_wm2,df_wm2,dc_w,ac_w,tamb_c,tcell_c,wspd_ms,albedo
1,1,0,0.0,0.0,0.0,0.0,0.0,23.0,23.0,2.1,0.14
1,1,1,0.0,0.0,0.0,0.0,0.0,23.0,23.0,2.1,0.14
1,1,2,0.0,0.0,0.0,0.0,0.0,23.0,23.0,2.3,0.14
1,1,3,0.0,0.0,0.0,0.0,0.0,23.0,23.0,2.5,0.14
1,1,4,0.0,0.0,0.0,0.0,0.0,23.0,23.0,2.7,0.14
1,1,5,0.0,0.0,0.0,0.0,0.0,23.0,23.0,3.0,0.14
1,1,6,0.0,0.0,0.0,0.0,0.0,23.0,23.0,3.2,0.14
1,1,7,37.56,255.0,22.0,15024.812,10528.861,24.0,24.475,3.5,0.14
1,1,8,181.818,315.0,96.0,163622.115,153860.77,24.0,27.287,3.6,0.14
1,1,9,311.244,268.0,190.0,298921.961,284366.405,24.0,29.807,3.5,0.14
1,1,10,449.095,321.0,259.0,429588.802,410403.2,24.0,32.645,3.3,0.14
1,1,11,712.19,918.0,86.0,676955.513,649004.725,24.0,37.972,3.2,0.14
1,1,12,753.612,931.0,87.0,708265.361,679205.141,25.0,40.274,3.0,0.14
1,1,13,724.305,923.0,86.0,683387.019,655208.337,25.0,39.686,3.0,0.14
1,1,14,456.291,297.0,275.0,433384.387,414064.293,25.0,33.921,3.2,0.14
1,1,15,269.42,118.0,213.0,256732.762,243672.136,25.0,30.023,3.5,0.14
1,1,16,131.763,42.0,119.0,123109.772,114783.941,25.0,27.415,3.6,0.14
1,1,17,25.0,0.0,25.0,20103.025,15427.132,25.0,25.448,3.6,0.14
1,1,18,0.0,0.0,0.0,0.0,0.0,25.0,25.0,3.6,0.14
1,1,19,0.0,0.0,0.0,0.0,0.0,24.0,24.0,3.8,0.14
1,1,20,0.0,0.0,0.0,0.0,0.0,24.0,24.0,3.9,0.14
1,1,21,0.0,0.0,0.0,0.0,0.0,24.0,24.0,4.1,0.14
1,1,22,0.0,0.0,0.0,0.0,0.0,24.0,24.0,4.3,0.14
1,1,23,0.0,0.0,0.0,0.0,0.0,24.0,24.0,4.5,0.14
1,2,0,0.0,0.0,0.0,0.0,0.0,24.0,24.0,4.9,0.14
1,2,1,0.0,0.0,0.0,0.0,0.0,24.0,24.0,5.1,0.14
1,2,2,0.0,0.0,0.0,0.0,0.0,24.0,24.0,5.3,0.14
1,2,3,0.0,0.0,0.0,0.0,0.0,24.0,24.0,5.4,0.14
1,2,4,0.0,0.0,0.0,0.0,0.0,24.0,24.0,5.3,0.14
1,2,5,0.0,0.0,0.0,0.0,0.0,24.0,24.0,5.1,0.14
1,2,6,0.0,0.0,0.0,0.0,0.0,24.0,24.0,5.1,0.14
1,2,7,12.0,0.0,12.0,6413.313,2222.501,24.0,24.146,5.4,0.14
1,2,8,80.0,0.0,80.0,74482.989,67880.198,24.0,25.087,5.9,0.14
1,2,9,252.338,118.0,199.0,242545.334,229987.426,24.0,27.351,6.1,0.14
1,2,10,394.676,197.0,278.0,380049.422,362619.197,24.0,29.124,6.3,0.14
1,2,11,552.906,369.0,301.0,529007.857,506299.443,25.0,32.026,6.5,0.14
1,2,12,285.341,20.0,271.0,268338.43,254866.57,25.0,28.497,6.8,0.14
1,2,13,711.229,856.0,118.0,686136.117,657860.024,25.0,33.614,7.0,0.14
1,2,14,343.164,95.0,285.0,327392.825,311828.433,25.0,29.094,7.1,0.14
1,2,15,463.129,779.0,89.0,453411.443,433381.71,25.0,30.508,7.2,0.14
1,2,16,102.0,0.0,102.0,95970.7,88606.514,24.0,25.233,7.0,0.14
1,2,17,55.241,187.0,36.0,38542.914,33213.622,24.0,24.645,6.5,0.14
1,2,18,0.0,0.0,0.0,0.0,0.0,24.0,24.0,6.3,0.14
1,2,19,0.0,0.0,0.0,0.0,0.0,24.0,24.0,6.3,0.14
1,2,20,0.0,0.0,0.0,0.0,0.0,24.0,24.0,6.3,0.14
1,2,21,0.0,0.0,0.0,0.0,0.0,24.0,24.0,6.4,0.14
1,2,22,0.0,0.0,0.0,0.0,0.0,24.0,24.0,6.6,0.14
1,2,23,0.0,0.0,0.0,0.0,0.0,24.0,24.0,6.6,0.14
1,3,0,0.0,0.0,0.0,0.0,0.0,24.0,24.0,6.6,0.14
1,3,1,0.0,0.0,0.0,0.0,0.0,24.0,24.0,6.6,0.14
1,3,2,0.0,0.0,0.0,0.0,0.0,24.0,24.0,6.5,0.14
1,3,3,0.0,0.0,0.0,0.0,0.0,24.0,24.0,6.4,0.14
1,3,4,0.0,0.0,0.0,0.0,0.0,24.0,24.0,6.3,0.14
1,3,5,0.0,0.0,0.0,0.0,0.0,24.0,24.0,6.3,0.14
1,3,6,0.0,0.0,0.0,0.0,0.0,24.0,24.0,6.4,0.14
1,3,7,35.134,211.0,23.0,14766.629,10279.826,24.0,24.309,6.7,0.14
1,3,8,8.0,0.0,8.0,6685.204,2484.759,24.0,24.096,7.1,0.14
1,3,9,65.0,0.0,65.0,59715.646,53636.12,24.0,24.761,7.3,0.14
1,3,10,325.318,90.0,272.0,310736.366,295762.179,25.0,28.769,7.4,0.14
1,3,11,539.96,338.0,309.0,517475.303,495175.533,25.0,31.262,7.4,0.14
1,3,12,619.326,453.0,294.0,592880.482,567908.807,25.0,32.186,7.4,0.14
1,3,13,725.812,901.0,100.0,701268.053,672455.775,25.0,33.453,7.4,0.14
1,3,14,381.055,145.0,292.0,364918.394,348024.321,25.0,29.333,7.6,0.14
1,3,15,216.298,40.0,197.0,206164.527,194895.736,25.0,27.416,7.8,0.14
1,3,16,272.647,673.0,65.0,248284.917,235523.633,24.0,26.972,7.9,0.14
1,3,17,68.257,335.0,33.0,43766.621,38252.234,24.0,24.669,7.9,0.14
1,3,18,0.0,0.0,0.0,0.0,0.0,24.0,24.0,7.9,0.14
1,3,19,0.0,0.0,0.0,0.0,0.0,24.0,24.0,7.9,0.14
1,3,20,0.0,0.0,0.0,0.0,0.0,24.0,24.0,7.7,0.14
1,3,21,0.0,0.0,0.0,0.0,0.0,24.0,24.0,7.5,0.14
1,3,22,0.0,0.0,0.0,0.0,0.0,24.0,24.0,7.2,0.14
1,3,23,0.0,0.0,0.0,0.0,0.0,24.0,24.0,6.9,0.14
1,4,0,0.0,0.0,0.0,0.0,0.0,24.0,24.0,6.5,0.14
1,4,1,0.0,0.0,0.0,0.0,0.0,23.0,23.0,6.1,0.14
1,4,2,0.0,0.0,0.0,0.0,0.0,23.0,23.0,5.8,0.14
1,4,3,0.0,0.0,0.0,0.0,0.0,23.0,23.0,5.6,0.14
1,4,4,0.0,0.0,0.0,0.0,0.0,23.0,23.0,5.5,0.14
1,4,5,0.0,0.0,0.0,0.0,0.0,23.0,23.0,5.6,0.14
1,4,6,0.0,0.0,0.0,0.0,0.0,23.0,23.0,5.8,0.14
1,4,7,34.595,206.0,23.0,14679.238,10195.531,23.0,23.316,6.4,0.14
1,4,8,149.531,161.0,106.0,137336.594,128506.649,24.0,25.808,6.9,0.14
1,4,9,309.201,264.0,190.0,299372.108,284800.602,24.0,27.7,7.1,0.14
1,4,10,333.86,101.0,274.0,320231.168,304920.542,24.0,28.025,7.0,0.14
1,4,11,721.004,921.0,91.0,698864.125,670137.028,24.0,32.917,6.8,0.14
1,4,12,762.005,930.0,93.0,734604.907,704611.372,24.0,33.718,6.5,0.14
1,4,13,731.813,919.0,92.0,707051.272,678034.072,24.0,33.538,6.3,0.14
1,4,14,633.07,883.0,89.0,617207.844,591374.154,24.0,32.445,6.1,0.14
1,4,15,476.008,817.0,80.0,467090.044,446575.624,24.0,30.423,6.0,0.14
1,4,16,60.0,0.0,60.0,55271.634,49349.577,24.0,24.825,5.8,0.14
1,4,17,70.563,349.0,33.0,45330.035,39760.249,24.0,24.899,5.4,0.14
1,4,18,0.0,0.0,0.0,0.0,0.0,24.0,24.0,5.2,0.14
1,4,19,0.0,0.0,0.0,0.0,0.0,24.0,24.0,5.1,0.14
1,4,20,0.0,0.0,0.0,0.0,0.0,24.0,24.0,5.0,0.14
1,4,21,0.0,0.0,0.0,0.0,0.0,24.0,24.0,4.8,0.14
1,4,22,0.0,0.0,0.0,0.0,0.0,23.0,23.0,4.5,0.14
1,4,23,0.0,0.0,0.0,0.0,0.0,23.0,23.0,4.1,0.14
1,5,0,0.0,0.0,0.0,0.0,0.0,23.0,23.0,3.6,0.14
1,5,1,0.0,0.0,0.0,0.0,0.0,23.0,23.0,3.2,0.14
1,5,2,0.0,0.0,0.0,0.0,0.0,23.0,23.0,3.0,0.14
1,5,3,0.0,0.0,0.0,0.0,0.0,23.0,23.0,3.1,0.14
1,5,4,0.0,0.0,0.0,0.0,0.0,23.0,23.0,3.3,0.14
1,5,5,0.0,0.0,0.0,0.0,0.0,23.0,23.0,3.4,0.14
1,5,6,0.0,0.0,0.0,0.0,0.0,23.0,23.0,3.3,0.14
1,5,7,35.202,251.0,21.0,13999.374,9539.758,23.0,23.456,3.3,0.14
1,5,8,239.312,683.0,55.0,207655.437,196333.817,24.0,28.554,3.2,0.14
1,5,9,449.631,841.0,70.0,431763.017,412500.374,24.0,33.771,2.6,0.14
1,5,10,620.424,913.0,79.0,587043.087,562278.254,24.0,40.487,1.6,0.14
1,5,11,729.772,940.0,86.0,672060.775,644283.427,24.0,45.757,1.1,0.14
1,5,12,549.384,285.0,344.0,508030.574,486065.469,24.0,39.16,1.4,0.14
1,5,13,742.549,935.0,90.0,694446.681,665876.112,24.0,41.742,2.1,0.14
1,5,14,457.573,284.0,282.0,432743.231,413445.855,25.0,34.736,2.7,0.14
1,5,15,70.0,0.0,70.0,63887.232,57659.89,25.0,26.412,3.0,0.14
1,5,16,253.789,545.0,83.0,230936.487,218789.926,24.0,29.239,2.8,0.14
1,5,17,69.995,318.0,35.0,46264.051,40661.169,24.0,25.411,2.4,0.14
1,5,18,0.0,0.0,0.0,0.0,0.0,24.0,24.0,2.4,0.14
1,5,19,0.0,0.0,0.0,0.0,0.0,24.0,24.0,2.7,0.14
1,5,20,0.0,0.0,0.0,0.0,0.0,24.0,24.0,3.0,0.14
1,5,21,0.0,0.0,0.0,0.0,0.0,24.0,24.0,3.1,0.14
1,5,22,0.0,0.0,0.0,0.0,0.0,23.0,23.0,3.0,0.14
1,5,23,0.0,0.0,0.0,0.0,0.0,23.0,23.0,2.8,0.14
1,6,0,0.0,0.0,0.0,0.0,0.0,23.0,23.0,2.8,0.14
1,6,1,0.0,0.0,0.0,0.0,0.0,23.0,23.0,3.3,0.14
1,6,2,0.0,0.0,0.0,0.0,0.0,23.0,23.0,4.3,0.14
1,6,3,0.0,0.0,0.0,0.0,0.0,23.0,23.0,5.5,0.14
1,6,4,0.0,0.0,0.0,0.0,0.0,22.0,22.0,6.3,0.14
1,6,5,0.0,0.0,0.0,0.0,0.0,22.0,22.0,6.3,0.14
1,6,6,0.0,0.0,0.0,0.0,0.0,22.0,22.0,6.0,0.14
1,6,7,30.212,104.0,25.0,14634.727,10152.598,22.0,22.309,6.2,0.14
1,6,8,224.072,557.0,74.0,199576.124,188540.786,22.0,24.755,6.6,0.14
1,6,9,431.182,747.0,94.0,421912.766,402999.156,23.0,28.557,6.4,0.14
1,6,10,604.653,847.0,102.0,592683.169,567718.485,23.0,31.157,6.0,0.14
1,6,11,720.998,907.0,99.0,698752.837,670029.683,23.0,32.823,5.9,0.14
1,6,12,558.162,298.0,343.0,533613.542,510741.93,23.0,30.922,5.5,0.14
1,6,13,469.546,178.0,345.0,448148.239,428305.002,23.0,29.99,5.1,0.14
1,6,14,393.393,157.0,296.0,377718.757,360371.117,23.0,28.864,5.1,0.14
1,6,15,337.771,257.0,212.0,328028.36,312441.449,23.0,28.051,5.1,0.14
1,6,16,283.048,684.0,67.0,259111.338,245966.43,23.0,27.327,4.8,0.14
1,6,17,76.392,359.0,36.0,50839.555,45074.544,22.0,23.132,4.3,0.14
1,6,18,0.0,0.0,0.0,0.0,0.0,22.0,22.0,4.1,0.14
1,6,19,0.0,0.0,0.0,0.0,0.0,22.0,22.0,4.0,0.14
1,6,20,0.0,0.0,0.0,0.0,0.0,22.0,22.0,3.8,0.14
1,6,21,0.0,0.0,0.0,0.0,0.0,22.0,22.0,3.9,0.14
1,6,22,0.0,0.0,0.0,0.0,0.0,22.0,22.0,3.9,0.14
1,6,23,0.0,0.0,0.0,0.0,0.0,21.0,21.0,3.7,0.14
1,7,0,0.0,0.0,0.0,0.0,0.0,21.0,21.0,3.5,0.14
1,7,1,0.0,0.0,0.0,0.0,0.0,21.0,21.0,3.3,0.14
1,7,2,0.0,0.0,0.0,0.0,0.0,21.0,21.0,3.4,0.14
1,7,3,0.0,0.0,0.0,0.0,0.0,21.0,21.0,3.6,0.14
1,7,4,0.0,0.0,0.0,0.0,0.0,21.0,21.0,3.8,0.14
1,7,5,0.0,0.0,0.0,0.0,0.0,21.0,21.0,4.0,0.14
1,7,6,0.0,0.0,0.0,0.0,0.0,21.0,21.0,4.0,0.14
1,7,7,15.0,0.0,15.0,8235.608,3980.225,21.0,21.213,4.2,0.14
1,7,8,104.036,15.0,100.0,98042.26,90604.67,22.0,23.677,4.5,0.14
1,7,9,183.383,23.0,173.0,175649.394,165461.875,22.0,24.997,4.4,0.14
1,7,10,231.098,17.0,221.0,219933.583,208176.9,22.0,26.042,3.9,0.14
1,7,11,417.1,121.0,334.0,396792.235,378768.746,22.0,29.87,3.4,0.14
1,7,12,400.154,79.0,343.0,377926.512,360571.51,22.0,30.329,2.8,0.14
1,7,13,625.125,529.0,254.0,591545.078,566620.721,22.0,36.056,2.4,0.14
1,7,14,369.081,119.0,295.0,350633.691,334245.783,23.0,30.701,2.8,0.14
1,7,15,487.714,827.0,81.0,475652.893,454835.058,23.0,32.432,3.3,0.14
1,7,16,135.462,36.0,124.0,128510.347,119993.152,22.0,24.563,3.4,0.14
1,7,17,77.777,372.0,35.0,51595.511,45803.714,22.0,23.403,3.0,0.14
1,7,18,0.0,0.0,0.0,0.0,0.0,22.0,22.0,2.8,0.14
1,7,19,0.0,0.0,0.0,0.0,0.0,22.0,22.0,2.7,0.14
1,7,20,0.0,0.0,0.0,0.0,0.0,22.0,22.0,2.9,0.14
1,7,21,0.0,0.0,0.0,0.0,0.0,22.0,22.0,2.9,0.14
1,7,22,0.0,0.0,0.0,0.0,0.0,22.0,22.0,2.5,0.14
1,7,23,0.0,0.0,0.0,0.0,0.0,22.0,22.0,2.3,0.14
1,8,0,0.0,0.0,0.0,0.0,0.0,22.0,22.0,2.7,0.14
1,8,1,0.0,0.0,0.0,0.0,0.0,22.0,22.0,3.1,0.14
1,8,2,0.0,0.0,0.0,0.0,0.0,21.0,21.0,3.2,0.14
1,8,3,0.0,0.0,0.0,0.0,0.0,21.0,21.0,3.4,0.14
1,8,4,0.0,0.0,0.0,0.0,0.0,22.0,22.0,3.8,0.14
1,8,5,0.0,0.0,0.0,0.0,0.0,22.0,22.0,4.2,0.14
1,8,6,0.0,0.0,0.0,0.0,0.0,22.0,22.0,4.4,0.14
1,8,7,34.748,253.0,21.0,13866.809,9411.891,22.0,22.363,4.8,0.14
1,8,8,237.719,676.0,56.0,208051.709,196716.047,23.0,26.29,5.5,0.14
1,8,9,339.287,366.0,174.0,329946.099,314291.234,23.0,27.614,5.9,0.14
1,8,10,168.0,0.0,168.0,158347.895,148773.437,23.0,25.326,5.7,0.14
1,8,11,410.728,113.0,333.0,391833.086,373985.319,23.0,28.962,5.3,0.14
1,8,12,649.08,527.0,267.0,621163.965,595190.094,23.0,32.812,5.0,0.14
1,8,13,547.786,311.0,329.0,523352.211,500844.199,23.0,31.481,4.8,0.14
1,8,14,446.32,247.0,292.0,427253.279,408150.434,24.0,31.1,4.6,0.14
1,8,15,339.071,249.0,216.0,328437.355,312835.951,23.0,28.709,4.2,0.14
1,8,16,152.466,70.0,130.0,143946.655,134882.49,23.0,25.837,3.5,0.14
1,8,17,43.35,20.0,41.0,36497.977,31241.146,23.0,23.83,3.2,0.14
1,8,18,0.0,0.0,0.0,0.0,0.0,23.0,23.0,3.1,0.14
1,8,19,0.0,0.0,0.0,0.0,0.0,23.0,23.0,3.0,0.14
1,8,20,0.0,0.0,0.0,0.0,0.0,23.0,23.0,3.1,0.14
1,8,21,0.0,0.0,0.0,0.0,0.0,23.0,23.0,3.3,0.14
1,8,22,0.0,0.0,0.0,0.0,0.0,22.0,22.0,3.6,0.14
1,8,23,0.0,0.0,0.0,0.0,0.0,22.0,22.0,3.6,0.14
1,9,0,0.0,0.0,0.0,0.0,0.0,22.0,22.0,3.3,0.14
1,9,1,0.0,0.0,0.0,0.0,0.0,22.0,22.0,3.1,0.14
1,9,2,0.0,0.0,0.0,0.0,0.0,22.0,22.0,2.8,0.14
1,9,3,0.0,0.0,0.0,0.0,0.0,22.0,22.0,2.5,0.14
1,9,4,0.0,0.0,0.0,0.0,0.0,22.0,22.0,2.1,0.14
1,9,5,0.0,0.0,0.0,0.0,0.0,22.0,22.0,1.9,0.14
1,9,6,0.0,0.0,0.0,0.0,0.0,22.0,22.0,1.6,0.14
1,9,7,31.784,174.0,23.0,13958.798,9500.62,22.0,22.626,1.5,0.14
1,9,8,231.215,615.0,66.0,201891.939,190774.543,22.0,28.235,1.4,0.14
1,9,9,439.347,782.0,86.0,420784.594,401910.96,22.0,34.184,1.4,0.14
1,9,10,611.531,866.0,96.0,582244.595,557649.792,22.0,38.611,1.5,0.14
1,9,11,728.847,917.0,97.0,681274.517,653170.69,23.0,41.916,1.7,0.14
1,9,12,775.218,932.0,98.0,723007.304,693424.718,23.0,41.886,2.0,0.14
1,9,13,749.292,926.0,96.0,703590.132,674695.574,23.0,40.551,2.2,0.14
1,9,14,651.484,889.0,94.0,620924.996,594959.592,23.0,37.988,2.3,0.14
1,9,15,493.846,823.0,85.0,478770.094,457841.803,23.0,34.162,2.4,0.14
1,9,16,292.923,689.0,70.0,267623.194,254176.677,23.0,29.501,2.4,0.14
1,9,17,55.122,101.0,43.0,43514.777,38009.313,23.0,24.209,2.3,0.14
1,9,18,0.0,0.0,0.0,0.0,0.0,23.0,23.0,2.4,0.14
1,9,19,0.0,0.0,0.0,0.0,0.0,23.0,23.0,2.6,0.14
1,9,20,0.0,0.0,0.0,0.0,0.0,23.0,23.0,2.9,0.14
1,9,21,0.0,0.0,0.0,0.0,0.0,23.0,23.0,3.3,0.14
1,9,22,0.0,0.0,0.0,0.0,0.0,23.0,23.0,3.8,0.14
1,9,23,0.0,0.0,0.0,0.0,0.0,23.0,23.0,4.2,0.14
1,10,0,0.0,0.0,0.0,0.0,0.0,23.0,23.0,4.5,0.14
1,10,1,0.0,0.0,0.0,0.0,0.0,23.0,23.0,4.7,0.14
1,10,2,0.0,0.0,0.0,0.0,0.0,23.0,23.0,4.8,0.14
1,10,3,0.0,0.0,0.0,0.0,0.0,23.0,23.0,4.8,0.14
1,10,4,0.0,0.0,0.0,0.0,0.0,23.0,23.0,4.8,0.14
1,10,5,0.0,0.0,0.0,0.0,0.0,23.0,23.0,4.8,0.14
1,10,6,0.0,0.0,0.0,0.0,0.0,23.0,23.0,4.6,0.14
1,10,7,0.0,0.0,0.0,0.0,0.0,23.0,0.0,4.8,0.14
1,10,8,31.0,0.0,31.0,27835.315,22885.436,23.0,23.452,5.3,0.14
1,10,9,56.0,0.0,56.0,51330.644,45548.233,23.0,23.76,5.9,0.14
1,10,10,87.0,0.0,87.0,79935.209,73139.224,24.0,25.164,6.0,0.14
1,10,11,165.0,0.0,165.0,153797.267,144384.056,24.0,26.203,6.0,0.14
1,10,12,153.0,0.0,153.0,141943.514,132950.329,24.0,26.042,6.0,0.14
1,10,13,74.0,0.0,74.0,67034.119,60695.271,24.0,24.977,6.1,0.14
1,10,14,98.0,0.0,98.0,90624.023,83449.291,23.0,24.254,6.4,0.14
1,10,15,80.0,0.0,80.0,74144.006,67553.227,23.0,24.026,6.4,0.14
1,10,16,28.0,0.0,28.0,25048.926,20197.78,23.0,23.394,5.6,0.14
1,10,17,44.206,18.0,42.0,37620.496,32323.89,23.0,23.691,4.6,0.14
1,10,18,0.0,0.0,0.0,0.0,0.0,22.0,22.0,4.1,0.14
1,10,19,0.0,0.0,0.0,0.0,0.0,22.0,22.0,4.3,0.14
1,10,20,0.0,0.0,0.0,0.0,0.0,22.0,22.0,4.8,0.14
1,10,21,0.0,0.0,0.0,0.0,0.0,22.0,22.0,4.9,0.14
1,10,22,0.0,0.0,0.0,0.0,0.0,22.0,22.0,4.5,0.14
1,10,23,0.0,0.0,0.0,0.0,0.0,22.0,22.0,4.1,0.14
1,11,0,0.0,0.0,0.0,0.0,0.0,21.0,21.0,3.7,0.14
1,11,1,0.0,0.0,0.0,0.0,0.0,21.0,21.0,3.5,0.14
1,11,2,0.0,0.0,0.0,0.0,0.0,21.0,21.0,3.2,0.14
1,11,3,0.0,0.0,0.0,0.0,0.0,21.0,21.0,2.8,0.14
1,11,4,0.0,0.0,0.0,0.0,0.0,21.0,21.0,2.8,0.14
1,11,5,0.0,0.0,0.0,0.0,0.0,21.0,21.0,3.0,0.14
1,11,6,0.0,0.0,0.0,0.0,0.0,21.0,21.0,3.2,0.14
1,11,7,33.022,196.0,23.0,14293.696,9823.651,21.0,21.448,3.4,0.14
1,11,8,238.903,655.0,63.0,209813.651,198415.557,22.0,26.338,3.5,0.14
1,11,9,452.595,821.0,81.0,439394.995,419861.921,22.0,31.021,3.1,0.14
1,11,10,628.882,901.0,91.0,605471.38,580053.56,22.0,35.944,2.5,0.14
1,11,11,745.072,937.0,97.0,699511.675,670761.632,23.0,40.802,2.1,0.14
1,11,12,792.328,951.0,98.0,736367.859,706311.856,23.0,42.701,1.9,0.14
1,11,13,765.107,947.0,93.0,711719.485,682536.871,23.0,42.852,1.7,0.14
1,11,14,511.911,386.0,268.0,483806.466,462699.716,23.0,35.969,1.8,0.14
1,11,15,501.102,823.0,88.0,481759.087,460724.885,24.0,36.498,1.9,0.14
1,11,16,296.945,681.0,73.0,271660.97,258071.379,23.0,30.28,1.9,0.14
1,11,17,85.058,360.0,40.0,59062.466,53006.085,23.0,24.773,2.3,0.14
1,11,18,0.0,0.0,0.0,0.0,0.0,23.0,23.0,2.6,0.14
1,11,19,0.0,0.0,0.0,0.0,0.0,23.0,23.0,2.9,0.14
1,11,20,0.0,0.0,0.0,0.0,0.0,23.0,23.0,3.0,0.14
1,11,21,0.0,0.0,0.0,0.0,0.0,23.0,23.0,3.1,0.14
1,11,22,0.0,0.0,0.0,0.0,0.0,23.0,23.0,3.1,0.14
1,11,23,0.0,0.0,0.0,0.0,0.0,23.0,23.0,3.0,0.14
1,12,0,0.0,0.0,0.0,0.0,0.0,23.0,23.0,3.0,0.14
1,12,1,0.0,0.0,0.0,0.0,0.0,23.0,23.0,3.2,0.14
1,12,2,0.0,0.0,0.0,0.0,0.0,23.0,23.0,3.5,0.14
1,12,3,0.0,0.0,0.0,0.0,0.0,23.0,23.0,4.0,0.14
1,12,4,0.0,0.0,0.0,0.0,0.0,23.0,23.0,4.7,0.14
1,12,5,0.0,0.0,0.0,0.0,0.0,23.0,23.0,5.5,0.14
1,12,6,0.0,0.0,0.0,0.0,0.0,23.0,23.0,6.0,0.14
1,12,7,15.0,0.0,15.0,8153.782,3901.299,23.0,23.16,6.6,0.14
1,12,8,10.0,0.0,10.0,8453.856,4190.74,24.0,24.117,7.3,0.14
1,12,9,67.0,0.0,67.0,61637.094,55489.485,24.0,24.735,8.0,0.14
1,12,10,219.175,12.0,212.0,207874.11,196544.741,24.0,26.292,8.5,0.14
1,12,11,394.921,98.0,327.0,377563.092,360220.968,24.0,27.955,9.0,0.14
1,12,12,207.392,6.0,203.0,193840.321,183008.225,25.0,27.022,9.3,0.14
1,12,13,507.338,221.0,350.0,485398.226,464235.075,25.0,29.882,9.5,0.14
1,12,14,302.181,46.0,273.0,287421.029,273272.997,25.0,27.929,9.4,0.14
1,12,15,353.214,264.0,220.0,343013.804,326895.899,25.0,28.528,9.1,0.14
1,12,16,230.41,330.0,121.0,216376.254,204745.621,24.0,26.361,8.7,0.14
1,12,17,56.987,86.0,46.0,46190.277,40590.009,24.0,24.598,8.1,0.14
1,12,18,0.0,0.0,0.0,0.0,0.0,24.0,24.0,7.6,0.14
1,12,19,0.0,0.0,0.0,0.0,0.0,24.0,24.0,7.1,0.14
1,12,20,0.0,0.0,0.0,0.0,0.0,24.0,24.0,6.7,0.14
1,12,21,0.0,0.0,0.0,0.0,0.0,24.0,24.0,6.2,0.14
1,12,22,0.0,0.0,0.0,0.0,0.0,24.0,24.0,5.7,0.14
1,12,23,0.0,0.0,0.0,0.0,0.0,23.0,23.0,5.0,0.14
1,13,0,0.0,0.0,0.0,0.0,0.0,23.0,23.0,4.4,0.14
1,13,1,0.0,0.0,0.0,0.0,0.0,23.0,23.0,4.1,0.14
1,13,2,0.0,0.0,0.0,0.0,0.0,22.0,22.0,4.5,0.14
1,13,3,0.0,0.0,0.0,0.0,0.0,22.0,22.0,4.4,0.14
1,13,4,0.0,0.0,0.0,0.0,0.0,22.0,22.0,4.0,0.14
1,13,5,0.0,0.0,0.0,0.0,0.0,22.0,22.0,3.7,0.14
1,13,6,0.0,0.0,0.0,0.0,0.0,22.0,22.0,3.1,0.14
1,13,7,22.492,60.0,20.0,11117.223,6759.733,23.0,23.388,2.6,0.14
1,13,8,8.0,0.0,8.0,6717.407,2515.82,23.0,23.159,3.1,0.14
1,13,9,205.964,44.0,186.0,197005.024,186060.79,23.0,26.461,4.2,0.14
1,13,10,205.792,8.0,201.0,194957.437,184085.758,23.0,25.952,5.4,0.14
1,13,11,305.532,31.0,284.0,289114.108,274906.083,24.0,27.993,6.2,0.14
1,13,12,216.137,7.0,211.0,202453.604,191316.306,24.0,26.821,6.2,0.14
1,13,13,262.713,15.0,252.0,247319.745,234592.661,24.0,27.588,5.8,0.14
1,13,14,285.292,35.0,263.0,270560.996,257010.381,24.0,28.043,5.5,0.14
1,13,15,477.978,751.0,97.0,468986.414,448404.799,24.0,31.177,5.1,0.14
1,13,16,168.085,90.0,138.0,158635.548,149050.897,24.0,26.744,4.4,0.14
1,13,17,83.111,323.0,41.0,59126.212,53067.573,24.0,25.303,4.1,0.14
1,13,18,0.0,0.0,0.0,0.0,0.0,24.0,24.0,4.4,0.14
1,13,19,0.0,0.0,0.0,0.0,0.0,24.0,24.0,4.5,0.14
1,13,20,0.0,0.0,0.0,0.0,0.0,24.0,24.0,4.4,0.14
1,13,21,0.0,0.0,0.0,0.0,0.0,24.0,24.0,4.4,0.14
1,13,22,0.0,0.0,0.0,0.0,0.0,24.0,24.0,4.3,0.14
1,13,23,0.0,0.0,0.0,0.0,0.0,24.0,24.0,4.1,0.14
1,14,0,0.0,0.0,0.0,0.0,0.0,24.0,24.0,4.1,0.14
1,14,1,0.0,0.0,0.0,0.0,0.0,24.0,24.0,4.1,0.14
1,14,2,0.0,0.0,0.0,0.0,0.0,24.0,24.0,4.4,0.14
1,14,3,0.0,0.0,0.0,0.0,0.0,24.0,24.0,4.6,0.14
1,14,4,0.0,0.0,0.0,0.0,0.0,24.0,24.0,4.8,0.14
1,14,5,0.0,0.0,0.0,0.0,0.0,24.0,24.0,4.9,0.14
1,14,6,0.0,0.0,0.0,0.0,0.0,24.0,24.0,4.9,0.14
1,14,7,27.758,127.0,22.0,12613.15,8202.654,24.0,24.305,5.3,0.14
1,14,8,217.946,561.0,67.0,190836.651,180110.987,25.0,27.889,5.9,0.14
1,14,9,133.0,0.0,133.0,124831.004,116444.182,25.0,26.745,6.2,0.14
1,14,10,260.205,32.0,241.0,246323.059,233631.291,25.0,28.445,6.1,0.14
1,14,11,362.556,64.0,318.0,342678.309,326572.291,25.0,29.847,6.0,0.14
1,14,12,758.621,895.0,100.0,725071.39,695415.665,25.0,35.566,5.7,0.14
1,14,13,473.949,166.0,355.0,448470.168,428615.524,25.0,31.798,5.4,0.14
1,14,14,645.819,866.0,92.0,622521.021,596499.064,25.0,34.929,4.9,0.14
1,14,15,493.593,807.0,82.0,481442.554,460419.567,25.0,33.234,4.3,0.14
1,14,16,297.54,687.0,66.0,273176.634,259533.337,25.0,30.405,3.6,0.14
1,14,17,90.938,398.0,38.0,62874.029,56682.59,24.0,25.699,2.9,0.14
1,14,18,0.0,0.0,0.0,0.0,0.0,24.0,24.0,2.4,0.14
1,14,19,0.0,0.0,0.0,0.0,0.0,24.0,24.0,2.2,0.14
1,14,20,0.0,0.0,0.0,0.0,0.0,24.0,24.0,2.0,0.14
1,14,21,0.0,0.0,0.0,0.0,0.0,24.0,24.0,2.0,0.14
1,14,22,0.0,0.0,0.0,0.0,0.0,24.0,24.0,2.0,0.14
1,14,23,0.0,0.0,0.0,0.0,0.0,24.0,24.0,2.0,0.14
1,15,0,0.0,0.0,0.0,0.0,0.0,24.0,24.0,1.9,0.14
1,15,1,0.0,0.0,0.0,0.0,0.0,24.0,24.0,1.8,0.14
1,15,2,0.0,0.0,0.0,0.0,0.0,24.0,24.0,1.7,0.14
1,15,3,0.0,0.0,0.0,0.0,0.0,24.0,24.0,1.4,0.14
1,15,4,0.0,0.0,0.0,0.0,0.0,23.0,23.0,1.2,0.14
1,15,5,0.0,0.0,0.0,0.0,0.0,23.0,23.0,1.0,0.14
1,15,6,0.0,0.0,0.0,0.0,0.0,24.0,24.0,1.0,0.14
1,15,7,30.017,199.0,20.0,12286.506,7887.584,24.0,24.623,1.1,0.14
1,15,8,227.889,638.0,56.0,196456.767,185531.96,24.0,30.137,1.4,0.14
1,15,9,436.256,798.0,73.0,416428.017,397708.754,24.0,35.321,1.7,0.14
1,15,10,416.519,227.0,280.0,393844.222,375925.193,24.0,34.116,2.0,0.14
1,15,11,500.206,231.0,339.0,466455.706,445963.763,25.0,36.653,2.2,0.14
1,15,12,771.239,915.0,96.0,716448.299,687098.124,25.0,42.711,2.3,0.14
1,15,13,749.697,912.0,94.0,698695.154,669974.044,25.0,42.222,2.3,0.14
1,15,14,385.343,122.0,307.0,361912.129,345124.581,25.0,33.481,2.5,0.14
1,15,15,503.575,826.0,80.0,487406.575,466172.259,25.0,35.416,2.9,0.14
1,15,16,305.948,712.0,64.0,280850.413,266935.204,25.0,30.921,3.2,0.14
1,15,17,95.878,434.0,37.0,65913.802,59614.652,24.0,25.671,3.3,0.14
1,15,18,0.0,0.0,0.0,0.0,0.0,24.0,24.0,3.4,0.14
1,15,19,0.0,0.0,0.0,0.0,0.0,24.0,24.0,3.7,0.14
1,15,20,0.0,0.0,0.0,0.0,0.0,24.0,24.0,3.8,0.14
1,15,21,0.0,0.0,0.0,0.0,0.0,24.0,24.0,3.9,0.14
1,15,22,0.0,0.0,0.0,0.0,0.0,24.0,24.0,4.0,0.14
1,15,23,0.0,0.0,0.0,0.0,0.0,23.0,23.0,4.1,0.14
1,16,0,0.0,0.0,0.0,0.0,0.0,23.0,23.0,4.1,0.14
1,16,1,0.0,0.0,0.0,0.0,0.0,23.0,23.0,4.0,0.14
1,16,2,0.0,0.0,0.0,0.0,0.0,23.0,23.0,4.0,0.14
1,16,3,0.0,0.0,0.0,0.0,0.0,23.0,23.0,3.9,0.14
1,16,4,0.0,0.0,0.0,0.0,0.0,23.0,23.0,3.8,0.14
1,16,5,0.0,0.0,0.0,0.0,0.0,23.0,23.0,3.7,0.14
1,16,6,0.0,0.0,0.0,0.0,0.0,23.0,23.0,3.4,0.14
1,16,7,33.852,264.0,20.0,13124.465,8695.85,23.0,23.43,3.3,0.14
1,16,8,170.512,265.0,99.0,153851.772,144436.63,24.0,27.288,3.2,0.14
1,16,9,305.371,242.0,195.0,292636.99,278304.135,24.0,30.176,3.0,0.14
1,16,10,205.219,7.0,201.0,192427.614,181645.576,24.0,28.352,2.7,0.14
1,16,11,259.494,15.0,249.0,241792.235,229261.012,24.0,30.272,2.0,0.14
1,16,12,531.447,233.0,359.0,488555.679,467280.647,24.0,39.74,1.1,0.14
1,16,13,620.038,445.0,299.0,566089.918,542067.539,24.0,43.882,0.8,0.14
1,16,14,516.951,369.0,279.0,484572.988,463439.078,24.0,37.668,1.6,0.14
1,16,15,427.948,477.0,182.0,413103.036,394501.59,24.0,32.983,2.8,0.14
1,16,16,278.989,537.0,95.0,259521.024,246361.6,24.0,29.004,3.7,0.14
1,16,17,50.767,20.0,48.0,43864.473,38346.617,24.0,24.933,3.5,0.14
1,16,18,0.0,0.0,0.0,0.0,0.0,24.0,24.0,2.9,0.14
1,16,19,0.0,0.0,0.0,0.0,0.0,24.0,24.0,2.5,0.14
1,16,20,0.0,0.0,0.0,0.0,0.0,23.0,23.0,2.8,0.14
1,16,21,0.0,0.0,0.0,0.0,0.0,23.0,23.0,4.1,0.14
1,16,22,0.0,0.0,0.0,0.0,0.0,23.0,23.0,5.3,0.14
1,16,23,0.0,0.0,0.0,0.0,0.0,23.0,23.0,5.7,0.14
1,17,0,0.0,0.0,0.0,0.0,0.0,23.0,23.0,5.6,0.14
1,17,1,0.0,0.0,0.0,0.0,0.0,23.0,23.0,5.3,0.14
1,17,2,0.0,0.0,0.0,0.0,0.0,23.0,23.0,5.0,0.14
1,17,3,0.0,0.0,0.0,0.0,0.0,23.0,23.0,4.6,0.14
1,17,4,0.0,0.0,0.0,0.0,0.0,23.0,23.0,4.3,0.14
1,17,5,0.0,0.0,0.0,0.0,0.0,23.0,23.0,3.9,0.14
1,17,6,0.0,0.0,0.0,0.0,0.0,23.0,23.0,3.5,0.14
1,17,7,31.389,172.0,23.0,13765.113,9313.798,23.0,23.427,3.5,0.14
1,17,8,237.315,641.0,64.0,208123.969,196785.746,23.0,27.313,3.5,0.14
1,17,9,454.116,812.0,83.0,440069.746,420512.762,23.0,31.764,3.3,0.14
1,17,10,634.304,896.0,93.0,612015.36,586365.66,23.0,35.26,3.3,0.14
1,17,11,752.639,919.0,108.0,713757.645,684502.812,23.0,38.002,3.1,0.14
1,17,12,802.596,933.0,110.0,756132.474,725376.132,23.0,38.987,3.1,0.14
1,17,13,777.767,921.0,111.0,735736.814,705703.171,23.0,38.244,3.2,0.14
1,17,14,435.042,190.0,312.0,411861.982,393304.512,24.0,32.775,3.0,0.14
1,17,15,307.029,137.0,236.0,292682.569,278348.099,24.0,30.903,2.4,0.14
1,17,16,136.909,20.0,130.0,129251.071,120707.629,23.0,26.542,1.7,0.14
1,17,17,57.064,43.0,51.0,48770.805,43079.099,23.0,24.584,1.3,0.14
1,17,18,0.0,0.0,0.0,0.0,0.0,23.0,23.0,1.0,0.14
1,17,19,0.0,0.0,0.0,0.0,0.0,23.0,23.0,1.1,0.14
1,17,20,0.0,0.0,0.0,0.0,0.0,23.0,23.0,1.3,0.14
1,17,21,0.0,0.0,0.0,0.0,0.0,23.0,23.0,1.5,0.14
1,17,22,0.0,0.0,0.0,0.0,0.0,22.0,22.0,1.7,0.14
1,17,23,0.0,0.0,0.0,0.0,0.0,22.0,22.0,1.9,0.14
1,18,0,0.0,0.0,0.0,0.0,0.0,22.0,22.0,2.1,0.14
1,18,1,0.0,0.0,0.0,0.0,0.0,22.0,22.0,2.2,0.14
1,18,2,0.0,0.0,0.0,0.0,0.0,22.0,22.0,2.3,0.14
1,18,3,0.0,0.0,0.0,0.0,0.0,22.0,22.0,2.3,0.14
1,18,4,0.0,0.0,0.0,0.0,0.0,22.0,22.0,2.1,0.14
1,18,5,0.0,0.0,0.0,0.0,0.0,22.0,22.0,1.8,0.14
1,18,6,0.0,0.0,0.0,0.0,0.0,22.0,22.0,1.4,0.14
1,18,7,1.0,0.0,1.0,0.0,0.0,22.0,22.025,1.1,0.14
1,18,8,74.0,0.0,74.0,68893.514,62488.78,22.0,24.314,0.9,0.14
1,18,9,210.988,48.0,189.0,200493.299,189425.462,22.0,28.266,1.1,0.14
1,18,10,165.0,0.0,165.0,153872.271,144456.402,23.0,27.545,1.4,0.14
1,18,11,103.0,0.0,103.0,94359.777,87052.672,23.0,25.707,1.6,0.14
1,18,12,383.188,58.0,340.0,357026.156,340411.737,23.0,32.859,1.7,0.14
1,18,13,250.719,12.0,242.0,234050.499,221793.597,23.0,29.056,2.0,0.14
1,18,14,354.681,81.0,302.0,334974.596,319141.552,23.0,30.947,2.4,0.14
1,18,15,205.384,18.0,196.0,194861.987,183993.69,23.0,27.214,2.9,0.14
1,18,16,42.0,0.0,42.0,38202.932,32885.687,23.0,23.849,3.0,0.14
1,18,17,48.0,0.0,48.0,42582.484,37110.055,23.0,23.963,3.0,0.14
1,18,18,0.0,0.0,0.0,0.0,0.0,23.0,23.0,3.2,0.14
1,18,19,0.0,0.0,0.0,0.0,0.0,23.0,23.0,3.3,0.14
1,18,20,0.0,0.0,0.0,0.0,0.0,23.0,23.0,3.1,0.14
1,18,21,0.0,0.0,0.0,0.0,0.0,23.0,23.0,3.0,0.14
1,18,22,0.0,0.0,0.0,0.0,0.0,23.0,23.0,3.0,0.14
1,18,23,0.0,0.0,0.0,0.0,0.0,23.0,23.0,3.2,0.14
1,19,0,0.0,0.0,0.0,0.0,0.0,23.0,23.0,3.3,0.14
1,19,1,0.0,0.0,0.0,0.0,0.0,23.0,23.0,3.4,0.14
1,19,2,0.0,0.0,0.0,0.0,0.0,23.0,23.0,3.5,0.14
1,19,3,0.0,0.0,0.0,0.0,0.0,23.0,23.0,3.4,0.14
1,19,4,0.0,0.0,0.0,0.0,0.0,23.0,23.0,3.2,0.14
1,19,5,0.0,0.0,0.0,0.0,0.0,23.0,23.0,3.2,0.14
1,19,6,0.0,0.0,0.0,0.0,0.0,23.0,23.0,3.0,0.14
1,19,7,11.0,0.0,11.0,5880.326,1708.401,23.0,23.222,2.1,0.14
1,19,8,122.03,59.0,106.0,113153.594,105180.55,23.0,26.442,1.3,0.14
1,19,9,451.284,839.0,66.0,431303.375,412057.019,23.0,35.525,1.4,0.14
1,19,10,627.548,910.0,75.0,595345.208,570286.197,23.0,39.673,1.6,0.14
1,19,11,745.741,941.0,82.0,695644.356,667031.348,23.0,42.353,1.7,0.14
1,19,12,795.355,955.0,82.0,739911.474,709729.906,23.0,42.375,2.0,0.14
1,19,13,775.178,952.0,81.0,725569.26,695895.894,24.0,41.153,2.5,0.14
1,19,14,682.906,923.0,80.0,651929.002,624865.003,24.0,37.405,3.2,0.14
1,19,15,527.516,867.0,73.0,515554.72,493323.004,24.0,33.183,4.0,0.14
1,19,16,326.434,753.0,62.0,304114.171,289374.634,24.0,29.223,4.5,0.14
1,19,17,3.0,0.0,3.0,2321.021,0.0,23.0,23.047,4.7,0.14
1,19,18,0.0,0.0,0.0,0.0,0.0,23.0,23.0,4.8,0.14
1,19,19,0.0,0.0,0.0,0.0,0.0,23.0,23.0,4.8,0.14
1,19,20,0.0,0.0,0.0,0.0,0.0,23.0,23.0,4.6,0.14
1,19,21,0.0,0.0,0.0,0.0,0.0,23.0,23.0,4.5,0.14
1,19,22,0.0,0.0,0.0,0.0,0.0,23.0,23.0,4.4,0.14
1,19,23,0.0,0.0,0.0,0.0,0.0,23.0,23.0,4.2,0.14
1,20,0,0.0,0.0,0.0,0.0,0.0,23.0,23.0,4.1,0.14
1,20,1,0.0,0.0,0.0,0.0,0.0,23.0,23.0,4.0,0.14
1,20,2,0.0,0.0,0.0,0.0,0.0,23.0,23.0,3.9,0.14
1,20,3,0.0,0.0,0.0,0.0,0.0,23.0,23.0,3.9,0.14
1,20,4,0.0,0.0,0.0,0.0,0.0,23.0,23.0,4.1,0.14
1,20,5,0.0,0.0,0.0,0.0,0.0,23.0,23.0,4.4,0.14
1,20,6,0.0,0.0,0.0,0.0,0.0,23.0,23.0,4.5,0.14
1,20,7,31.807,208.0,21.0,13158.307,8728.493,23.0,23.336,5.0,0.14
1,20,8,230.112,639.0,56.0,201430.551,190329.503,24.0,27.228,5.4,0.14
1,20,9,439.428,798.0,72.0,428495.609,409348.743,24.0,30.347,5.4,0.14
1,20,10,613.525,873.0,82.0,597013.671,571895.54,24.0,33.091,5.2,0.14
1,20,11,731.288,915.0,84.0,702030.024,673190.747,24.0,35.091,5.0,0.14
1,20,12,781.428,928.0,86.0,745019.157,714656.603,24.0,36.149,4.8,0.14
1,20,13,759.783,922.0,85.0,723313.808,693720.361,25.0,36.816,4.8,0.14
1,20,14,668.557,891.0,84.0,642943.227,616197.629,25.0,35.41,4.8,0.14
1,20,15,516.716,836.0,76.0,504841.231,482989.137,25.0,33.064,4.8,0.14
1,20,16,319.044,726.0,62.0,296715.994,282238.604,25.0,29.974,4.7,0.14
1,20,17,107.291,458.0,39.0,76290.516,69623.677,24.0,25.585,4.5,0.14
1,20,18,0.0,0.0,0.0,0.0,0.0,24.0,24.0,4.5,0.14
1,20,19,0.0,0.0,0.0,0.0,0.0,24.0,24.0,4.6,0.14
1,20,20,0.0,0.0,0.0,0.0,0.0,24.0,24.0,4.9,0.14
1,20,21,0.0,0.0,0.0,0.0,0.0,24.0,24.0,5.2,0.14
1,20,22,0.0,0.0,0.0,0.0,0.0,24.0,24.0,5.5,0.14
1,20,23,0.0,0.0,0.0,0.0,0.0,24.0,24.0,5.6,0.14
1,21,0,0.0,0.0,0.0,0.0,0.0,24.0,24.0,5.7,0.14
1,21,1,0.0,0.0,0.0,0.0,0.0,24.0,24.0,5.7,0.14
1,21,2,0.0,0.0,0.0,0.0,0.0,24.0,24.0,5.6,0.14
1,21,3,0.0,0.0,0.0,0.0,0.0,24.0,24.0,5.5,0.14
1,21,4,0.0,0.0,0.0,0.0,0.0,24.0,24.0,5.5,0.14
1,21,5,0.0,0.0,0.0,0.0,0.0,24.0,24.0,5.5,0.14
1,21,6,0.0,0.0,0.0,0.0,0.0,24.0,24.0,5.7,0.14
1,21,7,29.576,137.0,23.0,13401.81,8963.368,24.0,24.292,6.2,0.14
1,21,8,20.0,0.0,20.0,17513.865,12929.716,24.0,24.249,6.7,0.14
1,21,9,440.232,765.0,87.0,430658.777,411435.261,24.0,29.444,6.8,0.14
1,21,10,618.385,849.0,100.0,604079.181,578710.691,24.0,31.816,6.6,0.14
1,21,11,740.598,900.0,102.0,711492.15,682317.592,25.0,34.649,6.3,0.14
1,21,12,792.193,910.0,108.0,755490.29,724756.702,25.0,35.781,5.9,0.14
1,21,13,770.148,900.0,109.0,734649.594,704654.475,25.0,35.98,5.5,0.14
1,21,14,264.838,21.0,251.0,249221.188,236426.728,25.0,28.795,5.4,0.14
1,21,15,525.359,825.0,88.0,513997.323,491820.791,25.0,32.517,5.5,0.14
1,21,16,21.0,0.0,21.0,18427.183,13810.672,24.0,24.292,5.7,0.14
1,21,17,108.977,428.0,44.0,79557.249,72774.656,24.0,25.384,5.8,0.14
1,21,18,0.0,0.0,0.0,0.0,0.0,24.0,24.0,5.8,0.14
1,21,19,0.0,0.0,0.0,0.0,0.0,24.0,24.0,5.6,0.14
1,21,20,0.0,0.0,0.0,0.0,0.0,24.0,24.0,5.5,0.14
1,21,21,0.0,0.0,0.0,0.0,0.0,24.0,24.0,5.2,0.14
1,21,22,0.0,0.0,0.0,0.0,0.0,24.0,24.0,4.7,0.14
1,21,23,0.0,0.0,0.0,0.0,0.0,24.0,24.0,4.3,0.14
1,22,0,0.0,0.0,0.0,0.0,0.0,24.0,24.0,3.9,0.14
1,22,1,0.0,0.0,0.0,0.0,0.0,23.0,23.0,3.5,0.14
1,22,2,0.0,0.0,0.0,0.0,0.0,23.0,23.0,3.3,0.14
1,22,3,0.0,0.0,0.0,0.0,0.0,23.0,23.0,3.3,0.14
1,22,4,0.0,0.0,0.0,0.0,0.0,23.0,23.0,3.3,0.14
1,22,5,0.0,0.0,0.0,0.0,0.0,23.0,23.0,3.6,0.14
1,22,6,0.0,0.0,0.0,0.0,0.0,23.0,23.0,4.0,0.14
1,22,7,32.416,182.0,23.0,14068.566,9606.499,23.0,23.369,4.7,0.14
1,22,8,236.365,632.0,63.0,208022.889,196688.248,24.0,27.321,5.4,0.14
1,22,9,451.431,802.0,80.0,440532.937,420959.541,24.0,30.368,5.6,0.14
1,22,10,478.339,350.0,264.0,461270.334,440962.129,24.0,30.727,5.6,0.14
1,22,11,748.413,911.0,100.0,718180.483,688768.93,24.0,34.934,5.3,0.14
1,22,12,800.82,925.0,103.0,763152.423,732147.336,24.0,35.983,5.1,0.14
1,22,13,778.457,916.0,103.0,742747.426,712465.369,24.0,35.948,4.9,0.14
1,22,14,683.471,883.0,99.0,658586.831,631286.918,24.0,34.639,4.8,0.14
1,22,15,179.132,4.0,177.0,169133.667,159177.027,24.0,26.702,5.0,0.14
1,22,16,226.25,223.0,146.0,214558.908,202992.671,24.0,27.287,5.3,0.14
1,22,17,36.0,0.0,36.0,31609.464,26525.852,24.0,24.521,5.3,0.14
1,22,18,0.0,0.0,0.0,0.0,0.0,24.0,24.0,5.3,0.14
1,22,19,0.0,0.0,0.0,0.0,0.0,23.0,23.0,5.4,0.14
1,22,20,0.0,0.0,0.0,0.0,0.0,23.0,23.0,5.5,0.14
1,22,21,0.0,0.0,0.0,0.0,0.0,23.0,23.0,5.5,0.14
1,22,22,0.0,0.0,0.0,0.0,0.0,23.0,23.0,5.5,0.14
1,22,23,0.0,0.0,0.0,0.0,0.0,23.0,23.0,5.6,0.14
1,23,0,0.0,0.0,0.0,0.0,0.0,23.0,23.0,5.5,0.14
1,23,1,0.0,0.0,0.0,0.0,0.0,23.0,23.0,5.4,0.14
1,23,2,0.0,0.0,0.0,0.0,0.0,23.0,23.0,5.2,0.14
1,23,3,0.0,0.0,0.0,0.0,0.0,23.0,23.0,5.2,0.14
1,23,4,0.0,0.0,0.0,0.0,0.0,23.0,23.0,5.3,0.14
1,23,5,0.0,0.0,0.0,0.0,0.0,23.0,23.0,5.5,0.14
1,23,6,0.0,0.0,0.0,0.0,0.0,23.0,23.0,5.7,0.14
1,23,7,32.809,186.0,23.0,14184.973,9718.78,23.0,23.311,6.2,0.14
1,23,8,107.232,19.0,102.0,100843.543,93306.693,23.0,24.334,6.7,0.14
1,23,9,268.257,134.0,206.0,258483.864,245361.19,24.0,27.341,6.7,0.14
1,23,10,633.047,871.0,98.0,617603.603,591755.889,24.0,32.173,6.4,0.14
1,23,11,757.769,924.0,98.0,729532.282,699718.49,24.0,34.091,6.1,0.14
1,23,12,602.51,323.0,358.0,572779.68,548520.256,24.0,32.161,5.9,0.14
1,23,13,432.543,98.0,360.0,409541.652,391066.4,24.0,30.051,5.6,0.14
1,23,14,329.904,54.0,294.0,313123.236,298064.473,24.0,28.619,5.6,0.14
1,23,15,540.773,852.0,84.0,531240.985,508453.442,24.0,31.558,5.7,0.14
1,23,16,115.0,0.0,115.0,108420.18,100614.86,24.0,25.617,5.6,0.14
1,23,17,117.219,472.0,43.0,85608.803,78611.78,24.0,25.54,5.5,0.14
1,23,18,0.0,0.0,0.0,0.0,0.0,24.0,24.0,5.4,0.14
1,23,19,0.0,0.0,0.0,0.0,0.0,23.0,23.0,5.6,0.14
1,23,20,0.0,0.0,0.0,0.0,0.0,23.0,23.0,5.7,0.14
1,23,21,0.0,0.0,0.0,0.0,0.0,23.0,23.0,5.7,0.14
1,23,22,0.0,0.0,0.0,0.0,0.0,23.0,23.0,5.7,0.14
1,23,23,0.0,0.0,0.0,0.0,0.0,23.0,23.0,5.7,0.14
1,24,0,0.0,0.0,0.0,0.0,0.0,23.0,23.0,5.7,0.14
1,24,1,0.0,0.0,0.0,0.0,0.0,23.0,23.0,5.9,0.14
1,24,2,0.0,0.0,0.0,0.0,0.0,23.0,23.0,6.0,0.14
1,24,3,0.0,0.0,0.0,0.0,0.0,23.0,23.0,6.0,0.14
1,24,4,0.0,0.0,0.0,0.0,0.0,23.0,23.0,5.9,0.14
1,24,5,0.0,0.0,0.0,0.0,0.0,23.0,23.0,5.8,0.14
1,24,6,0.0,0.0,0.0,0.0,0.0,23.0,23.0,5.6,0.14
1,24,7,34.814,231.0,22.0,14276.11,9806.688,23.0,23.331,5.8,0.14
1,24,8,244.909,676.0,58.0,215612.945,204009.358,24.0,27.173,6.1,0.14
1,24,9,462.712,836.0,73.0,452467.93,432471.63,24.0,30.237,6.0,0.14
1,24,10,644.029,912.0,82.0,626897.985,600720.934,24.0,32.99,5.7,0.14
1,24,11,317.924,32.0,295.0,300069.961,285473.727,24.0,28.552,5.4,0.14
1,24,12,667.392,481.0,302.0,633564.473,607151.202,24.0,33.953,5.1,0.14
1,24,13,800.362,964.0,84.0,762987.663,731988.414,24.0,36.287,4.9,0.14
1,24,14,703.462,920.0,89.0,674916.285,647037.755,25.0,35.811,4.9,0.14
1,24,15,547.278,863.0,82.0,535624.235,512681.376,24.0,32.539,4.8,0.14
1,24,16,344.113,755.0,68.0,323456.752,308031.831,24.0,29.446,4.6,0.14
1,24,17,121.658,498.0,42.0,88705.026,81598.291,24.0,25.812,4.5,0.14
1,24,18,0.0,0.0,0.0,0.0,0.0,24.0,24.0,4.5,0.14
1,24,19,0.0,0.0,0.0,0.0,0.0,23.0,23.0,4.7,0.14
1,24,20,0.0,0.0,0.0,0.0,0.0,23.0,23.0,4.6,0.14
1,24,21,0.0,0.0,0.0,0.0,0.0,23.0,23.0,4.4,0.14
1,24,22,0.0,0.0,0.0,0.0,0.0,23.0,23.0,4.1,0.14
1,24,23,0.0,0.0,0.0,0.0,0.0,23.0,23.0,3.6,0.14
1,25,0,0.0,0.0,0.0,0.0,0.0,23.0,23.0,3.2,0.14
1,25,1,0.0,0.0,0.0,0.0,0.0,23.0,23.0,3.0,0.14
1,25,2,0.0,0.0,0.0,0.0,0.0,23.0,23.0,2.9,0.14
1,25,3,0.0,0.0,0.0,0.0,0.0,23.0,23.0,2.8,0.14
1,25,4,0.0,0.0,0.0,0.0,0.0,23.0,23.0,2.6,0.14
1,25,5,0.0,0.0,0.0,0.0,0.0,23.0,23.0,2.3,0.14
1,25,6,0.0,0.0,0.0,0.0,0.0,23.0,23.0,1.9,0.14
1,25,7,37.171,281.0,21.0,14416.196,9941.81,23.0,23.662,1.5,0.14
1,25,8,249.79,705.0,54.0,216886.618,205237.901,23.0,30.421,1.0,0.14
1,25,9,468.505,854.0,69.0,441971.389,422347.023,23.0,39.412,0.5,0.14
1,25,10,649.551,926.0,77.0,599811.212,574593.954,24.0,46.127,0.6,0.14
1,25,11,772.005,953.0,87.0,702292.135,673443.57,24.0,48.201,0.9,0.14
1,25,12,825.964,968.0,88.0,749885.691,719350.697,24.0,48.0,1.2,0.14
1,25,13,806.924,965.0,87.0,738365.636,708238.843,24.0,46.373,1.4,0.14
1,25,14,713.66,937.0,85.0,667622.344,640002.267,24.0,42.139,1.8,0.14
1,25,15,557.369,886.0,77.0,533232.418,510374.311,25.0,38.354,2.1,0.14
1,25,16,352.279,782.0,64.0,327150.572,311594.764,25.0,32.873,2.4,0.14
1,25,17,127.026,535.0,40.0,92025.475,84801.084,24.0,26.49,2.7,0.14
1,25,18,0.0,0.0,0.0,0.0,0.0,24.0,24.0,3.0,0.14
1,25,19,0.0,0.0,0.0,0.0,0.0,24.0,24.0,3.4,0.14
1,25,20,0.0,0.0,0.0,0.0,0.0,23.0,23.0,3.5,0.14
1,25,21,0.0,0.0,0.0,0.0,0.0,23.0,23.0,3.5,0.14
1,25,22,0.0,0.0,0.0,0.0,0.0,23.0,23.0,3.4,0.14
1,25,23,0.0,0.0,0.0,0.0,0.0,23.0,23.0,3.4,0.14
1,26,0,0.0,0.0,0.0,0.0,0.0,23.0,23.0,3.4,0.14
1,26,1,0.0,0.0,0.0,0.0,0.0,23.0,23.0,3.5,0.14
1,26,2,0.0,0.0,0.0,0.0,0.0,23.0,23.0,3.6,0.14
1,26,3,0.0,0.0,0.0,0.0,0.0,23.0,23.0,3.7,0.14
1,26,4,0.0,0.0,0.0,0.0,0.0,23.0,23.0,3.7,0.14
1,26,5,0.0,0.0,0.0,0.0,0.0,23.0,23.0,3.6,0.14
1,26,6,0.0,0.0,0.0,0.0,0.0,23.0,23.0,3.5,0.14
1,26,7,37.583,283.0,21.0,14574.552,10094.555,23.0,23.454,3.6,0.14
1,26,8,247.316,700.0,52.0,217515.374,205844.377,23.0,27.361,3.7,0.14
1,26,9,464.628,849.0,66.0,452528.249,432529.811,23.0,31.564,3.6,0.14
1,26,10,644.792,920.0,74.0,623081.067,597039.265,23.0,34.891,3.6,0.14
1,26,11,766.921,951.0,81.0,726978.765,697255.454,24.0,38.118,3.6,0.14
1,26,12,821.342,965.0,83.0,774589.084,743178.75,24.0,38.661,3.8,0.14
1,26,13,800.786,961.0,81.0,757799.005,726983.611,24.0,38.089,3.9,0.14
1,26,14,708.81,930.0,82.0,678705.927,650693.115,24.0,36.306,4.0,0.14
1,26,15,552.712,878.0,74.0,539065.744,516000.939,24.0,33.481,4.1,0.14
1,26,16,349.975,775.0,62.0,329277.83,313646.645,24.0,29.936,4.1,0.14
1,26,17,128.473,535.0,40.0,93795.468,86508.359,24.0,26.081,3.9,0.14
1,26,18,0.0,0.0,0.0,0.0,0.0,24.0,24.0,3.9,0.14
1,26,19,0.0,0.0,0.0,0.0,0.0,23.0,23.0,4.1,0.14
1,26,20,0.0,0.0,0.0,0.0,0.0,23.0,23.0,4.2,0.14
1,26,21,0.0,0.0,0.0,0.0,0.0,23.0,23.0,4.3,0.14
1,26,22,0.0,0.0,0.0,0.0,0.0,23.0,23.0,4.2,0.14
1,26,23,0.0,0.0,0.0,0.0,0.0,23.0,23.0,4.2,0.14
1,27,0,0.0,0.0,0.0,0.0,0.0,23.0,23.0,4.2,0.14
1,27,1,0.0,0.0,0.0,0.0,0.0,23.0,23.0,4.2,0.14
1,27,2,0.0,0.0,0.0,0.0,0.0,23.0,23.0,4.1,0.14
1,27,3,0.0,0.0,0.0,0.0,0.0,23.0,23.0,4.0,0.14
1,27,4,0.0,0.0,0.0,0.0,0.0,23.0,23.0,4.0,0.14
1,27,5,0.0,0.0,0.0,0.0,0.0,23.0,23.0,4.0,0.14
1,27,6,0.0,0.0,0.0,0.0,0.0,23.0,23.0,4.0,0.14
1,27,7,38.61,294.0,21.0,14861.937,10371.757,23.0,23.412,4.4,0.14
1,27,8,250.534,708.0,52.0,221201.072,209399.476,23.0,26.792,4.8,0.14
1,27,9,469.514,854.0,67.0,458168.223,437969.938,24.0,31.22,4.9,0.14
1,27,10,650.299,924.0,75.0,630506.44,604201.527,24.0,34.004,4.9,0.14
1,27,11,771.162,948.0,85.0,737347.124,707256.421,24.0,35.842,4.9,0.14
1,27,12,523.692,178.0,387.0,494267.758,472790.324,24.0,32.088,4.8,0.14
1,27,13,631.038,395.0,334.0,597931.588,572780.932,24.0,33.769,4.8,0.14
1,27,14,330.854,50.0,297.0,313092.594,298034.916,24.0,29.109,4.8,0.14
1,27,15,555.209,874.0,76.0,543325.129,520109.397,24.0,32.551,4.9,0.14
1,27,16,97.0,0.0,97.0,90823.611,83641.807,24.0,25.467,5.0,0.14
1,27,17,130.412,532.0,41.0,96118.699,88749.269,24.0,25.848,4.9,0.14
1,27,18,0.0,0.0,0.0,0.0,0.0,23.0,23.0,4.9,0.14
1,27,19,0.0,0.0,0.0,0.0,0.0,23.0,23.0,5.1,0.14
1,27,20,0.0,0.0,0.0,0.0,0.0,23.0,23.0,5.2,0.14
1,27,21,0.0,0.0,0.0,0.0,0.0,23.0,23.0,5.2,0.14
1,27,22,0.0,0.0,0.0,0.0,0.0,23.0,23.0,5.3,0.14
1,27,23,0.0,0.0,0.0,0.0,0.0,23.0,23.0,5.3,0.14
1,28,0,0.0,0.0,0.0,0.0,0.0,23.0,23.0,5.3,0.14
1,28,1,0.0,0.0,0.0,0.0,0.0,23.0,23.0,5.5,0.14
1,28,2,0.0,0.0,0.0,0.0,0.0,23.0,23.0,5.7,0.14
1,28,3,0.0,0.0,0.0,0.0,0.0,23.0,23.0,6.1,0.14
1,28,4,0.0,0.0,0.0,0.0,0.0,23.0,23.0,6.4,0.14
1,28,5,0.0,0.0,0.0,0.0,0.0,23.0,23.0,6.6,0.14
1,28,6,0.0,0.0,0.0,0.0,0.0,23.0,23.0,6.8,0.14
1,28,7,37.914,278.0,21.0,14788.517,10300.939,23.0,23.299,7.1,0.14
1,28,8,148.518,126.0,113.0,138412.211,129544.153,23.0,24.747,7.2,0.14
1,28,9,468.809,847.0,68.0,460502.865,440221.855,24.0,29.63,7.1,0.14
1,28,10,650.267,919.0,76.0,635161.693,608691.826,24.0,32.052,6.8,0.14
1,28,11,772.267,942.0,88.0,743651.717,713337.618,24.0,33.954,6.4,0.14
1,28,12,825.795,952.0,92.0,789164.944,757238.13,24.0,35.111,6.0,0.14
1,28,13,638.297,407.0,331.0,606900.64,581432.175,24.0,32.957,5.6,0.14
1,28,14,321.248,43.0,292.0,304254.689,289510.173,24.0,28.549,5.5,0.14
1,28,15,147.0,0.0,147.0,137856.901,129008.52,24.0,26.135,5.3,0.14
1,28,16,62.0,0.0,62.0,57062.195,51076.692,24.0,24.926,5.1,0.14
1,28,17,6.0,0.0,6.0,4848.649,713.28,24.0,24.093,4.8,0.14
1,28,18,0.0,0.0,0.0,0.0,0.0,23.0,23.0,4.6,0.14
1,28,19,0.0,0.0,0.0,0.0,0.0,23.0,23.0,4.7,0.14
1,28,20,0.0,0.0,0.0,0.0,0.0,23.0,23.0,4.7,0.14
1,28,21,0.0,0.0,0.0,0.0,0.0,23.0,23.0,4.7,0.14
1,28,22,0.0,0.0,0.0,0.0,0.0,23.0,23.0,4.6,0.14
1,28,23,0.0,0.0,0.0,0.0,0.0,23.0,23.0,4.4,0.14
1,29,0,0.0,0.0,0.0,0.0,0.0,23.0,23.0,4.3,0.14
1,29,1,0.0,0.0,0.0,0.0,0.0,23.0,23.0,4.1,0.14
1,29,2,0.0,0.0,0.0,0.0,0.0,23.0,23.0,4.1,0.14
1,29,3,0.0,0.0,0.0,0.0,0.0,23.0,23.0,4.0,0.14
1,29,4,0.0,0.0,0.0,0.0,0.0,23.0,23.0,4.0,0.14
1,29,5,0.0,0.0,0.0,0.0,0.0,23.0,23.0,4.0,0.14
1,29,6,0.0,0.0,0.0,0.0,0.0,23.0,23.0,4.0,0.14
1,29,7,38.808,256.0,23.0,15782.607,11259.803,23.0,23.434,4.4,0.14
1,29,8,98.0,0.0,98.0,92297.61,85063.576,23.0,24.521,4.8,0.14
1,29,9,470.768,835.0,74.0,459441.777,439198.366,24.0,31.334,4.8,0.14
1,29,10,652.514,908.0,83.0,631113.754,604787.322,24.0,34.435,4.6,0.14
1,29,11,775.583,939.0,91.0,737523.4,707426.451,24.0,37.075,4.2,0.14
1,29,12,828.467,948.0,95.0,780089.38,748484.149,24.0,38.784,3.8,0.14
1,29,13,808.609,940.0,96.0,759693.972,728811.431,24.0,39.589,3.3,0.14
1,29,14,714.391,905.0,96.0,676603.161,648664.859,24.0,38.733,2.9,0.14
1,29,15,558.171,848.0,88.0,538315.857,515277.623,24.0,35.946,2.7,0.14
1,29,16,354.723,738.0,74.0,333413.979,317636.234,24.0,31.52,2.7,0.14
1,29,17,131.464,487.0,47.0,99348.851,91864.963,24.0,26.663,2.6,0.14
1,29,18,0.0,0.0,0.0,0.0,0.0,24.0,24.0,2.5,0.14
1,29,19,0.0,0.0,0.0,0.0,0.0,23.0,23.0,2.5,0.14
1,29,20,0.0,0.0,0.0,0.0,0.0,23.0,23.0,2.5,0.14
1,29,21,0.0,0.0,0.0,0.0,0.0,23.0,23.0,2.5,0.14
1,29,22,0.0,0.0,0.0,0.0,0.0,23.0,23.0,2.5,0.14
1,29,23,0.0,0.0,0.0,0.0,0.0,23.0,23.0,2.6,0.14
1,30,0,0.0,0.0,0.0,0.0,0.0,23.0,23.0,2.6,0.14
1,30,1,0.0,0.0,0.0,0.0,0.0,23.0,23.0,2.6,0.14
1,30,2,0.0,0.0,0.0,0.0,0.0,23.0,23.0,2.6,0.14
1,30,3,0.0,0.0,0.0,0.0,0.0,23.0,23.0,2.6,0.14
1,30,4,0.0,0.0,0.0,0.0,0.0,23.0,23.0,2.6,0.14
1,30,5,0.0,0.0,0.0,0.0,0.0,23.0,23.0,2.7,0.14
1,30,6,0.0,0.0,0.0,0.0,0.0,23.0,23.0,2.8,0.14
1,30,7,39.042,254.0,23.0,15904.356,11377.239,23.0,23.523,3.2,0.14
1,30,8,250.727,676.0,58.0,222405.237,210560.973,23.0,27.501,3.6,0.14
1,30,9,467.655,827.0,73.0,456511.436,436371.858,23.0,31.367,3.8,0.14
1,30,10,646.511,895.0,83.0,622792.008,596760.448,24.0,35.396,3.9,0.14
1,30,11,744.905,828.0,139.0,706496.538,677498.994,24.0,37.099,3.9,0.14
1,30,12,130.0,0.0,130.0,119313.974,111122.642,24.0,26.369,3.6,0.14
1,30,13,203.806,5.0,200.0,189368.9,178695.245,24.0,27.833,3.4,0.14
1,30,14,79.0,0.0,79.0,71712.063,65207.457,24.0,25.488,3.4,0.14
1,30,15,195.46,8.0,191.0,184147.216,173658.585,24.0,27.633,3.5,0.14
1,30,16,151.283,19.0,144.0,143909.793,134846.934,23.0,25.58,4.1,0.14
1,30,17,70.692,38.0,64.0,62963.997,56769.37,23.0,24.07,4.9,0.14
1,30,18,0.0,0.0,0.0,0.0,0.0,23.0,23.0,5.9,0.14
1,30,19,0.0,0.0,0.0,0.0,0.0,23.0,23.0,6.4,0.14
1,30,20,0.0,0.0,0.0,0.0,0.0,22.0,22.0,6.4,0.14
1,30,21,0.0,0.0,0.0,0.0,0.0,22.0,22.0,6.2,0.14
1,30,22,0.0,0.0,0.0,0.0,0.0,22.0,22.0,6.2,0.14
1,30,23,0.0,0.0,0.0,0.0,0.0,22.0,22.0,6.2,0.14
1,31,0,0.0,0.0,0.0,0.0,0.0,21.0,21.0,6.1,0.14
1,31,1,0.0,0.0,0.0,0.0,0.0,21.0,21.0,5.8,0.14
1,31,2,0.0,0.0,0.0,0.0,0.0,21.0,21.0,5.4,0.14
1,31,3,0.0,0.0,0.0,0.0,0.0,21.0,21.0,5.2,0.14
1,31,4,0.0,0.0,0.0,0.0,0.0,21.0,21.0,5.1,0.14
1,31,5,0.0,0.0,0.0,0.0,0.0,21.0,21.0,4.9,0.14
1,31,6,0.0,0.0,0.0,0.0,0.0,21.0,21.0,4.7,0.14
1,31,7,36.899,147.0,28.0,17432.39,12851.129,21.0,21.429,4.9,0.14
1,31,8,247.221,583.0,80.0,223500.21,211617.147,22.0,25.578,5.2,0.14
1,31,9,468.77,761.0,104.0,461230.935,440924.127,22.0,29.029,5.1,0.14
1,31,10,652.751,846.0,118.0,636153.319,609648.315,22.0,31.907,5.0,0.14
1,31,11,780.82,901.0,119.0,748282.277,717804.098,23.0,34.685,5.1,0.14
1,31,12,837.272,920.0,120.0,798369.715,766116.739,23.0,35.217,5.3,0.14
1,31,13,820.465,923.0,115.0,784468.072,752707.687,23.0,34.832,5.4,0.14
1,31,14,713.817,893.0,98.0,686512.061,658222.647,25.0,34.725,5.9,0.14
1,31,15,556.754,829.0,92.0,545634.116,522336.567,24.0,31.688,5.8,0.14
1,31,16,353.45,708.0,80.0,336883.478,320982.794,24.0,28.731,6.0,0.14
1,31,17,132.798,452.0,52.0,103155.382,95536.614,24.0,25.626,6.3,0.14
1,31,18,0.0,0.0,0.0,0.0,0.0,24.0,24.0,6.4,0.14
1,31,19,0.0,0.0,0.0,0.0,0.0,23.0,23.0,6.4,0.14
1,31,20,0.0,0.0,0.0,0.0,0.0,23.0,23.0,6.2,0.14
1,31,21,0.0,0.0,0.0,0.0,0.0,23.0,23.0,6.2,0.14
1,31,22,0.0,0.0,0.0,0.0,0.0,23.0,23.0,6.1,0.14
1,31,23,0.0,0.0,0.0,0.0,0.0,23.0,23.0,5.8,0.14
2,1,0,0.0,0.0,0.0,0.0,0.0,23.0,23.0,5.6,0.14
2,1,1,0.0,0.0,0.0,0.0,0.0,23.0,23.0,5.4,0.14
2,1,2,0.0,0.0,0.0,0.0,0.0,23.0,23.0,5.1,0.14
2,1,3,0.0,0.0,0.0,0.0,0.0,23.0,23.0,5.0,0.14
2,1,4,0.0,0.0,0.0,0.0,0.0,23.0,23.0,4.8,0.14
2,1,5,0.0,0.0,0.0,0.0,0.0,23.0,23.0,4.8,0.14
2,1,6,0.0,0.0,0.0,0.0,0.0,23.0,23.0,4.9,0.14
2,1,7,39.815,225.0,25.0,17600.352,13013.139,23.0,23.428,5.2,0.14
2,1,8,249.282,635.0,66.0,222617.96,210766.158,24.0,27.516,5.4,0.14
2,1,9,469.658,803.0,83.0,459395.237,439153.475,24.0,30.959,5.2,0.14
2,1,10,654.01,884.0,93.0,632511.201,606135.252,24.0,34.186,4.8,0.14
2,1,11,623.328,429.0,307.0,587274.869,562501.823,25.0,35.769,4.0,0.14
2,1,12,835.149,938.0,101.0,776842.967,745352.77,25.0,41.627,3.1,0.14
2,1,13,814.977,929.0,102.0,752427.906,721802.831,25.0,43.706,2.3,0.14
2,1,14,720.648,893.0,102.0,664832.326,637311.111,25.0,44.992,1.4,0.14
2,1,15,564.26,836.0,93.0,524508.859,501959.862,25.0,44.792,0.5,0.14
2,1,16,143.502,9.0,140.0,133752.297,125049.359,25.0,30.007,0.5,0.14
2,1,17,63.0,0.0,63.0,56762.715,50787.824,25.0,26.866,1.1,0.14
2,1,18,0.0,0.0,0.0,0.0,0.0,25.0,25.0,1.7,0.14
2,1,19,0.0,0.0,0.0,0.0,0.0,24.0,24.0,2.3,0.14
2,1,20,0.0,0.0,0.0,0.0,0.0,24.0,24.0,2.8,0.14
2,1,21,0.0,0.0,0.0,0.0,0.0,24.0,24.0,3.2,0.14
2,1,22,0.0,0.0,0.0,0.0,0.0,23.0,23.0,3.5,0.14
2,1,23,0.0,0.0,0.0,0.0,0.0,23.0,23.0,3.6,0.14
2,2,0,0.0,0.0,0.0,0.0,0.0,23.0,23.0,3.8,0.14
2,2,1,0.0,0.0,0.0,0.0,0.0,23.0,23.0,3.9,0.14
2,2,2,0.0,0.0,0.0,0.0,0.0,23.0,23.0,3.9,0.14
2,2,3,0.0,0.0,0.0,0.0,0.0,23.0,23.0,4.1,0.14
2,2,4,0.0,0.0,0.0,0.0,0.0,23.0,23.0,4.2,0.14
2,2,5,0.0,0.0,0.0,0.0,0.0,23.0,23.0,4.4,0.14
2,2,6,0.0,0.0,0.0,0.0,0.0,23.0,23.0,4.7,0.14
2,2,7,42.402,269.0,24.0,18755.962,14127.801,23.0,23.455,5.2,0.14
2,2,8,252.389,645.0,65.0,226609.311,214616.08,23.0,26.519,5.5,0.14
2,2,9,473.41,807.0,83.0,463699.55,443305.269,24.0,30.766,5.5,0.14
2,2,10,656.944,885.0,93.0,636978.078,610443.849,24.0,33.495,5.4,0.14
2,2,11,782.976,924.0,99.0,747735.812,717276.996,24.0,35.719,5.1,0.14
2,2,12,839.243,937.0,103.0,791160.519,759162.993,25.0,38.209,4.7,0.14
2,2,13,619.083,331.0,364.0,581850.511,557269.671,25.0,34.961,4.5,0.14
2,2,14,360.149,62.0,317.0,339044.528,323067.27,25.0,30.785,4.5,0.14
2,2,15,406.468,269.0,254.0,390040.38,372256.136,25.0,31.391,4.7,0.14
2,2,16,363.662,721.0,81.0,346728.673,330479.135,24.0,29.416,5.1,0.14
2,2,17,139.305,469.0,53.0,108995.844,101170.125,24.0,25.917,5.3,0.14
2,2,18,0.0,0.0,0.0,0.0,0.0,24.0,24.0,5.3,0.14
2,2,19,0.0,0.0,0.0,0.0,0.0,23.0,23.0,5.4,0.14
2,2,20,0.0,0.0,0.0,0.0,0.0,23.0,23.0,5.3,0.14
2,2,21,0.0,0.0,0.0,0.0,0.0,23.0,23.0,5.3,0.14
2,2,22,0.0,0.0,0.0,0.0,0.0,23.0,23.0,5.4,0.14
2,2,23,0.0,0.0,0.0,0.0,0.0,23.0,23.0,5.5,0.14
2,3,0,0.0,0.0,0.0,0.0,0.0,22.0,22.0,5.6,0.14
2,3,1,0.0,0.0,0.0,0.0,0.0,22.0,22.0,5.6,0.14
2,3,2,0.0,0.0,0.0,0.0,0.0,22.0,22.0,5.5,0.14
2,3,3,0.0,0.0,0.0,0.0,0.0,22.0,22.0,5.5,0.14
2,3,4,0.0,0.0,0.0,0.0,0.0,22.0,22.0,5.6,0.14
2,3,5,0.0,0.0,0.0,0.0,0.0,22.0,22.0,6.0,0.14
2,3,6,0.0,0.0,0.0,0.0,0.0,22.0,22.0,6.5,0.14
2,3,7,42.653,279.0,23.0,19415.759,14764.219,22.0,22.377,7.1,0.14
2,3,8,256.775,683.0,57.0,231755.324,219579.749,22.0,24.893,7.5,0.14
2,3,9,332.474,254.0,209.0,325717.269,310212.249,22.0,25.687,7.9,0.14
2,3,10,377.587,115.0,304.0,364937.007,348042.275,22.0,26.095,8.1,0.14
2,3,11,353.213,42.0,322.0,336175.354,320299.762,23.0,26.819,8.1,0.14
2,3,12,432.797,72.0,376.0,411795.699,393240.577,23.0,27.678,8.1,0.14
2,3,13,164.774,1.0,164.0,154305.729,144874.501,22.0,23.763,8.2,0.14
2,3,14,85.0,0.0,85.0,78210.691,71475.812,22.0,22.879,8.6,0.14
2,3,15,410.718,275.0,254.0,402528.135,384301.4,22.0,26.064,9.2,0.14
2,3,16,265.237,269.0,159.0,257076.615,244003.806,22.0,24.536,9.6,0.14
2,3,17,130.149,333.0,68.0,107746.971,99965.505,22.0,23.225,9.3,0.14
2,3,18,0.0,0.0,0.0,0.0,0.0,22.0,22.0,8.7,0.14
2,3,19,0.0,0.0,0.0,0.0,0.0,21.0,21.0,8.1,0.14
2,3,20,0.0,0.0,0.0,0.0,0.0,21.0,21.0,7.7,0.14
2,3,21,0.0,0.0,0.0,0.0,0.0,21.0,21.0,7.5,0.14
2,3,22,0.0,0.0,0.0,0.0,0.0,21.0,21.0,7.2,0.14
2,3,23,0.0,0.0,0.0,0.0,0.0,21.0,21.0,6.9,0.14
2,4,0,0.0,0.0,0.0,0.0,0.0,21.0,21.0,6.9,0.14
2,4,1,0.0,0.0,0.0,0.0,0.0,21.0,21.0,7.1,0.14
2,4,2,0.0,0.0,0.0,0.0,0.0,21.0,21.0,7.1,0.14
2,4,3,0.0,0.0,0.0,0.0,0.0,21.0,21.0,7.3,0.14
2,4,4,0.0,0.0,0.0,0.0,0.0,21.0,21.0,7.6,0.14
2,4,5,0.0,0.0,0.0,0.0,0.0,21.0,21.0,7.8,0.14
2,4,6,0.0,0.0,0.0,0.0,0.0,21.0,21.0,7.7,0.14
2,4,7,40.692,141.0,31.0,23018.891,18239.678,21.0,21.396,7.4,0.14
2,4,8,250.892,570.0,83.0,230121.844,218004.15,21.0,23.837,7.5,0.14
2,4,9,474.394,750.0,108.0,472459.789,451755.097,21.0,26.327,7.8,0.14
2,4,10,661.789,840.0,122.0,652776.893,625682.85,21.0,28.565,7.6,0.14
2,4,11,794.991,906.0,119.0,769819.28,738577.959,22.0,31.819,6.8,0.14
2,4,12,854.55,930.0,118.0,821664.454,788586.053,22.0,32.883,6.5,0.14
2,4,13,834.445,922.0,118.0,804267.34,771805.388,22.0,32.518,6.6,0.14
2,4,14,740.383,889.0,116.0,720596.437,691099.278,22.0,31.246,6.7,0.14
2,4,15,583.717,839.0,103.0,579061.666,554579.647,21.0,28.306,6.7,0.14
2,4,16,376.391,735.0,84.0,365425.337,348513.302,21.0,25.583,6.9,0.14
2,4,17,147.287,493.0,54.0,117707.059,109572.667,21.0,22.7,6.9,0.14
2,4,18,0.0,0.0,0.0,0.0,0.0,21.0,21.0,6.9,0.14
2,4,19,0.0,0.0,0.0,0.0,0.0,21.0,21.0,7.1,0.14
2,4,20,0.0,0.0,0.0,0.0,0.0,21.0,21.0,7.2,0.14
2,4,21,0.0,0.0,0.0,0.0,0.0,21.0,21.0,7.4,0.14
2,4,22,0.0,0.0,0.0,0.0,0.0,21.0,21.0,7.5,0.14
2,4,23,0.0,0.0,0.0,0.0,0.0,21.0,21.0,7.1,0.14
2,5,0,0.0,0.0,0.0,0.0,0.0,21.0,21.0,6.5,0.14
2,5,1,0.0,0.0,0.0,0.0,0.0,21.0,21.0,5.9,0.14
2,5,2,0.0,0.0,0.0,0.0,0.0,21.0,21.0,5.5,0.14
2,5,3,0.0,0.0,0.0,0.0,0.0,21.0,21.0,5.3,0.14
2,5,4,0.0,0.0,0.0,0.0,0.0,21.0,21.0,5.2,0.14
2,5,5,0.0,0.0,0.0,0.0,0.0,21.0,21.0,5.2,0.14
2,5,6,0.0,0.0,0.0,0.0,0.0,21.0,21.0,5.4,0.14
2,5,7,42.704,175.0,30.0,24075.104,19258.464,21.0,21.491,5.8,0.14
2,5,8,148.48,96.0,120.0,140638.442,131691.5,21.0,22.943,6.2,0.14
2,5,9,322.565,215.0,217.0,316082.275,300918.66,21.0,25.151,6.4,0.14
2,5,10,669.937,880.0,102.0,658971.111,631657.582,21.0,29.552,6.5,0.14
2,5,11,276.986,16.0,265.0,263814.392,250502.837,21.0,24.501,6.5,0.14
2,5,12,631.294,311.0,384.0,603461.379,578114.781,22.0,30.087,6.4,0.14
2,5,13,261.363,12.0,252.0,247031.468,234314.598,22.0,25.447,6.1,0.14
2,5,14,429.371,121.0,344.0,411586.447,393038.74,22.0,27.744,6.0,0.14
2,5,15,587.359,853.0,96.0,579412.737,554918.278,22.0,29.84,6.1,0.14
2,5,16,231.7,149.0,172.0,223714.418,211823.764,22.0,25.009,6.3,0.14
2,5,17,79.055,42.0,71.0,71523.063,65025.154,22.0,22.996,6.5,0.14
2,5,18,0.0,0.0,0.0,0.0,0.0,22.0,22.0,6.7,0.14
2,5,19,0.0,0.0,0.0,0.0,0.0,22.0,22.0,6.6,0.14
2,5,20,0.0,0.0,0.0,0.0,0.0,22.0,22.0,6.4,0.14
2,5,21,0.0,0.0,0.0,0.0,0.0,22.0,22.0,6.4,0.14
2,5,22,0.0,0.0,0.0,0.0,0.0,22.0,22.0,6.3,0.14
2,5,23,0.0,0.0,0.0,0.0,0.0,22.0,22.0,6.1,0.14
2,6,0,0.0,0.0,0.0,0.0,0.0,22.0,22.0,5.9,0.14
2,6,1,0.0,0.0,0.0,0.0,0.0,21.0,21.0,5.5,0.14
2,6,2,0.0,0.0,0.0,0.0,0.0,21.0,21.0,5.1,0.14
2,6,3,0.0,0.0,0.0,0.0,0.0,21.0,21.0,4.8,0.14
2,6,4,0.0,0.0,0.0,0.0,0.0,21.0,21.0,4.4,0.14
2,6,5,0.0,0.0,0.0,0.0,0.0,21.0,21.0,4.1,0.14
2,6,6,0.0,0.0,0.0,0.0,0.0,21.0,21.0,4.1,0.14
2,6,7,43.232,176.0,30.0,24949.295,20101.679,22.0,22.608,4.3,0.14
2,6,8,256.297,620.0,71.0,232814.382,220601.28,22.0,26.011,4.6,0.14
2,6,9,361.425,321.0,203.0,352752.585,336289.595,22.0,27.766,4.6,0.14
2,6,10,660.573,854.0,107.0,639036.754,612429.578,23.0,33.698,4.5,0.14
2,6,11,466.52,123.0,374.0,441534.781,421925.886,23.0,30.594,4.4,0.14
2,6,12,287.975,15.0,276.0,270223.431,256684.778,23.0,27.741,4.3,0.14
2,6,13,371.341,40.0,340.0,349709.627,333354.462,23.0,29.118,4.3,0.14
2,6,14,347.729,49.0,313.0,329219.844,313590.713,23.0,28.737,4.3,0.14
2,6,15,401.51,234.0,266.0,386795.815,369126.538,23.0,29.751,4.2,0.14
2,6,16,378.879,763.0,71.0,363188.609,346355.83,23.0,29.361,4.2,0.14
2,6,17,107.534,188.0,71.0,92078.644,84852.369,23.0,24.785,4.1,0.14
2,6,18,0.0,0.0,0.0,0.0,0.0,22.0,22.0,3.9,0.14
2,6,19,0.0,0.0,0.0,0.0,0.0,22.0,22.0,3.8,0.14
2,6,20,0.0,0.0,0.0,0.0,0.0,22.0,22.0,3.8,0.14
2,6,21,0.0,0.0,0.0,0.0,0.0,22.0,22.0,3.8,0.14
2,6,22,0.0,0.0,0.0,0.0,0.0,22.0,22.0,3.6,0.14
2,6,23,0.0,0.0,0.0,0.0,0.0,21.0,21.0,3.3,0.14
2,7,0,0.0,0.0,0.0,0.0,0.0,21.0,21.0,3.0,0.14
2,7,1,0.0,0.0,0.0,0.0,0.0,21.0,21.0,2.5,0.14
2,7,2,0.0,0.0,0.0,0.0,0.0,21.0,21.0,2.1,0.14
2,7,3,0.0,0.0,0.0,0.0,0.0,21.0,21.0,1.6,0.14
2,7,4,0.0,0.0,0.0,0.0,0.0,21.0,21.0,1.1,0.14
2,7,5,0.0,0.0,0.0,0.0,0.0,21.0,21.0,0.7,0.14
2,7,6,0.0,0.0,0.0,0.0,0.0,21.0,21.0,0.5,0.14
2,7,7,51.437,333.0,25.0,26385.603,21487.093,21.0,22.383,0.6,0.14
2,7,8,271.303,705.0,59.0,241956.159,229419.128,22.0,30.115,1.0,0.14
2,7,9,495.224,849.0,74.0,477335.403,456457.949,22.0,35.773,1.4,0.14
2,7,10,502.653,322.0,293.0,473711.523,452962.478,23.0,35.722,1.8,0.14
2,7,11,629.032,384.0,339.0,586567.413,561819.435,23.0,37.661,2.2,0.14
2,7,12,862.302,951.0,100.0,799739.541,767438.027,23.0,42.056,2.5,0.14
2,7,13,843.309,946.0,99.0,782138.297,750460.465,24.0,42.304,2.6,0.14
2,7,14,751.551,925.0,93.0,705292.245,676337.374,24.0,40.632,2.5,0.14
2,7,15,594.386,875.0,85.0,569321.153,545184.278,24.0,37.43,2.4,0.14
2,7,16,386.723,777.0,71.0,365632.699,348713.317,24.0,33.2,2.1,0.14
2,7,17,157.251,555.0,48.0,122890.921,114572.845,24.0,27.763,1.8,0.14
2,7,18,0.0,0.0,0.0,0.0,0.0,24.0,24.0,1.7,0.14
2,7,19,0.0,0.0,0.0,0.0,0.0,23.0,23.0,1.8,0.14
2,7,20,0.0,0.0,0.0,0.0,0.0,23.0,23.0,2.0,0.14
2,7,21,0.0,0.0,0.0,0.0,0.0,23.0,23.0,2.1,0.14
2,7,22,0.0,0.0,0.0,0.0,0.0,23.0,23.0,2.2,0.14
2,7,23,0.0,0.0,0.0,0.0,0.0,23.0,23.0,2.1,0.14
2,8,0,0.0,0.0,0.0,0.0,0.0,23.0,23.0,2.0,0.14
2,8,1,0.0,0.0,0.0,0.0,0.0,23.0,23.0,1.9,0.14
2,8,2,0.0,0.0,0.0,0.0,0.0,23.0,23.0,1.8,0.14
2,8,3,0.0,0.0,0.0,0.0,0.0,23.0,23.0,1.8,0.14
2,8,4,0.0,0.0,0.0,0.0,0.0,23.0,23.0,1.9,0.14
2,8,5,0.0,0.0,0.0,0.0,0.0,23.0,23.0,2.2,0.14
2,8,6,0.0,0.0,0.0,0.0,0.0,23.0,23.0,2.6,0.14
2,8,7,3.0,0.0,3.0,1951.683,0.0,23.0,23.054,3.4,0.14
2,8,8,17.0,0.0,17.0,14847.107,10357.452,23.0,23.29,4.1,0.14
2,8,9,249.919,68.0,216.0,239877.98,227414.586,23.0,27.03,4.5,0.14
2,8,10,313.74,47.0,283.0,297149.039,282656.305,24.0,28.91,4.7,0.14
2,8,11,450.118,103.0,372.0,424443.239,405439.965,24.0,31.037,4.7,0.14
2,8,12,340.926,26.0,320.0,319368.229,304088.18,24.0,29.39,4.6,0.14
2,8,13,225.321,8.0,219.0,209913.297,198511.672,24.0,27.659,4.4,0.14
2,8,14,48.0,0.0,48.0,42452.207,36984.394,25.0,25.825,4.0,0.14
2,8,15,181.17,2.0,180.0,170060.022,160070.557,24.0,27.215,3.8,0.14
2,8,16,120.0,0.0,120.0,112830.643,104869.042,24.0,26.075,4.0,0.14
2,8,17,57.0,0.0,57.0,51818.845,46019.135,24.0,24.93,4.4,0.14
2,8,18,0.0,0.0,0.0,0.0,0.0,24.0,24.0,4.6,0.14
2,8,19,0.0,0.0,0.0,0.0,0.0,24.0,24.0,5.0,0.14
2,8,20,0.0,0.0,0.0,0.0,0.0,24.0,24.0,5.4,0.14
2,8,21,0.0,0.0,0.0,0.0,0.0,24.0,24.0,5.9,0.14
2,8,22,0.0,0.0,0.0,0.0,0.0,24.0,24.0,6.4,0.14
2,8,23,0.0,0.0,0.0,0.0,0.0,24.0,24.0,6.6,0.14
2,9,0,0.0,0.0,0.0,0.0,0.0,24.0,24.0,6.5,0.14
2,9,1,0.0,0.0,0.0,0.0,0.0,24.0,24.0,6.4,0.14
2,9,2,0.0,0.0,0.0,0.0,0.0,24.0,24.0,6.3,0.14
2,9,3,0.0,0.0,0.0,0.0,0.0,23.0,23.0,6.2,0.14
2,9,4,0.0,0.0,0.0,0.0,0.0,23.0,23.0,6.3,0.14
2,9,5,0.0,0.0,0.0,0.0,0.0,23.0,23.0,6.3,0.14
2,9,6,0.0,0.0,0.0,0.0,0.0,24.0,24.0,6.2,0.14
2,9,7,5.0,0.0,5.0,3397.828,0.0,24.0,24.062,6.3,0.14
2,9,8,41.0,0.0,41.0,37160.757,31880.441,24.0,24.533,6.3,0.14
2,9,9,138.0,0.0,138.0,129769.407,121207.598,24.0,25.809,6.2,0.14
2,9,10,337.392,63.0,296.0,320954.553,305618.295,24.0,28.464,6.1,0.14
2,9,11,427.451,82.0,365.0,404397.621,386104.642,24.0,29.646,6.1,0.14
2,9,12,543.104,161.0,413.0,512841.293,490705.724,24.0,31.255,6.0,0.14
2,9,13,498.168,125.0,399.0,470543.233,449906.453,24.0,30.729,5.9,0.14
2,9,14,338.452,41.0,309.0,320006.65,304703.98,24.0,28.625,5.8,0.14
2,9,15,366.587,154.0,276.0,351944.537,335510.18,24.0,29.088,5.7,0.14
2,9,16,257.798,201.0,175.0,247403.155,234673.115,24.0,27.54,5.8,0.14
2,9,17,53.0,0.0,53.0,48099.342,42431.429,24.0,24.703,6.1,0.14
2,9,18,0.0,0.0,0.0,0.0,0.0,24.0,24.0,6.5,0.14
2,9,19,0.0,0.0,0.0,0.0,0.0,24.0,24.0,6.8,0.14
2,9,20,0.0,0.0,0.0,0.0,0.0,24.0,24.0,6.9,0.14
2,9,21,0.0,0.0,0.0,0.0,0.0,23.0,23.0,7.0,0.14
2,9,22,0.0,0.0,0.0,0.0,0.0,23.0,23.0,6.8,0.14
2,9,23,0.0,0.0,0.0,0.0,0.0,23.0,23.0,6.3,0.14
2,10,0,0.0,0.0,0.0,0.0,0.0,23.0,23.0,5.8,0.14
2,10,1,0.0,0.0,0.0,0.0,0.0,23.0,23.0,5.5,0.14
2,10,2,0.0,0.0,0.0,0.0,0.0,23.0,23.0,5.3,0.14
2,10,3,0.0,0.0,0.0,0.0,0.0,23.0,23.0,5.3,0.14
2,10,4,0.0,0.0,0.0,0.0,0.0,23.0,23.0,5.7,0.14
2,10,5,0.0,0.0,0.0,0.0,0.0,23.0,23.0,6.4,0.14
2,10,6,0.0,0.0,0.0,0.0,0.0,23.0,23.0,7.3,0.14
2,10,7,3.0,0.0,3.0,2030.153,0.0,23.0,23.031,8.1,0.14
2,10,8,45.0,0.0,45.0,41162.888,35740.761,23.0,23.469,8.6,0.14
2,10,9,225.669,39.0,206.0,216968.725,205317.098,23.0,25.345,8.6,0.14
2,10,10,256.881,18.0,245.0,243451.551,230861.532,24.0,26.731,8.3,0.14
2,10,11,428.948,81.0,367.0,406990.172,388605.33,24.0,28.859,7.6,0.14
2,10,12,447.42,72.0,389.0,422580.073,403642.818,24.0,29.369,7.0,0.14
2,10,13,527.681,154.0,405.0,499709.62,478039.359,24.0,30.538,6.7,0.14
2,10,14,611.325,419.0,309.0,585707.214,560989.716,24.0,31.605,6.7,0.14
2,10,15,289.519,55.0,257.0,276492.235,262731.453,24.0,27.559,6.8,0.14
2,10,16,252.646,180.0,178.0,242799.006,230232.11,24.0,27.113,6.8,0.14
2,10,17,81.946,34.0,75.0,74318.952,67721.974,24.0,24.993,6.9,0.14
2,10,18,0.0,0.0,0.0,0.0,0.0,24.0,24.0,6.9,0.14
2,10,19,0.0,0.0,0.0,0.0,0.0,24.0,24.0,6.9,0.14
2,10,20,0.0,0.0,0.0,0.0,0.0,23.0,23.0,6.7,0.14
2,10,21,0.0,0.0,0.0,0.0,0.0,23.0,23.0,6.2,0.14
2,10,22,0.0,0.0,0.0,0.0,0.0,23.0,23.0,5.5,0.14
2,10,23,0.0,0.0,0.0,0.0,0.0,23.0,23.0,4.7,0.14
2,11,0,0.0,0.0,0.0,0.0,0.0,23.0,23.0,3.8,0.14
2,11,1,0.0,0.0,0.0,0.0,0.0,23.0,23.0,3.0,0.14
2,11,2,0.0,0.0,0.0,0.0,0.0,22.0,22.0,2.4,0.14
2,11,3,0.0,0.0,0.0,0.0,0.0,22.0,22.0,2.2,0.14
2,11,4,0.0,0.0,0.0,0.0,0.0,22.0,22.0,2.1,0.14
2,11,5,0.0,0.0,0.0,0.0,0.0,22.0,22.0,1.9,0.14
2,11,6,0.0,0.0,0.0,0.0,0.0,22.0,22.0,1.6,0.14
2,11,7,5.0,0.0,5.0,3556.262,0.0,22.0,22.143,1.1,0.14
2,11,8,5.0,0.0,5.0,4120.18,10.623,22.0,22.175,0.5,0.14
2,11,9,118.0,0.0,118.0,110247.773,102377.694,22.0,25.779,0.8,0.14
2,11,10,292.22,32.0,271.0,275608.417,261878.952,22.0,29.07,2.0,0.14
2,11,11,413.994,69.0,361.0,387968.807,370257.967,23.0,31.609,2.8,0.14
2,11,12,296.035,16.0,283.0,276744.319,262974.605,23.0,28.653,3.3,0.14
2,11,13,488.792,111.0,400.0,458914.043,438689.332,23.0,31.921,3.6,0.14
2,11,14,471.333,155.0,359.0,446485.785,426701.456,23.0,31.241,3.9,0.14
2,11,15,224.914,15.0,216.0,213152.805,201636.391,23.0,26.822,4.1,0.14
2,11,16,20.0,0.0,20.0,17531.776,12946.993,23.0,23.332,4.3,0.14
2,11,17,3.0,0.0,3.0,2370.786,0.0,23.0,23.047,4.7,0.14
2,11,18,0.0,0.0,0.0,0.0,0.0,23.0,23.0,5.2,0.14
2,11,19,0.0,0.0,0.0,0.0,0.0,23.0,23.0,5.6,0.14
2,11,20,0.0,0.0,0.0,0.0,0.0,23.0,23.0,5.8,0.14
2,11,21,0.0,0.0,0.0,0.0,0.0,23.0,23.0,5.8,0.14
2,11,22,0.0,0.0,0.0,0.0,0.0,23.0,23.0,5.3,0.14
2,11,23,0.0,0.0,0.0,0.0,0.0,23.0,23.0,4.4,0.14
2,12,0,0.0,0.0,0.0,0.0,0.0,23.0,23.0,3.4,0.14
2,12,1,0.0,0.0,0.0,0.0,0.0,23.0,23.0,2.6,0.14
2,12,2,0.0,0.0,0.0,0.0,0.0,23.0,23.0,1.9,0.14
2,12,3,0.0,0.0,0.0,0.0,0.0,23.0,23.0,1.5,0.14
2,12,4,0.0,0.0,0.0,0.0,0.0,23.0,23.0,1.7,0.14
2,12,5,0.0,0.0,0.0,0.0,0.0,23.0,23.0,2.2,0.14
2,12,6,0.0,0.0,0.0,0.0,0.0,23.0,23.0,2.7,0.14
2,12,7,51.268,200.0,33.0,33280.479,28137.657,23.0,23.895,3.2,0.14
2,12,8,262.573,611.0,71.0,239683.643,227227.136,23.0,27.68,3.7,0.14
2,12,9,481.196,765.0,91.0,472027.542,451338.167,23.0,31.495,3.9,0.14
2,12,10,663.973,845.0,101.0,638383.877,611799.835,23.0,35.045,3.7,0.14
2,12,11,788.194,878.0,111.0,743580.34,713268.77,23.0,38.189,3.3,0.14
2,12,12,703.839,424.0,357.0,654199.72,627055.26,23.0,37.939,2.7,0.14
2,12,13,223.426,8.0,217.0,207730.657,196406.371,23.0,27.894,2.5,0.14
2,12,14,42.0,0.0,42.0,37040.049,31764.01,24.0,24.888,2.7,0.14
2,12,15,190.389,4.0,188.0,178546.439,168256.266,24.0,27.709,3.2,0.14
2,12,16,281.824,259.0,173.0,269748.115,256226.305,24.0,29.095,3.7,0.14
2,12,17,19.0,0.0,19.0,16465.211,11918.22,24.0,24.324,4.1,0.14
2,12,18,0.0,0.0,0.0,0.0,0.0,23.0,23.0,4.6,0.14
2,12,19,0.0,0.0,0.0,0.0,0.0,23.0,23.0,5.2,0.14
2,12,20,0.0,0.0,0.0,0.0,0.0,23.0,23.0,5.6,0.14
2,12,21,0.0,0.0,0.0,0.0,0.0,23.0,23.0,5.8,0.14
2,12,22,0.0,0.0,0.0,0.0,0.0,23.0,23.0,5.8,0.14
2,12,23,0.0,0.0,0.0,0.0,0.0,23.0,23.0,5.6,0.14
2,13,0,0.0,0.0,0.0,0.0,0.0,23.0,23.0,5.5,0.14
2,13,1,0.0,0.0,0.0,0.0,0.0,23.0,23.0,5.5,0.14
2,13,2,0.0,0.0,0.0,0.0,0.0,23.0,23.0,5.5,0.14
2,13,3,0.0,0.0,0.0,0.0,0.0,23.0,23.0,5.5,0.14
2,13,4,0.0,0.0,0.0,0.0,0.0,23.0,23.0,5.7,0.14
2,13,5,0.0,0.0,0.0,0.0,0.0,23.0,23.0,6.1,0.14
2,13,6,0.0,0.0,0.0,0.0,0.0,23.0,23.0,6.6,0.14
2,13,7,2.0,0.0,2.0,1381.478,0.0,23.0,23.022,7.4,0.14
2,13,8,65.0,0.0,65.0,60385.875,54282.601,23.0,23.714,8.0,0.14
2,13,9,137.0,0.0,137.0,129406.886,120857.923,23.0,24.46,8.3,0.14
2,13,10,269.057,21.0,255.0,256122.022,243083.038,23.0,25.86,8.3,0.14
2,13,11,398.151,57.0,354.0,378862.655,361474.482,23.0,27.265,8.2,0.14
2,13,12,382.39,37.0,352.0,362187.756,345390.442,23.0,27.205,7.9,0.14
2,13,13,407.132,51.0,366.0,384731.628,367135.494,24.0,28.563,7.7,0.14
2,13,14,652.93,532.0,264.0,628135.143,601914.255,24.0,31.435,7.6,0.14
2,13,15,439.255,282.0,270.0,425232.426,406201.188,24.0,29.004,7.6,0.14
2,13,16,268.38,209.0,180.0,259748.16,246580.687,23.0,26.0,7.8,0.14
2,13,17,104.747,117.0,80.0,93449.248,86174.407,23.0,24.122,8.1,0.14
2,13,18,0.0,0.0,0.0,0.0,0.0,23.0,23.0,8.4,0.14
2,13,19,0.0,0.0,0.0,0.0,0.0,23.0,23.0,8.8,0.14
2,13,20,0.0,0.0,0.0,0.0,0.0,23.0,23.0,9.1,0.14
2,13,21,0.0,0.0,0.0,0.0,0.0,23.0,23.0,9.4,0.14
2,13,22,0.0,0.0,0.0,0.0,0.0,23.0,23.0,9.7,0.14
2,13,23,0.0,0.0,0.0,0.0,0.0,23.0,23.0,9.8,0.14
2,14,0,0.0,0.0,0.0,0.0,0.0,22.0,22.0,9.9,0.14
2,14,1,0.0,0.0,0.0,0.0,0.0,22.0,22.0,9.9,0.14
2,14,2,0.0,0.0,0.0,0.0,0.0,22.0,22.0,9.9,0.14
2,14,3,0.0,0.0,0.0,0.0,0.0,22.0,22.0,9.8,0.14
2,14,4,0.0,0.0,0.0,0.0,0.0,22.0,22.0,9.9,0.14
2,14,5,0.0,0.0,0.0,0.0,0.0,22.0,22.0,10.1,0.14
2,14,6,0.0,0.0,0.0,0.0,0.0,22.0,22.0,10.3,0.14
2,14,7,27.0,0.0,27.0,21757.654,17023.131,22.0,22.231,10.7,0.14
2,14,8,172.102,132.0,130.0,162984.604,153245.849,23.0,24.477,11.0,0.14
2,14,9,290.309,113.0,232.0,282112.091,268152.175,23.0,25.465,11.2,0.14
2,14,10,491.547,261.0,316.0,477154.548,456283.503,23.0,27.167,11.2,0.14
2,14,11,514.907,158.0,392.0,494076.801,472606.133,23.0,27.414,11.0,0.14
2,14,12,602.083,222.0,419.0,576694.396,552296.259,23.0,28.198,10.9,0.14
2,14,13,445.306,72.0,387.0,424715.995,405703.056,23.0,26.866,10.8,0.14
2,14,14,376.585,58.0,334.0,360220.63,343493.019,23.0,26.297,10.7,0.14
2,14,15,454.989,315.0,265.0,444552.317,424836.498,23.0,27.036,10.6,0.14
2,14,16,203.809,63.0,177.0,196349.61,185428.6,23.0,24.82,10.5,0.14
2,14,17,57.0,0.0,57.0,52306.972,46489.966,23.0,23.509,10.5,0.14
2,14,18,0.0,0.0,0.0,0.0,0.0,22.0,22.0,10.7,0.14
2,14,19,0.0,0.0,0.0,0.0,0.0,22.0,22.0,10.9,0.14
2,14,20,0.0,0.0,0.0,0.0,0.0,22.0,22.0,10.9,0.14
2,14,21,0.0,0.0,0.0,0.0,0.0,22.0,22.0,10.6,0.14
2,14,22,0.0,0.0,0.0,0.0,0.0,22.0,22.0,10.5,0.14
2,14,23,0.0,0.0,0.0,0.0,0.0,22.0,22.0,10.4,0.14
2,15,0,0.0,0.0,0.0,0.0,0.0,22.0,22.0,10.2,0.14
2,15,1,0.0,0.0,0.0,0.0,0.0,22.0,22.0,9.8,0.14
2,15,2,0.0,0.0,0.0,0.0,0.0,22.0,22.0,9.3,0.14
2,15,3,0.0,0.0,0.0,0.0,0.0,22.0,22.0,9.0,0.14
2,15,4,0.0,0.0,0.0,0.0,0.0,22.0,22.0,8.9,0.14
2,15,5,0.0,0.0,0.0,0.0,0.0,22.0,22.0,9.0,0.14
2,15,6,0.0,0.0,0.0,0.0,0.0,23.0,23.0,9.3,0.14
2,15,7,37.167,22.0,35.0,29632.717,24619.15,23.0,23.341,9.7,0.14
2,15,8,149.914,65.0,129.0,142391.823,133382.752,23.0,24.378,10.1,0.14
2,15,9,228.686,36.0,210.0,219984.026,208225.555,23.0,25.055,10.4,0.14
2,15,10,468.274,212.0,325.0,453259.824,433235.464,23.0,27.174,10.5,0.14
2,15,11,606.681,294.0,377.0,583682.286,559036.539,23.0,28.442,10.4,0.14
2,15,12,642.026,279.0,411.0,614816.825,589067.858,23.0,28.841,10.2,0.14
2,15,13,698.75,424.0,354.0,671671.132,643907.591,23.0,29.416,10.1,0.14
2,15,14,417.888,88.0,353.0,400310.854,382162.686,23.0,26.829,10.1,0.14
2,15,15,438.031,269.0,275.0,426851.143,407762.547,23.0,27.063,10.0,0.14
2,15,16,319.429,377.0,158.0,311165.252,296175.867,23.0,25.965,10.0,0.14
2,15,17,99.945,83.0,82.0,90414.0,83246.71,23.0,23.917,10.0,0.14
2,15,18,0.0,0.0,0.0,0.0,0.0,22.0,22.0,9.9,0.14
2,15,19,0.0,0.0,0.0,0.0,0.0,22.0,22.0,9.6,0.14
2,15,20,0.0,0.0,0.0,0.0,0.0,22.0,22.0,9.3,0.14
2,15,21,0.0,0.0,0.0,0.0,0.0,22.0,22.0,9.0,0.14
2,15,22,0.0,0.0,0.0,0.0,0.0,22.0,22.0,8.8,0.14
2,15,23,0.0,0.0,0.0,0.0,0.0,22.0,22.0,8.6,0.14
2,16,0,0.0,0.0,0.0,0.0,0.0,22.0,22.0,8.5,0.14
2,16,1,0.0,0.0,0.0,0.0,0.0,22.0,22.0,8.2,0.14
2,16,2,0.0,0.0,0.0,0.0,0.0,22.0,22.0,8.0,0.14
2,16,3,0.0,0.0,0.0,0.0,0.0,22.0,22.0,7.9,0.14
2,16,4,0.0,0.0,0.0,0.0,0.0,22.0,22.0,7.8,0.14
2,16,5,0.0,0.0,0.0,0.0,0.0,22.0,22.0,7.7,0.14
2,16,6,0.0,0.0,0.0,0.0,0.0,22.0,22.0,7.9,0.14
2,16,7,63.472,262.0,37.0,42730.757,37253.074,22.0,22.61,8.3,0.14
2,16,8,289.019,647.0,79.0,268539.622,255060.633,23.0,25.946,8.7,0.14
2,16,9,520.419,809.0,98.0,517255.385,494963.408,23.0,28.399,8.7,0.14
2,16,10,711.707,889.0,108.0,695948.691,667324.9,23.0,30.493,8.5,0.14
2,16,11,841.599,921.0,119.0,809217.558,776580.2,24.0,33.002,8.3,0.14
2,16,12,898.707,933.0,123.0,859004.07,824602.577,24.0,33.693,8.2,0.14
2,16,13,879.145,925.0,124.0,842082.679,808280.779,24.0,33.399,8.3,0.14
2,16,14,783.482,896.0,120.0,757684.495,726873.158,24.0,32.239,8.5,0.14
2,16,15,621.921,839.0,111.0,612721.996,587047.257,23.0,29.498,8.6,0.14
2,16,16,164.031,14.0,158.0,156798.075,147278.533,23.0,24.706,8.6,0.14
2,16,17,173.783,507.0,63.0,145191.387,136083.117,23.0,24.783,8.3,0.14
2,16,18,0.0,0.0,0.0,0.0,0.0,23.0,23.0,7.9,0.14
2,16,19,0.0,0.0,0.0,0.0,0.0,23.0,23.0,7.7,0.14
2,16,20,0.0,0.0,0.0,0.0,0.0,23.0,23.0,7.5,0.14
2,16,21,0.0,0.0,0.0,0.0,0.0,23.0,23.0,7.2,0.14
2,16,22,0.0,0.0,0.0,0.0,0.0,22.0,22.0,6.9,0.14
2,16,23,0.0,0.0,0.0,0.0,0.0,22.0,22.0,6.5,0.14
2,17,0,0.0,0.0,0.0,0.0,0.0,22.0,22.0,6.3,0.14
2,17,1,0.0,0.0,0.0,0.0,0.0,22.0,22.0,6.1,0.14
2,17,2,0.0,0.0,0.0,0.0,0.0,22.0,22.0,5.9,0.14
2,17,3,0.0,0.0,0.0,0.0,0.0,22.0,22.0,5.8,0.14
2,17,4,0.0,0.0,0.0,0.0,0.0,22.0,22.0,5.8,0.14
2,17,5,0.0,0.0,0.0,0.0,0.0,22.0,22.0,6.0,0.14
2,17,6,0.0,0.0,0.0,0.0,0.0,22.0,22.0,6.4,0.14
2,17,7,20.0,0.0,20.0,16302.922,11761.682,22.0,22.239,6.9,0.14
2,17,8,115.655,2.0,115.0,109719.343,101867.988,23.0,24.37,7.2,0.14
2,17,9,168.525,1.0,168.0,159944.443,150313.412,23.0,24.971,7.3,0.14
2,17,10,516.984,296.0,315.0,498824.698,477185.793,23.0,29.052,7.3,0.14
2,17,11,328.699,25.0,309.0,310931.901,295950.785,23.0,26.943,7.0,0.14
2,17,12,897.342,930.0,121.0,855987.752,821693.14,23.0,34.183,6.7,0.14
2,17,13,878.814,927.0,119.0,835952.504,802367.82,24.0,35.187,6.5,0.14
2,17,14,381.129,58.0,338.0,360704.431,343959.676,24.0,28.925,6.3,0.14
2,17,15,340.737,96.0,282.0,326001.542,310486.448,24.0,28.369,6.4,0.14
2,17,16,250.844,145.0,188.0,242204.067,229658.251,23.0,26.157,6.6,0.14
2,17,17,138.3,255.0,82.0,120817.204,112572.607,23.0,24.699,6.6,0.14
2,17,18,0.0,0.0,0.0,0.0,0.0,23.0,0.0,6.6,0.14
2,17,19,0.0,0.0,0.0,0.0,0.0,23.0,23.0,6.6,0.14
2,17,20,0.0,0.0,0.0,0.0,0.0,23.0,23.0,6.6,0.14
2,17,21,0.0,0.0,0.0,0.0,0.0,22.0,22.0,6.5,0.14
2,17,22,0.0,0.0,0.0,0.0,0.0,22.0,22.0,6.2,0.14
2,17,23,0.0,0.0,0.0,0.0,0.0,22.0,22.0,5.7,0.14
2,18,0,0.0,0.0,0.0,0.0,0.0,22.0,22.0,5.3,0.14
2,18,1,0.0,0.0,0.0,0.0,0.0,22.0,22.0,5.1,0.14
2,18,2,0.0,0.0,0.0,0.0,0.0,22.0,22.0,5.1,0.14
2,18,3,0.0,0.0,0.0,0.0,0.0,22.0,22.0,5.2,0.14
2,18,4,0.0,0.0,0.0,0.0,0.0,22.0,22.0,5.3,0.14
2,18,5,0.0,0.0,0.0,0.0,0.0,22.0,22.0,5.5,0.14
2,18,6,0.0,0.0,0.0,0.0,0.0,22.0,22.0,5.8,0.14
2,18,7,69.436,324.0,35.0,45760.66,40175.615,22.0,22.804,6.3,0.14
2,18,8,159.777,78.0,134.0,151689.504,142350.979,23.0,24.986,6.7,0.14
2,18,9,76.0,0.0,76.0,70159.924,63710.316,23.0,23.916,7.0,0.14
2,18,10,714.76,898.0,99.0,696048.492,667421.164,23.0,31.574,7.1,0.14
2,18,11,613.984,302.0,375.0,586039.177,561309.917,23.0,30.466,6.9,0.14
2,18,12,653.871,285.0,415.0,617713.636,591862.023,24.0,32.279,6.5,0.14
2,18,13,411.323,49.0,371.0,387040.691,369362.738,24.0,29.425,6.1,0.14
2,18,14,506.151,181.0,371.0,480569.724,459577.665,24.0,30.847,5.9,0.14
2,18,15,494.418,396.0,251.0,477583.004,456696.777,24.0,30.797,5.8,0.14
2,18,16,295.406,267.0,179.0,285987.587,271890.347,23.0,27.059,5.8,0.14
2,18,17,174.954,493.0,65.0,147136.681,137959.481,23.0,25.263,6.0,0.14
2,18,18,0.0,0.0,0.0,0.0,0.0,23.0,0.0,6.1,0.14
2,18,19,0.0,0.0,0.0,0.0,0.0,23.0,23.0,6.3,0.14
2,18,20,0.0,0.0,0.0,0.0,0.0,23.0,23.0,6.4,0.14
2,18,21,0.0,0.0,0.0,0.0,0.0,23.0,23.0,6.4,0.14
2,18,22,0.0,0.0,0.0,0.0,0.0,23.0,23.0,6.3,0.14
2,18,23,0.0,0.0,0.0,0.0,0.0,23.0,23.0,6.1,0.14
2,19,0,0.0,0.0,0.0,0.0,0.0,22.0,22.0,6.0,0.14
2,19,1,0.0,0.0,0.0,0.0,0.0,22.0,22.0,5.8,0.14
2,19,2,0.0,0.0,0.0,0.0,0.0,22.0,22.0,5.7,0.14
2,19,3,0.0,0.0,0.0,0.0,0.0,22.0,22.0,5.6,0.14
2,19,4,0.0,0.0,0.0,0.0,0.0,22.0,22.0,5.5,0.14
2,19,5,0.0,0.0,0.0,0.0,0.0,22.0,22.0,5.6,0.14
2,19,6,0.0,0.0,0.0,0.0,0.0,22.0,22.0,5.9,0.14
2,19,7,49.463,96.0,39.0,38096.32,32782.853,23.0,23.598,6.5,0.14
2,19,8,215.038,243.0,134.0,203346.73,192177.784,23.0,25.638,6.8,0.14
2,19,9,396.519,332.0,220.0,387680.626,369979.997,23.0,27.848,6.9,0.14
2,19,10,566.175,395.0,294.0,546301.739,522980.534,23.0,30.046,6.7,0.14
2,19,11,684.479,441.0,334.0,650586.424,623569.998,24.0,32.779,6.4,0.14
2,19,12,728.898,436.0,362.0,688117.715,659771.406,24.0,33.759,6.0,0.14
2,19,13,665.505,325.0,397.0,627506.827,601308.202,24.0,33.32,5.6,0.14
2,19,14,634.651,417.0,322.0,603979.952,578614.978,24.0,32.907,5.6,0.14
2,19,15,627.446,859.0,97.0,610344.766,584754.262,24.0,32.859,5.6,0.14
2,19,16,212.503,65.0,184.0,203265.509,192099.442,24.0,26.918,5.8,0.14
2,19,17,6.0,0.0,6.0,4914.813,777.099,24.0,24.081,6.0,0.14
2,19,18,0.0,0.0,0.0,0.0,0.0,23.0,0.0,6.0,0.14
2,19,19,0.0,0.0,0.0,0.0,0.0,23.0,23.0,5.9,0.14
2,19,20,0.0,0.0,0.0,0.0,0.0,23.0,23.0,5.6,0.14
2,19,21,0.0,0.0,0.0,0.0,0.0,23.0,23.0,5.3,0.14
2,19,22,0.0,0.0,0.0,0.0,0.0,23.0,23.0,4.9,0.14
2,19,23,0.0,0.0,0.0,0.0,0.0,23.0,23.0,4.5,0.14
2,20,0,0.0,0.0,0.0,0.0,0.0,22.0,22.0,4.1,0.14
2,20,1,0.0,0.0,0.0,0.0,0.0,22.0,22.0,4.0,0.14
2,20,2,0.0,0.0,0.0,0.0,0.0,22.0,22.0,3.9,0.14
2,20,3,0.0,0.0,0.0,0.0,0.0,22.0,22.0,3.8,0.14
2,20,4,0.0,0.0,0.0,0.0,0.0,22.0,22.0,4.0,0.14
2,20,5,0.0,0.0,0.0,0.0,0.0,22.0,22.0,4.4,0.14
2,20,6,0.0,0.0,0.0,0.0,0.0,22.0,22.0,5.0,0.14
2,20,7,74.895,348.0,36.0,49757.037,44030.385,23.0,23.92,5.8,0.14
2,20,8,301.858,680.0,73.0,281414.356,267479.164,23.0,26.882,6.3,0.14
2,20,9,396.25,322.0,224.0,386942.352,369267.884,23.0,27.996,6.6,0.14
2,20,10,524.572,294.0,321.0,502827.565,481046.823,24.0,30.59,6.6,0.14
2,20,11,852.268,935.0,106.0,812981.744,780211.006,24.0,34.97,6.4,0.14
2,20,12,908.252,946.0,109.0,860323.291,825875.054,24.0,35.938,6.2,0.14
2,20,13,888.474,941.0,108.0,843354.513,809507.547,24.0,35.681,6.2,0.14
2,20,14,469.112,129.0,372.0,445077.519,425343.09,24.0,30.067,6.3,0.14
2,20,15,452.206,276.0,281.0,435864.518,416456.542,24.0,29.81,6.4,0.14
2,20,16,282.818,215.0,188.0,272877.47,259244.774,24.0,27.56,6.6,0.14
2,20,17,182.678,535.0,61.0,152986.858,143602.363,24.0,26.213,6.6,0.14
2,20,18,0.0,0.0,0.0,0.0,0.0,23.0,0.0,6.5,0.14
2,20,19,0.0,0.0,0.0,0.0,0.0,23.0,23.0,6.3,0.14
2,20,20,0.0,0.0,0.0,0.0,0.0,23.0,23.0,6.0,0.14
2,20,21,0.0,0.0,0.0,0.0,0.0,23.0,23.0,5.7,0.14
2,20,22,0.0,0.0,0.0,0.0,0.0,23.0,23.0,5.3,0.14
2,20,23,0.0,0.0,0.0,0.0,0.0,23.0,23.0,4.9,0.14
2,21,0,0.0,0.0,0.0,0.0,0.0,23.0,23.0,4.5,0.14
2,21,1,0.0,0.0,0.0,0.0,0.0,22.0,22.0,4.1,0.14
2,21,2,0.0,0.0,0.0,0.0,0.0,22.0,22.0,4.0,0.14
2,21,3,0.0,0.0,0.0,0.0,0.0,22.0,22.0,3.8,0.14
2,21,4,0.0,0.0,0.0,0.0,0.0,22.0,22.0,3.7,0.14
2,21,5,0.0,0.0,0.0,0.0,0.0,22.0,22.0,3.7,0.14
2,21,6,0.0,0.0,0.0,0.0,0.0,22.0,22.0,3.8,0.14
2,21,7,74.788,321.0,38.0,51016.679,45245.393,23.0,24.154,4.1,0.14
2,21,8,299.482,655.0,77.0,278668.355,264830.465,23.0,27.988,4.2,0.14
2,21,9,526.121,801.0,95.0,512912.57,490774.476,24.0,33.152,4.0,0.14
2,21,10,713.448,873.0,106.0,679111.753,651084.561,24.0,37.134,3.6,0.14
2,21,11,178.405,3.0,176.0,164716.611,154916.484,24.0,27.579,3.0,0.14
2,21,12,217.786,8.0,211.0,200254.449,189195.075,25.0,29.767,2.5,0.14
2,21,13,699.736,378.0,385.0,638433.364,611847.569,25.0,41.945,2.0,0.14
2,21,14,457.165,114.0,371.0,421741.071,402833.545,25.0,36.77,1.7,0.14
2,21,15,165.0,0.0,165.0,152327.938,142966.791,25.0,29.651,1.3,0.14
2,21,16,411.094,715.0,94.0,387819.329,370113.785,25.0,36.943,1.2,0.14
2,21,17,120.98,148.0,87.0,107286.791,99521.631,24.0,27.457,1.2,0.14
2,21,18,0.0,0.0,0.0,0.0,0.0,24.0,0.0,1.2,0.14
2,21,19,0.0,0.0,0.0,0.0,0.0,24.0,24.0,1.5,0.14
2,21,20,0.0,0.0,0.0,0.0,0.0,24.0,24.0,2.0,0.14
2,21,21,0.0,0.0,0.0,0.0,0.0,23.0,23.0,2.3,0.14
2,21,22,0.0,0.0,0.0,0.0,0.0,23.0,23.0,2.2,0.14
2,21,23,0.0,0.0,0.0,0.0,0.0,23.0,23.0,1.9,0.14
2,22,0,0.0,0.0,0.0,0.0,0.0,23.0,23.0,1.6,0.14
2,22,1,0.0,0.0,0.0,0.0,0.0,23.0,23.0,1.3,0.14
2,22,2,0.0,0.0,0.0,0.0,0.0,23.0,23.0,1.0,0.14
2,22,3,0.0,0.0,0.0,0.0,0.0,23.0,23.0,0.8,0.14
2,22,4,0.0,0.0,0.0,0.0,0.0,23.0,23.0,0.8,0.14
2,22,5,0.0,0.0,0.0,0.0,0.0,23.0,23.0,1.0,0.14
2,22,6,0.0,0.0,0.0,0.0,0.0,23.0,23.0,1.4,0.14
2,22,7,74.9,280.0,42.0,53039.285,47196.33,23.0,24.742,1.8,0.14
2,22,8,298.179,616.0,87.0,275305.947,261587.2,24.0,30.773,2.3,0.14
2,22,9,525.62,773.0,107.0,508022.496,486057.676,24.0,35.051,2.8,0.14
2,22,10,715.241,857.0,116.0,677933.723,649948.273,24.0,38.022,3.2,0.14
2,22,11,841.831,888.0,127.0,784033.533,752288.546,25.0,40.709,3.5,0.14
2,22,12,899.391,907.0,127.0,834103.144,800583.99,25.0,41.026,3.8,0.14
2,22,13,882.109,907.0,124.0,822190.354,789093.318,25.0,40.052,4.1,0.14
2,22,14,435.812,92.0,366.0,408457.962,390021.11,25.0,32.289,4.2,0.14
2,22,15,376.356,130.0,295.0,356955.954,340344.023,25.0,31.314,4.2,0.14
2,22,16,16.0,0.0,16.0,13709.566,9260.219,25.0,25.273,4.1,0.14
2,22,17,92.72,29.0,86.0,85259.355,78274.714,24.0,25.598,4.0,0.14
2,22,18,0.0,0.0,0.0,0.0,0.0,24.0,0.0,3.7,0.14
2,22,19,0.0,0.0,0.0,0.0,0.0,24.0,24.0,3.3,0.14
2,22,20,0.0,0.0,0.0,0.0,0.0,24.0,24.0,3.1,0.14
2,22,21,0.0,0.0,0.0,0.0,0.0,24.0,24.0,3.0,0.14
2,22,22,0.0,0.0,0.0,0.0,0.0,23.0,23.0,2.9,0.14
2,22,23,0.0,0.0,0.0,0.0,0.0,23.0,23.0,2.8,0.14
2,23,0,0.0,0.0,0.0,0.0,0.0,23.0,23.0,2.6,0.14
2,23,1,0.0,0.0,0.0,0.0,0.0,23.0,23.0,2.4,0.14
2,23,2,0.0,0.0,0.0,0.0,0.0,23.0,23.0,2.3,0.14
2,23,3,0.0,0.0,0.0,0.0,0.0,23.0,23.0,2.3,0.14
2,23,4,0.0,0.0,0.0,0.0,0.0,23.0,23.0,2.3,0.14
2,23,5,0.0,0.0,0.0,0.0,0.0,23.0,23.0,2.4,0.14
2,23,6,0.0,0.0,0.0,0.0,0.0,23.0,23.0,2.5,0.14
2,23,7,83.504,411.0,34.0,55066.612,49151.82,23.0,24.53,2.9,0.14
2,23,8,316.215,726.0,65.0,293621.209,279253.48,23.0,29.228,3.1,0.14
2,23,9,544.262,852.0,80.0,527570.037,504912.571,24.0,34.88,3.1,0.14
2,23,10,732.234,914.0,90.0,692583.571,664079.019,24.0,38.843,3.0,0.14
2,23,11,859.722,941.0,99.0,796217.95,764041.22,24.0,42.323,2.7,0.14
2,23,12,917.462,955.0,101.0,834318.843,800792.047,25.0,46.032,2.3,0.14
2,23,13,897.919,951.0,100.0,813218.144,780439.029,25.0,47.29,1.9,0.14
2,23,14,801.855,920.0,101.0,731506.891,701623.131,25.0,46.722,1.5,0.14
2,23,15,640.696,873.0,92.0,596687.584,571581.008,25.0,43.655,1.2,0.14
2,23,16,427.703,780.0,78.0,404280.387,385991.563,25.0,37.139,1.3,0.14
2,23,17,191.384,579.0,56.0,159019.715,149421.451,24.0,28.666,1.8,0.14
2,23,18,0.0,0.0,0.0,0.0,0.0,24.0,0.0,2.5,0.14
2,23,19,0.0,0.0,0.0,0.0,0.0,24.0,24.0,3.0,0.14
2,23,20,0.0,0.0,0.0,0.0,0.0,23.0,23.0,3.6,0.14
2,23,21,0.0,0.0,0.0,0.0,0.0,23.0,23.0,4.1,0.14
2,23,22,0.0,0.0,0.0,0.0,0.0,23.0,23.0,4.3,0.14
2,23,23,0.0,0.0,0.0,0.0,0.0,23.0,23.0,4.1,0.14
2,24,0,0.0,0.0,0.0,0.0,0.0,22.0,22.0,4.0,0.14
2,24,1,0.0,0.0,0.0,0.0,0.0,22.0,22.0,3.9,0.14
2,24,2,0.0,0.0,0.0,0.0,0.0,22.0,22.0,3.9,0.14
2,24,3,0.0,0.0,0.0,0.0,0.0,22.0,22.0,3.9,0.14
2,24,4,0.0,0.0,0.0,0.0,0.0,22.0,22.0,4.0,0.14
2,24,5,0.0,0.0,0.0,0.0,0.0,22.0,22.0,4.1,0.14
2,24,6,0.0,0.0,0.0,0.0,0.0,22.0,22.0,4.4,0.14
2,24,7,86.356,416.0,35.0,57687.983,51680.306,23.0,24.23,4.6,0.14
2,24,8,312.901,684.0,74.0,292921.477,278578.542,23.0,27.941,4.6,0.14
2,24,9,539.762,813.0,94.0,526665.929,504040.499,24.0,32.876,4.4,0.14
2,24,10,725.259,877.0,106.0,691943.826,663461.942,24.0,36.402,4.1,0.14
2,24,11,849.228,897.0,121.0,795755.659,763595.31,24.0,39.141,3.8,0.14
2,24,12,904.45,907.0,126.0,839895.433,806171.036,24.0,40.607,3.6,0.14
2,24,13,882.296,898.0,126.0,816544.725,783647.736,25.0,41.715,3.4,0.14
2,24,14,785.206,862.0,126.0,733355.613,703406.345,25.0,40.631,3.1,0.14
2,24,15,624.738,806.0,116.0,594475.779,569447.576,25.0,37.89,2.9,0.14
2,24,16,415.302,704.0,98.0,399542.746,381421.795,24.0,32.558,2.9,0.14
2,24,17,39.0,0.0,39.0,35085.344,29878.568,24.0,24.775,3.1,0.14
2,24,18,0.0,0.0,0.0,0.0,0.0,24.0,0.0,3.2,0.14
2,24,19,0.0,0.0,0.0,0.0,0.0,24.0,24.0,3.3,0.14
2,24,20,0.0,0.0,0.0,0.0,0.0,24.0,24.0,3.4,0.14
2,24,21,0.0,0.0,0.0,0.0,0.0,24.0,24.0,3.6,0.14
2,24,22,0.0,0.0,0.0,0.0,0.0,24.0,24.0,3.8,0.14
2,24,23,0.0,0.0,0.0,0.0,0.0,24.0,24.0,3.8,0.14
2,25,0,0.0,0.0,0.0,0.0,0.0,23.0,23.0,3.8,0.14
2,25,1,0.0,0.0,0.0,0.0,0.0,23.0,23.0,3.9,0.14
2,25,2,0.0,0.0,0.0,0.0,0.0,23.0,23.0,4.1,0.14
2,25,3,0.0,0.0,0.0,0.0,0.0,23.0,23.0,4.3,0.14
2,25,4,0.0,0.0,0.0,0.0,0.0,23.0,23.0,4.5,0.14
2,25,5,0.0,0.0,0.0,0.0,0.0,23.0,23.0,4.7,0.14
2,25,6,0.0,0.0,0.0,0.0,0.0,23.0,23.0,5.3,0.14
2,25,7,47.416,27.0,44.0,40301.248,34909.652,23.0,23.631,5.9,0.14
2,25,8,174.967,85.0,145.0,166777.27,156904.126,23.0,25.271,6.3,0.14
2,25,9,375.547,233.0,247.0,363537.645,346692.499,24.0,28.729,6.6,0.14
2,25,10,516.683,249.0,340.0,494215.905,472740.308,24.0,30.353,6.8,0.14
2,25,11,591.992,222.0,411.0,560778.09,536943.93,24.0,31.189,6.9,0.14
2,25,12,437.941,51.0,394.0,411918.037,393358.581,24.0,29.303,6.9,0.14
2,25,13,489.545,87.0,416.0,461363.49,441051.984,24.0,29.993,6.8,0.14
2,25,14,634.94,379.0,344.0,605221.718,579812.744,24.0,31.889,6.7,0.14
2,25,15,370.89,115.0,298.0,354919.087,338379.33,24.0,28.656,6.6,0.14
2,25,16,259.615,136.0,198.0,249847.729,237031.068,24.0,27.374,6.3,0.14
2,25,17,55.0,0.0,55.0,50522.852,44769.064,23.0,23.738,6.0,0.14
2,25,18,0.0,0.0,0.0,0.0,0.0,23.0,0.0,5.7,0.14
2,25,19,0.0,0.0,0.0,0.0,0.0,23.0,23.0,5.5,0.14
2,25,20,0.0,0.0,0.0,0.0,0.0,23.0,23.0,5.2,0.14
2,25,21,0.0,0.0,0.0,0.0,0.0,23.0,23.0,5.0,0.14
2,25,22,0.0,0.0,0.0,0.0,0.0,23.0,23.0,4.7,0.14
2,25,23,0.0,0.0,0.0,0.0,0.0,23.0,23.0,4.2,0.14
2,26,0,0.0,0.0,0.0,0.0,0.0,23.0,23.0,3.6,0.14
2,26,1,0.0,0.0,0.0,0.0,0.0,23.0,23.0,3.2,0.14
2,26,2,0.0,0.0,0.0,0.0,0.0,23.0,23.0,2.8,0.14
2,26,3,0.0,0.0,0.0,0.0,0.0,23.0,23.0,2.6,0.14
2,26,4,0.0,0.0,0.0,0.0,0.0,23.0,23.0,2.4,0.14
2,26,5,0.0,0.0,0.0,0.0,0.0,23.0,23.0,2.4,0.14
2,26,6,0.0,0.0,0.0,0.0,0.0,23.0,23.0,2.7,0.14
2,26,7,84.459,343.0,40.0,59590.236,53515.154,23.0,24.562,3.0,0.14
2,26,8,310.079,669.0,72.0,288703.182,274509.718,24.0,30.118,3.1,0.14
2,26,9,197.551,10.0,192.0,186041.646,175485.888,24.0,27.916,3.1,0.14
2,26,10,266.409,16.0,255.0,249068.803,236279.742,24.0,29.445,2.9,0.14
2,26,11,675.734,360.0,381.0,624373.749,598286.142,24.0,38.861,2.5,0.14
2,26,12,666.793,268.0,435.0,609379.012,583822.729,24.0,40.122,2.0,0.14
2,26,13,878.681,893.0,121.0,796619.368,764428.414,24.0,46.743,1.7,0.14
2,26,14,571.174,252.0,377.0,524853.903,502292.68,24.0,39.742,1.4,0.14
2,26,15,382.463,128.0,301.0,357130.643,340512.522,24.0,35.062,1.2,0.14
2,26,16,50.0,0.0,50.0,45224.332,39658.292,24.0,25.522,1.0,0.14
2,26,17,188.842,537.0,60.0,158279.431,148707.399,24.0,29.561,1.0,0.14
2,26,18,0.0,0.0,0.0,0.0,0.0,24.0,0.0,1.2,0.14
2,26,19,0.0,0.0,0.0,0.0,0.0,24.0,24.0,1.4,0.14
2,26,20,0.0,0.0,0.0,0.0,0.0,24.0,24.0,1.8,0.14
2,26,21,0.0,0.0,0.0,0.0,0.0,24.0,24.0,2.2,0.14
2,26,22,0.0,0.0,0.0,0.0,0.0,23.0,23.0,2.5,0.14
2,26,23,0.0,0.0,0.0,0.0,0.0,23.0,23.0,2.6,0.14
2,27,0,0.0,0.0,0.0,0.0,0.0,23.0,23.0,2.8,0.14
2,27,1,0.0,0.0,0.0,0.0,0.0,23.0,23.0,3.0,0.14
2,27,2,0.0,0.0,0.0,0.0,0.0,23.0,23.0,3.2,0.14
2,27,3,0.0,0.0,0.0,0.0,0.0,23.0,23.0,3.4,0.14
2,27,4,0.0,0.0,0.0,0.0,0.0,23.0,23.0,3.6,0.14
2,27,5,0.0,0.0,0.0,0.0,0.0,23.0,23.0,3.9,0.14
2,27,6,0.0,0.0,0.0,0.0,0.0,23.0,23.0,4.3,0.14
2,27,7,89.923,376.0,40.0,63358.427,57149.823,23.0,24.258,4.9,0.14
2,27,8,317.452,661.0,80.0,298244.508,283712.957,24.0,28.651,5.2,0.14
2,27,9,545.438,801.0,98.0,534003.63,511118.196,24.0,31.799,5.5,0.14
2,27,10,733.524,873.0,108.0,705341.553,676384.935,24.0,34.218,5.7,0.14
2,27,11,638.216,308.0,385.0,600679.209,575431.194,25.0,33.733,5.8,0.14
2,27,12,917.472,922.0,117.0,862428.124,827905.304,25.0,37.464,5.9,0.14
2,27,13,896.584,919.0,114.0,845649.983,811721.679,25.0,36.913,6.1,0.14
2,27,14,429.87,80.0,368.0,406642.032,388269.526,24.0,29.494,6.4,0.14
2,27,15,637.528,824.0,111.0,620559.925,594607.457,24.0,32.138,6.5,0.14
2,27,16,425.775,725.0,94.0,415704.255,397010.637,24.0,29.431,6.5,0.14
2,27,17,72.0,0.0,72.0,66617.504,60293.418,24.0,24.925,6.4,0.14
2,27,18,0.0,0.0,0.0,0.0,0.0,23.0,0.0,6.3,0.14
2,27,19,0.0,0.0,0.0,0.0,0.0,23.0,23.0,6.1,0.14
2,27,20,0.0,0.0,0.0,0.0,0.0,23.0,23.0,6.0,0.14
2,27,21,0.0,0.0,0.0,0.0,0.0,23.0,23.0,5.9,0.14
2,27,22,0.0,0.0,0.0,0.0,0.0,23.0,23.0,5.6,0.14
2,27,23,0.0,0.0,0.0,0.0,0.0,23.0,23.0,5.3,0.14
2,28,0,0.0,0.0,0.0,0.0,0.0,23.0,23.0,5.1,0.14
2,28,1,0.0,0.0,0.0,0.0,0.0,23.0,23.0,5.0,0.14
2,28,2,0.0,0.0,0.0,0.0,0.0,23.0,23.0,5.0,0.14
2,28,3,0.0,0.0,0.0,0.0,0.0,23.0,23.0,4.9,0.14
2,28,4,0.0,0.0,0.0,0.0,0.0,23.0,23.0,4.8,0.14
2,28,5,0.0,0.0,0.0,0.0,0.0,23.0,23.0,4.8,0.14
2,28,6,0.0,0.0,0.0,0.0,0.0,23.0,23.0,5.1,0.14
2,28,7,96.83,440.0,37.0,66949.695,60613.838,23.0,24.247,5.5,0.14
2,28,8,218.261,191.0,149.0,208175.477,196835.43,23.0,26.026,5.7,0.14
2,28,9,127.0,0.0,127.0,118519.022,110355.859,24.0,25.759,5.7,0.14
2,28,10,116.0,0.0,116.0,106707.378,98962.749,24.0,25.621,5.6,0.14
2,28,11,454.393,78.0,390.0,427340.118,408234.196,24.0,30.421,5.5,0.14
2,28,12,924.076,933.0,111.0,869163.608,833333.333,24.0,37.306,5.4,0.14
2,28,13,904.513,932.0,108.0,852740.449,818560.902,24.0,37.028,5.4,0.14
2,28,14,824.095,920.0,110.0,784737.147,752967.227,24.0,35.742,5.5,0.14
2,28,15,659.762,871.0,101.0,640252.505,613602.25,24.0,33.098,5.8,0.14
2,28,16,442.384,775.0,86.0,431762.965,412500.324,24.0,29.96,6.0,0.14
2,28,17,200.502,568.0,62.0,171743.952,161694.818,23.0,25.665,5.8,0.14
2,28,18,0.0,0.0,0.0,0.0,0.0,23.0,0.0,5.5,0.14
2,28,19,0.0,0.0,0.0,0.0,0.0,23.0,23.0,5.4,0.14
2,28,20,0.0,0.0,0.0,0.0,0.0,23.0,23.0,5.3,0.14
2,28,21,0.0,0.0,0.0,0.0,0.0,23.0,23.0,5.1,0.14
2,28,22,0.0,0.0,0.0,0.0,0.0,23.0,23.0,5.0,0.14
2,28,23,0.0,0.0,0.0,0.0,0.0,23.0,23.0,4.8,0.14
3,1,0,0.0,0.0,0.0,0.0,0.0,23.0,23.0,4.5,0.14
3,1,1,0.0,0.0,0.0,0.0,0.0,23.0,23.0,4.3,0.14
3,1,2,0.0,0.0,0.0,0.0,0.0,22.0,22.0,4.3,0.14
3,1,3,0.0,0.0,0.0,0.0,0.0,22.0,22.0,4.3,0.14
3,1,4,0.0,0.0,0.0,0.0,0.0,22.0,22.0,4.1,0.14
3,1,5,0.0,0.0,0.0,0.0,0.0,22.0,22.0,4.0,0.14
3,1,6,0.0,0.0,0.0,0.0,0.0,22.0,22.0,4.1,0.14
3,1,7,94.888,329.0,48.0,70718.696,64249.289,23.0,24.446,4.4,0.14
3,1,8,330.654,654.0,89.0,313218.581,298156.439,23.0,28.238,4.6,0.14
3,1,9,562.72,792.0,112.0,549307.162,525879.462,23.0,32.248,4.4,0.14
3,1,10,751.943,861.0,126.0,717385.621,688002.234,23.0,35.85,4.1,0.14
3,1,11,885.768,914.0,125.0,828074.93,794769.381,24.0,39.333,4.0,0.14
3,1,12,941.735,928.0,127.0,872658.15,833333.333,24.0,40.775,3.8,0.14
3,1,13,918.678,921.0,126.0,855310.058,821039.459,24.0,39.896,4.0,0.14
3,1,14,821.409,896.0,121.0,775733.386,744282.505,24.0,37.64,4.3,0.14
3,1,15,658.133,851.0,108.0,634655.0,608203.088,24.0,34.517,4.6,0.14
3,1,16,443.646,764.0,89.0,431938.824,412669.951,24.0,30.817,4.9,0.14
3,1,17,204.132,574.0,62.0,175356.714,165179.566,23.0,26.028,4.9,0.14
3,1,18,0.0,0.0,0.0,0.0,0.0,23.0,0.0,4.7,0.14
3,1,19,0.0,0.0,0.0,0.0,0.0,23.0,23.0,4.7,0.14
3,1,20,0.0,0.0,0.0,0.0,0.0,23.0,23.0,4.7,0.14
3,1,21,0.0,0.0,0.0,0.0,0.0,23.0,23.0,4.6,0.14
3,1,22,0.0,0.0,0.0,0.0,0.0,23.0,23.0,4.4,0.14
3,1,23,0.0,0.0,0.0,0.0,0.0,23.0,23.0,4.3,0.14
3,2,0,0.0,0.0,0.0,0.0,0.0,23.0,23.0,4.4,0.14
3,2,1,0.0,0.0,0.0,0.0,0.0,22.0,22.0,4.4,0.14
3,2,2,0.0,0.0,0.0,0.0,0.0,22.0,22.0,4.4,0.14
3,2,3,0.0,0.0,0.0,0.0,0.0,22.0,22.0,4.6,0.14
3,2,4,0.0,0.0,0.0,0.0,0.0,22.0,22.0,4.7,0.14
3,2,5,0.0,0.0,0.0,0.0,0.0,22.0,22.0,4.9,0.14
3,2,6,0.0,0.0,0.0,0.0,0.0,22.0,22.0,5.2,0.14
3,2,7,100.151,385.0,44.0,73253.629,66694.399,23.0,24.272,5.8,0.14
3,2,8,339.087,700.0,78.0,322808.216,307406.275,23.0,27.292,6.5,0.14
3,2,9,286.793,66.0,249.0,275489.37,261764.123,23.0,26.565,6.7,0.14
3,2,10,536.927,260.0,347.0,514287.481,492100.668,23.0,29.883,6.4,0.14
3,2,11,614.426,247.0,408.0,579636.868,555134.467,24.0,32.306,5.9,0.14
3,2,12,741.67,373.0,413.0,695418.021,666813.033,24.0,34.382,5.6,0.14
3,2,13,700.73,332.0,414.0,658008.108,630728.702,24.0,33.924,5.5,0.14
3,2,14,825.949,914.0,109.0,785634.557,753832.838,24.0,35.908,5.4,0.14
3,2,15,429.284,190.0,306.0,410559.185,392047.879,24.0,30.168,5.4,0.14
3,2,16,330.158,307.0,187.0,319649.091,304359.09,24.0,28.703,5.5,0.14
3,2,17,156.847,280.0,87.0,139203.696,130307.593,24.0,26.216,5.4,0.14
3,2,18,0.0,0.0,0.0,0.0,0.0,23.0,0.0,5.3,0.14
3,2,19,0.0,0.0,0.0,0.0,0.0,23.0,23.0,5.3,0.14
3,2,20,0.0,0.0,0.0,0.0,0.0,23.0,23.0,5.2,0.14
3,2,21,0.0,0.0,0.0,0.0,0.0,23.0,23.0,5.0,0.14
3,2,22,0.0,0.0,0.0,0.0,0.0,23.0,23.0,4.8,0.14
3,2,23,0.0,0.0,0.0,0.0,0.0,23.0,23.0,4.6,0.14
3,3,0,0.0,0.0,0.0,0.0,0.0,22.0,22.0,4.4,0.14
3,3,1,0.0,0.0,0.0,0.0,0.0,22.0,22.0,4.1,0.14
3,3,2,0.0,0.0,0.0,0.0,0.0,22.0,22.0,3.7,0.14
3,3,3,0.0,0.0,0.0,0.0,0.0,22.0,22.0,3.4,0.14
3,3,4,0.0,0.0,0.0,0.0,0.0,22.0,22.0,3.2,0.14
3,3,5,0.0,0.0,0.0,0.0,0.0,22.0,22.0,3.1,0.14
3,3,6,0.0,0.0,0.0,0.0,0.0,22.0,22.0,2.9,0.14
3,3,7,102.046,389.0,44.0,74836.54,68221.221,23.0,24.943,2.9,0.14
3,3,8,287.16,444.0,120.0,271940.063,258340.583,23.0,28.986,2.8,0.14
3,3,9,571.784,831.0,93.0,547919.027,524540.515,24.0,37.165,2.3,0.14
3,3,10,351.497,47.0,317.0,326353.918,310826.339,24.0,33.243,1.6,0.14
3,3,11,408.438,47.0,369.0,372886.753,355710.33,24.0,36.675,0.9,0.14
3,3,12,732.286,352.0,421.0,645396.166,618563.651,24.0,49.436,0.5,0.14
3,3,13,596.652,175.0,445.0,534087.995,511199.571,24.0,44.109,0.6,0.14
3,3,14,322.89,24.0,304.0,296724.491,282246.8,24.0,34.025,0.9,0.14
3,3,15,493.138,315.0,288.0,459136.063,438903.484,24.0,38.643,1.1,0.14
3,3,16,440.393,731.0,98.0,420208.361,401355.145,24.0,35.949,1.5,0.14
3,3,17,200.152,518.0,70.0,171796.374,161745.383,24.0,28.928,1.8,0.14
3,3,18,0.0,0.0,0.0,0.0,0.0,24.0,0.0,2.0,0.14
3,3,19,0.0,0.0,0.0,0.0,0.0,24.0,24.0,2.4,0.14
3,3,20,0.0,0.0,0.0,0.0,0.0,24.0,24.0,2.7,0.14
3,3,21,0.0,0.0,0.0,0.0,0.0,24.0,24.0,3.0,0.14
3,3,22,0.0,0.0,0.0,0.0,0.0,23.0,23.0,3.2,0.14
3,3,23,0.0,0.0,0.0,0.0,0.0,23.0,23.0,3.2,0.14
3,4,0,0.0,0.0,0.0,0.0,0.0,23.0,23.0,3.1,0.14
3,4,1,0.0,0.0,0.0,0.0,0.0,23.0,23.0,3.1,0.14
3,4,2,0.0,0.0,0.0,0.0,0.0,23.0,23.0,3.0,0.14
3,4,3,0.0,0.0,0.0,0.0,0.0,23.0,23.0,2.9,0.14
3,4,4,0.0,0.0,0.0,0.0,0.0,23.0,23.0,3.0,0.14
3,4,5,0.0,0.0,0.0,0.0,0.0,23.0,23.0,3.2,0.14
3,4,6,0.0,0.0,0.0,0.0,0.0,23.0,23.0,3.5,0.14
3,4,7,103.198,342.0,51.0,78462.484,71718.684,23.0,24.673,4.0,0.14
3,4,8,343.507,675.0,87.0,325348.124,309856.184,24.0,29.597,4.4,0.14
3,4,9,577.355,820.0,102.0,562086.076,538205.569,24.0,32.998,4.8,0.14
3,4,10,769.769,896.0,109.0,735484.109,705459.42,24.0,35.52,5.1,0.14
3,4,11,897.428,924.0,119.0,846649.341,812685.626,24.0,36.926,5.4,0.14
3,4,12,954.126,941.0,119.0,891615.016,833333.333,25.0,38.572,5.5,0.14
3,4,13,931.712,937.0,117.0,872880.781,833333.333,25.0,38.257,5.5,0.14
3,4,14,821.824,871.0,134.0,780823.547,749192.302,24.0,35.844,5.4,0.14
3,4,15,653.731,809.0,125.0,631845.62,605493.255,24.0,33.556,5.3,0.14
3,4,16,284.503,169.0,205.0,273878.821,260210.643,24.0,28.304,5.0,0.14
3,4,17,46.0,0.0,46.0,41788.368,36344.077,24.0,24.733,4.6,0.14
3,4,18,0.0,0.0,0.0,0.0,0.0,24.0,0.0,4.2,0.14
3,4,19,0.0,0.0,0.0,0.0,0.0,24.0,24.0,4.1,0.14
3,4,20,0.0,0.0,0.0,0.0,0.0,24.0,24.0,4.1,0.14
3,4,21,0.0,0.0,0.0,0.0,0.0,24.0,24.0,4.3,0.14
3,4,22,0.0,0.0,0.0,0.0,0.0,24.0,24.0,4.6,0.14
3,4,23,0.0,0.0,0.0,0.0,0.0,23.0,23.0,4.7,0.14
3,5,0,0.0,0.0,0.0,0.0,0.0,23.0,23.0,4.9,0.14
3,5,1,0.0,0.0,0.0,0.0,0.0,23.0,23.0,5.0,0.14
3,5,2,0.0,0.0,0.0,0.0,0.0,23.0,23.0,4.9,0.14
3,5,3,0.0,0.0,0.0,0.0,0.0,24.0,24.0,4.8,0.14
3,5,4,0.0,0.0,0.0,0.0,0.0,24.0,24.0,4.6,0.14
3,5,5,0.0,0.0,0.0,0.0,0.0,24.0,24.0,4.5,0.14
3,5,6,0.0,0.0,0.0,0.0,0.0,24.0,24.0,4.7,0.14
3,5,7,109.857,422.0,44.0,80912.029,74081.431,24.0,25.502,5.2,0.14
3,5,8,259.533,296.0,146.0,246640.027,233937.028,25.0,28.599,5.7,0.14
3,5,9,477.381,443.0,219.0,461646.531,441324.997,25.0,31.423,6.0,0.14
3,5,10,293.56,21.0,278.0,275562.48,261834.643,25.0,28.791,6.3,0.14
3,5,11,599.69,216.0,417.0,563482.34,539552.358,25.0,32.836,6.2,0.14
3,5,12,943.474,919.0,125.0,883574.655,833333.333,25.0,37.959,5.8,0.14
3,5,13,919.975,909.0,127.0,861571.495,827079.029,25.0,38.245,5.4,0.14
3,5,14,815.774,858.0,136.0,772887.367,741537.332,24.0,36.505,4.9,0.14
3,5,15,649.679,800.0,125.0,625074.402,598961.969,24.0,34.66,4.4,0.14
3,5,16,308.714,228.0,201.0,296952.791,282467.011,24.0,29.504,3.8,0.14
3,5,17,197.839,490.0,73.0,171680.587,161633.699,24.0,27.831,3.1,0.14
3,5,18,0.0,0.0,0.0,0.0,0.0,23.0,0.0,2.5,0.14
3,5,19,0.0,0.0,0.0,0.0,0.0,23.0,23.0,2.0,0.14
3,5,20,0.0,0.0,0.0,0.0,0.0,22.0,22.0,1.7,0.14
3,5,21,0.0,0.0,0.0,0.0,0.0,22.0,22.0,1.3,0.14
3,5,22,0.0,0.0,0.0,0.0,0.0,22.0,22.0,0.9,0.14
3,5,23,0.0,0.0,0.0,0.0,0.0,22.0,22.0,0.7,0.14
3,6,0,0.0,0.0,0.0,0.0,0.0,22.0,22.0,0.5,0.14
3,6,1,0.0,0.0,0.0,0.0,0.0,22.0,22.0,0.3,0.14
3,6,2,0.0,0.0,0.0,0.0,0.0,22.0,22.0,0.5,0.14
3,6,3,0.0,0.0,0.0,0.0,0.0,22.0,22.0,1.1,0.14
3,6,4,0.0,0.0,0.0,0.0,0.0,22.0,22.0,1.7,0.14
3,6,5,0.0,0.0,0.0,0.0,0.0,22.0,22.0,2.2,0.14
3,6,6,0.0,0.0,0.0,0.0,0.0,22.0,22.0,2.7,0.14
3,6,7,112.632,449.0,41.0,82695.658,75801.859,23.0,24.973,3.4,0.14
3,6,8,258.782,281.0,150.0,247413.213,234682.817,23.0,27.344,4.2,0.14
3,6,9,583.138,854.0,82.0,570237.49,546068.146,23.0,32.09,4.8,0.14
3,6,10,770.163,911.0,92.0,736105.351,706058.649,24.0,35.527,5.1,0.14
3,6,11,892.72,923.0,109.0,840907.686,807147.421,24.0,37.338,5.1,0.14
3,6,12,945.83,933.0,112.0,886671.14,833333.333,24.0,37.78,5.3,0.14
3,6,13,654.796,242.0,443.0,614012.292,588291.833,24.0,33.264,5.5,0.14
3,6,14,827.876,912.0,103.0,787963.726,756079.475,24.0,35.655,5.6,0.14
3,6,15,664.568,867.0,94.0,644033.261,617249.04,24.0,33.268,5.7,0.14
3,6,16,448.604,777.0,80.0,438890.235,419375.046,24.0,30.333,5.6,0.14
3,6,17,208.813,588.0,58.0,179945.381,169605.638,24.0,27.027,5.1,0.14
3,6,18,0.0,0.0,0.0,0.0,0.0,24.0,0.0,4.6,0.14
3,6,19,0.0,0.0,0.0,0.0,0.0,24.0,24.0,4.4,0.14
3,6,20,0.0,0.0,0.0,0.0,0.0,24.0,24.0,4.3,0.14
3,6,21,0.0,0.0,0.0,0.0,0.0,24.0,24.0,4.1,0.14
3,6,22,0.0,0.0,0.0,0.0,0.0,24.0,24.0,3.9,0.14
3,6,23,0.0,0.0,0.0,0.0,0.0,24.0,24.0,3.7,0.14
3,7,0,0.0,0.0,0.0,0.0,0.0,24.0,24.0,3.5,0.14
3,7,1,0.0,0.0,0.0,0.0,0.0,23.0,23.0,3.4,0.14
3,7,2,0.0,0.0,0.0,0.0,0.0,23.0,23.0,3.2,0.14
3,7,3,0.0,0.0,0.0,0.0,0.0,23.0,23.0,3.2,0.14
3,7,4,0.0,0.0,0.0,0.0,0.0,23.0,23.0,3.2,0.14
3,7,5,0.0,0.0,0.0,0.0,0.0,23.0,23.0,3.2,0.14
3,7,6,0.0,0.0,0.0,0.0,0.0,23.0,23.0,3.5,0.14
3,7,7,117.954,472.0,41.0,86987.599,79941.72,23.0,24.862,4.1,0.14
3,7,8,360.464,746.0,69.0,342751.873,326643.249,24.0,29.8,4.5,0.14
3,7,9,593.081,864.0,83.0,576726.177,552326.913,24.0,33.49,4.6,0.14
3,7,10,782.037,924.0,91.0,745470.811,715092.253,24.0,36.158,4.8,0.14
3,7,11,908.919,949.0,100.0,854192.817,819961.806,24.0,37.928,4.9,0.14
3,7,12,962.797,961.0,101.0,899169.92,833333.333,24.0,38.744,4.9,0.14
3,7,13,940.109,958.0,99.0,877512.188,833333.333,25.0,39.22,5.0,0.14
3,7,14,840.305,931.0,98.0,792799.276,760743.683,25.0,37.887,4.9,0.14
3,7,15,675.684,887.0,90.0,649165.622,622199.54,25.0,35.519,4.8,0.14
3,7,16,458.96,804.0,76.0,447913.541,428078.621,24.0,31.244,4.7,0.14
3,7,17,215.836,623.0,55.0,185591.446,175051.64,24.0,27.472,4.3,0.14
3,7,18,12.133,86.0,10.0,5482.662,1324.827,24.0,24.167,3.8,0.14
3,7,19,0.0,0.0,0.0,0.0,0.0,24.0,24.0,3.5,0.14
3,7,20,0.0,0.0,0.0,0.0,0.0,24.0,24.0,3.3,0.14
3,7,21,0.0,0.0,0.0,0.0,0.0,24.0,24.0,3.1,0.14
3,7,22,0.0,0.0,0.0,0.0,0.0,24.0,24.0,3.0,0.14
3,7,23,0.0,0.0,0.0,0.0,0.0,23.0,23.0,3.0,0.14
3,8,0,0.0,0.0,0.0,0.0,0.0,23.0,23.0,3.0,0.14
3,8,1,0.0,0.0,0.0,0.0,0.0,23.0,23.0,3.0,0.14
3,8,2,0.0,0.0,0.0,0.0,0.0,23.0,23.0,3.0,0.14
3,8,3,0.0,0.0,0.0,0.0,0.0,23.0,23.0,3.0,0.14
3,8,4,0.0,0.0,0.0,0.0,0.0,23.0,23.0,3.1,0.14
3,8,5,0.0,0.0,0.0,0.0,0.0,23.0,23.0,3.3,0.14
3,8,6,0.0,0.0,0.0,0.0,0.0,23.0,23.0,3.8,0.14
3,8,7,124.445,513.0,39.0,91164.676,83970.787,24.0,25.856,4.5,0.14
3,8,8,365.819,768.0,63.0,348904.444,332577.81,24.0,29.449,5.1,0.14
3,8,9,339.708,114.0,272.0,325309.929,309819.342,24.0,28.712,5.7,0.14
3,8,10,471.682,138.0,368.0,447635.99,427810.904,24.0,30.168,6.2,0.14
3,8,11,231.701,9.0,224.0,215033.058,203450.019,25.0,27.923,6.5,0.14
3,8,12,168.699,3.0,166.0,154900.706,145448.396,25.0,27.082,6.7,0.14
3,8,13,197.284,6.0,192.0,182238.721,171817.716,25.0,27.339,7.1,0.14
3,8,14,221.398,8.0,215.0,206114.694,194847.668,25.0,27.552,7.4,0.14
3,8,15,240.274,14.0,231.0,226208.487,214229.458,25.0,27.75,7.5,0.14
3,8,16,256.255,103.0,207.0,245789.594,233116.729,25.0,27.919,7.6,0.14
3,8,17,30.0,0.0,30.0,26766.863,21854.844,24.0,24.348,7.4,0.14
3,8,18,10.758,29.0,10.0,5364.656,1211.002,24.0,24.105,7.1,0.14
3,8,19,0.0,0.0,0.0,0.0,0.0,24.0,24.0,7.0,0.14
3,8,20,0.0,0.0,0.0,0.0,0.0,24.0,24.0,7.0,0.14
3,8,21,0.0,0.0,0.0,0.0,0.0,24.0,24.0,7.1,0.14
3,8,22,0.0,0.0,0.0,0.0,0.0,24.0,24.0,7.0,0.14
3,8,23,0.0,0.0,0.0,0.0,0.0,24.0,24.0,6.9,0.14
3,9,0,0.0,0.0,0.0,0.0,0.0,24.0,24.0,6.7,0.14
3,9,1,0.0,0.0,0.0,0.0,0.0,24.0,24.0,6.3,0.14
3,9,2,0.0,0.0,0.0,0.0,0.0,24.0,24.0,6.0,0.14
3,9,3,0.0,0.0,0.0,0.0,0.0,24.0,24.0,5.8,0.14
3,9,4,0.0,0.0,0.0,0.0,0.0,24.0,24.0,5.6,0.14
3,9,5,0.0,0.0,0.0,0.0,0.0,24.0,24.0,5.4,0.14
3,9,6,0.0,0.0,0.0,0.0,0.0,24.0,24.0,5.4,0.14
3,9,7,60.041,12.0,58.0,53715.994,47849.06,24.0,24.819,5.8,0.14
3,9,8,257.28,247.0,159.0,245442.025,232781.476,25.0,28.452,6.0,0.14
3,9,9,433.478,287.0,262.0,416794.589,398062.337,25.0,30.822,6.0,0.14
3,9,10,570.595,283.0,357.0,540430.115,517316.964,25.0,32.726,5.9,0.14
3,9,11,660.479,273.0,426.0,618264.996,592393.846,25.0,34.24,5.6,0.14
3,9,12,418.501,36.0,386.0,389496.328,371731.362,25.0,30.974,5.4,0.14
3,9,13,204.184,7.0,198.0,188333.657,177696.684,25.0,27.986,5.2,0.14
3,9,14,316.846,21.0,300.0,296036.435,281583.125,25.0,29.529,5.4,0.14
3,9,15,528.889,373.0,281.0,508327.125,486351.512,24.0,31.18,5.9,0.14
3,9,16,450.123,746.0,92.0,441727.932,422112.192,24.0,29.689,6.6,0.14
3,9,17,205.287,506.0,73.0,181017.218,170639.496,23.0,25.419,7.0,0.14
3,9,18,10.33,12.0,10.0,5354.545,1201.249,23.0,23.103,7.1,0.14
3,9,19,0.0,0.0,0.0,0.0,0.0,23.0,23.0,7.2,0.14
3,9,20,0.0,0.0,0.0,0.0,0.0,22.0,22.0,7.1,0.14
3,9,21,0.0,0.0,0.0,0.0,0.0,22.0,22.0,7.0,0.14
3,9,22,0.0,0.0,0.0,0.0,0.0,22.0,22.0,6.9,0.14
3,9,23,0.0,0.0,0.0,0.0,0.0,22.0,22.0,6.7,0.14
3,10,0,0.0,0.0,0.0,0.0,0.0,22.0,22.0,6.6,0.14
3,10,1,0.0,0.0,0.0,0.0,0.0,22.0,22.0,6.8,0.14
3,10,2,0.0,0.0,0.0,0.0,0.0,22.0,22.0,6.9,0.14
3,10,3,0.0,0.0,0.0,0.0,0.0,21.0,21.0,6.9,0.14
3,10,4,0.0,0.0,0.0,0.0,0.0,21.0,21.0,6.9,0.14
3,10,5,0.0,0.0,0.0,0.0,0.0,21.0,21.0,6.9,0.14
3,10,6,0.0,0.0,0.0,0.0,0.0,21.0,21.0,7.2,0.14
3,10,7,118.403,342.0,59.0,94946.112,87618.231,22.0,23.258,7.8,0.14
3,10,8,298.401,397.0,139.0,289401.578,275183.367,22.0,25.241,8.1,0.14
3,10,9,582.789,760.0,126.0,576119.838,551742.059,22.0,28.306,8.2,0.14
3,10,10,591.855,319.0,350.0,570808.249,546618.681,22.0,28.419,8.1,0.14
3,10,11,899.483,874.0,146.0,863561.856,828998.864,22.0,31.871,8.0,0.14
3,10,12,952.497,886.0,150.0,909735.584,833333.333,22.0,32.447,8.0,0.14
3,10,13,928.903,879.0,150.0,885781.379,833333.333,23.0,33.191,8.0,0.14
3,10,14,816.654,800.0,173.0,788452.559,756550.988,22.0,31.049,7.9,0.14
3,10,15,650.331,737.0,159.0,637388.183,610839.423,22.0,29.221,7.9,0.14
3,10,16,435.244,621.0,136.0,430598.418,411377.042,22.0,26.794,8.0,0.14
3,10,17,198.423,397.0,94.0,178882.646,168580.56,22.0,24.156,7.9,0.14
3,10,18,6.0,0.0,6.0,3123.715,0.0,22.0,22.057,7.8,0.14
3,10,19,0.0,0.0,0.0,0.0,0.0,22.0,22.0,7.8,0.14
3,10,20,0.0,0.0,0.0,0.0,0.0,22.0,22.0,7.7,0.14
3,10,21,0.0,0.0,0.0,0.0,0.0,22.0,22.0,7.6,0.14
3,10,22,0.0,0.0,0.0,0.0,0.0,22.0,22.0,7.5,0.14
3,10,23,0.0,0.0,0.0,0.0,0.0,22.0,22.0,7.3,0.14
3,11,0,0.0,0.0,0.0,0.0,0.0,21.0,21.0,7.1,0.14
3,11,1,0.0,0.0,0.0,0.0,0.0,21.0,21.0,6.8,0.14
3,11,2,0.0,0.0,0.0,0.0,0.0,21.0,21.0,6.5,0.14
3,11,3,0.0,0.0,0.0,0.0,0.0,21.0,21.0,6.2,0.14
3,11,4,0.0,0.0,0.0,0.0,0.0,21.0,21.0,6.0,0.14
3,11,5,0.0,0.0,0.0,0.0,0.0,21.0,21.0,6.0,0.14
3,11,6,0.0,0.0,0.0,0.0,0.0,22.0,22.0,6.4,0.14
3,11,7,16.0,0.0,16.0,13775.465,9323.783,22.0,22.193,7.0,0.14
3,11,8,222.262,129.0,170.0,214796.375,203221.723,22.0,24.579,7.4,0.14
3,11,9,478.786,390.0,243.0,466751.655,446249.225,23.0,28.512,7.5,0.14
3,11,10,770.341,808.0,155.0,743350.965,713047.522,23.0,32.043,7.3,0.14
3,11,11,910.818,907.0,126.0,867346.818,832649.709,23.0,34.115,6.9,0.14
3,11,12,963.346,916.0,131.0,910562.302,833333.333,23.0,35.247,6.5,0.14
3,11,13,936.434,904.0,133.0,886071.829,833333.333,23.0,35.298,6.2,0.14
3,11,14,835.682,882.0,124.0,795399.979,763252.232,24.0,35.234,6.0,0.14
3,11,15,668.016,827.0,115.0,649394.881,622420.676,23.0,31.999,6.0,0.14
3,11,16,450.13,726.0,99.0,443031.954,423370.008,23.0,29.004,6.1,0.14
3,11,17,209.058,518.0,72.0,184505.468,174004.143,23.0,25.74,6.0,0.14
3,11,18,12.814,27.0,12.0,6535.48,2340.339,23.0,23.143,5.9,0.14
3,11,19,0.0,0.0,0.0,0.0,0.0,23.0,23.0,5.9,0.14
3,11,20,0.0,0.0,0.0,0.0,0.0,23.0,23.0,5.8,0.14
3,11,21,0.0,0.0,0.0,0.0,0.0,22.0,22.0,5.7,0.14
3,11,22,0.0,0.0,0.0,0.0,0.0,22.0,22.0,5.5,0.14
3,11,23,0.0,0.0,0.0,0.0,0.0,22.0,22.0,5.3,0.14
3,12,0,0.0,0.0,0.0,0.0,0.0,22.0,22.0,5.3,0.14
3,12,1,0.0,0.0,0.0,0.0,0.0,22.0,22.0,5.5,0.14
3,12,2,0.0,0.0,0.0,0.0,0.0,22.0,22.0,5.6,0.14
3,12,3,0.0,0.0,0.0,0.0,0.0,22.0,22.0,4.9,0.14
3,12,4,0.0,0.0,0.0,0.0,0.0,21.0,21.0,4.0,0.14
3,12,5,0.0,0.0,0.0,0.0,0.0,21.0,21.0,4.4,0.14
3,12,6,0.0,0.0,0.0,0.0,0.0,21.0,21.0,5.5,0.14
3,12,7,5.0,0.0,5.0,4081.113,0.0,21.0,21.063,6.5,0.14
3,12,8,14.0,0.0,14.0,12190.809,7795.277,21.0,21.161,7.5,0.14
3,12,9,74.0,0.0,74.0,68459.047,62069.708,21.0,21.767,8.6,0.14
3,12,10,126.0,0.0,126.0,117551.815,109422.925,21.0,22.336,8.3,0.14
3,12,11,97.0,0.0,97.0,89001.591,81884.349,21.0,22.352,5.6,0.14
3,12,12,262.939,12.0,252.0,245680.097,233011.112,21.0,26.547,2.7,0.14
3,12,13,214.131,8.0,207.0,198877.428,187866.848,21.0,26.613,1.6,0.14
3,12,14,486.201,109.0,398.0,449402.747,429515.058,22.0,35.684,1.3,0.14
3,12,15,473.968,240.0,313.0,447475.033,427655.651,22.0,33.982,1.8,0.14
3,12,16,318.67,228.0,208.0,308121.917,293240.37,22.0,28.558,2.9,0.14
3,12,17,229.251,651.0,56.0,200242.402,189183.455,22.0,26.031,3.7,0.14
3,12,18,15.742,119.0,12.0,6903.357,2695.181,22.0,22.189,4.5,0.14
3,12,19,0.0,0.0,0.0,0.0,0.0,22.0,22.0,5.2,0.14
3,12,20,0.0,0.0,0.0,0.0,0.0,22.0,22.0,5.6,0.14
3,12,21,0.0,0.0,0.0,0.0,0.0,22.0,22.0,5.9,0.14
3,12,22,0.0,0.0,0.0,0.0,0.0,22.0,22.0,6.0,0.14
3,12,23,0.0,0.0,0.0,0.0,0.0,22.0,22.0,5.9,0.14
3,13,0,0.0,0.0,0.0,0.0,0.0,22.0,22.0,5.9,0.14
3,13,1,0.0,0.0,0.0,0.0,0.0,21.0,21.0,6.2,0.14
3,13,2,0.0,0.0,0.0,0.0,0.0,21.0,21.0,6.8,0.14
3,13,3,0.0,0.0,0.0,0.0,0.0,21.0,21.0,7.2,0.14
3,13,4,0.0,0.0,0.0,0.0,0.0,21.0,21.0,7.6,0.14
3,13,5,0.0,0.0,0.0,0.0,0.0,21.0,21.0,7.7,0.14
3,13,6,0.0,0.0,0.0,0.0,0.0,21.0,21.0,7.7,0.14
3,13,7,126.474,344.0,63.0,103864.846,96220.939,21.0,22.377,7.6,0.14
3,13,8,363.132,609.0,112.0,354650.07,338119.845,21.0,25.255,7.3,0.14
3,13,9,589.434,725.0,146.0,579910.195,555398.108,22.0,29.073,7.1,0.14
3,13,10,168.537,2.0,167.0,157872.964,148315.335,22.0,24.021,7.0,0.14
3,13,11,731.807,383.0,398.0,696932.809,668274.146,22.0,30.63,7.2,0.14
3,13,12,677.569,227.0,470.0,642073.912,615359.117,22.0,29.895,7.3,0.14
3,13,13,319.196,17.0,304.0,301124.019,286490.436,22.0,25.784,7.1,0.14
3,13,14,541.696,166.0,407.0,516794.84,494519.182,22.0,28.642,6.8,0.14
3,13,15,318.615,47.0,287.0,304917.965,290149.947,22.0,26.078,6.4,0.14
3,13,16,373.866,398.0,180.0,367006.104,350038.056,22.0,26.978,6.1,0.14
3,13,17,125.482,84.0,103.0,117015.144,108905.27,22.0,23.695,5.9,0.14
3,13,18,11.458,14.0,11.0,5999.246,1823.107,21.0,21.133,5.7,0.14
3,13,19,0.0,0.0,0.0,0.0,0.0,21.0,21.0,5.7,0.14
3,13,20,0.0,0.0,0.0,0.0,0.0,21.0,21.0,5.8,0.14
3,13,21,0.0,0.0,0.0,0.0,0.0,21.0,21.0,6.0,0.14
3,13,22,0.0,0.0,0.0,0.0,0.0,21.0,21.0,6.1,0.14
3,13,23,0.0,0.0,0.0,0.0,0.0,21.0,21.0,6.1,0.14
3,14,0,0.0,0.0,0.0,0.0,0.0,20.0,20.0,6.1,0.14
3,14,1,0.0,0.0,0.0,0.0,0.0,20.0,20.0,6.4,0.14
3,14,2,0.0,0.0,0.0,0.0,0.0,20.0,20.0,6.7,0.14
3,14,3,0.0,0.0,0.0,0.0,0.0,20.0,20.0,6.8,0.14
3,14,4,0.0,0.0,0.0,0.0,0.0,20.0,20.0,7.1,0.14
3,14,5,0.0,0.0,0.0,0.0,0.0,20.0,20.0,7.4,0.14
3,14,6,0.0,0.0,0.0,0.0,0.0,20.0,20.0,7.8,0.14
3,14,7,4.0,0.0,4.0,3251.027,0.0,20.0,20.043,8.3,0.14
3,14,8,287.707,307.0,160.0,281034.088,267112.37,21.0,23.992,8.6,0.14
3,14,9,430.555,248.0,278.0,421460.472,402562.889,21.0,25.477,8.6,0.14
3,14,10,607.544,326.0,356.0,588185.719,563380.398,21.0,27.303,8.6,0.14
3,14,11,761.212,453.0,365.0,731109.618,701239.934,21.0,28.962,8.5,0.14
3,14,12,879.888,569.0,358.0,840024.775,806295.795,21.0,30.368,8.3,0.14
3,14,13,824.638,515.0,363.0,788948.496,757029.352,21.0,29.938,8.1,0.14
3,14,14,716.741,495.0,314.0,689523.099,661126.992,22.0,29.85,8.0,0.14
3,14,15,653.205,743.0,152.0,640066.294,613422.638,22.0,29.252,7.9,0.14
3,14,16,365.402,365.0,187.0,359594.021,342888.612,22.0,26.019,8.0,0.14
3,14,17,187.69,389.0,83.0,169764.428,159785.437,21.0,23.039,7.9,0.14
3,14,18,12.0,0.0,12.0,6516.078,2321.625,21.0,21.116,7.6,0.14
3,14,19,0.0,0.0,0.0,0.0,0.0,21.0,21.0,7.6,0.14
3,14,20,0.0,0.0,0.0,0.0,0.0,21.0,21.0,7.7,0.14
3,14,21,0.0,0.0,0.0,0.0,0.0,21.0,21.0,7.5,0.14
3,14,22,0.0,0.0,0.0,0.0,0.0,21.0,21.0,7.3,0.14
3,14,23,0.0,0.0,0.0,0.0,0.0,21.0,21.0,7.3,0.14
3,15,0,0.0,0.0,0.0,0.0,0.0,21.0,21.0,7.5,0.14
3,15,1,0.0,0.0,0.0,0.0,0.0,21.0,21.0,7.7,0.14
3,15,2,0.0,0.0,0.0,0.0,0.0,21.0,21.0,7.8,0.14
3,15,3,0.0,0.0,0.0,0.0,0.0,21.0,21.0,7.7,0.14
3,15,4,0.0,0.0,0.0,0.0,0.0,21.0,21.0,7.7,0.14
3,15,5,0.0,0.0,0.0,0.0,0.0,21.0,21.0,8.1,0.14
3,15,6,0.0,0.0,0.0,0.0,0.0,21.0,21.0,9.1,0.14
3,15,7,4.0,0.0,4.0,3236.509,0.0,21.0,21.038,9.6,0.14
3,15,8,24.0,0.0,24.0,21438.021,16714.824,21.0,21.232,9.5,0.14
3,15,9,480.088,359.0,258.0,472256.321,451558.84,21.0,25.636,9.5,0.14
3,15,10,415.018,71.0,360.0,398974.143,380873.341,21.0,25.047,9.3,0.14
3,15,11,730.212,358.0,416.0,700390.754,671609.562,21.0,28.435,8.8,0.14
3,15,12,984.085,911.0,146.0,938785.552,833333.333,22.0,32.504,8.3,0.14
3,15,13,968.123,928.0,134.0,924025.88,833333.333,22.0,32.819,7.8,0.14
3,15,14,877.009,939.0,111.0,845073.437,811165.563,22.0,32.001,7.6,0.14
3,15,15,709.505,904.0,98.0,694868.678,666283.155,22.0,30.266,7.4,0.14
3,15,16,486.609,823.0,83.0,484472.739,463342.381,21.0,27.029,6.8,0.14
3,15,17,234.527,645.0,60.0,207946.099,196614.179,21.0,24.104,5.9,0.14
3,15,18,17.916,111.0,14.0,8157.258,3904.652,21.0,21.198,5.3,0.14
3,15,19,0.0,0.0,0.0,0.0,0.0,21.0,21.0,5.2,0.14
3,15,20,0.0,0.0,0.0,0.0,0.0,21.0,21.0,5.3,0.14
3,15,21,0.0,0.0,0.0,0.0,0.0,20.0,20.0,5.2,0.14
3,15,22,0.0,0.0,0.0,0.0,0.0,20.0,20.0,4.9,0.14
3,15,23,0.0,0.0,0.0,0.0,0.0,20.0,20.0,4.8,0.14
3,16,0,0.0,0.0,0.0,0.0,0.0,20.0,20.0,4.8,0.14
3,16,1,0.0,0.0,0.0,0.0,0.0,20.0,20.0,5.0,0.14
3,16,2,0.0,0.0,0.0,0.0,0.0,20.0,20.0,5.5,0.14
3,16,3,0.0,0.0,0.0,0.0,0.0,20.0,20.0,5.7,0.14
3,16,4,0.0,0.0,0.0,0.0,0.0,20.0,20.0,5.6,0.14
3,16,5,0.0,0.0,0.0,0.0,0.0,20.0,20.0,5.5,0.14
3,16,6,0.0,0.0,0.0,0.0,0.0,20.0,20.0,5.4,0.14
3,16,7,109.997,220.0,67.0,94022.914,86727.746,21.0,22.482,5.7,0.14
3,16,8,397.708,746.0,82.0,388965.522,371219.364,21.0,26.284,6.1,0.14
3,16,9,631.14,857.0,98.0,621979.01,595976.258,21.0,29.417,6.1,0.14
3,16,10,819.246,914.0,108.0,788428.948,756528.213,22.0,33.02,6.0,0.14
3,16,11,942.617,942.0,113.0,895126.702,833333.333,22.0,34.661,6.0,0.14
3,16,12,806.669,444.0,397.0,759120.862,728258.629,22.0,33.426,5.5,0.14
3,16,13,821.526,501.0,370.0,771199.158,739908.943,22.0,34.698,4.8,0.14
3,16,14,338.447,25.0,318.0,317765.258,302542.009,23.0,28.571,4.3,0.14
3,16,15,311.809,41.0,284.0,295402.017,280971.186,23.0,28.293,4.1,0.14
3,16,16,472.659,794.0,82.0,462660.686,442303.215,23.0,31.339,3.9,0.14
3,16,17,226.474,612.0,60.0,199442.363,188411.765,22.0,26.182,3.4,0.14
3,16,18,16.725,102.0,13.0,7530.144,3299.759,22.0,22.26,2.9,0.14
3,16,19,0.0,0.0,0.0,0.0,0.0,22.0,22.0,2.8,0.14
3,16,20,0.0,0.0,0.0,0.0,0.0,22.0,22.0,2.8,0.14
3,16,21,0.0,0.0,0.0,0.0,0.0,22.0,22.0,2.8,0.14
3,16,22,0.0,0.0,0.0,0.0,0.0,22.0,22.0,2.9,0.14
3,16,23,0.0,0.0,0.0,0.0,0.0,22.0,22.0,3.0,0.14
3,17,0,0.0,0.0,0.0,0.0,0.0,21.0,21.0,3.1,0.14
3,17,1,0.0,0.0,0.0,0.0,0.0,21.0,21.0,3.2,0.14
3,17,2,0.0,0.0,0.0,0.0,0.0,21.0,21.0,3.3,0.14
3,17,3,0.0,0.0,0.0,0.0,0.0,21.0,21.0,3.2,0.14
3,17,4,0.0,0.0,0.0,0.0,0.0,21.0,21.0,3.1,0.14
3,17,5,0.0,0.0,0.0,0.0,0.0,21.0,21.0,3.0,0.14
3,17,6,0.0,0.0,0.0,0.0,0.0,21.0,21.0,3.1,0.14
3,17,7,150.358,484.0,54.0,121064.917,112811.543,22.0,24.796,3.2,0.14
3,17,8,395.415,732.0,83.0,381908.872,364412.759,22.0,29.737,3.2,0.14
3,17,9,629.214,846.0,100.0,608055.459,582546.074,22.0,34.353,3.2,0.14
3,17,10,816.171,905.0,109.0,770171.801,738917.99,22.0,37.983,3.2,0.14
3,17,11,942.532,941.0,111.0,874856.812,833333.333,22.0,40.431,3.2,0.14
3,17,12,994.009,951.0,114.0,912614.374,833333.333,23.0,42.427,3.2,0.14
3,17,13,966.106,943.0,114.0,891326.895,833333.333,23.0,41.584,3.3,0.14
3,17,14,862.067,916.0,111.0,807053.933,774493.241,23.0,39.34,3.4,0.14
3,17,15,691.219,862.0,105.0,661711.99,634301.341,23.0,35.926,3.5,0.14
3,17,16,270.281,112.0,215.0,259750.746,246583.182,23.0,27.887,3.7,0.14
3,17,17,86.0,0.0,86.0,80501.04,73685.005,23.0,24.58,3.6,0.14
3,17,18,16.946,78.0,14.0,8013.44,3765.93,22.0,22.254,3.3,0.14
3,17,19,0.0,0.0,0.0,0.0,0.0,22.0,22.0,2.9,0.14
3,17,20,0.0,0.0,0.0,0.0,0.0,22.0,22.0,2.7,0.14
3,17,21,0.0,0.0,0.0,0.0,0.0,22.0,22.0,2.6,0.14
3,17,22,0.0,0.0,0.0,0.0,0.0,22.0,22.0,2.5,0.14
3,17,23,0.0,0.0,0.0,0.0,0.0,22.0,22.0,2.2,0.14
3,18,0,0.0,0.0,0.0,0.0,0.0,22.0,22.0,2.0,0.14
3,18,1,0.0,0.0,0.0,0.0,0.0,21.0,21.0,1.9,0.14
3,18,2,0.0,0.0,0.0,0.0,0.0,21.0,21.0,1.9,0.14
3,18,3,0.0,0.0,0.0,0.0,0.0,21.0,21.0,2.0,0.14
3,18,4,0.0,0.0,0.0,0.0,0.0,21.0,21.0,2.1,0.14
3,18,5,0.0,0.0,0.0,0.0,0.0,21.0,21.0,2.2,0.14
3,18,6,0.0,0.0,0.0,0.0,0.0,21.0,21.0,2.4,0.14
3,18,7,128.472,318.0,64.0,107323.867,99557.394,22.0,24.636,2.7,0.14
3,18,8,295.102,293.0,169.0,284657.572,270607.46,22.0,27.867,3.1,0.14
3,18,9,501.188,393.0,254.0,482123.898,461076.769,22.0,31.648,3.3,0.14
3,18,10,622.844,335.0,360.0,587909.547,563114.012,22.0,33.759,3.4,0.14
3,18,11,701.753,302.0,434.0,654149.556,627006.874,22.0,35.222,3.4,0.14
3,18,12,808.383,439.0,401.0,746870.536,716442.381,23.0,38.004,3.5,0.14
3,18,13,743.922,341.0,435.0,689321.921,660932.943,23.0,36.799,3.5,0.14
3,18,14,584.255,212.0,410.0,547663.805,524294.336,23.0,33.673,3.6,0.14
3,18,15,527.773,337.0,298.0,503339.939,481541.041,23.0,32.532,3.7,0.14
3,18,16,280.871,129.0,217.0,270214.389,256676.056,23.0,28.079,3.7,0.14
3,18,17,127.161,77.0,106.0,118253.252,110099.506,23.0,25.323,3.6,0.14
3,18,18,6.0,0.0,6.0,3105.663,0.0,23.0,23.096,3.4,0.14
3,18,19,0.0,0.0,0.0,0.0,0.0,23.0,23.0,3.4,0.14
3,18,20,0.0,0.0,0.0,0.0,0.0,23.0,23.0,3.5,0.14
3,18,21,0.0,0.0,0.0,0.0,0.0,22.0,22.0,3.4,0.14
3,18,22,0.0,0.0,0.0,0.0,0.0,22.0,22.0,3.1,0.14
3,18,23,0.0,0.0,0.0,0.0,0.0,22.0,22.0,2.9,0.14
3,19,0,0.0,0.0,0.0,0.0,0.0,22.0,22.0,2.7,0.14
3,19,1,0.0,0.0,0.0,0.0,0.0,22.0,22.0,2.7,0.14
3,19,2,0.0,0.0,0.0,0.0,0.0,22.0,22.0,2.7,0.14
3,19,3,0.0,0.0,0.0,0.0,0.0,22.0,22.0,2.7,0.14
3,19,4,0.0,0.0,0.0,0.0,0.0,22.0,22.0,2.7,0.14
3,19,5,0.0,0.0,0.0,0.0,0.0,22.0,22.0,2.7,0.14
3,19,6,0.0,0.0,0.0,0.0,0.0,22.0,22.0,2.8,0.14
3,19,7,32.0,0.0,32.0,28664.727,23685.46,22.0,22.615,3.3,0.14
3,19,8,265.319,192.0,182.0,256178.541,243137.554,22.0,26.726,3.8,0.14
3,19,9,482.48,336.0,270.0,465220.763,444772.579,22.0,30.346,4.0,0.14
3,19,10,545.768,199.0,389.0,516638.086,494367.982,22.0,31.399,4.0,0.14
3,19,11,717.084,325.0,428.0,670228.053,642515.646,22.0,34.711,3.8,0.14
3,19,12,563.987,101.0,470.0,524564.191,502013.233,23.0,32.821,3.9,0.14
3,19,13,572.892,121.0,463.0,534591.621,511685.352,23.0,32.563,4.2,0.14
3,19,14,601.448,236.0,407.0,566631.556,542589.985,23.0,32.66,4.5,0.14
3,19,15,227.835,10.0,221.0,214739.337,203166.706,23.0,26.609,4.6,0.14
3,19,16,295.971,157.0,218.0,285836.721,271744.827,23.0,27.778,4.5,0.14
3,19,17,137.932,112.0,107.0,127849.763,119355.975,23.0,25.337,4.1,0.14
3,19,18,10.0,0.0,10.0,5348.876,1195.781,22.0,22.155,3.6,0.14
3,19,19,0.0,0.0,0.0,0.0,0.0,22.0,22.0,3.4,0.14
3,19,20,0.0,0.0,0.0,0.0,0.0,22.0,22.0,3.3,0.14
3,19,21,0.0,0.0,0.0,0.0,0.0,22.0,22.0,3.5,0.14
3,19,22,0.0,0.0,0.0,0.0,0.0,22.0,22.0,3.9,0.14
3,19,23,0.0,0.0,0.0,0.0,0.0,22.0,22.0,4.1,0.14
3,20,0,0.0,0.0,0.0,0.0,0.0,22.0,22.0,4.2,0.14
3,20,1,0.0,0.0,0.0,0.0,0.0,22.0,22.0,4.1,0.14
3,20,2,0.0,0.0,0.0,0.0,0.0,21.0,21.0,4.0,0.14
3,20,3,0.0,0.0,0.0,0.0,0.0,21.0,21.0,3.8,0.14
3,20,4,0.0,0.0,0.0,0.0,0.0,21.0,21.0,3.6,0.14
3,20,5,0.0,0.0,0.0,0.0,0.0,21.0,21.0,3.6,0.14
3,20,6,0.0,0.0,0.0,0.0,0.0,21.0,21.0,3.7,0.14
3,20,7,34.0,0.0,34.0,30572.889,25526.007,22.0,22.571,4.2,0.14
3,20,8,191.813,43.0,173.0,184164.035,173674.809,22.0,25.053,4.6,0.14
3,20,9,388.82,146.0,296.0,373825.467,356615.782,22.0,28.097,4.7,0.14
3,20,10,610.274,300.0,373.0,579729.647,555223.958,22.0,31.684,4.6,0.14
3,20,11,708.947,307.0,435.0,662148.52,634722.403,23.0,34.697,4.3,0.14
3,20,12,860.348,503.0,391.0,796089.421,763917.245,23.0,37.824,4.0,0.14
3,20,13,976.257,946.0,115.0,904555.252,833333.333,23.0,40.385,3.8,0.14
3,20,14,870.791,920.0,111.0,817545.209,784612.77,23.0,38.525,3.8,0.14
3,20,15,699.813,871.0,103.0,668785.282,641123.998,24.0,36.321,3.9,0.14
3,20,16,478.014,783.0,88.0,469010.409,448427.943,23.0,30.969,4.3,0.14
3,20,17,232.178,606.0,64.0,205701.177,194448.804,23.0,26.613,4.6,0.14
3,20,18,19.765,115.0,15.0,8843.043,4566.136,23.0,23.24,4.5,0.14
3,20,19,0.0,0.0,0.0,0.0,0.0,22.0,22.0,4.4,0.14
3,20,20,0.0,0.0,0.0,0.0,0.0,22.0,22.0,4.1,0.14
3,20,21,0.0,0.0,0.0,0.0,0.0,22.0,22.0,3.9,0.14
3,20,22,0.0,0.0,0.0,0.0,0.0,22.0,22.0,3.7,0.14
3,20,23,0.0,0.0,0.0,0.0,0.0,22.0,22.0,3.5,0.14
3,21,0,0.0,0.0,0.0,0.0,0.0,22.0,22.0,3.1,0.14
3,21,1,0.0,0.0,0.0,0.0,0.0,22.0,22.0,3.1,0.14
3,21,2,0.0,0.0,0.0,0.0,0.0,22.0,22.0,3.3,0.14
3,21,3,0.0,0.0,0.0,0.0,0.0,22.0,22.0,3.6,0.14
3,21,4,0.0,0.0,0.0,0.0,0.0,22.0,22.0,3.7,0.14
3,21,5,0.0,0.0,0.0,0.0,0.0,22.0,22.0,3.8,0.14
3,21,6,0.0,0.0,0.0,0.0,0.0,22.0,22.0,4.1,0.14
3,21,7,164.479,517.0,54.0,135202.687,126448.356,22.0,24.537,4.5,0.14
3,21,8,410.023,746.0,81.0,398458.136,380375.618,23.0,29.455,4.7,0.14
3,21,9,639.878,851.0,96.0,620750.101,594790.894,23.0,33.228,4.6,0.14
3,21,10,826.165,907.0,106.0,783574.332,751845.616,23.0,36.532,4.4,0.14
3,21,11,949.164,933.0,114.0,881183.308,833333.333,24.0,40.185,4.1,0.14
3,21,12,999.064,946.0,114.0,919092.828,833333.333,24.0,41.785,3.8,0.14
3,21,13,972.489,944.0,111.0,898698.55,833333.333,24.0,41.064,3.9,0.14
3,21,14,865.761,907.0,115.0,808595.647,775980.325,25.0,39.776,4.1,0.14
3,21,15,694.558,854.0,108.0,663295.782,635829.013,25.0,36.394,4.4,0.14
3,21,16,397.295,449.0,173.0,386376.372,368721.959,24.0,30.346,4.6,0.14
3,21,17,190.383,360.0,90.0,171410.244,161372.935,24.0,27.024,4.5,0.14
3,21,18,19.283,77.0,16.0,9165.701,4877.361,24.0,24.254,4.2,0.14
3,21,19,0.0,0.0,0.0,0.0,0.0,23.0,23.0,3.9,0.14
3,21,20,0.0,0.0,0.0,0.0,0.0,23.0,23.0,3.7,0.14
3,21,21,0.0,0.0,0.0,0.0,0.0,23.0,23.0,3.6,0.14
3,21,22,0.0,0.0,0.0,0.0,0.0,23.0,23.0,3.5,0.14
3,21,23,0.0,0.0,0.0,0.0,0.0,23.0,23.0,3.3,0.14
3,22,0,0.0,0.0,0.0,0.0,0.0,23.0,23.0,3.1,0.14
3,22,1,0.0,0.0,0.0,0.0,0.0,23.0,23.0,2.9,0.14
3,22,2,0.0,0.0,0.0,0.0,0.0,23.0,23.0,2.6,0.14
3,22,3,0.0,0.0,0.0,0.0,0.0,23.0,23.0,2.6,0.14
3,22,4,0.0,0.0,0.0,0.0,0.0,23.0,23.0,2.8,0.14
3,22,5,0.0,0.0,0.0,0.0,0.0,23.0,23.0,3.1,0.14
3,22,6,0.0,0.0,0.0,0.0,0.0,23.0,23.0,3.5,0.14
3,22,7,166.751,505.0,57.0,137623.138,128783.04,23.0,25.806,3.9,0.14
3,22,8,413.761,744.0,83.0,401867.893,383664.553,23.0,29.876,4.3,0.14
3,22,9,645.986,853.0,98.0,623487.882,597431.665,24.0,34.464,4.5,0.14
3,22,10,832.924,912.0,106.0,786938.843,755090.908,24.0,37.459,4.5,0.14
3,22,11,956.41,946.0,107.0,888303.683,833333.333,24.0,40.081,4.2,0.14
3,22,12,1003.815,955.0,108.0,925074.522,833333.333,24.0,41.355,4.0,0.14
3,22,13,972.41,945.0,108.0,896780.321,833333.333,25.0,41.578,4.1,0.14
3,22,14,868.53,924.0,102.0,813319.819,780537.102,25.0,39.219,4.4,0.14
3,22,15,698.064,876.0,95.0,668073.615,640437.548,25.0,36.004,4.7,0.14
3,22,16,478.254,791.0,82.0,468941.811,448361.776,24.0,31.364,4.9,0.14
3,22,17,233.529,623.0,59.0,206167.342,194898.451,24.0,27.494,4.9,0.14
3,22,18,19.245,143.0,15.0,7907.607,3663.847,24.0,24.218,4.6,0.14
3,22,19,0.0,0.0,0.0,0.0,0.0,23.0,23.0,4.4,0.14
3,22,20,0.0,0.0,0.0,0.0,0.0,23.0,23.0,4.3,0.14
3,22,21,0.0,0.0,0.0,0.0,0.0,23.0,23.0,4.1,0.14
3,22,22,0.0,0.0,0.0,0.0,0.0,23.0,23.0,4.0,0.14
3,22,23,0.0,0.0,0.0,0.0,0.0,23.0,23.0,3.8,0.14
3,23,0,0.0,0.0,0.0,0.0,0.0,23.0,23.0,3.5,0.14
3,23,1,0.0,0.0,0.0,0.0,0.0,23.0,23.0,3.3,0.14
3,23,2,0.0,0.0,0.0,0.0,0.0,23.0,23.0,3.0,0.14
3,23,3,0.0,0.0,0.0,0.0,0.0,23.0,23.0,2.7,0.14
3,23,4,0.0,0.0,0.0,0.0,0.0,23.0,23.0,2.5,0.14
3,23,5,0.0,0.0,0.0,0.0,0.0,23.0,23.0,2.5,0.14
3,23,6,0.0,0.0,0.0,0.0,0.0,23.0,23.0,2.6,0.14
3,23,7,172.095,539.0,53.0,140891.661,131935.747,24.0,27.509,2.7,0.14
3,23,8,417.429,762.0,76.0,401137.777,382960.308,24.0,32.907,2.7,0.14
3,23,9,646.248,863.0,89.0,614449.286,588713.342,24.0,38.317,2.5,0.14
3,23,10,831.678,917.0,98.0,767247.901,736097.695,24.0,43.451,2.2,0.14
3,23,11,941.145,894.0,136.0,840872.864,807113.833,25.0,49.339,1.7,0.14
3,23,12,989.078,905.0,138.0,862942.402,828401.359,25.0,54.362,1.1,0.14
3,23,13,961.117,900.0,136.0,831557.183,798128.243,25.0,56.676,0.7,0.14
3,23,14,848.844,843.0,148.0,751998.18,721388.332,25.0,52.253,0.8,0.14
3,23,15,678.636,785.0,137.0,624176.985,598096.35,25.0,45.214,1.1,0.14
3,23,16,460.093,683.0,117.0,438304.746,418810.303,25.0,37.788,1.4,0.14
3,23,17,221.178,491.0,83.0,195204.449,184324.017,25.0,30.87,1.5,0.14
3,23,18,17.826,47.0,17.0,8790.055,4515.026,25.0,25.372,1.7,0.14
3,23,19,0.0,0.0,0.0,0.0,0.0,25.0,25.0,1.8,0.14
3,23,20,0.0,0.0,0.0,0.0,0.0,24.0,24.0,1.7,0.14
3,23,21,0.0,0.0,0.0,0.0,0.0,24.0,24.0,1.6,0.14
3,23,22,0.0,0.0,0.0,0.0,0.0,24.0,24.0,1.5,0.14
3,23,23,0.0,0.0,0.0,0.0,0.0,24.0,24.0,1.3,0.14
3,24,0,0.0,0.0,0.0,0.0,0.0,24.0,24.0,1.3,0.14
3,24,1,0.0,0.0,0.0,0.0,0.0,24.0,24.0,1.3,0.14
3,24,2,0.0,0.0,0.0,0.0,0.0,24.0,24.0,1.4,0.14
3,24,3,0.0,0.0,0.0,0.0,0.0,23.0,23.0,1.5,0.14
3,24,4,0.0,0.0,0.0,0.0,0.0,23.0,23.0,1.5,0.14
3,24,5,0.0,0.0,0.0,0.0,0.0,23.0,23.0,1.2,0.14
3,24,6,0.0,0.0,0.0,0.0,0.0,23.0,23.0,1.2,0.14
3,24,7,108.254,108.0,84.0,96447.343,89066.267,24.0,27.177,1.1,0.14
3,24,8,418.563,752.0,79.0,396839.498,378814.335,24.0,36.47,1.1,0.14
3,24,9,645.375,845.0,97.0,601068.576,575806.764,24.0,43.247,1.1,0.14
3,24,10,830.968,904.0,105.0,751651.1,721053.55,24.0,48.125,1.2,0.14
3,24,11,931.591,852.0,162.0,828594.224,795270.274,25.0,50.169,1.5,0.14
3,24,12,817.329,431.0,411.0,732827.983,702897.411,25.0,45.178,1.9,0.14
3,24,13,773.585,387.0,418.0,701789.669,672958.908,25.0,42.31,2.4,0.14
3,24,14,820.178,712.0,227.0,754979.114,724263.64,25.0,42.142,2.8,0.14
3,24,15,653.09,648.0,205.0,616399.349,590594.307,25.0,37.786,3.2,0.14
3,24,16,438.456,531.0,171.0,422777.275,403833.033,25.0,33.467,3.3,0.14
3,24,17,143.028,85.0,119.0,132425.317,123769.399,25.0,27.879,3.0,0.14
3,24,18,13.139,3.0,13.0,6959.43,2749.267,25.0,25.232,2.8,0.14
3,24,19,0.0,0.0,0.0,0.0,0.0,25.0,25.0,2.8,0.14
3,24,20,0.0,0.0,0.0,0.0,0.0,24.0,24.0,2.8,0.14
3,24,21,0.0,0.0,0.0,0.0,0.0,24.0,24.0,2.8,0.14
3,24,22,0.0,0.0,0.0,0.0,0.0,24.0,24.0,2.9,0.14
3,24,23,0.0,0.0,0.0,0.0,0.0,24.0,24.0,3.2,0.14
3,25,0,0.0,0.0,0.0,0.0,0.0,24.0,24.0,3.6,0.14
3,25,1,0.0,0.0,0.0,0.0,0.0,24.0,24.0,3.9,0.14
3,25,2,0.0,0.0,0.0,0.0,0.0,23.0,23.0,4.0,0.14
3,25,3,0.0,0.0,0.0,0.0,0.0,23.0,23.0,4.1,0.14
3,25,4,0.0,0.0,0.0,0.0,0.0,23.0,23.0,4.2,0.14
3,25,5,0.0,0.0,0.0,0.0,0.0,23.0,23.0,4.2,0.14
3,25,6,0.0,0.0,0.0,0.0,0.0,23.0,23.0,4.3,0.14
3,25,7,85.564,20.0,81.0,79032.302,72268.31,23.0,24.376,4.5,0.14
3,25,8,199.11,42.0,180.0,189639.437,178956.195,24.0,27.211,4.5,0.14
3,25,9,426.611,188.0,304.0,406733.08,388357.347,24.0,30.87,4.5,0.14
3,25,10,636.547,358.0,348.0,599717.046,574503.124,24.0,34.241,4.5,0.14
3,25,11,627.155,179.0,465.0,583134.96,558508.608,24.0,34.331,4.3,0.14
3,25,12,755.351,303.0,469.0,697069.997,668406.473,24.0,36.99,4.0,0.14
3,25,13,376.099,24.0,354.0,349497.325,333149.683,24.0,30.357,4.1,0.14
3,25,14,551.736,159.0,419.0,516805.651,494529.609,24.0,32.973,4.4,0.14
3,25,15,429.788,144.0,330.0,410199.155,391700.606,23.0,29.396,5.1,0.14
3,25,16,176.04,8.0,172.0,167407.401,157511.929,23.0,25.414,5.8,0.14
3,25,17,70.0,0.0,70.0,65165.213,58892.588,23.0,23.9,6.4,0.14
3,25,18,9.0,0.0,9.0,4788.606,655.364,22.0,22.093,6.9,0.14
3,25,19,0.0,0.0,0.0,0.0,0.0,22.0,22.0,7.1,0.14
3,25,20,0.0,0.0,0.0,0.0,0.0,22.0,22.0,7.2,0.14
3,25,21,0.0,0.0,0.0,0.0,0.0,22.0,22.0,7.1,0.14
3,25,22,0.0,0.0,0.0,0.0,0.0,22.0,22.0,6.9,0.14
3,25,23,0.0,0.0,0.0,0.0,0.0,22.0,22.0,6.7,0.14
3,26,0,0.0,0.0,0.0,0.0,0.0,22.0,22.0,6.6,0.14
3,26,1,0.0,0.0,0.0,0.0,0.0,22.0,22.0,6.6,0.14
3,26,2,0.0,0.0,0.0,0.0,0.0,22.0,22.0,6.5,0.14
3,26,3,0.0,0.0,0.0,0.0,0.0,21.0,21.0,6.5,0.14
3,26,4,0.0,0.0,0.0,0.0,0.0,21.0,21.0,6.7,0.14
3,26,5,0.0,0.0,0.0,0.0,0.0,21.0,21.0,7.0,0.14
3,26,6,0.0,0.0,0.0,0.0,0.0,21.0,0.0,7.5,0.14
3,26,7,81.159,5.0,80.0,76189.042,69525.799,21.0,21.89,8.0,0.14
3,26,8,245.886,111.0,195.0,239719.593,227261.812,21.0,23.603,8.4,0.14
3,26,9,237.175,14.0,228.0,226269.037,214287.863,22.0,24.478,8.5,0.14
3,26,10,526.378,155.0,401.0,504023.478,482200.359,22.0,27.544,8.4,0.14
3,26,11,669.038,229.0,461.0,636202.167,609695.432,22.0,29.103,8.3,0.14
3,26,12,541.784,80.0,466.0,512600.162,490473.138,22.0,27.843,8.1,0.14
3,26,13,750.502,330.0,446.0,712683.637,683466.86,22.0,30.193,8.0,0.14
3,26,14,679.947,355.0,383.0,648802.464,621849.251,23.0,30.435,8.0,0.14
3,26,15,537.711,338.0,303.0,520059.919,497668.566,23.0,28.788,8.2,0.14
3,26,16,358.914,304.0,205.0,351662.148,335237.797,23.0,26.842,8.3,0.14
3,26,17,205.763,427.0,84.0,187434.241,176829.138,22.0,24.162,8.3,0.14
3,26,18,17.833,0.0,18.0,9830.869,5518.96,22.0,22.163,8.2,0.14
3,26,19,0.0,0.0,0.0,0.0,0.0,22.0,22.0,8.3,0.14
3,26,20,0.0,0.0,0.0,0.0,0.0,22.0,22.0,8.3,0.14
3,26,21,0.0,0.0,0.0,0.0,0.0,22.0,22.0,8.3,0.14
3,26,22,0.0,0.0,0.0,0.0,0.0,22.0,22.0,8.1,0.14
3,26,23,0.0,0.0,0.0,0.0,0.0,22.0,22.0,7.7,0.14
3,27,0,0.0,0.0,0.0,0.0,0.0,22.0,22.0,7.4,0.14
3,27,1,0.0,0.0,0.0,0.0,0.0,22.0,22.0,7.4,0.14
3,27,2,0.0,0.0,0.0,0.0,0.0,21.0,21.0,7.6,0.14
3,27,3,0.0,0.0,0.0,0.0,0.0,21.0,21.0,7.9,0.14
3,27,4,0.0,0.0,0.0,0.0,0.0,21.0,21.0,8.2,0.14
3,27,5,0.0,0.0,0.0,0.0,0.0,21.0,21.0,8.5,0.14
3,27,6,0.0,0.0,0.0,0.0,0.0,21.0,0.0,8.7,0.14
3,27,7,116.243,120.0,88.0,105887.663,98172.08,22.0,23.165,8.9,0.14
3,27,8,335.64,350.0,174.0,329562.264,313921.0,22.0,25.38,9.0,0.14
3,27,9,277.097,29.0,258.0,265483.594,252112.892,22.0,24.798,8.9,0.14
3,27,10,510.584,135.0,401.0,488692.439,467412.561,22.0,27.283,8.6,0.14
3,27,11,952.578,881.0,150.0,910546.364,833333.333,22.0,32.168,8.3,0.14
3,27,12,999.042,890.0,154.0,946277.725,833333.333,23.0,33.852,8.1,0.14
3,27,13,967.661,880.0,154.0,919249.272,833333.333,23.0,33.514,8.1,0.14
3,27,14,866.484,874.0,134.0,831522.558,798094.845,23.0,32.513,8.0,0.14
3,27,15,694.174,818.0,125.0,676804.565,648859.126,23.0,30.708,7.9,0.14
3,27,16,473.95,721.0,108.0,469696.188,449089.422,23.0,28.377,7.7,0.14
3,27,17,230.346,532.0,78.0,208850.907,197486.927,22.0,24.6,7.5,0.14
3,27,18,21.283,72.0,19.0,10367.551,6036.625,22.0,22.195,7.4,0.14
3,27,19,0.0,0.0,0.0,0.0,0.0,22.0,22.0,7.4,0.14
3,27,20,0.0,0.0,0.0,0.0,0.0,22.0,22.0,7.5,0.14
3,27,21,0.0,0.0,0.0,0.0,0.0,22.0,22.0,7.5,0.14
3,27,22,0.0,0.0,0.0,0.0,0.0,22.0,22.0,7.4,0.14
3,27,23,0.0,0.0,0.0,0.0,0.0,22.0,22.0,7.2,0.14
3,28,0,0.0,0.0,0.0,0.0,0.0,22.0,22.0,7.0,0.14
3,28,1,0.0,0.0,0.0,0.0,0.0,22.0,22.0,6.7,0.14
3,28,2,0.0,0.0,0.0,0.0,0.0,22.0,22.0,6.5,0.14
3,28,3,0.0,0.0,0.0,0.0,0.0,22.0,22.0,6.3,0.14
3,28,4,0.0,0.0,0.0,0.0,0.0,22.0,22.0,6.3,0.14
3,28,5,0.0,0.0,0.0,0.0,0.0,22.0,22.0,6.5,0.14
3,28,6,0.0,0.0,0.0,0.0,0.0,22.0,0.0,7.1,0.14
3,28,7,178.168,436.0,74.0,155063.814,145605.724,22.0,23.953,7.7,0.14
3,28,8,421.611,672.0,109.0,414818.178,396155.958,23.0,27.642,8.0,0.14
3,28,9,648.375,785.0,129.0,634655.846,608203.904,23.0,30.072,8.1,0.14
3,28,10,830.469,844.0,143.0,799318.096,767031.516,23.0,32.037,8.1,0.14
3,28,11,695.498,260.0,458.0,657867.538,630593.113,23.0,30.73,7.8,0.14
3,28,12,1001.93,911.0,135.0,943820.553,833333.333,24.0,35.402,7.6,0.14
3,28,13,966.316,893.0,139.0,912380.66,833333.333,24.0,35.212,7.4,0.14
3,28,14,858.257,859.0,137.0,818557.525,785589.215,24.0,34.066,7.3,0.14
3,28,15,324.676,44.0,294.0,308200.629,293316.292,24.0,27.788,7.3,0.14
3,28,16,467.154,700.0,111.0,460944.242,440647.593,24.0,29.401,7.5,0.14
3,28,17,226.5,506.0,81.0,205077.707,193847.426,23.0,25.559,7.5,0.14
3,28,18,20.543,55.0,19.0,10215.441,5889.905,23.0,23.189,7.5,0.14
3,28,19,0.0,0.0,0.0,0.0,0.0,23.0,23.0,7.5,0.14
3,28,20,0.0,0.0,0.0,0.0,0.0,23.0,23.0,7.6,0.14
3,28,21,0.0,0.0,0.0,0.0,0.0,23.0,23.0,7.7,0.14
3,28,22,0.0,0.0,0.0,0.0,0.0,23.0,23.0,7.7,0.14
3,28,23,0.0,0.0,0.0,0.0,0.0,23.0,23.0,7.5,0.14
3,29,0,0.0,0.0,0.0,0.0,0.0,23.0,23.0,7.4,0.14
3,29,1,0.0,0.0,0.0,0.0,0.0,23.0,23.0,7.2,0.14
3,29,2,0.0,0.0,0.0,0.0,0.0,23.0,23.0,7.0,0.14
3,29,3,0.0,0.0,0.0,0.0,0.0,23.0,23.0,7.0,0.14
3,29,4,0.0,0.0,0.0,0.0,0.0,23.0,23.0,7.0,0.14
3,29,5,0.0,0.0,0.0,0.0,0.0,23.0,23.0,7.0,0.14
3,29,6,0.0,0.0,0.0,0.0,0.0,23.0,0.0,7.4,0.14
3,29,7,178.041,425.0,75.0,155104.654,145645.117,23.0,24.901,8.0,0.14
3,29,8,258.629,123.0,201.0,249477.197,236673.665,24.0,26.763,8.3,0.14
3,29,9,471.167,253.0,303.0,454204.106,434146.286,24.0,28.937,8.5,0.14
3,29,10,284.259,15.0,272.0,267183.802,253752.855,24.0,26.961,8.5,0.14
3,29,11,651.259,199.0,469.0,613992.034,588272.292,24.0,30.911,8.3,0.14
3,29,12,706.539,226.0,491.0,663768.387,636284.871,24.0,31.632,8.1,0.14
3,29,13,603.167,137.0,476.0,567185.541,543124.34,24.0,30.631,7.9,0.14
3,29,14,510.893,114.0,415.0,483171.809,462087.548,24.0,29.675,7.8,0.14
3,29,15,419.709,127.0,331.0,401001.072,382828.447,24.0,28.719,7.7,0.14
3,29,16,235.01,51.0,209.0,225166.24,213224.142,24.0,26.674,7.6,0.14
3,29,17,225.204,496.0,82.0,203361.571,192192.099,24.0,26.57,7.4,0.14
3,29,18,11.0,0.0,11.0,5852.639,1681.694,24.0,24.109,7.3,0.14
3,29,19,0.0,0.0,0.0,0.0,0.0,24.0,24.0,7.3,0.14
3,29,20,0.0,0.0,0.0,0.0,0.0,24.0,24.0,7.2,0.14
3,29,21,0.0,0.0,0.0,0.0,0.0,24.0,24.0,7.0,0.14
3,29,22,0.0,0.0,0.0,0.0,0.0,23.0,23.0,6.6,0.14
3,29,23,0.0,0.0,0.0,0.0,0.0,23.0,23.0,6.2,0.14
3,30,0,0.0,0.0,0.0,0.0,0.0,23.0,23.0,6.0,0.14
3,30,1,0.0,0.0,0.0,0.0,0.0,23.0,23.0,6.0,0.14
3,30,2,0.0,0.0,0.0,0.0,0.0,23.0,23.0,6.0,0.14
3,30,3,0.0,0.0,0.0,0.0,0.0,23.0,23.0,6.1,0.14
3,30,4,0.0,0.0,0.0,0.0,0.0,23.0,23.0,6.1,0.14
3,30,5,0.0,0.0,0.0,0.0,0.0,23.0,23.0,6.4,0.14
3,30,6,0.0,0.0,0.0,0.0,0.0,23.0,0.0,6.8,0.14
3,30,7,163.316,355.0,76.0,142834.219,133809.473,24.0,25.869,7.3,0.14
3,30,8,364.945,428.0,163.0,356013.271,339434.743,24.0,28.247,7.4,0.14
3,30,9,487.628,281.0,300.0,469393.528,448797.486,24.0,29.655,7.4,0.14
3,30,10,691.139,427.0,341.0,657611.554,630346.2,24.0,32.082,7.3,0.14
3,30,11,747.612,335.0,440.0,702886.504,674016.878,24.0,32.894,7.1,0.14
3,30,12,731.627,257.0,486.0,682564.062,654414.541,25.0,33.692,7.1,0.14
3,30,13,778.594,377.0,428.0,728640.933,698858.725,25.0,34.265,7.1,0.14
3,30,14,723.561,454.0,341.0,684471.298,656254.196,25.0,33.46,7.3,0.14
3,30,15,427.171,136.0,332.0,408125.713,389700.634,24.0,28.895,7.5,0.14
3,30,16,347.906,260.0,215.0,338620.979,322658.728,24.0,27.97,7.6,0.14
3,30,17,160.279,170.0,111.0,148476.738,139252.054,24.0,25.829,7.5,0.14
3,30,18,7.0,0.0,7.0,3634.529,0.0,24.0,24.069,7.4,0.14
3,30,19,0.0,0.0,0.0,0.0,0.0,24.0,24.0,7.5,0.14
3,30,20,0.0,0.0,0.0,0.0,0.0,24.0,24.0,7.4,0.14
3,30,21,0.0,0.0,0.0,0.0,0.0,24.0,24.0,7.3,0.14
3,30,22,0.0,0.0,0.0,0.0,0.0,23.0,23.0,7.1,0.14
3,30,23,0.0,0.0,0.0,0.0,0.0,23.0,23.0,6.8,0.14
3,31,0,0.0,0.0,0.0,0.0,0.0,23.0,23.0,6.7,0.14
3,31,1,0.0,0.0,0.0,0.0,0.0,23.0,23.0,6.8,0.14
3,31,2,0.0,0.0,0.0,0.0,0.0,23.0,23.0,7.0,0.14
3,31,3,0.0,0.0,0.0,0.0,0.0,23.0,23.0,7.1,0.14
3,31,4,0.0,0.0,0.0,0.0,0.0,23.0,23.0,7.3,0.14
3,31,5,0.0,0.0,0.0,0.0,0.0,23.0,23.0,7.5,0.14
3,31,6,0.0,0.0,0.0,0.0,0.0,23.0,0.0,7.7,0.14
3,31,7,138.65,183.0,93.0,125631.174,117215.999,23.0,24.515,7.9,0.14
3,31,8,330.105,297.0,189.0,321233.231,305887.098,24.0,27.563,8.2,0.14
3,31,9,410.91,143.0,315.0,394089.162,376161.454,24.0,28.338,8.4,0.14
3,31,10,584.516,217.0,406.0,555730.416,532075.115,24.0,30.105,8.5,0.14
3,31,11,734.294,311.0,448.0,693051.212,664530.09,24.0,31.665,8.5,0.14
3,31,12,803.192,374.0,445.0,755912.537,725163.988,24.0,32.384,8.5,0.14
3,31,13,675.508,212.0,478.0,636403.335,609889.472,24.0,31.043,8.5,0.14
3,31,14,869.632,881.0,126.0,821081.588,788023.84,25.0,36.684,6.0,0.15
3,31,15,700.469,838.0,113.0,672494.198,644701.492,25.0,34.759,5.7,0.15
3,31,16,300.825,148.0,225.0,288745.302,274550.346,25.0,29.332,5.4,0.15
3,31,17,238.077,581.0,69.0,212424.34,200933.738,25.0,28.532,5.0,0.15
3,31,18,23.91,122.0,19.0,10619.919,6280.05,24.0,24.292,4.4,0.15
3,31,19,0.0,0.0,0.0,0.0,0.0,24.0,24.0,4.0,0.15
3,31,20,0.0,0.0,0.0,0.0,0.0,24.0,24.0,3.9,0.15
3,31,21,0.0,0.0,0.0,0.0,0.0,24.0,24.0,3.9,0.15
3,31,22,0.0,0.0,0.0,0.0,0.0,24.0,24.0,3.7,0.15
3,31,23,0.0,0.0,0.0,0.0,0.0,24.0,24.0,3.3,0.15
4,1,0,0.0,0.0,0.0,0.0,0.0,24.0,24.0,2.8,0.15
4,1,1,0.0,0.0,0.0,0.0,0.0,24.0,24.0,2.5,0.15
4,1,2,0.0,0.0,0.0,0.0,0.0,24.0,24.0,2.2,0.15
4,1,3,0.0,0.0,0.0,0.0,0.0,23.0,23.0,1.9,0.15
4,1,4,0.0,0.0,0.0,0.0,0.0,23.0,23.0,1.8,0.15
4,1,5,0.0,0.0,0.0,0.0,0.0,23.0,23.0,2.0,0.15
4,1,6,0.0,0.0,0.0,0.0,0.0,23.0,0.0,2.3,0.15
4,1,7,57.0,0.0,57.0,52170.548,46358.375,24.0,25.258,2.5,0.15
4,1,8,17.0,0.0,17.0,14642.898,10160.479,24.0,24.368,2.6,0.15
4,1,9,467.631,234.0,310.0,438938.933,419422.019,25.0,35.3,2.5,0.15
4,1,10,845.531,884.0,116.0,775302.418,743866.808,25.0,44.387,2.3,0.15
4,1,11,959.619,899.0,130.0,860132.565,825691.086,25.0,48.305,2.0,0.15
4,1,12,579.442,113.0,471.0,522337.795,499865.727,25.0,40.54,1.5,0.15
4,1,13,560.527,112.0,456.0,502828.388,481047.616,25.0,41.946,1.0,0.15
4,1,14,864.784,875.0,125.0,766903.106,735765.117,25.0,52.044,0.9,0.15
4,1,15,694.36,825.0,115.0,640335.396,613682.204,25.0,44.709,1.3,0.15
4,1,16,476.957,740.0,97.0,457832.916,437646.513,25.0,36.898,1.9,0.15
4,1,17,235.473,563.0,71.0,209127.4,197753.622,25.0,30.102,2.5,0.15
4,1,18,24.319,109.0,20.0,11044.178,6689.276,25.0,25.355,3.3,0.15
4,1,19,0.0,0.0,0.0,0.0,0.0,24.0,24.0,4.1,0.15
4,1,20,0.0,0.0,0.0,0.0,0.0,24.0,24.0,4.7,0.15
4,1,21,0.0,0.0,0.0,0.0,0.0,24.0,24.0,4.8,0.15
4,1,22,0.0,0.0,0.0,0.0,0.0,24.0,24.0,4.6,0.15
4,1,23,0.0,0.0,0.0,0.0,0.0,24.0,24.0,4.4,0.15
4,2,0,0.0,0.0,0.0,0.0,0.0,24.0,24.0,4.1,0.15
4,2,1,0.0,0.0,0.0,0.0,0.0,23.0,23.0,4.0,0.15
4,2,2,0.0,0.0,0.0,0.0,0.0,23.0,23.0,3.8,0.15
4,2,3,0.0,0.0,0.0,0.0,0.0,23.0,23.0,3.8,0.15
4,2,4,0.0,0.0,0.0,0.0,0.0,23.0,23.0,3.9,0.15
4,2,5,0.0,0.0,0.0,0.0,0.0,23.0,23.0,4.2,0.15
4,2,6,0.0,0.0,0.0,0.0,0.0,23.0,0.0,4.8,0.15
4,2,7,203.759,553.0,62.0,176229.811,166021.726,24.0,26.885,5.3,0.15
4,2,8,448.591,753.0,86.0,438965.113,419447.272,24.0,30.565,5.3,0.15
4,2,9,676.726,851.0,101.0,650051.507,623054.035,25.0,35.138,5.1,0.15
4,2,10,857.52,903.0,110.0,805779.628,773264.09,25.0,38.313,4.8,0.15
4,2,11,972.808,923.0,119.0,897147.892,833333.333,25.0,41.349,4.2,0.15
4,2,12,1017.197,931.0,122.0,927074.552,833333.333,25.0,43.654,3.6,0.15
4,2,13,982.94,922.0,121.0,889486.398,833333.333,26.0,45.853,3.0,0.15
4,2,14,875.745,896.0,117.0,802084.9,769700.281,26.0,44.325,2.8,0.15
4,2,15,704.108,846.0,109.0,662038.197,634615.989,25.0,40.027,2.7,0.15
4,2,16,233.699,48.0,209.0,220958.552,209165.549,25.0,29.799,2.9,0.15
4,2,17,165.838,187.0,111.0,152215.89,142858.713,25.0,28.116,3.4,0.15
4,2,18,25.01,118.0,20.0,11216.483,6855.476,25.0,25.34,3.7,0.15
4,2,19,0.0,0.0,0.0,0.0,0.0,24.0,24.0,3.9,0.15
4,2,20,0.0,0.0,0.0,0.0,0.0,24.0,24.0,3.9,0.15
4,2,21,0.0,0.0,0.0,0.0,0.0,24.0,24.0,3.8,0.15
4,2,22,0.0,0.0,0.0,0.0,0.0,24.0,24.0,3.6,0.15
4,2,23,0.0,0.0,0.0,0.0,0.0,24.0,24.0,3.2,0.15
4,3,0,0.0,0.0,0.0,0.0,0.0,24.0,24.0,2.8,0.15
4,3,1,0.0,0.0,0.0,0.0,0.0,24.0,24.0,2.5,0.15
4,3,2,0.0,0.0,0.0,0.0,0.0,23.0,23.0,2.3,0.15
4,3,3,0.0,0.0,0.0,0.0,0.0,23.0,23.0,2.2,0.15
4,3,4,0.0,0.0,0.0,0.0,0.0,23.0,23.0,2.3,0.15
4,3,5,0.0,0.0,0.0,0.0,0.0,23.0,23.0,2.7,0.15
4,3,6,0.0,0.0,0.0,0.0,0.0,23.0,0.0,3.4,0.15
4,3,7,163.924,300.0,86.0,145893.71,136760.554,24.0,26.746,4.1,0.15
4,3,8,359.786,373.0,179.0,348601.506,332285.606,24.0,29.898,4.4,0.15
4,3,9,571.42,479.0,246.0,546483.339,523155.699,24.0,33.35,4.4,0.15
4,3,10,704.834,443.0,337.0,660899.47,633517.611,24.0,35.819,4.2,0.15
4,3,11,778.606,390.0,417.0,715594.152,686274.244,25.0,39.011,3.7,0.15
4,3,12,848.59,448.0,417.0,769922.522,738677.543,25.0,42.069,3.0,0.15
4,3,13,824.869,458.0,396.0,745601.803,715218.604,25.0,43.464,2.4,0.15
4,3,14,710.881,409.0,364.0,646338.366,619472.466,25.0,42.944,1.8,0.15
4,3,15,612.431,530.0,239.0,563176.979,539257.817,25.0,43.203,1.1,0.15
4,3,16,338.566,228.0,221.0,317323.634,302116.033,25.0,36.829,0.5,0.15
4,3,17,164.1,177.0,112.0,148975.498,139733.141,25.0,31.035,0.3,0.15
4,3,18,16.0,0.0,16.0,8623.1,4353.987,25.0,25.473,0.5,0.15
4,3,19,0.0,0.0,0.0,0.0,0.0,24.0,24.0,0.8,0.15
4,3,20,0.0,0.0,0.0,0.0,0.0,24.0,24.0,1.1,0.15
4,3,21,0.0,0.0,0.0,0.0,0.0,24.0,24.0,1.2,0.15
4,3,22,0.0,0.0,0.0,0.0,0.0,24.0,24.0,1.3,0.15
4,3,23,0.0,0.0,0.0,0.0,0.0,24.0,24.0,1.2,0.15
4,4,0,0.0,0.0,0.0,0.0,0.0,24.0,24.0,1.2,0.15
4,4,1,0.0,0.0,0.0,0.0,0.0,24.0,24.0,1.2,0.15
4,4,2,0.0,0.0,0.0,0.0,0.0,23.0,23.0,1.2,0.15
4,4,3,0.0,0.0,0.0,0.0,0.0,23.0,23.0,1.4,0.15
4,4,4,0.0,0.0,0.0,0.0,0.0,23.0,23.0,1.5,0.15
4,4,5,0.0,0.0,0.0,0.0,0.0,23.0,23.0,1.3,0.15
4,4,6,2.0,0.0,2.0,972.554,0.0,23.0,23.052,1.0,0.15
4,4,7,45.0,0.0,45.0,40729.598,35322.824,24.0,25.485,0.7,0.15
4,4,8,46.0,0.0,46.0,41339.319,35910.94,24.0,25.557,0.6,0.15
4,4,9,130.0,0.0,130.0,119266.556,111076.905,24.0,27.939,1.0,0.15
4,4,10,455.291,76.0,392.0,417202.529,398455.823,24.0,36.804,1.3,0.15
4,4,11,806.608,444.0,394.0,711344.567,682175.238,25.0,49.469,1.0,0.15
4,4,12,846.525,444.0,418.0,736901.363,706826.455,25.0,52.038,0.8,0.15
4,4,13,814.607,441.0,401.0,715310.816,686000.947,25.0,50.351,0.9,0.15
4,4,14,367.482,30.0,342.0,335963.933,320095.833,25.0,35.324,1.3,0.15
4,4,15,168.706,1.0,168.0,155140.021,145679.23,25.0,29.434,1.6,0.15
4,4,16,139.0,0.0,139.0,129120.354,120581.544,25.0,28.512,1.8,0.15
4,4,17,219.243,407.0,99.0,197662.229,186694.708,25.0,30.053,2.2,0.15
4,4,18,21.104,29.0,20.0,10898.815,6549.064,25.0,25.363,2.8,0.15
4,4,19,0.0,0.0,0.0,0.0,0.0,24.0,24.0,3.6,0.15
4,4,20,0.0,0.0,0.0,0.0,0.0,24.0,24.0,4.5,0.15
4,4,21,0.0,0.0,0.0,0.0,0.0,24.0,24.0,5.1,0.15
4,4,22,0.0,0.0,0.0,0.0,0.0,24.0,24.0,5.1,0.15
4,4,23,0.0,0.0,0.0,0.0,0.0,24.0,24.0,4.6,0.15
4,5,0,0.0,0.0,0.0,0.0,0.0,23.0,23.0,3.9,0.15
4,5,1,0.0,0.0,0.0,0.0,0.0,23.0,23.0,3.3,0.15
4,5,2,0.0,0.0,0.0,0.0,0.0,23.0,23.0,3.0,0.15
4,5,3,0.0,0.0,0.0,0.0,0.0,23.0,23.0,2.9,0.15
4,5,4,0.0,0.0,0.0,0.0,0.0,23.0,23.0,3.0,0.15
4,5,5,0.0,0.0,0.0,0.0,0.0,23.0,23.0,3.4,0.15
4,5,6,8.0,0.0,8.0,4206.302,93.693,23.0,23.114,4.2,0.15
4,5,7,160.081,248.0,94.0,144462.105,135379.676,24.0,26.386,5.0,0.15
4,5,8,371.4,394.0,178.0,361190.678,344428.694,24.0,29.425,5.3,0.15
4,5,9,516.434,316.0,300.0,494135.265,472662.525,24.0,31.425,5.4,0.15
4,5,10,718.522,464.0,331.0,676958.389,649007.5,24.0,34.701,5.1,0.15
4,5,11,811.175,449.0,393.0,748467.775,717983.024,25.0,38.394,4.3,0.15
4,5,12,778.63,313.0,476.0,710421.207,681284.596,25.0,39.654,3.4,0.15
4,5,13,799.941,413.0,412.0,727481.706,697740.574,25.0,41.652,2.8,0.15
4,5,14,661.182,300.0,406.0,607015.801,581543.255,25.0,39.526,2.5,0.15
4,5,15,532.278,306.0,316.0,497485.863,475894.399,25.0,36.945,2.4,0.15
4,5,16,473.378,698.0,112.0,456626.379,436482.728,25.0,35.314,2.6,0.15
4,5,17,111.337,18.0,106.0,103734.813,96095.514,25.0,27.328,2.8,0.15
4,5,18,24.627,62.0,22.0,12170.061,7775.265,25.0,25.398,3.0,0.15
4,5,19,0.0,0.0,0.0,0.0,0.0,24.0,24.0,3.2,0.15
4,5,20,0.0,0.0,0.0,0.0,0.0,24.0,24.0,3.3,0.15
4,5,21,0.0,0.0,0.0,0.0,0.0,24.0,24.0,3.2,0.15
4,5,22,0.0,0.0,0.0,0.0,0.0,24.0,24.0,2.8,0.15
4,5,23,0.0,0.0,0.0,0.0,0.0,24.0,24.0,2.3,0.15
4,6,0,0.0,0.0,0.0,0.0,0.0,24.0,24.0,1.8,0.15
4,6,1,0.0,0.0,0.0,0.0,0.0,24.0,24.0,1.4,0.15
4,6,2,0.0,0.0,0.0,0.0,0.0,24.0,24.0,1.1,0.15
4,6,3,0.0,0.0,0.0,0.0,0.0,24.0,24.0,1.2,0.15
4,6,4,0.0,0.0,0.0,0.0,0.0,24.0,24.0,1.3,0.15
4,6,5,0.0,0.0,0.0,0.0,0.0,24.0,24.0,1.2,0.15
4,6,6,11.576,17.0,11.0,5915.258,1742.094,24.0,24.3,0.9,0.15
4,6,7,203.323,472.0,76.0,177028.836,166792.438,24.0,30.943,0.5,0.15
4,6,8,438.471,659.0,113.0,413294.231,394686.011,24.0,39.829,0.4,0.15
4,6,9,278.19,25.0,261.0,257166.842,244090.835,24.0,33.128,0.7,0.15
4,6,10,835.468,828.0,142.0,741443.891,711208.024,25.0,51.822,0.8,0.15
4,6,11,603.001,135.0,477.0,534401.79,511502.247,25.0,45.294,0.6,0.15
4,6,12,630.029,158.0,477.0,551674.202,528162.629,25.0,48.163,0.3,0.15
4,6,13,944.745,814.0,179.0,799762.993,767460.648,25.0,61.063,0.2,0.15
4,6,14,839.212,788.0,168.0,738227.984,708106.069,25.0,53.45,0.6,0.14
4,6,15,117.0,0.0,117.0,106375.471,98642.602,25.0,28.635,0.9,0.14
4,6,16,76.0,0.0,76.0,69192.937,62777.594,25.0,27.253,1.1,0.14
4,6,17,217.912,450.0,84.0,194524.554,183668.213,25.0,31.226,1.2,0.14
4,6,18,17.983,0.0,18.0,9755.291,5446.06,25.0,25.412,1.5,0.14
4,6,19,0.0,0.0,0.0,0.0,0.0,25.0,25.0,1.6,0.14
4,6,20,0.0,0.0,0.0,0.0,0.0,25.0,25.0,1.7,0.14
4,6,21,0.0,0.0,0.0,0.0,0.0,24.0,24.0,1.7,0.14
4,6,22,0.0,0.0,0.0,0.0,0.0,24.0,24.0,1.6,0.14
4,6,23,0.0,0.0,0.0,0.0,0.0,24.0,24.0,1.5,0.14
4,7,0,0.0,0.0,0.0,0.0,0.0,24.0,24.0,1.4,0.14
4,7,1,0.0,0.0,0.0,0.0,0.0,24.0,24.0,1.4,0.14
4,7,2,0.0,0.0,0.0,0.0,0.0,24.0,24.0,1.4,0.14
4,7,3,0.0,0.0,0.0,0.0,0.0,24.0,24.0,1.6,0.14
4,7,4,0.0,0.0,0.0,0.0,0.0,24.0,24.0,1.9,0.14
4,7,5,0.0,0.0,0.0,0.0,0.0,24.0,24.0,2.2,0.14
4,7,6,11.0,0.0,11.0,5849.969,1679.119,24.0,24.195,2.8,0.14
4,7,7,126.479,86.0,103.0,116728.018,108628.317,24.0,26.42,3.3,0.14
4,7,8,385.651,430.0,172.0,373473.34,356276.132,24.0,31.101,3.6,0.14
4,7,9,126.0,0.0,126.0,116225.444,108143.552,24.0,26.232,3.8,0.14
4,7,10,223.718,8.0,217.0,206676.714,195389.773,25.0,28.953,3.8,0.14
4,7,11,802.302,428.0,402.0,736651.05,706585.012,25.0,39.441,3.7,0.14
4,7,12,667.957,169.0,504.0,611627.478,585991.522,25.0,37.357,3.5,0.14
4,7,13,969.687,903.0,119.0,883126.097,833333.333,25.0,44.259,3.1,0.14
4,7,14,862.055,870.0,120.0,792366.239,760325.99,25.0,43.356,2.7,0.14
4,7,15,694.654,829.0,107.0,652027.016,624959.544,25.0,40.369,2.5,0.14
4,7,16,479.251,747.0,91.0,463537.967,443149.411,25.0,35.082,2.8,0.14
4,7,17,239.317,577.0,67.0,213930.435,202386.467,25.0,29.454,3.4,0.14
4,7,18,28.623,145.0,21.0,12522.893,8115.595,25.0,25.376,3.8,0.14
4,7,19,0.0,0.0,0.0,0.0,0.0,24.0,24.0,4.1,0.14
4,7,20,0.0,0.0,0.0,0.0,0.0,24.0,24.0,4.2,0.14
4,7,21,0.0,0.0,0.0,0.0,0.0,24.0,24.0,4.2,0.14
4,7,22,0.0,0.0,0.0,0.0,0.0,24.0,24.0,4.1,0.14
4,7,23,0.0,0.0,0.0,0.0,0.0,24.0,24.0,4.0,0.14
4,8,0,0.0,0.0,0.0,0.0,0.0,24.0,24.0,3.8,0.14
4,8,1,0.0,0.0,0.0,0.0,0.0,24.0,24.0,3.8,0.14
4,8,2,0.0,0.0,0.0,0.0,0.0,23.0,23.0,3.7,0.14
4,8,3,0.0,0.0,0.0,0.0,0.0,23.0,23.0,3.7,0.14
4,8,4,0.0,0.0,0.0,0.0,0.0,23.0,23.0,3.8,0.14
4,8,5,0.0,0.0,0.0,0.0,0.0,24.0,24.0,4.0,0.14
4,8,6,16.463,61.0,14.0,7888.42,3645.34,24.0,24.208,4.6,0.14
4,8,7,216.718,542.0,67.0,191675.233,180919.855,24.0,27.165,5.1,0.14
4,8,8,456.849,728.0,93.0,447968.477,428131.61,24.0,30.858,5.1,0.14
4,8,9,680.067,830.0,105.0,651646.041,624592.068,25.0,35.444,4.9,0.14
4,8,10,857.055,886.0,111.0,803580.703,771143.081,25.0,38.655,4.6,0.14
4,8,11,973.757,927.0,105.0,897878.76,833333.333,25.0,41.364,4.2,0.14
4,8,12,1016.508,937.0,106.0,928650.885,833333.333,25.0,43.089,3.8,0.14
4,8,13,982.22,932.0,103.0,895721.811,833333.333,26.0,44.02,3.6,0.14
4,8,14,874.764,906.0,101.0,809558.323,776908.89,26.0,41.825,3.7,0.14
4,8,15,704.487,860.0,94.0,670564.983,642840.637,25.0,37.047,4.1,0.14
4,8,16,486.563,775.0,83.0,475322.701,454516.565,25.0,32.794,4.6,0.14
4,8,17,244.117,601.0,64.0,218889.335,207169.653,25.0,28.673,4.9,0.14
4,8,18,29.559,156.0,21.0,12839.215,8420.708,24.0,24.314,5.3,0.14
4,8,19,0.0,0.0,0.0,0.0,0.0,24.0,24.0,5.7,0.14
4,8,20,0.0,0.0,0.0,0.0,0.0,24.0,24.0,6.1,0.14
4,8,21,0.0,0.0,0.0,0.0,0.0,24.0,24.0,6.3,0.14
4,8,22,0.0,0.0,0.0,0.0,0.0,24.0,24.0,6.0,0.14
4,8,23,0.0,0.0,0.0,0.0,0.0,24.0,24.0,5.3,0.14
4,9,0,0.0,0.0,0.0,0.0,0.0,23.0,23.0,4.6,0.14
4,9,1,0.0,0.0,0.0,0.0,0.0,23.0,23.0,4.3,0.14
4,9,2,0.0,0.0,0.0,0.0,0.0,23.0,23.0,4.4,0.14
4,9,3,0.0,0.0,0.0,0.0,0.0,23.0,23.0,4.6,0.14
4,9,4,0.0,0.0,0.0,0.0,0.0,23.0,23.0,4.6,0.14
4,9,5,0.0,0.0,0.0,0.0,0.0,23.0,23.0,4.5,0.14
4,9,6,1.0,0.0,1.0,0.0,0.0,24.0,24.013,4.8,0.14
4,9,7,91.0,0.0,91.0,85121.092,78141.351,24.0,25.36,5.1,0.14
4,9,8,252.716,81.0,212.0,242194.532,229649.054,24.0,27.68,5.3,0.14
4,9,9,408.447,120.0,325.0,388370.396,370645.326,24.0,29.789,5.5,0.14
4,9,10,497.955,103.0,411.0,468251.584,447696.006,24.0,30.874,5.7,0.14
4,9,11,641.63,170.0,482.0,598926.541,573740.63,24.0,32.852,5.7,0.14
4,9,12,609.896,116.0,497.0,565585.831,541581.314,25.0,33.405,5.7,0.14
4,9,13,722.492,262.0,475.0,670884.525,643148.857,25.0,35.094,5.6,0.14
4,9,14,648.302,274.0,414.0,607231.667,581751.472,25.0,34.178,5.5,0.14
4,9,15,476.035,197.0,336.0,451602.267,431636.64,25.0,31.672,5.6,0.14
4,9,16,355.726,264.0,218.0,344982.12,328794.469,24.0,28.951,5.7,0.14
4,9,17,123.729,39.0,112.0,116135.655,108056.945,24.0,25.697,5.8,0.14
4,9,18,27.968,113.0,22.0,12904.126,8483.319,24.0,24.289,5.9,0.14
4,9,19,0.0,0.0,0.0,0.0,0.0,24.0,24.0,5.9,0.14
4,9,20,0.0,0.0,0.0,0.0,0.0,24.0,24.0,5.9,0.14
4,9,21,0.0,0.0,0.0,0.0,0.0,24.0,24.0,5.9,0.14
4,9,22,0.0,0.0,0.0,0.0,0.0,24.0,24.0,5.7,0.14
4,9,23,0.0,0.0,0.0,0.0,0.0,24.0,24.0,5.4,0.14
4,10,0,0.0,0.0,0.0,0.0,0.0,24.0,24.0,5.1,0.14
4,10,1,0.0,0.0,0.0,0.0,0.0,23.0,23.0,5.1,0.14
4,10,2,0.0,0.0,0.0,0.0,0.0,23.0,23.0,5.1,0.14
4,10,3,0.0,0.0,0.0,0.0,0.0,23.0,23.0,5.0,0.14
4,10,4,0.0,0.0,0.0,0.0,0.0,23.0,23.0,5.0,0.14
4,10,5,0.0,0.0,0.0,0.0,0.0,23.0,23.0,5.2,0.14
4,10,6,10.0,0.0,10.0,5321.509,1169.385,23.0,23.118,5.7,0.14
4,10,7,111.759,31.0,103.0,104516.131,96849.147,24.0,25.466,6.2,0.14
4,10,8,464.148,754.0,83.0,457574.443,437397.199,24.0,30.0,6.4,0.14
4,10,9,682.817,838.0,98.0,661132.308,633742.2,24.0,32.802,6.4,0.14
4,10,10,855.482,882.0,109.0,813226.3,780446.897,24.0,35.122,6.3,0.14
4,10,11,954.951,862.0,144.0,895855.73,833333.333,24.0,36.67,6.1,0.14
4,10,12,993.123,865.0,150.0,923503.811,833333.333,25.0,38.317,6.0,0.14
4,10,13,778.314,345.0,452.0,724099.856,694478.556,25.0,35.28,6.1,0.14
4,10,14,763.78,509.0,328.0,719255.919,689806.26,25.0,34.792,6.4,0.14
4,10,15,618.381,533.0,239.0,592939.482,567965.716,25.0,32.703,6.7,0.14
4,10,16,463.509,663.0,117.0,456697.186,436551.026,24.0,29.627,7.0,0.14
4,10,17,209.17,375.0,96.0,191965.376,181199.717,24.0,26.447,7.2,0.14
4,10,18,25.478,46.0,23.0,13046.367,8620.52,24.0,24.242,7.3,0.14
4,10,19,0.0,0.0,0.0,0.0,0.0,24.0,24.0,7.4,0.14
4,10,20,0.0,0.0,0.0,0.0,0.0,24.0,24.0,7.3,0.14
4,10,21,0.0,0.0,0.0,0.0,0.0,24.0,24.0,7.2,0.14
4,10,22,0.0,0.0,0.0,0.0,0.0,24.0,24.0,7.0,0.14
4,10,23,0.0,0.0,0.0,0.0,0.0,24.0,24.0,6.7,0.14
4,11,0,0.0,0.0,0.0,0.0,0.0,24.0,24.0,6.4,0.14
4,11,1,0.0,0.0,0.0,0.0,0.0,24.0,24.0,6.2,0.14
4,11,2,0.0,0.0,0.0,0.0,0.0,24.0,24.0,6.2,0.14
4,11,3,0.0,0.0,0.0,0.0,0.0,24.0,24.0,6.3,0.14
4,11,4,0.0,0.0,0.0,0.0,0.0,24.0,24.0,6.5,0.14
4,11,5,0.0,0.0,0.0,0.0,0.0,24.0,24.0,6.9,0.14
4,11,6,19.071,64.0,17.0,9152.023,4864.168,24.0,24.175,7.4,0.14
4,11,7,219.387,502.0,76.0,197217.794,186266.021,24.0,26.385,7.9,0.14
4,11,8,465.159,744.0,87.0,460292.387,440018.835,24.0,29.088,8.1,0.14
4,11,9,682.548,829.0,102.0,664117.879,636621.98,24.0,31.443,8.1,0.14
4,11,10,654.828,298.0,402.0,619041.349,593142.69,25.0,32.155,8.0,0.14
4,11,11,963.824,890.0,125.0,907490.655,833333.333,25.0,35.867,7.7,0.14
4,11,12,772.028,292.0,487.0,720008.292,690531.973,25.0,33.822,7.5,0.14
4,11,13,371.622,26.0,347.0,346363.884,330127.272,25.0,29.275,7.4,0.14
4,11,14,763.432,508.0,328.0,721560.978,692029.641,25.0,33.841,7.4,0.14
4,11,15,494.784,227.0,333.0,471930.61,451244.669,25.0,30.73,7.4,0.14
4,11,16,257.65,70.0,221.0,246358.121,233665.111,25.0,27.96,7.5,0.14
4,11,17,107.12,7.0,105.0,100402.038,92880.832,25.0,26.209,7.7,0.14
4,11,18,25.976,52.0,23.0,13180.17,8749.582,24.0,24.232,7.9,0.14
4,11,19,0.0,0.0,0.0,0.0,0.0,24.0,24.0,8.0,0.14
4,11,20,0.0,0.0,0.0,0.0,0.0,24.0,24.0,7.9,0.14
4,11,21,0.0,0.0,0.0,0.0,0.0,24.0,24.0,7.8,0.14
4,11,22,0.0,0.0,0.0,0.0,0.0,24.0,24.0,7.5,0.14
4,11,23,0.0,0.0,0.0,0.0,0.0,24.0,24.0,7.2,0.14
4,12,0,0.0,0.0,0.0,0.0,0.0,24.0,24.0,6.8,0.14
4,12,1,0.0,0.0,0.0,0.0,0.0,24.0,24.0,6.6,0.14
4,12,2,0.0,0.0,0.0,0.0,0.0,24.0,24.0,6.6,0.14
4,12,3,0.0,0.0,0.0,0.0,0.0,24.0,24.0,6.8,0.14
4,12,4,0.0,0.0,0.0,0.0,0.0,24.0,24.0,7.1,0.14
4,12,5,0.0,0.0,0.0,0.0,0.0,24.0,24.0,7.6,0.14
4,12,6,19.49,40.0,18.0,9844.332,5531.946,24.0,24.172,8.1,0.14
4,12,7,111.505,26.0,104.0,104598.502,96928.599,24.0,25.159,8.6,0.14
4,12,8,41.0,0.0,41.0,36774.62,31507.986,24.0,24.415,8.9,0.14
4,12,9,286.269,26.0,268.0,271428.616,257847.258,24.0,26.84,9.1,0.14
4,12,10,670.688,323.0,396.0,638388.397,611804.195,24.0,30.605,9.2,0.14
4,12,11,644.564,169.0,485.0,607303.985,581821.228,24.0,30.381,9.1,0.14
4,12,12,982.014,799.0,201.0,926950.283,833333.333,24.0,34.022,8.8,0.14
4,12,13,613.946,136.0,485.0,577462.029,553036.691,24.0,30.339,8.6,0.14
4,12,14,598.623,200.0,427.0,567409.036,543339.915,24.0,30.248,8.5,0.14
4,12,15,492.419,222.0,334.0,472421.548,451718.212,24.0,29.154,8.5,0.14
4,12,16,375.739,316.0,210.0,366943.785,349977.946,24.0,27.952,8.5,0.14
4,12,17,42.0,0.0,42.0,38126.553,32812.015,24.0,24.437,8.6,0.14
4,12,18,29.929,71.0,26.0,15008.251,10512.886,24.0,24.247,8.7,0.14
4,12,19,0.0,0.0,0.0,0.0,0.0,24.0,24.0,8.7,0.14
4,12,20,0.0,0.0,0.0,0.0,0.0,24.0,24.0,8.8,0.14
4,12,21,0.0,0.0,0.0,0.0,0.0,24.0,24.0,8.8,0.14
4,12,22,0.0,0.0,0.0,0.0,0.0,24.0,24.0,8.7,0.14
4,12,23,0.0,0.0,0.0,0.0,0.0,23.0,23.0,8.5,0.14
4,13,0,0.0,0.0,0.0,0.0,0.0,23.0,23.0,8.2,0.14
4,13,1,0.0,0.0,0.0,0.0,0.0,23.0,23.0,7.8,0.14
4,13,2,0.0,0.0,0.0,0.0,0.0,23.0,23.0,7.6,0.14
4,13,3,0.0,0.0,0.0,0.0,0.0,23.0,23.0,7.4,0.14
4,13,4,0.0,0.0,0.0,0.0,0.0,23.0,23.0,7.4,0.14
4,13,5,0.0,0.0,0.0,0.0,0.0,23.0,23.0,7.6,0.14
4,13,6,21.621,49.0,20.0,10899.221,6549.455,23.0,23.19,8.1,0.14
4,13,7,98.583,2.0,98.0,93029.863,85769.882,23.0,24.035,8.5,0.14
4,13,8,344.472,254.0,214.0,335769.706,319908.487,24.0,27.529,8.8,0.14
4,13,9,439.862,153.0,332.0,421488.127,402589.564,24.0,28.408,9.0,0.14
4,13,10,862.441,837.0,149.0,826221.758,792981.874,24.0,32.601,9.1,0.14
4,13,11,974.314,861.0,160.0,923365.897,833333.333,24.0,33.785,9.0,0.14
4,13,12,1013.582,869.0,163.0,957022.905,833333.333,24.0,34.176,9.0,0.14
4,13,13,977.378,859.0,162.0,925608.588,833333.333,24.0,33.898,8.9,0.14
4,13,14,872.037,844.0,147.0,830889.504,797484.222,25.0,33.918,8.8,0.14
4,13,15,511.19,255.0,329.0,489177.614,467880.543,25.0,30.26,8.7,0.14
4,13,16,481.473,688.0,120.0,475719.515,454899.318,24.0,29.035,8.6,0.14
4,13,17,240.836,498.0,89.0,220724.266,208939.566,24.0,26.493,8.5,0.14
4,13,18,31.333,89.0,26.0,15377.597,10869.145,24.0,24.264,8.3,0.14
4,13,19,0.0,0.0,0.0,0.0,0.0,24.0,24.0,8.3,0.14
4,13,20,0.0,0.0,0.0,0.0,0.0,24.0,24.0,8.4,0.14
4,13,21,0.0,0.0,0.0,0.0,0.0,24.0,24.0,8.4,0.14
4,13,22,0.0,0.0,0.0,0.0,0.0,24.0,24.0,8.5,0.14
4,13,23,0.0,0.0,0.0,0.0,0.0,24.0,24.0,8.4,0.14
4,14,0,0.0,0.0,0.0,0.0,0.0,24.0,24.0,8.3,0.14
4,14,1,0.0,0.0,0.0,0.0,0.0,24.0,24.0,8.2,0.14
4,14,2,0.0,0.0,0.0,0.0,0.0,24.0,24.0,8.0,0.14
4,14,3,0.0,0.0,0.0,0.0,0.0,23.0,23.0,7.7,0.14
4,14,4,0.0,0.0,0.0,0.0,0.0,23.0,23.0,7.5,0.14
4,14,5,0.0,0.0,0.0,0.0,0.0,24.0,24.0,7.7,0.14
4,14,6,24.593,63.0,22.0,12212.317,7816.024,24.0,24.214,8.1,0.14
4,14,7,167.153,194.0,110.0,154912.838,145460.098,24.0,25.725,8.6,0.14
4,14,8,395.062,403.0,187.0,387539.7,369844.065,24.0,28.053,8.8,0.14
4,14,9,544.338,337.0,306.0,524646.406,502092.535,24.0,29.512,8.9,0.14
4,14,10,741.342,478.0,333.0,704017.963,675108.245,25.0,32.497,8.9,0.14
4,14,11,823.511,446.0,401.0,774196.651,742800.223,25.0,33.384,8.8,0.14
4,14,12,846.471,428.0,427.0,792704.179,760651.956,25.0,33.761,8.6,0.14
4,14,13,694.008,221.0,484.0,650506.864,623493.257,25.0,32.235,8.5,0.14
4,14,14,648.187,270.0,416.0,612345.157,586683.771,25.0,31.89,8.3,0.15
4,14,15,602.639,479.0,260.0,579522.11,555023.775,25.0,31.435,8.3,0.15
4,14,16,403.516,400.0,193.0,393782.53,375865.687,25.0,29.247,8.5,0.15
4,14,17,160.911,137.0,119.0,150608.666,141308.44,24.0,25.666,8.6,0.15
4,14,18,19.988,0.0,20.0,11435.664,7066.89,24.0,24.183,8.4,0.15
4,14,19,0.0,0.0,0.0,0.0,0.0,24.0,24.0,8.2,0.15
4,14,20,0.0,0.0,0.0,0.0,0.0,24.0,24.0,8.2,0.15
4,14,21,0.0,0.0,0.0,0.0,0.0,24.0,24.0,8.3,0.15
4,14,22,0.0,0.0,0.0,0.0,0.0,24.0,24.0,8.3,0.15
4,14,23,0.0,0.0,0.0,0.0,0.0,23.0,23.0,8.2,0.15
4,15,0,0.0,0.0,0.0,0.0,0.0,23.0,23.0,8.0,0.15
4,15,1,0.0,0.0,0.0,0.0,0.0,23.0,23.0,7.7,0.15
4,15,2,0.0,0.0,0.0,0.0,0.0,23.0,23.0,7.4,0.15
4,15,3,0.0,0.0,0.0,0.0,0.0,23.0,23.0,7.4,0.15
4,15,4,0.0,0.0,0.0,0.0,0.0,23.0,23.0,7.5,0.15
4,15,5,0.0,0.0,0.0,0.0,0.0,23.0,23.0,7.7,0.15
4,15,6,16.0,0.0,16.0,8727.339,4454.532,23.0,23.146,8.2,0.15
4,15,7,144.939,104.0,114.0,135497.755,126732.969,24.0,25.463,8.9,0.15
4,15,8,352.011,266.0,214.0,343448.301,327314.999,24.0,27.459,9.3,0.15
4,15,9,544.659,335.0,307.0,525389.112,502808.924,24.0,29.249,9.5,0.15
4,15,10,769.601,524.0,321.0,734292.176,704309.722,24.0,31.53,9.3,0.15
4,15,11,816.744,435.0,404.0,771207.515,739917.004,24.0,32.175,9.0,0.15
4,15,12,889.15,473.0,425.0,835070.07,801516.654,24.0,33.127,8.7,0.15
4,15,13,991.135,859.0,174.0,936197.83,833333.333,24.0,34.387,8.5,0.15
4,15,14,868.44,780.0,197.0,828031.262,794727.26,24.0,33.189,8.4,0.15
4,15,15,646.556,604.0,214.0,625667.405,599533.958,24.0,30.85,8.4,0.15
4,15,16,409.942,421.0,188.0,401849.911,383647.208,24.0,28.353,8.4,0.15
4,15,17,180.954,166.0,130.0,169676.175,159700.31,24.0,25.906,8.4,0.15
4,15,18,18.0,0.0,18.0,10620.208,6280.329,24.0,24.169,8.3,0.15
4,15,19,0.0,0.0,0.0,0.0,0.0,23.0,23.0,8.3,0.15
4,15,20,0.0,0.0,0.0,0.0,0.0,23.0,23.0,8.5,0.15
4,15,21,0.0,0.0,0.0,0.0,0.0,23.0,23.0,8.7,0.15
4,15,22,0.0,0.0,0.0,0.0,0.0,23.0,23.0,8.5,0.15
4,15,23,0.0,0.0,0.0,0.0,0.0,23.0,23.0,8.1,0.15
4,16,0,0.0,0.0,0.0,0.0,0.0,23.0,23.0,7.7,0.15
4,16,1,0.0,0.0,0.0,0.0,0.0,23.0,23.0,7.2,0.15
4,16,2,0.0,0.0,0.0,0.0,0.0,23.0,23.0,6.8,0.15
4,16,3,0.0,0.0,0.0,0.0,0.0,23.0,23.0,6.8,0.15
4,16,4,0.0,0.0,0.0,0.0,0.0,23.0,23.0,6.8,0.15
4,16,5,0.0,0.0,0.0,0.0,0.0,23.0,23.0,7.2,0.15
4,16,6,14.0,0.0,14.0,7583.842,3351.553,23.0,23.131,7.9,0.15
4,16,7,120.211,34.0,110.0,113485.154,105500.361,23.0,24.249,8.6,0.15
4,16,8,394.8,389.0,192.0,388464.904,370736.485,23.0,27.049,8.8,0.15
4,16,9,561.569,369.0,299.0,543594.534,520369.256,23.0,28.687,8.9,0.15
4,16,10,734.912,458.0,342.0,700256.605,671480.167,24.0,31.43,8.9,0.15
4,16,11,845.684,469.0,400.0,797321.379,765105.55,24.0,32.684,8.7,0.15
4,16,12,1023.67,874.0,165.0,964115.043,833333.333,24.0,34.725,8.5,0.15
4,16,13,878.779,507.0,396.0,826415.772,793169.013,24.0,33.431,8.2,0.15
4,16,14,876.348,836.0,156.0,835528.067,801958.423,24.0,33.616,8.0,0.15
4,16,15,623.292,536.0,239.0,601739.732,576454.138,24.0,30.905,7.9,0.15
4,16,16,410.782,420.0,189.0,402375.835,384154.497,24.0,28.522,8.0,0.15
4,16,17,244.144,494.0,92.0,225239.557,213294.861,23.0,25.621,8.1,0.15
4,16,18,15.0,0.0,15.0,9103.526,4817.39,23.0,23.144,8.2,0.15
4,16,19,0.0,0.0,0.0,0.0,0.0,23.0,23.0,8.2,0.15
4,16,20,0.0,0.0,0.0,0.0,0.0,23.0,23.0,8.2,0.15
4,16,21,0.0,0.0,0.0,0.0,0.0,23.0,23.0,7.9,0.15
4,16,22,0.0,0.0,0.0,0.0,0.0,23.0,23.0,7.5,0.15
4,16,23,0.0,0.0,0.0,0.0,0.0,23.0,23.0,7.0,0.15
4,17,0,0.0,0.0,0.0,0.0,0.0,23.0,23.0,6.4,0.15
4,17,1,0.0,0.0,0.0,0.0,0.0,23.0,23.0,5.8,0.15
4,17,2,0.0,0.0,0.0,0.0,0.0,23.0,23.0,5.4,0.15
4,17,3,0.0,0.0,0.0,0.0,0.0,23.0,23.0,5.3,0.15
4,17,4,0.0,0.0,0.0,0.0,0.0,23.0,23.0,5.4,0.15
4,17,5,0.0,0.0,0.0,0.0,0.0,23.0,23.0,5.8,0.15
4,17,6,19.974,0.0,20.0,11016.912,6662.976,23.0,23.213,6.6,0.15
4,17,7,162.982,155.0,116.0,152606.544,143235.525,23.0,24.919,7.2,0.15
4,17,8,332.898,206.0,225.0,324219.691,308767.736,23.0,26.832,7.5,0.15
4,17,9,495.425,229.0,332.0,476655.133,455801.784,23.0,28.523,7.8,0.15
4,17,10,697.02,356.0,391.0,660928.132,633545.258,24.0,31.761,7.8,0.15
4,17,11,525.521,72.0,457.0,492732.962,471309.911,24.0,29.935,7.6,0.15
4,17,12,674.258,167.0,510.0,630704.576,604392.642,24.0,31.768,7.4,0.15
4,17,13,979.334,868.0,152.0,922357.781,833333.333,24.0,35.357,7.4,0.15
4,17,14,872.238,849.0,140.0,831107.505,797694.499,24.0,33.936,7.6,0.15
4,17,15,701.486,799.0,128.0,679868.714,651814.7,24.0,31.859,7.8,0.15
4,17,16,385.775,338.0,207.0,376657.111,359347.089,24.0,28.282,7.9,0.15
4,17,17,229.927,469.0,85.0,210957.182,199518.568,24.0,26.537,7.8,0.15
4,17,18,31.645,71.0,27.0,18300.833,13688.799,24.0,24.312,7.5,0.15
4,17,19,0.0,0.0,0.0,0.0,0.0,24.0,24.0,7.3,0.15
4,17,20,0.0,0.0,0.0,0.0,0.0,24.0,24.0,7.1,0.15
4,17,21,0.0,0.0,0.0,0.0,0.0,24.0,24.0,6.8,0.15
4,17,22,0.0,0.0,0.0,0.0,0.0,24.0,24.0,6.5,0.15
4,17,23,0.0,0.0,0.0,0.0,0.0,24.0,24.0,6.1,0.15
4,18,0,0.0,0.0,0.0,0.0,0.0,24.0,24.0,6.0,0.15
4,18,1,0.0,0.0,0.0,0.0,0.0,24.0,24.0,5.9,0.15
4,18,2,0.0,0.0,0.0,0.0,0.0,23.0,23.0,5.9,0.15
4,18,3,0.0,0.0,0.0,0.0,0.0,23.0,23.0,6.0,0.15
4,18,4,0.0,0.0,0.0,0.0,0.0,23.0,23.0,6.2,0.15
4,18,5,0.0,0.0,0.0,0.0,0.0,23.0,23.0,6.6,0.15
4,18,6,30.351,72.0,26.0,16129.949,11594.839,23.0,23.295,7.2,0.15
4,18,7,118.952,26.0,111.0,111970.425,104039.305,24.0,25.317,7.9,0.15
4,18,8,310.028,154.0,229.0,300029.072,285434.287,24.0,27.342,8.2,0.15
4,18,9,601.655,476.0,261.0,580907.523,556360.098,24.0,30.368,8.4,0.15
4,18,10,758.328,495.0,332.0,721694.17,692158.114,24.0,31.937,8.5,0.15
4,18,11,843.994,511.0,357.0,793807.435,761716.119,25.0,33.746,8.6,0.15
4,18,12,888.836,467.0,429.0,831291.567,797872.039,25.0,34.122,8.7,0.15
4,18,13,772.832,330.0,458.0,724854.526,695206.485,25.0,32.995,8.6,0.15
4,18,14,607.557,208.0,428.0,573527.867,549241.932,25.0,31.341,8.5,0.15
4,18,15,373.015,71.0,322.0,353788.004,337288.326,25.0,28.896,8.5,0.15
4,18,16,375.052,304.0,214.0,365965.78,349034.594,24.0,27.944,8.5,0.15
4,18,17,220.428,411.0,93.0,203132.228,191970.883,24.0,26.307,8.4,0.15
4,18,18,24.4,6.0,24.0,15761.114,11239.073,24.0,24.238,8.2,0.15
4,18,19,0.0,0.0,0.0,0.0,0.0,24.0,24.0,8.0,0.15
4,18,20,0.0,0.0,0.0,0.0,0.0,24.0,24.0,7.8,0.15
4,18,21,0.0,0.0,0.0,0.0,0.0,24.0,24.0,7.7,0.15
4,18,22,0.0,0.0,0.0,0.0,0.0,23.0,23.0,7.5,0.15
4,18,23,0.0,0.0,0.0,0.0,0.0,23.0,23.0,7.2,0.15
4,19,0,0.0,0.0,0.0,0.0,0.0,23.0,23.0,6.9,0.15
4,19,1,0.0,0.0,0.0,0.0,0.0,23.0,23.0,6.6,0.15
4,19,2,0.0,0.0,0.0,0.0,0.0,23.0,23.0,6.4,0.15
4,19,3,0.0,0.0,0.0,0.0,0.0,23.0,23.0,6.4,0.15
4,19,4,0.0,0.0,0.0,0.0,0.0,23.0,23.0,6.6,0.15
4,19,5,0.0,0.0,0.0,0.0,0.0,23.0,23.0,7.0,0.15
4,19,6,13.0,0.0,13.0,7996.52,3749.609,23.0,23.133,7.6,0.15
4,19,7,79.0,0.0,79.0,73971.468,67386.802,23.0,23.86,8.1,0.15
4,19,8,487.447,718.0,108.0,483670.391,462568.463,23.0,28.188,8.4,0.15
4,19,9,707.423,813.0,124.0,686914.171,658610.508,24.0,31.441,8.5,0.15
4,19,10,704.36,362.0,392.0,668913.998,641248.153,24.0,31.363,8.5,0.15
4,19,11,994.015,897.0,138.0,939496.134,833333.333,24.0,34.513,8.4,0.15
4,19,12,1034.963,911.0,137.0,973805.29,833333.333,24.0,35.138,8.2,0.15
4,19,13,998.125,906.0,133.0,941890.996,833333.333,24.0,34.943,8.0,0.15
4,19,14,888.463,879.0,129.0,847380.646,813391.018,24.0,33.752,8.0,0.15
4,19,15,713.532,821.0,123.0,691939.27,663457.548,24.0,31.777,8.1,0.15
4,19,16,491.461,717.0,111.0,485408.154,464244.651,24.0,29.325,8.2,0.15
4,19,17,248.449,519.0,87.0,228392.953,216336.52,24.0,26.62,8.3,0.15
4,19,18,35.682,94.0,29.0,21322.087,16602.998,24.0,24.328,8.4,0.15
4,19,19,0.0,0.0,0.0,0.0,0.0,24.0,24.0,8.4,0.15
4,19,20,0.0,0.0,0.0,0.0,0.0,24.0,24.0,8.6,0.15
4,19,21,0.0,0.0,0.0,0.0,0.0,23.0,23.0,8.6,0.15
4,19,22,0.0,0.0,0.0,0.0,0.0,23.0,23.0,8.4,0.15
4,19,23,0.0,0.0,0.0,0.0,0.0,23.0,23.0,8.2,0.15
4,20,0,0.0,0.0,0.0,0.0,0.0,23.0,23.0,8.0,0.15
4,20,1,0.0,0.0,0.0,0.0,0.0,23.0,23.0,7.9,0.15
4,20,2,0.0,0.0,0.0,0.0,0.0,23.0,23.0,7.8,0.15
4,20,3,0.0,0.0,0.0,0.0,0.0,23.0,23.0,7.8,0.15
4,20,4,0.0,0.0,0.0,0.0,0.0,23.0,23.0,8.0,0.15
4,20,5,0.0,0.0,0.0,0.0,0.0,23.0,23.0,8.2,0.15
4,20,6,33.444,65.0,29.0,20752.251,16053.354,23.0,23.307,8.6,0.15
4,20,7,36.0,0.0,36.0,32605.501,27486.596,23.0,23.356,9.2,0.15
4,20,8,294.158,119.0,231.0,285367.327,271292.066,23.0,25.838,9.5,0.15
4,20,9,275.39,20.0,261.0,260621.788,247423.359,24.0,26.643,9.5,0.15
4,20,10,705.649,364.0,391.0,671500.507,643743.012,24.0,30.838,9.4,0.15
4,20,11,809.684,412.0,416.0,764413.21,733363.448,24.0,31.968,9.2,0.15
4,20,12,830.75,394.0,442.0,781466.38,749812.356,24.0,32.308,9.0,0.15
4,20,13,983.854,861.0,161.0,930869.307,833333.333,24.0,34.048,8.8,0.15
4,20,14,774.339,515.0,329.0,737000.516,706922.095,24.0,31.966,8.7,0.15
4,20,15,603.851,472.0,264.0,583125.373,558499.36,24.0,30.226,8.7,0.15
4,20,16,415.471,428.0,188.0,407364.057,388965.966,24.0,28.336,8.6,0.15
4,20,17,235.247,491.0,82.0,216163.493,204540.399,24.0,26.437,8.5,0.15
4,20,18,33.45,61.0,29.0,21208.995,16493.914,24.0,24.319,8.3,0.15
4,20,19,0.0,0.0,0.0,0.0,0.0,23.0,23.0,8.2,0.15
4,20,20,0.0,0.0,0.0,0.0,0.0,23.0,23.0,8.3,0.15
4,20,21,0.0,0.0,0.0,0.0,0.0,23.0,23.0,8.4,0.15
4,20,22,0.0,0.0,0.0,0.0,0.0,23.0,23.0,8.2,0.15
4,20,23,0.0,0.0,0.0,0.0,0.0,23.0,23.0,7.9,0.15
4,21,0,0.0,0.0,0.0,0.0,0.0,23.0,23.0,7.6,0.15
4,21,1,0.0,0.0,0.0,0.0,0.0,23.0,23.0,7.4,0.15
4,21,2,0.0,0.0,0.0,0.0,0.0,23.0,23.0,7.1,0.15
4,21,3,0.0,0.0,0.0,0.0,0.0,23.0,23.0,6.7,0.15
4,21,4,0.0,0.0,0.0,0.0,0.0,23.0,23.0,6.6,0.15
4,21,5,0.0,0.0,0.0,0.0,0.0,23.0,23.0,6.9,0.15
4,21,6,29.483,34.0,27.0,19743.473,15080.32,23.0,23.303,7.7,0.15
4,21,7,168.363,151.0,121.0,158479.024,148899.92,23.0,24.806,8.2,0.15
4,21,8,418.361,436.0,186.0,411694.333,393142.804,23.0,27.482,8.3,0.15
4,21,9,567.85,363.0,306.0,546463.605,523136.664,24.0,30.003,8.4,0.15
4,21,10,630.086,238.0,424.0,597313.711,572184.948,24.0,30.578,8.5,0.15
4,21,11,773.72,330.0,458.0,728002.491,698242.906,24.0,32.145,8.4,0.15
4,21,12,857.637,433.0,430.0,804383.135,771917.08,24.0,33.278,8.1,0.15
4,21,13,861.194,478.0,404.0,809408.393,776764.273,24.0,33.409,8.0,0.15
4,21,14,619.993,223.0,427.0,587067.489,562301.791,24.0,30.706,8.1,0.15
4,21,15,535.62,295.0,323.0,514415.991,492224.624,24.0,29.76,8.2,0.15
4,21,16,384.534,326.0,211.0,375399.508,358134.049,24.0,28.116,8.3,0.15
4,21,17,184.328,215.0,117.0,172828.032,162740.485,23.0,24.974,8.2,0.15
4,21,18,36.653,89.0,30.0,23142.673,18359.074,23.0,23.354,8.1,0.15
4,21,19,0.0,0.0,0.0,0.0,0.0,23.0,23.0,8.0,0.15
4,21,20,0.0,0.0,0.0,0.0,0.0,23.0,23.0,8.1,0.15
4,21,21,0.0,0.0,0.0,0.0,0.0,23.0,23.0,8.2,0.15
4,21,22,0.0,0.0,0.0,0.0,0.0,23.0,23.0,8.0,0.15
4,21,23,0.0,0.0,0.0,0.0,0.0,23.0,23.0,7.7,0.15
4,22,0,0.0,0.0,0.0,0.0,0.0,23.0,23.0,7.5,0.15
4,22,1,0.0,0.0,0.0,0.0,0.0,23.0,23.0,7.3,0.15
4,22,2,0.0,0.0,0.0,0.0,0.0,23.0,23.0,7.1,0.15
4,22,3,0.0,0.0,0.0,0.0,0.0,23.0,23.0,7.1,0.15
4,22,4,0.0,0.0,0.0,0.0,0.0,23.0,23.0,7.1,0.15
4,22,5,0.0,0.0,0.0,0.0,0.0,23.0,23.0,7.3,0.15
4,22,6,38.421,93.0,31.0,25200.379,20343.867,23.0,23.387,7.8,0.15
4,22,7,248.865,493.0,93.0,230836.233,218693.225,23.0,25.651,8.2,0.15
4,22,8,487.711,676.0,126.0,482958.565,461881.861,23.0,28.235,8.3,0.15
4,22,9,704.976,773.0,146.0,683412.877,655233.279,24.0,31.477,8.4,0.15
4,22,10,875.424,826.0,159.0,835688.72,802113.383,24.0,33.185,8.5,0.15
4,22,11,630.806,147.0,490.0,592902.531,567930.075,24.0,30.57,8.5,0.15
4,22,12,830.531,389.0,446.0,780195.454,748586.465,24.0,32.593,8.6,0.15
4,22,13,986.819,869.0,155.0,933348.116,833333.333,24.0,34.165,8.7,0.15
4,22,14,877.002,844.0,146.0,838140.139,804477.939,24.0,33.045,8.7,0.14
4,22,15,705.392,792.0,134.0,684641.261,656418.137,24.0,31.354,8.6,0.14
4,22,16,488.002,694.0,118.0,481988.567,460946.233,24.0,29.103,8.6,0.14
4,22,17,206.283,316.0,107.0,191646.958,180892.582,24.0,26.146,8.5,0.14
4,22,18,38.396,96.0,31.0,24601.193,19765.912,23.0,23.359,8.5,0.14
4,22,19,0.0,0.0,0.0,0.0,0.0,23.0,23.0,8.3,0.14
4,22,20,0.0,0.0,0.0,0.0,0.0,23.0,23.0,8.0,0.14
4,22,21,0.0,0.0,0.0,0.0,0.0,23.0,23.0,7.8,0.14
4,22,22,0.0,0.0,0.0,0.0,0.0,23.0,23.0,7.5,0.14
4,22,23,0.0,0.0,0.0,0.0,0.0,23.0,23.0,7.2,0.14
4,23,0,0.0,0.0,0.0,0.0,0.0,23.0,23.0,7.0,0.14
4,23,1,0.0,0.0,0.0,0.0,0.0,23.0,23.0,6.8,0.14
4,23,2,0.0,0.0,0.0,0.0,0.0,23.0,23.0,6.7,0.14
4,23,3,0.0,0.0,0.0,0.0,0.0,23.0,23.0,6.6,0.14
4,23,4,0.0,0.0,0.0,0.0,0.0,23.0,23.0,6.6,0.14
4,23,5,0.0,0.0,0.0,0.0,0.0,23.0,23.0,6.7,0.14
4,23,6,42.843,152.0,30.0,27174.219,22247.766,23.0,23.45,7.2,0.14
4,23,7,260.047,562.0,81.0,240584.738,228096.301,23.0,25.898,7.7,0.14
4,23,8,500.046,728.0,109.0,493338.802,471894.285,24.0,29.619,7.8,0.14
4,23,9,542.627,303.0,323.0,520754.314,498338.356,24.0,29.997,7.9,0.14
4,23,10,888.309,866.0,136.0,846498.319,812539.955,24.0,33.839,7.9,0.14
4,23,11,993.788,882.0,148.0,936991.66,833333.333,24.0,34.993,7.9,0.14
4,23,12,1028.579,886.0,152.0,965955.554,833333.333,24.0,35.48,7.8,0.14
4,23,13,987.434,869.0,155.0,926784.998,833333.333,25.0,36.128,7.7,0.14
4,23,14,878.287,846.0,145.0,833312.133,799821.008,25.0,34.91,7.7,0.14
4,23,15,350.996,54.0,312.0,333334.078,317559.164,24.0,27.904,7.8,0.14
4,23,16,372.784,288.0,219.0,363085.503,346256.377,24.0,28.136,7.9,0.14
4,23,17,247.669,497.0,91.0,228503.754,216443.395,24.0,26.686,8.0,0.14
4,23,18,38.435,106.0,30.0,24521.686,19689.222,24.0,24.38,7.9,0.14
4,23,19,0.0,0.0,0.0,0.0,0.0,24.0,24.0,7.8,0.14
4,23,20,0.0,0.0,0.0,0.0,0.0,24.0,24.0,7.6,0.14
4,23,21,0.0,0.0,0.0,0.0,0.0,23.0,23.0,7.5,0.14
4,23,22,0.0,0.0,0.0,0.0,0.0,23.0,23.0,7.3,0.14
4,23,23,0.0,0.0,0.0,0.0,0.0,23.0,23.0,6.9,0.14
4,24,0,0.0,0.0,0.0,0.0,0.0,23.0,23.0,6.4,0.14
4,24,1,0.0,0.0,0.0,0.0,0.0,23.0,23.0,6.0,0.14
4,24,2,0.0,0.0,0.0,0.0,0.0,23.0,23.0,5.9,0.14
4,24,3,0.0,0.0,0.0,0.0,0.0,23.0,23.0,5.9,0.14
4,24,4,0.0,0.0,0.0,0.0,0.0,23.0,23.0,6.0,0.14
4,24,5,0.0,0.0,0.0,0.0,0.0,23.0,23.0,6.3,0.14
4,24,6,43.567,154.0,30.0,28212.217,23248.983,23.0,23.475,6.9,0.14
4,24,7,199.45,260.0,116.0,187099.691,176506.443,23.0,25.3,7.4,0.14
4,24,8,424.694,439.0,188.0,415574.38,396885.365,24.0,28.898,7.5,0.14
4,24,9,532.419,280.0,329.0,510141.769,488101.855,24.0,30.108,7.5,0.14
4,24,10,588.917,193.0,421.0,556546.605,532862.383,24.0,30.799,7.4,0.14
4,24,11,478.079,48.0,432.0,447446.372,427628.006,24.0,29.609,7.2,0.14
4,24,12,1029.151,901.0,137.0,960128.808,833333.333,25.0,37.288,7.1,0.14
4,24,13,991.944,895.0,134.0,929003.244,833333.333,25.0,36.849,7.1,0.14
4,24,14,880.699,862.0,133.0,837535.36,803894.59,24.0,34.428,7.2,0.14
4,24,15,708.492,810.0,123.0,685413.777,657163.279,24.0,32.325,7.3,0.14
4,24,16,490.982,718.0,107.0,484153.505,463034.459,24.0,29.731,7.4,0.14
4,24,17,252.737,543.0,81.0,232476.841,220275.7,24.0,26.898,7.4,0.14
4,24,18,40.415,140.0,29.0,25163.184,20307.99,24.0,24.422,7.2,0.14
4,24,19,0.0,0.0,0.0,0.0,0.0,23.0,23.0,7.0,0.14
4,24,20,0.0,0.0,0.0,0.0,0.0,23.0,23.0,7.0,0.14
4,24,21,0.0,0.0,0.0,0.0,0.0,23.0,23.0,6.9,0.14
4,24,22,0.0,0.0,0.0,0.0,0.0,23.0,23.0,6.7,0.14
4,24,23,0.0,0.0,0.0,0.0,0.0,23.0,23.0,6.2,0.14
4,25,0,0.0,0.0,0.0,0.0,0.0,23.0,23.0,5.9,0.14
4,25,1,0.0,0.0,0.0,0.0,0.0,23.0,23.0,5.6,0.14
4,25,2,0.0,0.0,0.0,0.0,0.0,23.0,23.0,5.6,0.14
4,25,3,0.0,0.0,0.0,0.0,0.0,23.0,23.0,5.6,0.14
4,25,4,0.0,0.0,0.0,0.0,0.0,23.0,23.0,5.6,0.14
4,25,5,0.0,0.0,0.0,0.0,0.0,23.0,23.0,5.7,0.14
4,25,6,46.327,169.0,31.0,30337.858,25299.305,23.0,23.552,6.1,0.14
4,25,7,261.971,566.0,79.0,241607.59,229082.91,24.0,27.328,6.4,0.14
4,25,8,503.134,745.0,100.0,495056.378,473551.0,24.0,30.433,6.5,0.14
4,25,9,720.772,832.0,115.0,695069.344,666476.711,24.0,33.187,6.5,0.14
4,25,10,891.744,880.0,125.0,842138.389,808334.515,25.0,36.223,6.6,0.14
4,25,11,998.823,901.0,133.0,932684.88,833333.333,25.0,37.556,6.6,0.14
4,25,12,1035.773,909.0,135.0,963471.765,833333.333,25.0,38.016,6.6,0.14
4,25,13,997.275,901.0,133.0,931407.048,833333.333,25.0,37.537,6.6,0.14
4,25,14,887.978,879.0,125.0,839290.613,805587.647,25.0,36.061,6.7,0.14
4,25,15,715.779,829.0,116.0,688878.009,660504.76,25.0,33.753,6.9,0.14
4,25,16,498.424,742.0,101.0,491335.848,469962.302,24.0,29.992,7.1,0.14
4,25,17,258.825,573.0,77.0,237869.505,225477.281,24.0,27.055,7.1,0.14
4,25,18,43.252,170.0,29.0,26593.91,21688.019,24.0,24.458,7.0,0.14
4,25,19,0.0,0.0,0.0,0.0,0.0,24.0,24.0,6.9,0.14
4,25,20,0.0,0.0,0.0,0.0,0.0,24.0,24.0,6.9,0.14
4,25,21,0.0,0.0,0.0,0.0,0.0,23.0,23.0,6.8,0.14
4,25,22,0.0,0.0,0.0,0.0,0.0,23.0,23.0,6.6,0.14
4,25,23,0.0,0.0,0.0,0.0,0.0,23.0,23.0,6.3,0.14
4,26,0,0.0,0.0,0.0,0.0,0.0,23.0,23.0,6.1,0.14
4,26,1,0.0,0.0,0.0,0.0,0.0,23.0,23.0,5.9,0.14
4,26,2,0.0,0.0,0.0,0.0,0.0,23.0,23.0,5.7,0.14
4,26,3,0.0,0.0,0.0,0.0,0.0,23.0,23.0,5.6,0.14
4,26,4,0.0,0.0,0.0,0.0,0.0,23.0,23.0,5.5,0.14
4,26,5,0.0,0.0,0.0,0.0,0.0,23.0,23.0,5.7,0.14
4,26,6,49.087,194.0,31.0,32029.057,26930.577,23.0,23.571,6.3,0.14
4,26,7,268.732,589.0,77.0,249202.646,236408.843,23.0,26.274,6.8,0.14
4,26,8,513.748,773.0,94.0,506110.222,484213.162,24.0,30.303,6.9,0.14
4,26,9,731.56,856.0,107.0,706874.246,677863.318,24.0,32.768,7.1,0.14
4,26,10,667.41,287.0,417.0,630416.919,604115.179,24.0,31.942,7.1,0.14
4,26,11,495.904,55.0,443.0,463937.664,443534.946,24.0,29.936,7.0,0.14
4,26,12,1045.287,927.0,126.0,973500.338,833333.333,25.0,37.736,6.9,0.14
4,26,13,1005.144,918.0,124.0,939970.07,833333.333,25.0,37.252,6.9,0.14
4,26,14,894.391,895.0,117.0,845661.636,811732.919,25.0,36.027,6.8,0.14
4,26,15,722.081,848.0,108.0,694512.486,665939.584,25.0,34.014,6.7,0.14
4,26,16,503.829,764.0,94.0,496382.212,474829.854,24.0,30.31,6.7,0.14
4,26,17,262.341,601.0,71.0,240746.608,228252.436,24.0,27.224,6.7,0.14
4,26,18,45.433,203.0,28.0,27378.099,22444.421,24.0,24.496,6.6,0.14
4,26,19,0.0,0.0,0.0,0.0,0.0,24.0,24.0,6.5,0.14
4,26,20,0.0,0.0,0.0,0.0,0.0,23.0,23.0,6.4,0.14
4,26,21,0.0,0.0,0.0,0.0,0.0,23.0,23.0,6.3,0.14
4,26,22,0.0,0.0,0.0,0.0,0.0,23.0,23.0,6.1,0.14
4,26,23,0.0,0.0,0.0,0.0,0.0,23.0,23.0,5.9,0.14
4,27,0,0.0,0.0,0.0,0.0,0.0,23.0,23.0,5.8,0.14
4,27,1,0.0,0.0,0.0,0.0,0.0,23.0,23.0,5.6,0.14
4,27,2,0.0,0.0,0.0,0.0,0.0,23.0,23.0,5.4,0.14
4,27,3,0.0,0.0,0.0,0.0,0.0,23.0,23.0,5.0,0.14
4,27,4,0.0,0.0,0.0,0.0,0.0,23.0,23.0,4.9,0.14
4,27,5,0.0,0.0,0.0,0.0,0.0,23.0,23.0,4.9,0.14
4,27,6,26.0,0.0,26.0,20768.39,16068.921,23.0,23.377,5.1,0.14
4,27,7,151.906,76.0,127.0,143774.764,134716.69,23.0,25.157,5.5,0.14
4,27,8,413.854,387.0,203.0,403875.365,385600.893,23.0,28.901,5.5,0.14
4,27,9,630.828,525.0,247.0,603189.275,577852.318,24.0,33.079,5.4,0.14
4,27,10,763.853,484.0,341.0,717346.342,687964.346,24.0,35.096,5.3,0.14
4,27,11,860.57,522.0,358.0,798975.864,766701.41,24.0,36.96,5.0,0.14
4,27,12,805.559,320.0,488.0,739772.486,709595.843,25.0,37.745,4.6,0.14
4,27,13,778.181,324.0,467.0,714140.353,684871.959,25.0,38.383,4.0,0.14
4,27,14,753.851,475.0,341.0,696491.165,667848.151,25.0,39.231,3.4,0.14
4,27,15,577.423,380.0,302.0,541166.771,518027.519,25.0,36.853,2.9,0.14
4,27,16,446.495,537.0,158.0,429674.943,410486.289,25.0,34.214,2.9,0.14
4,27,17,205.229,295.0,111.0,189181.243,178514.237,25.0,28.982,3.2,0.14
4,27,18,27.088,1.0,27.0,20419.548,15732.44,25.0,25.49,3.4,0.14
4,27,19,0.0,0.0,0.0,0.0,0.0,24.0,24.0,3.5,0.14
4,27,20,0.0,0.0,0.0,0.0,0.0,24.0,24.0,3.6,0.14
4,27,21,0.0,0.0,0.0,0.0,0.0,24.0,24.0,3.6,0.14
4,27,22,0.0,0.0,0.0,0.0,0.0,24.0,24.0,3.4,0.14
4,27,23,0.0,0.0,0.0,0.0,0.0,24.0,24.0,3.0,0.14
4,28,0,0.0,0.0,0.0,0.0,0.0,23.0,23.0,2.5,0.14
4,28,1,0.0,0.0,0.0,0.0,0.0,23.0,23.0,2.0,0.14
4,28,2,0.0,0.0,0.0,0.0,0.0,23.0,23.0,1.9,0.14
4,28,3,0.0,0.0,0.0,0.0,0.0,23.0,23.0,1.9,0.14
4,28,4,0.0,0.0,0.0,0.0,0.0,23.0,23.0,1.9,0.14
4,28,5,0.0,0.0,0.0,0.0,0.0,23.0,23.0,2.0,0.14
4,28,6,49.366,126.0,37.0,35627.921,30401.92,23.0,24.073,2.2,0.14
4,28,7,264.193,516.0,94.0,243003.627,230429.48,24.0,29.882,2.4,0.14
4,28,8,504.811,704.0,120.0,485753.362,464577.626,24.0,35.621,2.3,0.14
4,28,9,721.747,801.0,135.0,673315.015,645493.224,24.0,41.223,2.1,0.14
4,28,10,482.231,78.0,414.0,441230.352,421632.244,25.0,36.873,1.9,0.14
4,28,11,608.489,124.0,489.0,548714.99,525308.274,25.0,40.616,1.7,0.14
4,28,12,625.17,119.0,507.0,559452.281,535665.1,25.0,42.145,1.4,0.14
4,28,13,636.148,150.0,492.0,568320.079,544218.676,25.0,43.304,1.2,0.14
4,28,14,892.95,883.0,125.0,786835.167,754990.906,26.0,53.208,1.0,0.14
4,28,15,386.309,79.0,329.0,354303.579,337785.632,26.0,37.423,1.1,0.14
4,28,16,412.293,402.0,196.0,390031.178,372247.26,26.0,36.931,1.6,0.14
4,28,17,264.121,587.0,76.0,239404.544,226957.926,25.0,30.976,2.3,0.14
4,28,18,46.979,191.0,30.0,29387.546,24382.666,25.0,25.9,2.6,0.14
4,28,19,0.0,0.0,0.0,0.0,0.0,25.0,25.0,2.7,0.14
4,28,20,0.0,0.0,0.0,0.0,0.0,24.0,24.0,2.7,0.14
4,28,21,0.0,0.0,0.0,0.0,0.0,24.0,24.0,2.7,0.14
4,28,22,0.0,0.0,0.0,0.0,0.0,24.0,24.0,2.6,0.14
4,28,23,0.0,0.0,0.0,0.0,0.0,24.0,24.0,2.4,0.14
4,29,0,0.0,0.0,0.0,0.0,0.0,23.0,23.0,2.3,0.14
4,29,1,0.0,0.0,0.0,0.0,0.0,23.0,23.0,2.2,0.14
4,29,2,0.0,0.0,0.0,0.0,0.0,23.0,23.0,2.2,0.14
4,29,3,0.0,0.0,0.0,0.0,0.0,23.0,23.0,2.2,0.14
4,29,4,0.0,0.0,0.0,0.0,0.0,23.0,23.0,2.2,0.14
4,29,5,0.0,0.0,0.0,0.0,0.0,23.0,23.0,2.2,0.14
4,29,6,55.413,223.0,33.0,37012.634,31737.567,23.0,24.124,2.4,0.14
4,29,7,276.464,604.0,76.0,253691.876,240739.002,24.0,29.927,2.6,0.14
4,29,8,515.717,760.0,99.0,498326.55,476705.296,24.0,35.035,2.7,0.14
4,29,9,733.125,845.0,113.0,689059.838,660680.145,24.0,39.638,2.7,0.14
4,29,10,903.222,892.0,122.0,827084.056,793813.617,25.0,43.892,2.8,0.14
4,29,11,1011.222,921.0,123.0,912320.998,833333.333,25.0,46.127,2.8,0.14
4,29,12,1047.091,929.0,124.0,939965.086,833333.333,25.0,46.869,2.8,0.14
4,29,13,1008.514,922.0,122.0,907894.013,833333.333,26.0,46.711,2.9,0.14
4,29,14,898.34,899.0,116.0,822189.463,789092.458,26.0,44.16,3.0,0.14
4,29,15,727.049,854.0,107.0,681544.013,653430.636,26.0,40.485,3.1,0.14
4,29,16,509.531,773.0,93.0,493441.541,471993.382,25.0,34.702,3.4,0.14
4,29,17,268.103,613.0,71.0,244102.222,231489.147,25.0,29.786,3.7,0.14
4,29,18,49.124,223.0,29.0,30148.126,25116.296,25.0,25.755,3.9,0.14
4,29,19,0.0,0.0,0.0,0.0,0.0,24.0,24.0,4.1,0.14
4,29,20,0.0,0.0,0.0,0.0,0.0,24.0,24.0,4.2,0.14
4,29,21,0.0,0.0,0.0,0.0,0.0,24.0,24.0,4.3,0.14
4,29,22,0.0,0.0,0.0,0.0,0.0,23.0,23.0,4.2,0.14
4,29,23,0.0,0.0,0.0,0.0,0.0,23.0,23.0,4.0,0.14
4,30,0,0.0,0.0,0.0,0.0,0.0,23.0,23.0,3.7,0.14
4,30,1,0.0,0.0,0.0,0.0,0.0,23.0,23.0,3.3,0.14
4,30,2,0.0,0.0,0.0,0.0,0.0,23.0,23.0,2.9,0.14
4,30,3,0.0,0.0,0.0,0.0,0.0,23.0,23.0,2.6,0.14
4,30,4,0.0,0.0,0.0,0.0,0.0,23.0,23.0,2.5,0.14
4,30,5,0.0,0.0,0.0,0.0,0.0,23.0,23.0,2.6,0.14
4,30,6,60.171,274.0,32.0,39206.628,33853.819,23.0,24.049,3.2,0.14
4,30,7,285.36,645.0,70.0,262943.422,249662.729,24.0,29.029,3.8,0.14
4,30,8,525.064,782.0,95.0,511191.241,489114.14,24.0,33.265,3.9,0.14
4,30,9,743.661,866.0,107.0,706831.588,677822.172,24.0,36.893,4.0,0.14
4,30,10,913.521,913.0,113.0,846386.225,812431.833,25.0,41.036,3.9,0.14
4,30,11,1021.389,936.0,118.0,932607.463,833333.333,25.0,43.175,3.8,0.14
4,30,12,1057.536,945.0,118.0,959006.225,833333.333,25.0,44.387,3.6,0.14
4,30,13,1018.327,939.0,115.0,922234.84,833333.333,26.0,45.265,3.4,0.14
4,30,14,887.316,895.0,108.0,828997.111,795658.885,24.0,39.136,4.1,0.15
4,30,15,719.575,854.0,99.0,686102.821,657827.908,24.0,36.301,4.1,0.15
4,30,16,506.851,778.0,87.0,495142.493,473634.063,24.0,32.57,4.2,0.15
4,30,17,268.63,625.0,67.0,247012.757,234296.55,23.0,27.28,4.5,0.15
4,30,18,51.811,249.0,29.0,31853.918,26761.645,23.0,23.719,4.6,0.15
4,30,19,0.0,0.0,0.0,0.0,0.0,23.0,23.0,4.6,0.15
4,30,20,0.0,0.0,0.0,0.0,0.0,23.0,23.0,4.6,0.15
4,30,21,0.0,0.0,0.0,0.0,0.0,23.0,23.0,4.5,0.15
4,30,22,0.0,0.0,0.0,0.0,0.0,22.0,22.0,4.4,0.15
4,30,23,0.0,0.0,0.0,0.0,0.0,22.0,22.0,4.1,0.15
5,1,0,0.0,0.0,0.0,0.0,0.0,22.0,22.0,4.0,0.15
5,1,1,0.0,0.0,0.0,0.0,0.0,22.0,22.0,3.8,0.15
5,1,2,0.0,0.0,0.0,0.0,0.0,22.0,22.0,3.7,0.15
5,1,3,0.0,0.0,0.0,0.0,0.0,22.0,22.0,3.7,0.15
5,1,4,0.0,0.0,0.0,0.0,0.0,22.0,22.0,3.6,0.15
5,1,5,0.0,0.0,0.0,0.0,0.0,22.0,22.0,3.6,0.15
5,1,6,61.264,269.0,33.0,40768.485,35360.333,22.0,22.979,3.8,0.15
5,1,7,281.55,621.0,73.0,261040.496,247827.23,23.0,27.892,3.9,0.15
5,1,8,518.027,767.0,95.0,505844.9,483957.241,23.0,32.416,3.7,0.15
5,1,9,731.271,845.0,109.0,694938.385,666350.393,23.0,36.877,3.4,0.15
5,1,10,898.315,889.0,118.0,830443.366,797053.893,24.0,41.565,3.2,0.15
5,1,11,1007.389,926.0,113.0,917078.539,833333.333,24.0,44.003,3.1,0.15
5,1,12,1042.102,935.0,112.0,944289.13,833333.333,24.0,44.686,3.1,0.15
5,1,13,1005.107,930.0,110.0,915438.899,833333.333,24.0,43.96,3.1,0.15
5,1,14,896.697,911.0,103.0,829829.901,796462.165,24.0,41.538,3.2,0.15
5,1,15,727.729,870.0,95.0,689869.571,661461.187,24.0,37.814,3.4,0.15
5,1,16,512.583,793.0,84.0,499445.851,477784.936,24.0,33.32,3.7,0.15
5,1,17,273.77,645.0,65.0,250388.271,237552.456,24.0,28.744,3.9,0.15
5,1,18,54.308,283.0,28.0,32613.099,27493.925,24.0,24.8,4.1,0.15
5,1,19,0.0,0.0,0.0,0.0,0.0,23.0,23.0,4.2,0.15
5,1,20,0.0,0.0,0.0,0.0,0.0,23.0,23.0,4.2,0.15
5,1,21,0.0,0.0,0.0,0.0,0.0,23.0,23.0,4.2,0.15
5,1,22,0.0,0.0,0.0,0.0,0.0,23.0,23.0,4.1,0.15
5,1,23,0.0,0.0,0.0,0.0,0.0,23.0,23.0,3.9,0.15
5,2,0,0.0,0.0,0.0,0.0,0.0,23.0,23.0,3.7,0.15
5,2,1,0.0,0.0,0.0,0.0,0.0,22.0,22.0,3.6,0.15
5,2,2,0.0,0.0,0.0,0.0,0.0,22.0,22.0,3.5,0.15
5,2,3,0.0,0.0,0.0,0.0,0.0,22.0,22.0,3.4,0.15
5,2,4,0.0,0.0,0.0,0.0,0.0,22.0,22.0,3.4,0.15
5,2,5,0.0,0.0,0.0,0.0,0.0,22.0,22.0,3.4,0.15
5,2,6,65.319,320.0,31.0,42080.908,36626.252,23.0,24.062,3.6,0.15
5,2,7,287.881,660.0,65.0,266719.647,253305.147,23.0,28.075,3.8,0.15
5,2,8,525.441,800.0,83.0,511295.094,489214.313,24.0,33.552,3.7,0.15
5,2,9,550.804,298.0,331.0,519086.731,496729.862,24.0,34.405,3.4,0.15
5,2,10,906.951,915.0,103.0,838239.46,804573.74,24.0,41.737,3.2,0.15
5,2,11,1011.732,934.0,109.0,914436.27,833333.333,25.0,45.778,2.9,0.15
5,2,12,411.877,26.0,386.0,376639.964,359330.55,25.0,34.0,2.5,0.15
5,2,13,831.762,438.0,410.0,747822.106,717360.233,25.0,44.333,2.2,0.15
5,2,14,896.158,903.0,109.0,811604.211,778882.284,25.0,46.783,2.0,0.15
5,2,15,726.699,861.0,100.0,675283.953,647392.395,25.0,42.702,2.0,0.15
5,2,16,510.347,784.0,86.0,490358.796,469019.871,25.0,36.758,2.3,0.15
5,2,17,272.537,636.0,66.0,247687.921,234947.791,25.0,30.533,2.9,0.15
5,2,18,53.845,274.0,28.0,32748.711,27624.732,24.0,24.886,3.4,0.15
5,2,19,0.0,0.0,0.0,0.0,0.0,24.0,24.0,3.6,0.15
5,2,20,0.0,0.0,0.0,0.0,0.0,24.0,24.0,3.9,0.15
5,2,21,0.0,0.0,0.0,0.0,0.0,24.0,24.0,4.0,0.15
5,2,22,0.0,0.0,0.0,0.0,0.0,24.0,24.0,3.8,0.15
5,2,23,0.0,0.0,0.0,0.0,0.0,23.0,23.0,3.5,0.15
5,3,0,0.0,0.0,0.0,0.0,0.0,23.0,23.0,3.2,0.15
5,3,1,0.0,0.0,0.0,0.0,0.0,23.0,23.0,2.8,0.15
5,3,2,0.0,0.0,0.0,0.0,0.0,23.0,23.0,2.4,0.15
5,3,3,0.0,0.0,0.0,0.0,0.0,23.0,23.0,2.0,0.15
5,3,4,0.0,0.0,0.0,0.0,0.0,23.0,23.0,1.8,0.15
5,3,5,0.0,0.0,0.0,0.0,0.0,23.0,23.0,1.6,0.15
5,3,6,65.795,309.0,32.0,43039.182,37550.57,23.0,24.552,1.6,0.15
5,3,7,286.997,648.0,67.0,262428.279,249165.839,24.0,31.683,1.5,0.15
5,3,8,524.06,790.0,86.0,498202.366,476585.513,24.0,39.277,1.2,0.15
5,3,9,735.779,862.0,99.0,671212.265,643464.984,24.0,47.052,0.9,0.15
5,3,10,903.285,902.0,110.0,784911.337,753135.245,24.0,56.467,0.4,0.15
5,3,11,734.635,285.0,459.0,634178.743,607743.706,25.0,52.908,0.2,0.15
5,3,12,492.804,46.0,447.0,438148.997,418660.074,25.0,42.031,0.5,0.15
5,3,13,721.911,248.0,483.0,636864.181,610333.989,25.0,47.418,0.9,0.15
5,3,14,479.519,82.0,408.0,435463.078,416069.327,25.0,38.804,1.2,0.15
5,3,15,425.502,116.0,341.0,393314.831,375414.561,25.0,36.454,1.5,0.15
5,3,16,483.414,628.0,143.0,460910.974,440615.503,25.0,37.296,1.8,0.15
5,3,17,251.968,448.0,106.0,230942.46,218795.688,25.0,30.831,2.2,0.15
5,3,18,45.952,104.0,36.0,33018.528,27884.988,25.0,25.929,2.6,0.15
5,3,19,0.0,0.0,0.0,0.0,0.0,25.0,25.0,2.8,0.15
5,3,20,0.0,0.0,0.0,0.0,0.0,24.0,24.0,2.9,0.15
5,3,21,0.0,0.0,0.0,0.0,0.0,24.0,24.0,2.9,0.15
5,3,22,0.0,0.0,0.0,0.0,0.0,24.0,24.0,2.9,0.15
5,3,23,0.0,0.0,0.0,0.0,0.0,24.0,24.0,2.9,0.15
5,4,0,0.0,0.0,0.0,0.0,0.0,24.0,24.0,2.9,0.15
5,4,1,0.0,0.0,0.0,0.0,0.0,23.0,23.0,2.8,0.15
5,4,2,0.0,0.0,0.0,0.0,0.0,23.0,23.0,2.7,0.15
5,4,3,0.0,0.0,0.0,0.0,0.0,23.0,23.0,2.6,0.15
5,4,4,0.0,0.0,0.0,0.0,0.0,23.0,23.0,2.4,0.15
5,4,5,0.0,0.0,0.0,0.0,0.0,23.0,23.0,2.4,0.15
5,4,6,62.069,216.0,38.0,44057.436,38532.743,23.0,24.262,2.5,0.15
5,4,7,280.215,575.0,84.0,259965.155,246789.993,23.0,29.019,2.6,0.15
5,4,8,517.254,738.0,107.0,500810.233,479100.972,23.0,34.264,2.6,0.15
5,4,9,731.327,825.0,121.0,686174.123,657896.683,24.0,39.878,2.6,0.15
5,4,10,643.904,243.0,430.0,592851.735,567881.078,24.0,37.877,2.6,0.15
5,4,11,750.864,283.0,477.0,682277.334,654137.973,24.0,40.465,2.5,0.15
5,4,12,803.815,311.0,494.0,722547.815,692981.511,25.0,42.953,2.4,0.15
5,4,13,739.177,271.0,478.0,668675.523,641018.128,25.0,41.511,2.4,0.15
5,4,14,468.956,71.0,407.0,431548.894,412293.838,25.0,35.272,2.5,0.15
5,4,15,584.33,390.0,300.0,546013.893,522702.887,25.0,37.645,2.6,0.15
5,4,16,421.374,417.0,195.0,403863.027,385588.992,25.0,33.837,2.8,0.15
5,4,17,255.606,476.0,100.0,234848.982,222563.786,25.0,30.032,3.1,0.15
5,4,18,47.649,120.0,36.0,33987.587,28819.709,25.0,25.866,3.2,0.15
5,4,19,0.0,0.0,0.0,0.0,0.0,24.0,24.0,3.1,0.15
5,4,20,0.0,0.0,0.0,0.0,0.0,24.0,24.0,3.0,0.15
5,4,21,0.0,0.0,0.0,0.0,0.0,24.0,24.0,2.8,0.15
5,4,22,0.0,0.0,0.0,0.0,0.0,24.0,24.0,2.6,0.15
5,4,23,0.0,0.0,0.0,0.0,0.0,23.0,23.0,2.4,0.15
5,5,0,0.0,0.0,0.0,0.0,0.0,23.0,23.0,2.4,0.15
5,5,1,0.0,0.0,0.0,0.0,0.0,23.0,23.0,2.4,0.15
5,5,2,0.0,0.0,0.0,0.0,0.0,23.0,23.0,2.4,0.15
5,5,3,0.0,0.0,0.0,0.0,0.0,23.0,23.0,2.4,0.15
5,5,4,0.0,0.0,0.0,0.0,0.0,23.0,23.0,2.5,0.15
5,5,5,0.0,0.0,0.0,0.0,0.0,23.0,23.0,2.7,0.15
5,5,6,61.87,184.0,41.0,45477.554,39902.541,23.0,24.147,3.1,0.15
5,5,7,176.836,122.0,135.0,167162.798,157275.993,23.0,26.394,3.3,0.15
5,5,8,278.792,75.0,237.0,266079.543,252687.724,23.0,28.443,3.2,0.15
5,5,9,720.751,788.0,137.0,679757.915,651707.827,24.0,38.35,3.1,0.15
5,5,10,885.518,836.0,149.0,816462.593,783568.515,24.0,41.891,3.0,0.15
5,5,11,973.507,803.0,196.0,881607.212,833333.333,25.0,44.638,3.0,0.15
5,5,12,1007.248,810.0,200.0,909254.199,833333.333,25.0,44.975,3.1,0.15
5,5,13,967.411,797.0,199.0,878917.414,833333.333,25.0,43.88,3.2,0.15
5,5,14,869.323,801.0,170.0,802653.533,770248.764,25.0,41.453,3.4,0.15
5,5,15,700.118,743.0,158.0,661166.332,633775.018,25.0,37.871,3.6,0.15
5,5,16,487.491,641.0,139.0,471694.86,451017.273,25.0,33.722,3.8,0.15
5,5,17,253.595,450.0,106.0,234056.303,221799.195,25.0,29.412,3.9,0.15
5,5,18,46.861,90.0,38.0,34745.314,29550.587,25.0,25.764,4.0,0.15
5,5,19,0.0,0.0,0.0,0.0,0.0,24.0,24.0,4.0,0.15
5,5,20,0.0,0.0,0.0,0.0,0.0,24.0,24.0,4.0,0.15
5,5,21,0.0,0.0,0.0,0.0,0.0,24.0,24.0,4.0,0.15
5,5,22,0.0,0.0,0.0,0.0,0.0,24.0,24.0,3.9,0.15
5,5,23,0.0,0.0,0.0,0.0,0.0,24.0,24.0,3.8,0.15
5,6,0,0.0,0.0,0.0,0.0,0.0,24.0,24.0,3.6,0.15
5,6,1,0.0,0.0,0.0,0.0,0.0,24.0,24.0,3.6,0.15
5,6,2,0.0,0.0,0.0,0.0,0.0,24.0,24.0,3.6,0.15
5,6,3,0.0,0.0,0.0,0.0,0.0,23.0,23.0,3.6,0.15
5,6,4,0.0,0.0,0.0,0.0,0.0,23.0,23.0,3.6,0.15
5,6,5,0.0,0.0,0.0,0.0,0.0,23.0,23.0,3.5,0.15
5,6,6,55.574,83.0,46.0,44338.288,38803.644,24.0,24.952,3.8,0.15
5,6,7,263.566,408.0,123.0,246781.61,234073.594,24.0,28.666,3.8,0.15
5,6,8,370.247,235.0,239.0,355042.405,338498.279,24.0,31.015,3.4,0.15
5,6,9,705.679,706.0,182.0,663412.701,635941.788,24.0,38.521,2.9,0.15
5,6,10,871.549,773.0,190.0,793566.168,761483.401,25.0,44.576,2.4,0.15
5,6,11,990.217,857.0,160.0,879841.47,833333.333,25.0,49.523,1.9,0.15
5,6,12,808.89,368.0,442.0,719063.165,689620.336,25.0,46.264,1.6,0.15
5,6,13,736.518,267.0,479.0,658492.45,631195.882,25.0,44.349,1.6,0.15
5,6,14,780.973,514.0,332.0,702028.485,673189.262,26.0,46.148,1.7,0.15
5,6,15,585.973,393.0,299.0,543475.967,520254.89,25.0,39.514,1.9,0.15
5,6,16,486.919,639.0,139.0,466447.65,445955.993,25.0,36.204,2.3,0.15
5,6,17,254.416,451.0,106.0,234123.867,221864.365,25.0,30.275,2.8,0.15
5,6,18,47.786,98.0,38.0,35344.771,30128.803,25.0,25.88,3.2,0.15
5,6,19,0.0,0.0,0.0,0.0,0.0,25.0,25.0,3.3,0.15
5,6,20,0.0,0.0,0.0,0.0,0.0,24.0,24.0,3.2,0.15
5,6,21,0.0,0.0,0.0,0.0,0.0,24.0,24.0,3.1,0.15
5,6,22,0.0,0.0,0.0,0.0,0.0,24.0,24.0,3.0,0.15
5,6,23,0.0,0.0,0.0,0.0,0.0,24.0,24.0,2.7,0.15
5,7,0,0.0,0.0,0.0,0.0,0.0,24.0,24.0,2.5,0.15
5,7,1,0.0,0.0,0.0,0.0,0.0,24.0,24.0,2.3,0.15
5,7,2,0.0,0.0,0.0,0.0,0.0,24.0,24.0,2.1,0.15
5,7,3,0.0,0.0,0.0,0.0,0.0,24.0,24.0,2.1,0.15
5,7,4,0.0,0.0,0.0,0.0,0.0,23.0,23.0,2.1,0.15
5,7,5,0.0,0.0,0.0,0.0,0.0,23.0,23.0,2.3,0.15
5,7,6,63.339,165.0,44.0,47669.571,42016.886,24.0,25.27,2.7,0.15
5,7,7,277.993,523.0,97.0,258617.19,245489.792,24.0,29.485,3.1,0.15
5,7,8,512.911,702.0,120.0,496290.942,474741.818,24.0,34.075,3.2,0.15
5,7,9,724.38,799.0,131.0,680402.492,652329.564,25.0,39.423,3.1,0.15
5,7,10,890.515,854.0,137.0,816712.453,783809.521,25.0,43.302,2.9,0.15
5,7,11,441.922,35.0,408.0,404346.303,386055.143,25.0,34.661,2.5,0.15
5,7,12,1013.775,836.0,180.0,898292.618,833333.333,26.0,49.629,2.2,0.15
5,7,13,722.312,247.0,484.0,648629.199,621682.125,26.0,43.09,2.1,0.15
5,7,14,583.437,171.0,434.0,531820.32,509012.249,26.0,39.543,2.2,0.15
5,7,15,697.474,730.0,164.0,649088.807,622125.447,26.0,41.413,2.5,0.15
5,7,16,484.621,621.0,146.0,466465.139,445972.861,25.0,34.836,3.0,0.15
5,7,17,253.317,428.0,112.0,234127.696,221868.058,25.0,29.684,3.5,0.15
5,7,18,48.202,81.0,40.0,36588.296,31328.265,25.0,25.803,3.9,0.15
5,7,19,0.0,0.0,0.0,0.0,0.0,25.0,25.0,4.1,0.15
5,7,20,0.0,0.0,0.0,0.0,0.0,24.0,24.0,4.3,0.15
5,7,21,0.0,0.0,0.0,0.0,0.0,24.0,24.0,4.3,0.15
5,7,22,0.0,0.0,0.0,0.0,0.0,24.0,24.0,4.2,0.15
5,7,23,0.0,0.0,0.0,0.0,0.0,24.0,24.0,4.1,0.15
5,8,0,0.0,0.0,0.0,0.0,0.0,24.0,24.0,4.0,0.15
5,8,1,0.0,0.0,0.0,0.0,0.0,24.0,24.0,3.9,0.15
5,8,2,0.0,0.0,0.0,0.0,0.0,24.0,24.0,3.8,0.15
5,8,3,0.0,0.0,0.0,0.0,0.0,24.0,24.0,3.6,0.15
5,8,4,0.0,0.0,0.0,0.0,0.0,24.0,24.0,3.6,0.15
5,8,5,0.0,0.0,0.0,0.0,0.0,24.0,24.0,3.8,0.15
5,8,6,64.588,173.0,44.0,48595.571,42910.075,24.0,25.008,4.3,0.15
5,8,7,280.502,528.0,97.0,262403.711,249142.141,24.0,28.32,4.8,0.15
5,8,8,514.957,706.0,119.0,502756.475,480978.251,24.0,31.822,5.0,0.15
5,8,9,726.797,800.0,132.0,692316.876,663821.774,25.0,35.871,5.1,0.15
5,8,10,892.141,853.0,139.0,835143.582,801587.562,25.0,38.155,5.2,0.15
5,8,11,593.659,110.0,487.0,549781.353,526336.851,25.0,33.683,5.2,0.15
5,8,12,1028.923,889.0,142.0,944851.931,833333.333,26.0,41.151,5.2,0.15
5,8,13,990.33,880.0,141.0,914021.361,833333.333,26.0,40.411,5.3,0.15
5,8,14,875.052,827.0,152.0,817755.992,784816.084,26.0,38.593,5.4,0.15
5,8,15,706.609,772.0,142.0,672929.376,645121.25,26.0,35.951,5.6,0.15
5,8,16,295.432,107.0,237.0,282480.76,268507.781,25.0,29.055,5.8,0.15
5,8,17,111.994,3.0,111.0,105121.796,97433.35,25.0,26.522,5.9,0.15
5,8,18,53.092,147.0,38.0,38183.991,32867.418,25.0,25.671,5.9,0.15
5,8,19,0.0,0.0,0.0,0.0,0.0,24.0,24.0,5.8,0.15
5,8,20,0.0,0.0,0.0,0.0,0.0,24.0,24.0,5.6,0.15
5,8,21,0.0,0.0,0.0,0.0,0.0,24.0,24.0,5.3,0.15
5,8,22,0.0,0.0,0.0,0.0,0.0,24.0,24.0,4.9,0.15
5,8,23,0.0,0.0,0.0,0.0,0.0,24.0,24.0,4.6,0.15
5,9,0,0.0,0.0,0.0,0.0,0.0,24.0,24.0,4.5,0.15
5,9,1,0.0,0.0,0.0,0.0,0.0,24.0,24.0,4.4,0.15
5,9,2,0.0,0.0,0.0,0.0,0.0,24.0,24.0,4.3,0.15
5,9,3,0.0,0.0,0.0,0.0,0.0,24.0,24.0,4.1,0.15
5,9,4,0.0,0.0,0.0,0.0,0.0,24.0,24.0,4.0,0.15
5,9,5,0.0,0.0,0.0,0.0,0.0,24.0,24.0,4.1,0.15
5,9,6,73.22,300.0,37.0,50682.14,44922.708,24.0,25.077,4.5,0.15
5,9,7,296.027,642.0,72.0,275990.641,262247.633,24.0,28.614,4.7,0.15
5,9,8,529.551,784.0,89.0,517003.033,494719.998,24.0,32.476,4.6,0.15
5,9,9,737.619,854.0,102.0,700745.378,671951.621,25.0,36.928,4.5,0.15
5,9,10,899.065,892.0,111.0,837319.634,803686.507,25.0,39.706,4.4,0.15
5,9,11,1000.676,911.0,117.0,919718.093,833333.333,25.0,41.576,4.3,0.15
5,9,12,1033.136,915.0,120.0,943878.21,833333.333,25.0,42.593,4.1,0.15
5,9,13,992.733,905.0,119.0,907761.9,833333.333,26.0,42.912,4.1,0.15
5,9,14,881.992,870.0,121.0,817897.963,784953.023,26.0,40.831,4.2,0.15
5,9,15,714.451,819.0,115.0,676625.77,648686.666,26.0,37.71,4.4,0.15
5,9,16,501.885,733.0,101.0,488939.617,467650.98,25.0,32.825,4.8,0.15
5,9,17,269.127,575.0,78.0,248002.181,235250.915,25.0,28.978,5.1,0.15
5,9,18,57.273,214.0,35.0,39061.225,33713.568,25.0,25.761,5.3,0.15
5,9,19,0.0,0.0,0.0,0.0,0.0,25.0,25.0,5.2,0.15
5,9,20,0.0,0.0,0.0,0.0,0.0,24.0,24.0,5.1,0.15
5,9,21,0.0,0.0,0.0,0.0,0.0,24.0,24.0,5.0,0.15
5,9,22,0.0,0.0,0.0,0.0,0.0,24.0,24.0,4.7,0.15
5,9,23,0.0,0.0,0.0,0.0,0.0,24.0,24.0,4.5,0.15
5,10,0,0.0,0.0,0.0,0.0,0.0,24.0,24.0,4.4,0.15
5,10,1,0.0,0.0,0.0,0.0,0.0,24.0,24.0,4.6,0.15
5,10,2,0.0,0.0,0.0,0.0,0.0,24.0,24.0,4.7,0.15
5,10,3,0.0,0.0,0.0,0.0,0.0,24.0,24.0,4.7,0.15
5,10,4,0.0,0.0,0.0,0.0,0.0,24.0,24.0,4.7,0.15
5,10,5,0.0,0.0,0.0,0.0,0.0,24.0,24.0,4.9,0.15
5,10,6,27.0,0.0,27.0,22857.273,18083.787,24.0,24.389,5.3,0.15
5,10,7,181.787,125.0,138.0,172047.371,161987.486,24.0,26.58,5.5,0.15
5,10,8,395.944,293.0,231.0,382880.257,365349.725,24.0,29.775,5.3,0.15
5,10,9,370.701,60.0,326.0,348295.523,331990.465,25.0,30.646,4.9,0.15
5,10,10,764.473,470.0,349.0,709621.751,680513.468,25.0,37.812,4.2,0.15
5,10,11,990.496,894.0,123.0,903464.292,833333.333,25.0,43.443,3.5,0.15
5,10,12,1024.406,903.0,123.0,922967.605,833333.333,25.0,46.027,2.9,0.15
5,10,13,986.267,897.0,120.0,888421.833,833333.333,26.0,46.606,2.8,0.15
5,10,14,879.831,874.0,115.0,806418.417,773880.243,26.0,43.784,3.0,0.15
5,10,15,714.708,831.0,106.0,673278.906,645458.395,26.0,39.149,3.6,0.15
5,10,16,505.535,755.0,92.0,491689.112,470303.049,25.0,33.428,4.3,0.15
5,10,17,274.108,609.0,71.0,252282.586,239379.648,25.0,29.153,4.9,0.15
5,10,18,60.536,261.0,33.0,39989.098,34608.563,25.0,25.803,5.2,0.15
5,10,19,0.0,0.0,0.0,0.0,0.0,25.0,25.0,5.1,0.15
5,10,20,0.0,0.0,0.0,0.0,0.0,24.0,24.0,4.8,0.15
5,10,21,0.0,0.0,0.0,0.0,0.0,24.0,24.0,4.4,0.15
5,10,22,0.0,0.0,0.0,0.0,0.0,24.0,24.0,4.1,0.15
5,10,23,0.0,0.0,0.0,0.0,0.0,24.0,24.0,3.8,0.15
5,11,0,0.0,0.0,0.0,0.0,0.0,24.0,24.0,3.5,0.15
5,11,1,0.0,0.0,0.0,0.0,0.0,24.0,24.0,3.2,0.15
5,11,2,0.0,0.0,0.0,0.0,0.0,24.0,24.0,2.9,0.15
5,11,3,0.0,0.0,0.0,0.0,0.0,24.0,24.0,2.7,0.15
5,11,4,0.0,0.0,0.0,0.0,0.0,24.0,24.0,2.6,0.15
5,11,5,0.0,0.0,0.0,0.0,0.0,24.0,24.0,2.9,0.15
5,11,6,73.005,242.0,43.0,53292.075,47440.162,24.0,25.286,3.4,0.15
5,11,7,291.777,591.0,84.0,272304.626,258692.228,24.0,29.084,3.9,0.15
5,11,8,528.441,758.0,101.0,514476.416,492282.909,24.0,32.929,4.2,0.15
5,11,9,738.878,842.0,111.0,704298.315,675378.663,24.0,35.947,4.5,0.15
5,11,10,903.271,889.0,117.0,842048.215,808247.536,25.0,39.382,4.6,0.15
5,11,11,1007.159,915.0,119.0,926757.528,833333.333,25.0,41.234,4.5,0.15
5,11,12,1040.6,923.0,119.0,951050.222,833333.333,25.0,42.472,4.2,0.15
5,11,13,1001.866,916.0,117.0,914544.453,833333.333,26.0,43.314,4.0,0.15
5,11,14,892.422,888.0,115.0,824129.882,790964.121,26.0,41.898,3.8,0.15
5,11,15,724.246,842.0,107.0,682850.749,654691.07,26.0,38.929,3.8,0.15
5,11,16,511.9,760.0,95.0,496929.904,475358.139,25.0,33.902,4.0,0.15
5,11,17,277.788,606.0,75.0,255688.164,242664.554,25.0,29.559,4.3,0.15
5,11,18,61.197,245.0,35.0,41359.177,35930.094,25.0,25.908,4.4,0.15
5,11,19,0.0,0.0,0.0,0.0,0.0,25.0,25.0,4.5,0.15
5,11,20,0.0,0.0,0.0,0.0,0.0,24.0,24.0,4.5,0.15
5,11,21,0.0,0.0,0.0,0.0,0.0,24.0,24.0,4.4,0.15
5,11,22,0.0,0.0,0.0,0.0,0.0,24.0,24.0,4.1,0.15
5,11,23,0.0,0.0,0.0,0.0,0.0,24.0,24.0,3.9,0.15
5,12,0,0.0,0.0,0.0,0.0,0.0,24.0,24.0,3.7,0.15
5,12,1,0.0,0.0,0.0,0.0,0.0,24.0,24.0,3.5,0.15
5,12,2,0.0,0.0,0.0,0.0,0.0,24.0,24.0,3.3,0.15
5,12,3,0.0,0.0,0.0,0.0,0.0,24.0,24.0,3.1,0.15
5,12,4,0.0,0.0,0.0,0.0,0.0,23.0,23.0,3.0,0.15
5,12,5,0.0,0.0,0.0,0.0,0.0,23.0,23.0,3.1,0.15
5,12,6,73.624,244.0,43.0,53845.755,47974.224,24.0,25.277,3.5,0.15
5,12,7,292.433,588.0,85.0,273122.094,259480.729,24.0,29.096,3.9,0.15
5,12,8,526.909,747.0,105.0,512834.157,490698.841,24.0,32.903,4.2,0.15
5,12,9,430.349,109.0,349.0,406213.863,387856.528,24.0,30.911,4.5,0.15
5,12,10,483.249,76.0,416.0,449807.995,429905.946,25.0,32.44,4.8,0.15
5,12,11,1004.646,907.0,124.0,928230.727,833333.333,25.0,40.173,5.0,0.15
5,12,12,1040.812,920.0,122.0,958603.775,833333.333,25.0,40.519,5.1,0.15
5,12,13,1003.069,917.0,117.0,927308.148,833333.333,25.0,40.151,5.0,0.15
5,12,14,897.267,900.0,109.0,839268.775,805566.583,25.0,38.743,4.9,0.15
5,12,15,730.667,861.0,99.0,696646.058,667997.555,25.0,36.215,4.9,0.15
5,12,16,520.011,790.0,86.0,507240.596,485303.482,25.0,32.906,5.0,0.15
5,12,17,284.582,651.0,66.0,262139.802,248887.584,25.0,29.205,5.1,0.15
5,12,18,65.703,311.0,32.0,42744.525,37266.354,24.0,24.853,5.3,0.15
5,12,19,0.0,0.0,0.0,0.0,0.0,24.0,24.0,5.3,0.15
5,12,20,0.0,0.0,0.0,0.0,0.0,24.0,24.0,5.1,0.15
5,12,21,0.0,0.0,0.0,0.0,0.0,24.0,24.0,4.9,0.15
5,12,22,0.0,0.0,0.0,0.0,0.0,24.0,24.0,4.5,0.15
5,12,23,0.0,0.0,0.0,0.0,0.0,24.0,24.0,4.1,0.15
5,13,0,0.0,0.0,0.0,0.0,0.0,23.0,23.0,3.8,0.15
5,13,1,0.0,0.0,0.0,0.0,0.0,23.0,23.0,3.6,0.15
5,13,2,0.0,0.0,0.0,0.0,0.0,23.0,23.0,3.4,0.15
5,13,3,0.0,0.0,0.0,0.0,0.0,23.0,23.0,3.3,0.15
5,13,4,0.0,0.0,0.0,0.0,0.0,23.0,23.0,3.1,0.15
5,13,5,0.0,0.0,0.0,0.0,0.0,23.0,23.0,3.1,0.15
5,13,6,81.851,369.0,35.0,55860.731,49917.801,23.0,24.401,3.4,0.15
5,13,7,306.666,680.0,66.0,285552.208,271470.395,24.0,29.586,3.6,0.15
5,13,8,541.604,809.0,84.0,525527.523,502942.431,24.0,34.15,3.5,0.15
5,13,9,750.284,876.0,96.0,708557.844,679487.26,24.0,38.466,3.3,0.15
5,13,10,668.324,276.0,424.0,615221.299,589458.0,25.0,38.215,3.1,0.15
5,13,11,1010.61,916.0,121.0,914258.639,833333.333,25.0,45.402,3.0,0.15
5,13,12,1042.996,922.0,122.0,939349.146,833333.333,25.0,46.049,3.0,0.15
5,13,13,1003.428,913.0,121.0,911037.392,833333.333,25.0,44.599,3.2,0.15
5,13,14,893.582,884.0,119.0,823345.459,790207.494,26.0,42.404,3.6,0.15
5,13,15,726.007,839.0,110.0,688038.344,659694.847,25.0,37.586,4.0,0.15
5,13,16,514.713,761.0,96.0,500487.061,478789.252,25.0,33.463,4.4,0.15
5,13,17,280.182,612.0,74.0,258381.541,245262.493,25.0,29.417,4.6,0.15
5,13,18,64.097,265.0,35.0,43247.415,37751.424,25.0,25.901,4.8,0.15
5,13,19,0.0,0.0,0.0,0.0,0.0,24.0,24.0,4.7,0.15
5,13,20,0.0,0.0,0.0,0.0,0.0,24.0,24.0,4.5,0.15
5,13,21,0.0,0.0,0.0,0.0,0.0,24.0,24.0,4.2,0.15
5,13,22,0.0,0.0,0.0,0.0,0.0,24.0,24.0,3.9,0.15
5,13,23,0.0,0.0,0.0,0.0,0.0,24.0,24.0,3.7,0.15
5,14,0,0.0,0.0,0.0,0.0,0.0,24.0,24.0,3.6,0.15
5,14,1,0.0,0.0,0.0,0.0,0.0,24.0,24.0,3.6,0.15
5,14,2,0.0,0.0,0.0,0.0,0.0,24.0,24.0,3.6,0.15
5,14,3,0.0,0.0,0.0,0.0,0.0,23.0,23.0,3.5,0.15
5,14,4,0.0,0.0,0.0,0.0,0.0,23.0,23.0,3.4,0.15
5,14,5,0.0,0.0,0.0,0.0,0.0,23.0,23.0,3.3,0.15
5,14,6,81.151,344.0,37.0,56204.344,50249.238,24.0,25.399,3.4,0.15
5,14,7,305.072,665.0,69.0,284045.962,270017.521,24.0,29.826,3.3,0.15
5,14,8,539.135,800.0,86.0,521327.2,498890.942,24.0,34.953,3.0,0.15
5,14,9,463.124,146.0,354.0,433446.658,414124.357,24.0,33.816,2.7,0.15
5,14,10,911.748,911.0,105.0,830780.335,797378.923,25.0,45.123,2.5,0.15
5,14,11,1012.491,927.0,112.0,909033.344,833333.333,25.0,47.32,2.5,0.15
5,14,12,295.987,14.0,282.0,270943.52,257379.351,25.0,31.466,2.5,0.15
5,14,13,527.672,70.0,460.0,481613.894,460584.837,25.0,36.542,2.5,0.15
5,14,14,593.54,182.0,434.0,544641.44,521379.066,25.0,38.019,2.5,0.15
5,14,15,333.126,41.0,303.0,310096.205,295144.701,25.0,32.179,2.6,0.15
5,14,16,180.857,7.0,177.0,169101.212,159145.721,25.0,28.908,2.6,0.15
5,14,17,284.979,633.0,71.0,261108.737,247893.054,25.0,31.114,2.6,0.15
5,14,18,27.0,0.0,27.0,22362.828,17606.862,25.0,25.586,2.5,0.15
5,14,19,0.0,0.0,0.0,0.0,0.0,25.0,25.0,2.4,0.15
5,14,20,0.0,0.0,0.0,0.0,0.0,24.0,24.0,2.3,0.15
5,14,21,0.0,0.0,0.0,0.0,0.0,24.0,24.0,2.2,0.15
5,14,22,0.0,0.0,0.0,0.0,0.0,24.0,24.0,2.1,0.15
5,14,23,0.0,0.0,0.0,0.0,0.0,24.0,24.0,1.9,0.15
5,15,0,0.0,0.0,0.0,0.0,0.0,24.0,24.0,1.7,0.15
5,15,1,0.0,0.0,0.0,0.0,0.0,24.0,24.0,1.7,0.15
5,15,2,0.0,0.0,0.0,0.0,0.0,23.0,23.0,1.8,0.15
5,15,3,0.0,0.0,0.0,0.0,0.0,23.0,23.0,1.7,0.15
5,15,4,0.0,0.0,0.0,0.0,0.0,23.0,23.0,1.6,0.15
5,15,5,0.0,0.0,0.0,0.0,0.0,23.0,23.0,1.5,0.15
5,15,6,78.99,293.0,41.0,56498.372,50532.847,24.0,26.064,1.3,0.15
5,15,7,298.943,615.0,80.0,275641.123,261910.499,24.0,32.608,1.2,0.15
5,15,8,532.859,765.0,99.0,503671.255,481860.617,24.0,40.315,1.0,0.15
5,15,9,740.231,840.0,112.0,669566.331,641877.371,25.0,48.804,0.8,0.15
5,15,10,296.288,15.0,283.0,268881.99,255390.869,25.0,34.961,0.6,0.15
5,15,11,598.761,114.0,488.0,528190.305,505510.86,25.0,45.72,0.5,0.15
5,15,12,253.991,12.0,242.0,228965.535,216888.813,25.0,34.036,0.4,0.15
5,15,13,171.835,5.0,167.0,154124.739,144699.924,26.0,32.115,0.4,0.15
5,15,14,370.432,29.0,345.0,332836.645,317079.357,26.0,39.204,0.4,0.15
5,15,15,613.563,474.0,265.0,552532.351,528990.37,26.0,47.395,0.5,0.15
5,15,16,189.519,10.0,184.0,175330.952,165154.717,26.0,31.909,0.9,0.15
5,15,17,226.253,328.0,115.0,208206.958,196865.795,25.0,31.682,1.1,0.15
5,15,18,43.747,51.0,38.0,34809.781,29612.77,25.0,26.225,1.2,0.15
5,15,19,0.0,0.0,0.0,0.0,0.0,25.0,25.0,1.5,0.15
5,15,20,0.0,0.0,0.0,0.0,0.0,25.0,25.0,1.7,0.15
5,15,21,0.0,0.0,0.0,0.0,0.0,25.0,25.0,1.9,0.15
5,15,22,0.0,0.0,0.0,0.0,0.0,24.0,24.0,1.8,0.15
5,15,23,0.0,0.0,0.0,0.0,0.0,24.0,24.0,1.8,0.15
5,16,0,0.0,0.0,0.0,0.0,0.0,24.0,24.0,1.6,0.15
5,16,1,0.0,0.0,0.0,0.0,0.0,24.0,24.0,1.4,0.15
5,16,2,0.0,0.0,0.0,0.0,0.0,24.0,24.0,1.3,0.15
5,16,3,0.0,0.0,0.0,0.0,0.0,24.0,24.0,1.2,0.15
5,16,4,0.0,0.0,0.0,0.0,0.0,24.0,24.0,1.1,0.15
5,16,5,0.0,0.0,0.0,0.0,0.0,24.0,24.0,1.1,0.15
5,16,6,74.977,229.0,45.0,55864.133,49921.082,24.0,26.038,1.2,0.15
5,16,7,290.248,561.0,90.0,267985.443,254526.091,24.0,32.57,1.1,0.15
5,16,8,522.084,724.0,111.0,492678.599,471257.475,24.0,40.396,0.9,0.15
5,16,9,461.009,143.0,354.0,421425.655,402529.306,24.0,39.564,0.6,0.15
5,16,10,681.401,295.0,420.0,597692.837,572550.641,25.0,50.118,0.3,0.15
5,16,11,481.474,54.0,429.0,427496.961,408385.481,25.0,42.675,0.3,0.15
5,16,12,1035.448,911.0,125.0,874904.146,833333.333,25.0,61.077,0.5,0.15
5,16,13,995.464,900.0,125.0,851325.484,817196.075,26.0,58.791,0.7,0.15
5,16,14,886.634,867.0,126.0,779266.6,747690.523,26.0,53.715,0.9,0.15
5,16,15,262.775,16.0,251.0,240916.546,228416.352,26.0,33.76,1.1,0.15
5,16,16,321.042,143.0,242.0,300366.269,285759.536,26.0,35.305,1.2,0.15
5,16,17,280.882,602.0,76.0,255168.289,242163.099,26.0,33.697,1.4,0.15
5,16,18,66.018,263.0,36.0,45146.057,39582.79,25.0,26.745,1.2,0.15
5,16,19,0.0,0.0,0.0,0.0,0.0,25.0,25.0,1.1,0.15
5,16,20,0.0,0.0,0.0,0.0,0.0,25.0,25.0,1.0,0.15
5,16,21,0.0,0.0,0.0,0.0,0.0,25.0,25.0,0.8,0.15
5,16,22,0.0,0.0,0.0,0.0,0.0,24.0,24.0,0.6,0.15
5,16,23,0.0,0.0,0.0,0.0,0.0,24.0,24.0,0.5,0.15
5,17,0,0.0,0.0,0.0,0.0,0.0,24.0,24.0,0.5,0.15
5,17,1,0.0,0.0,0.0,0.0,0.0,24.0,24.0,0.8,0.15
5,17,2,0.0,0.0,0.0,0.0,0.0,24.0,24.0,1.2,0.15
5,17,3,0.0,0.0,0.0,0.0,0.0,24.0,24.0,1.7,0.15
5,17,4,0.0,0.0,0.0,0.0,0.0,24.0,24.0,2.0,0.15
5,17,5,0.0,0.0,0.0,0.0,0.0,24.0,24.0,2.2,0.15
5,17,6,77.925,272.0,42.0,56716.985,50743.714,24.0,25.658,2.3,0.15
5,17,7,294.191,593.0,82.0,273618.405,259959.455,24.0,30.696,2.3,0.15
5,17,8,524.182,741.0,103.0,504152.533,482324.841,24.0,35.841,2.4,0.15
5,17,9,730.675,821.0,116.0,683412.052,655232.483,25.0,40.581,2.7,0.15
5,17,10,890.663,865.0,124.0,820049.763,787028.576,25.0,42.412,3.2,0.15
5,17,11,813.691,402.0,423.0,745289.874,714917.728,25.0,39.418,3.8,0.15
5,17,12,612.947,109.0,504.0,561616.498,537752.63,26.0,36.076,4.3,0.15
5,17,13,155.902,3.0,153.0,141428.353,132453.422,26.0,28.458,4.6,0.15
5,17,14,406.107,40.0,371.0,378067.281,360707.292,25.0,31.169,4.9,0.15
5,17,15,554.06,311.0,325.0,524884.385,502322.082,25.0,33.255,5.1,0.15
5,17,16,504.449,736.0,97.0,492741.419,471318.069,25.0,32.128,5.6,0.15
5,17,17,218.302,282.0,122.0,205357.736,194117.532,24.0,26.853,6.2,0.15
5,17,18,64.743,240.0,37.0,45532.824,39955.853,24.0,24.748,6.6,0.15
5,17,19,0.0,0.0,0.0,0.0,0.0,23.0,23.0,6.7,0.15
5,17,20,0.0,0.0,0.0,0.0,0.0,23.0,23.0,6.5,0.15
5,17,21,0.0,0.0,0.0,0.0,0.0,23.0,23.0,6.2,0.15
5,17,22,0.0,0.0,0.0,0.0,0.0,23.0,23.0,5.7,0.15
5,17,23,0.0,0.0,0.0,0.0,0.0,23.0,23.0,4.9,0.15
5,18,0,0.0,0.0,0.0,0.0,0.0,23.0,23.0,4.2,0.15
5,18,1,0.0,0.0,0.0,0.0,0.0,23.0,23.0,3.8,0.15
5,18,2,0.0,0.0,0.0,0.0,0.0,23.0,23.0,3.7,0.15
5,18,3,0.0,0.0,0.0,0.0,0.0,23.0,23.0,3.7,0.15
5,18,4,0.0,0.0,0.0,0.0,0.0,23.0,23.0,3.7,0.15
5,18,5,0.0,0.0,0.0,0.0,0.0,23.0,23.0,4.0,0.15
5,18,6,79.029,263.0,44.0,58598.001,52558.078,23.0,24.173,4.6,0.15
5,18,7,95.0,0.0,95.0,89329.364,82200.506,23.0,24.437,5.0,0.15
5,18,8,197.258,11.0,191.0,187097.16,176504.001,23.0,25.937,5.1,0.15
5,18,9,428.396,106.0,349.0,404952.646,386640.001,24.0,30.446,5.0,0.15
5,18,10,603.617,206.0,421.0,564582.046,540613.097,24.0,33.43,4.7,0.15
5,18,11,988.276,882.0,131.0,913158.006,833333.333,24.0,40.144,4.4,0.15
5,18,12,1023.664,894.0,130.0,941169.577,833333.333,24.0,40.948,4.3,0.15
5,18,13,727.765,254.0,482.0,673391.601,645567.097,24.0,35.666,4.5,0.15
5,18,14,305.049,16.0,291.0,284142.435,270110.576,24.0,28.881,4.5,0.15
5,18,15,295.428,25.0,277.0,277519.918,263722.722,24.0,28.804,4.4,0.15
5,18,16,227.634,30.0,211.0,215862.272,204249.851,24.0,27.819,4.2,0.15
5,18,17,212.007,251.0,126.0,199053.937,188037.102,24.0,27.599,4.1,0.15
5,18,18,17.0,0.0,17.0,13973.412,9514.716,24.0,24.294,3.9,0.15
5,18,19,0.0,0.0,0.0,0.0,0.0,24.0,24.0,3.7,0.15
5,18,20,0.0,0.0,0.0,0.0,0.0,23.0,23.0,3.6,0.15
5,18,21,0.0,0.0,0.0,0.0,0.0,23.0,23.0,3.6,0.15
5,18,22,0.0,0.0,0.0,0.0,0.0,23.0,23.0,3.5,0.15
5,18,23,0.0,0.0,0.0,0.0,0.0,23.0,23.0,3.2,0.15
5,19,0,0.0,0.0,0.0,0.0,0.0,23.0,23.0,3.1,0.15
5,19,1,0.0,0.0,0.0,0.0,0.0,22.0,22.0,3.1,0.15
5,19,2,0.0,0.0,0.0,0.0,0.0,22.0,22.0,3.2,0.15
5,19,3,0.0,0.0,0.0,0.0,0.0,22.0,22.0,3.3,0.15
5,19,4,0.0,0.0,0.0,0.0,0.0,22.0,22.0,3.2,0.15
5,19,5,0.0,0.0,0.0,0.0,0.0,22.0,22.0,3.3,0.15
5,19,6,63.719,132.0,46.0,50841.142,45076.075,22.0,23.103,3.7,0.15
5,19,7,308.887,648.0,76.0,290163.885,275918.663,23.0,28.466,3.8,0.15
5,19,8,543.143,787.0,95.0,529175.145,506460.803,23.0,32.869,3.7,0.15
5,19,9,754.393,864.0,107.0,716472.644,687121.607,23.0,36.876,3.6,0.15
5,19,10,918.172,907.0,114.0,849912.283,815832.95,24.0,41.117,3.5,0.15
5,19,11,780.137,317.0,472.0,713188.679,683954.006,24.0,39.161,3.2,0.15
5,19,12,806.899,355.0,452.0,734726.467,704728.625,24.0,40.211,3.0,0.15
5,19,13,1019.927,933.0,117.0,920784.874,833333.333,25.0,45.945,2.9,0.15
5,19,14,914.485,917.0,109.0,837930.369,804275.602,25.0,43.802,2.9,0.15
5,19,15,747.224,876.0,101.0,701198.748,672388.926,25.0,40.136,3.0,0.15
5,19,16,533.923,803.0,88.0,515081.25,492866.311,25.0,35.669,3.1,0.15
5,19,17,297.641,665.0,69.0,275067.838,261357.528,24.0,29.96,3.0,0.15
5,19,18,75.171,339.0,35.0,50465.105,44713.363,24.0,25.441,2.7,0.15
5,19,19,0.0,0.0,0.0,0.0,0.0,24.0,24.0,2.4,0.15
5,19,20,0.0,0.0,0.0,0.0,0.0,24.0,24.0,2.2,0.15
5,19,21,0.0,0.0,0.0,0.0,0.0,23.0,23.0,2.2,0.15
5,19,22,0.0,0.0,0.0,0.0,0.0,23.0,23.0,2.1,0.15
5,19,23,0.0,0.0,0.0,0.0,0.0,23.0,23.0,2.0,0.15
5,20,0,0.0,0.0,0.0,0.0,0.0,23.0,23.0,1.9,0.15
5,20,1,0.0,0.0,0.0,0.0,0.0,23.0,23.0,1.9,0.15
5,20,2,0.0,0.0,0.0,0.0,0.0,23.0,23.0,1.9,0.15
5,20,3,0.0,0.0,0.0,0.0,0.0,23.0,23.0,1.8,0.15
5,20,4,0.0,0.0,0.0,0.0,0.0,23.0,23.0,1.7,0.15
5,20,5,0.0,0.0,0.0,0.0,0.0,23.0,23.0,1.8,0.15
5,20,6,38.0,0.0,38.0,33160.634,28022.059,23.0,23.934,1.9,0.15
5,20,7,204.014,175.0,141.0,192519.903,181734.595,23.0,28.048,1.9,0.15
5,20,8,247.225,39.0,225.0,233578.123,221337.959,23.0,29.246,1.8,0.15
5,20,9,498.409,194.0,353.0,464170.611,443759.638,23.0,35.847,1.7,0.15
5,20,10,696.528,322.0,411.0,634271.77,607833.437,23.0,41.33,1.6,0.15
5,20,11,295.609,14.0,282.0,270623.616,257070.782,24.0,31.74,1.6,0.15
5,20,12,518.988,56.0,463.0,470469.077,449834.925,24.0,37.593,1.6,0.15
5,20,13,752.705,290.0,472.0,673781.58,645943.258,24.0,44.224,1.5,0.15
5,20,14,446.967,58.0,396.0,410193.118,391694.782,24.0,35.475,1.7,0.15
5,20,15,251.598,13.0,242.0,233773.742,221526.646,24.0,30.076,2.0,0.15
5,20,16,182.893,7.0,179.0,171468.05,161428.693,24.0,28.259,2.2,0.15
5,20,17,215.007,258.0,126.0,200875.347,189793.972,24.0,28.999,2.2,0.15
5,20,18,21.0,0.0,21.0,17498.809,12915.194,24.0,24.475,2.3,0.15
5,20,19,0.0,0.0,0.0,0.0,0.0,24.0,24.0,2.3,0.15
5,20,20,0.0,0.0,0.0,0.0,0.0,24.0,24.0,2.3,0.15
5,20,21,0.0,0.0,0.0,0.0,0.0,24.0,24.0,2.3,0.15
5,20,22,0.0,0.0,0.0,0.0,0.0,23.0,23.0,2.4,0.15
5,20,23,0.0,0.0,0.0,0.0,0.0,23.0,23.0,2.3,0.15
5,21,0,0.0,0.0,0.0,0.0,0.0,23.0,23.0,2.1,0.15
5,21,1,0.0,0.0,0.0,0.0,0.0,23.0,23.0,1.9,0.15
5,21,2,0.0,0.0,0.0,0.0,0.0,23.0,23.0,1.7,0.15
5,21,3,0.0,0.0,0.0,0.0,0.0,23.0,23.0,1.6,0.15
5,21,4,0.0,0.0,0.0,0.0,0.0,23.0,23.0,1.5,0.15
5,21,5,0.0,0.0,0.0,0.0,0.0,23.0,23.0,1.5,0.15
5,21,6,88.851,381.0,37.0,62056.527,55894.055,23.0,25.096,1.7,0.15
5,21,7,312.197,677.0,68.0,290666.005,276402.991,23.0,30.692,1.9,0.15
5,21,8,426.429,362.0,220.0,407194.417,388802.338,23.0,33.817,1.8,0.15
5,21,9,591.893,384.0,304.0,548777.035,525368.12,24.0,39.287,1.7,0.15
5,21,10,910.989,910.0,104.0,821759.238,788677.478,24.0,47.571,1.7,0.15
5,21,11,1014.012,932.0,108.0,893700.657,833333.333,25.0,51.785,1.6,0.15
5,21,12,1046.86,939.0,108.0,915245.154,833333.333,25.0,53.266,1.5,0.15
5,21,13,788.683,355.0,445.0,700405.947,671624.217,25.0,46.693,1.4,0.15
5,21,14,902.588,905.0,107.0,806387.873,773850.782,25.0,49.97,1.4,0.15
5,21,15,737.134,865.0,98.0,676994.885,649042.702,25.0,45.435,1.4,0.15
5,21,16,527.749,793.0,86.0,502187.818,480429.745,25.0,39.029,1.6,0.15
5,21,17,295.077,656.0,68.0,270294.209,256753.048,25.0,32.407,1.8,0.15
5,21,18,75.911,337.0,35.0,51325.121,45542.905,24.0,25.667,2.0,0.15
5,21,19,0.0,0.0,0.0,0.0,0.0,24.0,24.0,2.0,0.15
5,21,20,0.0,0.0,0.0,0.0,0.0,24.0,24.0,1.7,0.15
5,21,21,0.0,0.0,0.0,0.0,0.0,24.0,24.0,1.3,0.15
5,21,22,0.0,0.0,0.0,0.0,0.0,24.0,24.0,1.1,0.15
5,21,23,0.0,0.0,0.0,0.0,0.0,23.0,23.0,0.9,0.15
5,22,0,0.0,0.0,0.0,0.0,0.0,23.0,23.0,0.8,0.15
5,22,1,0.0,0.0,0.0,0.0,0.0,23.0,23.0,0.7,0.15
5,22,2,0.0,0.0,0.0,0.0,0.0,23.0,23.0,0.6,0.15
5,22,3,0.0,0.0,0.0,0.0,0.0,23.0,23.0,0.7,0.15
5,22,4,0.0,0.0,0.0,0.0,0.0,23.0,23.0,0.9,0.15
5,22,5,0.0,0.0,0.0,0.0,0.0,23.0,23.0,1.0,0.15
5,22,6,89.072,373.0,38.0,62594.428,56412.896,23.0,25.42,1.1,0.15
5,22,7,311.687,669.0,70.0,289309.042,275094.11,23.0,31.565,1.4,0.15
5,22,8,542.604,795.0,89.0,518509.327,496172.918,24.0,37.812,1.8,0.15
5,22,9,748.137,863.0,101.0,697654.815,668970.568,24.0,41.509,2.2,0.15
5,22,10,908.041,901.0,109.0,830908.003,797502.066,24.0,44.039,2.5,0.15
5,22,11,805.238,386.0,430.0,730320.117,700478.409,25.0,41.751,2.8,0.15
5,22,12,823.963,371.0,453.0,745559.725,715178.017,25.0,41.839,2.9,0.15
5,22,13,758.55,298.0,470.0,689544.243,661147.386,25.0,40.497,2.9,0.15
5,22,14,893.718,890.0,111.0,819304.103,786309.339,25.0,43.694,2.8,0.15
5,22,15,727.642,842.0,105.0,681490.367,653378.891,25.0,40.521,2.7,0.15
5,22,16,383.201,271.0,232.0,364946.79,348051.711,25.0,33.312,2.6,0.15
5,22,17,142.546,39.0,129.0,133586.176,124889.124,25.0,28.203,2.4,0.15
5,22,18,60.514,167.0,40.0,45288.569,39720.252,24.0,25.33,2.2,0.15
5,22,19,0.0,0.0,0.0,0.0,0.0,24.0,24.0,2.0,0.15
5,22,20,0.0,0.0,0.0,0.0,0.0,24.0,24.0,1.8,0.15
5,22,21,0.0,0.0,0.0,0.0,0.0,24.0,24.0,1.6,0.15
5,22,22,0.0,0.0,0.0,0.0,0.0,24.0,24.0,1.6,0.15
5,22,23,0.0,0.0,0.0,0.0,0.0,24.0,24.0,1.5,0.15
5,23,0,0.0,0.0,0.0,0.0,0.0,24.0,24.0,1.4,0.15
5,23,1,0.0,0.0,0.0,0.0,0.0,23.0,23.0,1.6,0.15
5,23,2,0.0,0.0,0.0,0.0,0.0,23.0,23.0,1.7,0.15
5,23,3,0.0,0.0,0.0,0.0,0.0,23.0,23.0,1.8,0.15
5,23,4,0.0,0.0,0.0,0.0,0.0,23.0,23.0,1.8,0.15
5,23,5,0.0,0.0,0.0,0.0,0.0,23.0,23.0,1.8,0.15
5,23,6,87.391,366.0,37.0,61232.181,55098.919,24.0,26.024,1.8,0.15
5,23,7,306.043,658.0,68.0,283629.19,269615.518,24.0,31.866,1.7,0.15
5,23,8,533.115,785.0,85.0,508021.489,486056.706,24.0,38.488,1.5,0.15
5,23,9,735.979,852.0,97.0,678376.916,650375.762,24.0,44.399,1.4,0.15
5,23,10,892.518,888.0,105.0,798132.145,765887.587,25.0,49.688,1.4,0.15
5,23,11,992.557,912.0,106.0,872767.291,833333.333,25.0,52.426,1.4,0.15
5,23,12,718.986,208.0,511.0,638048.865,611476.694,25.0,45.202,1.3,0.15
5,23,13,988.293,910.0,107.0,867250.549,832556.851,25.0,52.953,1.3,0.15
5,23,14,304.077,16.0,290.0,277893.168,264082.745,25.0,33.537,1.3,0.15
5,23,15,327.383,37.0,300.0,301912.66,287251.132,25.0,34.216,1.3,0.15
5,23,16,338.439,169.0,244.0,317986.33,302755.248,25.0,34.811,1.2,0.15
5,23,17,137.106,29.0,127.0,127888.355,119393.199,25.0,29.176,1.0,0.15
5,23,18,76.129,339.0,34.0,51210.801,45432.636,25.0,27.209,0.8,0.15
5,23,19,0.0,0.0,0.0,0.0,0.0,25.0,25.0,1.0,0.15
5,23,20,0.0,0.0,0.0,0.0,0.0,25.0,25.0,1.4,0.15
5,23,21,0.0,0.0,0.0,0.0,0.0,25.0,25.0,1.8,0.15
5,23,22,0.0,0.0,0.0,0.0,0.0,25.0,25.0,1.9,0.15
5,23,23,0.0,0.0,0.0,0.0,0.0,24.0,24.0,1.8,0.15
5,24,0,0.0,0.0,0.0,0.0,0.0,24.0,24.0,1.8,0.15
5,24,1,0.0,0.0,0.0,0.0,0.0,24.0,24.0,1.7,0.15
5,24,2,0.0,0.0,0.0,0.0,0.0,24.0,24.0,1.5,0.15
5,24,3,0.0,0.0,0.0,0.0,0.0,24.0,24.0,1.4,0.15
5,24,4,0.0,0.0,0.0,0.0,0.0,24.0,24.0,1.4,0.15
5,24,5,0.0,0.0,0.0,0.0,0.0,24.0,24.0,1.6,0.15
5,24,6,52.919,50.0,46.0,44370.095,38834.324,24.0,25.31,1.8,0.15
5,24,7,304.869,665.0,64.0,282498.159,268524.564,24.0,31.836,1.7,0.15
5,24,8,531.715,798.0,76.0,507695.279,485742.054,24.0,38.134,1.6,0.15
5,24,9,734.036,864.0,86.0,678355.017,650354.639,24.0,43.89,1.5,0.15
5,24,10,891.912,902.0,92.0,798054.656,765812.844,25.0,49.675,1.4,0.15
5,24,11,987.69,906.0,107.0,861572.607,827080.101,25.0,54.317,1.1,0.15
5,24,12,1019.963,913.0,107.0,875384.277,833333.333,25.0,57.692,0.8,0.15
5,24,13,628.543,142.0,491.0,550797.948,527317.424,26.0,47.76,0.5,0.15
5,24,14,880.831,886.0,101.0,758566.482,727723.893,26.0,58.638,0.3,0.15
5,24,15,720.358,847.0,93.0,641598.1,614900.166,26.0,52.748,0.3,0.15
5,24,16,517.0,779.0,81.0,481622.025,460592.679,26.0,44.137,0.5,0.15
5,24,17,290.579,648.0,64.0,263383.785,250087.488,26.0,35.248,0.8,0.15
5,24,18,77.115,343.0,34.0,51797.595,45998.638,26.0,28.023,1.2,0.15
5,24,19,0.0,0.0,0.0,0.0,0.0,25.0,25.0,1.5,0.15
5,24,20,0.0,0.0,0.0,0.0,0.0,25.0,25.0,1.7,0.15
5,24,21,0.0,0.0,0.0,0.0,0.0,25.0,25.0,1.6,0.15
5,24,22,0.0,0.0,0.0,0.0,0.0,25.0,25.0,1.4,0.15
5,24,23,0.0,0.0,0.0,0.0,0.0,25.0,25.0,1.1,0.15
5,25,0,0.0,0.0,0.0,0.0,0.0,25.0,25.0,1.0,0.15
5,25,1,0.0,0.0,0.0,0.0,0.0,25.0,25.0,1.2,0.15
5,25,2,0.0,0.0,0.0,0.0,0.0,24.0,24.0,1.4,0.15
5,25,3,0.0,0.0,0.0,0.0,0.0,24.0,24.0,1.7,0.15
5,25,4,0.0,0.0,0.0,0.0,0.0,24.0,24.0,2.0,0.15
5,25,5,0.0,0.0,0.0,0.0,0.0,24.0,24.0,2.2,0.15
5,25,6,89.241,383.0,36.0,62269.123,56099.118,24.0,25.83,2.4,0.15
5,25,7,307.937,670.0,65.0,285440.937,271363.067,25.0,31.878,2.4,0.15
5,25,8,536.569,801.0,79.0,513903.93,491730.708,25.0,37.357,2.3,0.15
5,25,9,739.059,868.0,88.0,685432.433,657181.274,25.0,43.0,2.0,0.15
5,25,10,897.412,906.0,94.0,802681.352,770275.598,26.0,49.734,1.6,0.15
5,25,11,997.051,927.0,96.0,867865.81,833150.311,26.0,54.884,1.2,0.15
5,25,12,257.0,12.0,245.0,231834.688,219656.3,26.0,33.953,0.9,0.15
5,25,13,199.75,8.0,192.0,180176.511,169828.579,26.0,32.183,0.9,0.15
5,25,14,383.177,32.0,355.0,346902.572,330646.872,26.0,37.579,1.0,0.15
5,25,15,291.05,23.0,274.0,266808.236,253390.597,26.0,34.596,1.1,0.15
5,25,16,522.975,792.0,79.0,493192.53,471753.195,26.0,41.246,1.2,0.15
5,25,17,296.299,665.0,63.0,270273.93,256733.487,26.0,33.945,1.5,0.15
5,25,18,79.783,368.0,33.0,53189.89,47341.598,26.0,27.783,1.9,0.15
5,25,19,0.0,0.0,0.0,0.0,0.0,26.0,26.0,2.2,0.15
5,25,20,0.0,0.0,0.0,0.0,0.0,26.0,26.0,2.3,0.15
5,25,21,0.0,0.0,0.0,0.0,0.0,25.0,25.0,2.2,0.15
5,25,22,0.0,0.0,0.0,0.0,0.0,25.0,25.0,2.1,0.15
5,25,23,0.0,0.0,0.0,0.0,0.0,25.0,25.0,1.9,0.15
5,26,0,0.0,0.0,0.0,0.0,0.0,25.0,25.0,1.7,0.15
5,26,1,0.0,0.0,0.0,0.0,0.0,25.0,25.0,1.5,0.15
5,26,2,0.0,0.0,0.0,0.0,0.0,25.0,25.0,1.3,0.15
5,26,3,0.0,0.0,0.0,0.0,0.0,25.0,25.0,1.3,0.15
5,26,4,0.0,0.0,0.0,0.0,0.0,25.0,25.0,1.4,0.15
5,26,5,0.0,0.0,0.0,0.0,0.0,25.0,25.0,1.6,0.15
5,26,6,90.27,396.0,35.0,62282.473,56111.995,25.0,27.126,1.7,0.15
5,26,7,306.97,675.0,62.0,283507.667,269498.301,25.0,32.724,1.8,0.15
5,26,8,534.671,801.0,77.0,508929.373,486932.419,25.0,38.906,1.7,0.15
5,26,9,736.549,866.0,87.0,673607.56,645775.403,26.0,46.418,1.4,0.15
5,26,10,893.68,903.0,93.0,789949.85,757995.223,26.0,52.559,1.1,0.15
5,26,11,986.796,898.0,114.0,841516.703,807734.858,27.0,59.506,0.7,0.15
5,26,12,1018.982,902.0,117.0,851955.6,817803.863,27.0,63.567,0.4,0.15
5,26,13,982.247,893.0,117.0,823607.485,790460.235,27.0,63.35,0.3,0.15
5,26,14,878.372,870.0,112.0,759350.753,728480.374,27.0,57.651,0.5,0.15
5,26,15,718.289,828.0,104.0,646563.815,619689.925,27.0,50.102,0.8,0.15
5,26,16,514.215,752.0,92.0,480487.446,459498.303,27.0,43.157,0.9,0.15
5,26,17,289.066,611.0,74.0,262753.311,249479.354,26.0,35.207,0.8,0.15
5,26,18,76.663,293.0,39.0,53738.172,47870.452,26.0,28.392,0.6,0.15
5,26,19,0.0,0.0,0.0,0.0,0.0,26.0,26.0,0.6,0.15
5,26,20,0.0,0.0,0.0,0.0,0.0,26.0,26.0,0.5,0.15
5,26,21,0.0,0.0,0.0,0.0,0.0,26.0,26.0,0.5,0.15
5,26,22,0.0,0.0,0.0,0.0,0.0,25.0,25.0,0.7,0.15
5,26,23,0.0,0.0,0.0,0.0,0.0,25.0,25.0,0.9,0.15
5,27,0,0.0,0.0,0.0,0.0,0.0,25.0,25.0,1.0,0.15
5,27,1,0.0,0.0,0.0,0.0,0.0,25.0,25.0,1.1,0.15
5,27,2,0.0,0.0,0.0,0.0,0.0,25.0,25.0,1.0,0.15
5,27,3,0.0,0.0,0.0,0.0,0.0,25.0,25.0,0.7,0.15
5,27,4,0.0,0.0,0.0,0.0,0.0,25.0,25.0,0.5,0.15
5,27,5,0.0,0.0,0.0,0.0,0.0,25.0,25.0,0.6,0.15
5,27,6,87.867,356.0,38.0,61851.618,55696.407,25.0,27.522,0.9,0.15
5,27,7,302.62,646.0,68.0,278719.397,264879.698,25.0,33.514,1.3,0.15
5,27,8,274.573,64.0,238.0,257650.38,244557.24,25.0,32.09,1.7,0.15
5,27,9,409.751,89.0,343.0,378258.153,360891.4,26.0,35.907,2.0,0.15
5,27,10,666.81,275.0,423.0,605716.44,580289.936,26.0,41.493,2.2,0.15
5,27,11,442.986,36.0,408.0,403048.783,384803.599,26.0,36.054,2.3,0.15
5,27,12,592.998,96.0,497.0,535497.847,512559.467,26.0,39.465,2.3,0.15
5,27,13,643.175,156.0,492.0,580931.085,556382.824,26.0,40.622,2.3,0.15
5,27,14,864.554,829.0,134.0,785107.129,753324.099,26.0,45.803,2.3,0.15
5,27,15,708.777,797.0,117.0,660122.193,632767.876,26.0,41.671,2.5,0.15
5,27,16,508.384,728.0,99.0,486602.244,465396.429,26.0,37.071,2.6,0.15
5,27,17,206.336,202.0,135.0,192323.998,181545.632,26.0,30.457,2.6,0.15
5,27,18,44.079,16.0,42.0,37307.904,32022.374,26.0,26.94,2.6,0.15
5,27,19,0.0,0.0,0.0,0.0,0.0,26.0,26.0,2.7,0.15
5,27,20,0.0,0.0,0.0,0.0,0.0,26.0,26.0,2.7,0.15
5,27,21,0.0,0.0,0.0,0.0,0.0,25.0,25.0,2.8,0.15
5,27,22,0.0,0.0,0.0,0.0,0.0,25.0,25.0,2.7,0.15
5,27,23,0.0,0.0,0.0,0.0,0.0,25.0,25.0,2.5,0.15
5,28,0,0.0,0.0,0.0,0.0,0.0,25.0,25.0,2.6,0.15
5,28,1,0.0,0.0,0.0,0.0,0.0,25.0,25.0,2.7,0.15
5,28,2,0.0,0.0,0.0,0.0,0.0,25.0,25.0,2.6,0.15
5,28,3,0.0,0.0,0.0,0.0,0.0,25.0,25.0,2.5,0.15
5,28,4,0.0,0.0,0.0,0.0,0.0,25.0,25.0,2.4,0.15
5,28,5,0.0,0.0,0.0,0.0,0.0,25.0,25.0,2.4,0.15
5,28,6,8.0,0.0,8.0,6433.476,2241.95,25.0,25.178,2.4,0.15
5,28,7,27.0,0.0,27.0,23834.787,19026.663,25.0,25.585,2.6,0.15
5,28,8,47.0,0.0,47.0,41927.391,36478.174,25.0,25.997,2.7,0.15
5,28,9,411.494,90.0,344.0,383058.483,365521.636,25.0,33.872,2.6,0.15
5,28,10,313.07,17.0,298.0,288090.886,273919.118,25.0,31.978,2.4,0.15
5,28,11,173.859,5.0,169.0,158017.839,148455.076,25.0,29.02,2.2,0.15
5,28,12,345.999,18.0,328.0,314460.866,299354.704,26.0,34.324,2.0,0.15
5,28,13,523.907,68.0,458.0,472461.354,451756.607,26.0,39.434,1.7,0.15
5,28,14,432.962,51.0,388.0,393437.499,375532.882,26.0,37.614,1.5,0.15
5,28,15,357.385,53.0,318.0,328436.815,312835.43,26.0,35.831,1.4,0.15
5,28,16,376.553,246.0,238.0,355267.251,338715.158,25.0,35.187,1.5,0.15
5,28,17,209.467,213.0,134.0,195511.411,184620.102,25.0,30.179,1.9,0.15
5,28,18,37.0,0.0,37.0,31866.543,26773.822,25.0,25.839,2.3,0.15
5,28,19,0.0,0.0,0.0,0.0,0.0,25.0,25.0,2.4,0.15
5,28,20,0.0,0.0,0.0,0.0,0.0,25.0,25.0,2.5,0.15
5,28,21,0.0,0.0,0.0,0.0,0.0,25.0,25.0,2.5,0.15
5,28,22,0.0,0.0,0.0,0.0,0.0,24.0,24.0,2.5,0.15
5,28,23,0.0,0.0,0.0,0.0,0.0,24.0,24.0,2.5,0.15
5,29,0,0.0,0.0,0.0,0.0,0.0,24.0,24.0,2.5,0.15
5,29,1,0.0,0.0,0.0,0.0,0.0,24.0,24.0,2.6,0.15
5,29,2,0.0,0.0,0.0,0.0,0.0,24.0,24.0,2.6,0.15
5,29,3,0.0,0.0,0.0,0.0,0.0,24.0,24.0,2.3,0.15
5,29,4,0.0,0.0,0.0,0.0,0.0,24.0,24.0,2.1,0.15
5,29,5,0.0,0.0,0.0,0.0,0.0,24.0,24.0,2.0,0.15
5,29,6,87.762,339.0,40.0,62748.967,56561.959,25.0,26.968,2.0,0.15
5,29,7,263.334,419.0,111.0,245366.286,232708.42,25.0,31.244,2.1,0.15
5,29,8,421.448,349.0,222.0,400770.2,382605.756,25.0,34.67,2.3,0.15
5,29,9,570.439,326.0,326.0,531240.331,508452.811,25.0,37.559,2.5,0.15
5,29,10,676.799,292.0,418.0,619301.06,593393.199,25.0,39.861,2.5,0.15
5,29,11,762.4,303.0,468.0,687878.648,659540.81,25.0,42.359,2.3,0.15
5,29,12,730.989,225.0,506.0,654299.053,627151.074,26.0,43.283,2.1,0.15
5,29,13,642.222,156.0,491.0,578028.724,553583.306,26.0,41.486,2.0,0.15
5,29,14,334.521,21.0,316.0,305945.175,291140.758,26.0,34.061,2.0,0.15
5,29,15,375.343,65.0,327.0,346661.933,330414.76,26.0,35.073,2.0,0.15
5,29,16,203.462,15.0,195.0,189550.099,178870.023,26.0,30.739,2.2,0.15
5,29,17,259.978,436.0,105.0,240765.149,228270.32,26.0,31.705,2.5,0.15
5,29,18,77.828,285.0,40.0,55583.66,49650.548,26.0,27.506,2.8,0.15
5,29,19,0.0,0.0,0.0,0.0,0.0,26.0,26.0,2.8,0.15
5,29,20,0.0,0.0,0.0,0.0,0.0,26.0,26.0,2.5,0.15
5,29,21,0.0,0.0,0.0,0.0,0.0,26.0,26.0,2.0,0.15
5,29,22,0.0,0.0,0.0,0.0,0.0,25.0,25.0,1.9,0.15
5,29,23,0.0,0.0,0.0,0.0,0.0,25.0,25.0,2.1,0.15
5,30,0,0.0,0.0,0.0,0.0,0.0,25.0,25.0,2.2,0.15
5,30,1,0.0,0.0,0.0,0.0,0.0,25.0,25.0,2.2,0.15
5,30,2,0.0,0.0,0.0,0.0,0.0,24.0,24.0,2.1,0.15
5,30,3,0.0,0.0,0.0,0.0,0.0,24.0,24.0,2.0,0.15
5,30,4,0.0,0.0,0.0,0.0,0.0,24.0,24.0,1.9,0.15
5,30,5,0.0,0.0,0.0,0.0,0.0,24.0,24.0,2.2,0.15
5,30,6,88.976,361.0,38.0,62919.042,56726.007,25.0,26.739,2.7,0.15
5,30,7,305.206,655.0,67.0,284053.993,270025.268,25.0,31.028,3.1,0.15
5,30,8,531.717,787.0,82.0,513309.344,491157.19,25.0,35.283,3.3,0.15
5,30,9,733.462,857.0,91.0,687414.059,659092.683,26.0,40.372,3.2,0.15
5,30,10,891.966,896.0,98.0,815707.175,782839.864,26.0,44.339,2.9,0.15
5,30,11,988.25,903.0,111.0,879206.131,833333.333,27.0,49.617,2.3,0.15
5,30,12,1021.934,911.0,111.0,895316.039,833333.333,27.0,52.846,1.8,0.15
5,30,13,985.444,904.0,109.0,864396.416,829803.852,27.0,53.03,1.6,0.15
5,30,14,576.174,160.0,435.0,519838.065,497454.573,27.0,41.812,1.7,0.15
5,30,15,723.507,839.0,99.0,665397.338,637856.102,27.0,44.983,1.9,0.15
5,30,16,522.735,773.0,86.0,495542.536,474019.931,27.0,39.769,2.0,0.15
5,30,17,298.074,648.0,67.0,273148.536,259506.235,27.0,33.779,2.3,0.15
5,30,18,84.14,359.0,36.0,57694.965,51687.04,27.0,28.633,2.7,0.15
5,30,19,0.0,0.0,0.0,0.0,0.0,26.0,26.0,3.0,0.15
5,30,20,0.0,0.0,0.0,0.0,0.0,26.0,26.0,3.2,0.15
5,30,21,0.0,0.0,0.0,0.0,0.0,26.0,26.0,3.3,0.15
5,30,22,0.0,0.0,0.0,0.0,0.0,26.0,26.0,3.2,0.15
5,30,23,0.0,0.0,0.0,0.0,0.0,25.0,25.0,3.1,0.15
5,31,0,0.0,0.0,0.0,0.0,0.0,25.0,25.0,2.8,0.15
5,31,1,0.0,0.0,0.0,0.0,0.0,25.0,25.0,2.5,0.15
5,31,2,0.0,0.0,0.0,0.0,0.0,25.0,25.0,2.0,0.15
5,31,3,0.0,0.0,0.0,0.0,0.0,25.0,25.0,1.7,0.15
5,31,4,0.0,0.0,0.0,0.0,0.0,25.0,25.0,1.7,0.15
5,31,5,0.0,0.0,0.0,0.0,0.0,25.0,25.0,1.9,0.15
5,31,6,92.16,397.0,36.0,64153.311,57916.541,25.0,26.891,2.4,0.15
5,31,7,311.063,682.0,63.0,288999.771,274795.798,25.0,31.464,2.8,0.15
5,31,8,539.069,814.0,74.0,517726.838,495418.155,26.0,36.772,3.1,0.15
5,31,9,169.499,2.0,168.0,155567.23,146091.302,26.0,29.292,3.2,0.15
5,31,10,666.515,276.0,422.0,608727.899,583194.686,27.0,40.18,3.1,0.15
5,31,11,1000.23,934.0,93.0,895273.108,833333.333,27.0,48.272,2.7,0.15
5,31,12,1034.905,940.0,95.0,916987.502,833333.333,27.0,50.238,2.4,0.15
5,31,13,998.697,933.0,94.0,882721.775,833333.333,28.0,51.305,2.2,0.15
5,31,14,527.863,112.0,429.0,493849.112,472386.511,25.0,31.962,6.1,0.14
5,31,15,715.893,816.0,108.0,686807.234,658507.361,25.0,34.32,6.3,0.14
5,31,16,515.31,741.0,96.0,506050.18,484155.248,24.0,30.657,6.4,0.14
5,31,17,291.642,600.0,77.0,274327.655,260643.573,24.0,27.684,6.5,0.14
5,31,18,81.557,292.0,42.0,59477.867,53406.768,24.0,24.972,6.4,0.14
5,31,19,0.0,0.0,0.0,0.0,0.0,24.0,24.0,6.3,0.14
5,31,20,0.0,0.0,0.0,0.0,0.0,24.0,24.0,6.1,0.14
5,31,21,0.0,0.0,0.0,0.0,0.0,24.0,24.0,5.8,0.14
5,31,22,0.0,0.0,0.0,0.0,0.0,24.0,24.0,5.4,0.14
5,31,23,0.0,0.0,0.0,0.0,0.0,24.0,24.0,4.8,0.14
6,1,0,0.0,0.0,0.0,0.0,0.0,24.0,24.0,4.4,0.14
6,1,1,0.0,0.0,0.0,0.0,0.0,24.0,24.0,4.1,0.14
6,1,2,0.0,0.0,0.0,0.0,0.0,24.0,24.0,4.0,0.14
6,1,3,0.0,0.0,0.0,0.0,0.0,24.0,24.0,4.0,0.14
6,1,4,0.0,0.0,0.0,0.0,0.0,24.0,24.0,4.0,0.14
6,1,5,0.0,0.0,0.0,0.0,0.0,24.0,24.0,4.4,0.14
6,1,6,42.0,0.0,42.0,36870.974,31600.926,24.0,24.622,5.1,0.14
6,1,7,146.003,33.0,134.0,138323.912,129458.983,24.0,26.052,5.6,0.14
6,1,8,522.403,750.0,94.0,509736.906,487711.338,25.0,32.295,5.7,0.14
6,1,9,722.653,823.0,106.0,691194.938,662739.591,25.0,35.061,5.7,0.14
6,1,10,477.542,74.0,412.0,445724.253,425966.908,25.0,31.663,5.6,0.14
6,1,11,978.467,886.0,118.0,909735.358,833333.333,25.0,38.74,5.6,0.14
6,1,12,814.953,354.0,461.0,753223.011,722569.763,25.0,36.388,5.6,0.14
6,1,13,734.97,266.0,477.0,681391.808,653283.824,25.0,35.265,5.6,0.14
6,1,14,882.224,879.0,106.0,829473.824,796118.706,25.0,37.404,5.6,0.14
6,1,15,723.546,839.0,98.0,692128.964,663640.521,25.0,35.194,5.6,0.14
6,1,16,522.829,769.0,87.0,510893.792,488827.231,25.0,32.137,5.9,0.14
6,1,17,299.313,639.0,70.0,280137.558,266247.608,25.0,28.992,6.0,0.14
6,1,18,86.059,344.0,39.0,60980.373,54856.033,25.0,26.062,6.0,0.14
6,1,19,0.0,0.0,0.0,0.0,0.0,25.0,25.0,5.8,0.14
6,1,20,0.0,0.0,0.0,0.0,0.0,25.0,25.0,5.5,0.14
6,1,21,0.0,0.0,0.0,0.0,0.0,24.0,24.0,5.3,0.14
6,1,22,0.0,0.0,0.0,0.0,0.0,24.0,24.0,5.0,0.14
6,1,23,0.0,0.0,0.0,0.0,0.0,24.0,24.0,4.7,0.14
6,2,0,0.0,0.0,0.0,0.0,0.0,24.0,24.0,4.4,0.14
6,2,1,0.0,0.0,0.0,0.0,0.0,24.0,24.0,4.1,0.14
6,2,2,0.0,0.0,0.0,0.0,0.0,24.0,24.0,4.1,0.14
6,2,3,0.0,0.0,0.0,0.0,0.0,24.0,24.0,4.1,0.14
6,2,4,0.0,0.0,0.0,0.0,0.0,24.0,24.0,4.4,0.14
6,2,5,0.0,0.0,0.0,0.0,0.0,24.0,24.0,4.9,0.14
6,2,6,57.075,64.0,48.0,47772.094,42115.776,24.0,24.792,5.5,0.14
6,2,7,191.371,133.0,143.0,181708.148,171305.944,24.0,26.595,5.9,0.14
6,2,8,379.619,241.0,242.0,366860.702,349897.806,24.0,29.043,6.1,0.14
6,2,9,535.251,258.0,342.0,509799.914,487772.113,24.0,31.087,6.1,0.14
6,2,10,742.18,435.0,357.0,696170.356,667538.71,25.0,34.931,6.0,0.14
6,2,11,837.275,439.0,411.0,777085.144,745586.365,25.0,36.316,5.9,0.14
6,2,12,1026.846,913.0,114.0,952185.742,833333.333,25.0,38.926,5.9,0.14
6,2,13,991.845,904.0,115.0,923183.703,833333.333,25.0,38.456,5.9,0.14
6,2,14,889.668,878.0,114.0,838073.067,804413.244,25.0,36.816,6.1,0.14
6,2,15,728.844,832.0,108.0,698484.989,669771.326,25.0,34.593,6.2,0.14
6,2,16,525.988,754.0,98.0,514000.128,491823.498,25.0,31.943,6.2,0.14
6,2,17,298.948,611.0,79.0,280299.395,266403.71,25.0,28.945,6.1,0.14
6,2,18,85.438,300.0,44.0,62814.993,56625.646,24.0,25.091,5.8,0.14
6,2,19,0.0,0.0,0.0,0.0,0.0,24.0,24.0,5.4,0.14
6,2,20,0.0,0.0,0.0,0.0,0.0,24.0,24.0,4.9,0.14
6,2,21,0.0,0.0,0.0,0.0,0.0,24.0,24.0,4.4,0.14
6,2,22,0.0,0.0,0.0,0.0,0.0,24.0,24.0,4.0,0.14
6,2,23,0.0,0.0,0.0,0.0,0.0,24.0,24.0,3.6,0.14
6,3,0,0.0,0.0,0.0,0.0,0.0,24.0,24.0,3.3,0.14
6,3,1,0.0,0.0,0.0,0.0,0.0,24.0,24.0,3.1,0.14
6,3,2,0.0,0.0,0.0,0.0,0.0,24.0,24.0,3.0,0.14
6,3,3,0.0,0.0,0.0,0.0,0.0,24.0,24.0,2.9,0.14
6,3,4,0.0,0.0,0.0,0.0,0.0,24.0,24.0,2.7,0.14
6,3,5,0.0,0.0,0.0,0.0,0.0,24.0,24.0,2.7,0.14
6,3,6,90.088,346.0,41.0,64998.576,58731.855,24.0,25.681,3.0,0.14
6,3,7,305.426,642.0,72.0,285975.452,271878.642,24.0,29.659,3.5,0.14
6,3,8,272.962,63.0,237.0,259765.528,246597.439,24.0,28.581,4.2,0.14
6,3,9,258.483,14.0,248.0,241251.647,228739.579,25.0,29.036,4.7,0.14
6,3,10,682.106,304.0,413.0,632329.979,605960.451,25.0,36.742,4.0,0.14
6,3,11,994.434,911.0,110.0,901400.981,833333.333,25.0,45.078,3.0,0.14
6,3,12,1028.81,919.0,110.0,928216.53,833333.333,25.0,45.765,3.0,0.14
6,3,13,993.741,912.0,109.0,897220.168,833333.333,26.0,46.064,3.0,0.14
6,3,14,615.068,206.0,433.0,563679.646,539742.672,26.0,38.57,2.9,0.14
6,3,15,735.272,860.0,93.0,687018.081,658710.736,26.0,41.148,2.9,0.14
6,3,16,531.974,788.0,84.0,512894.549,490757.093,25.0,35.628,3.1,0.14
6,3,17,304.875,656.0,68.0,283616.025,269602.82,25.0,30.827,3.3,0.14
6,3,18,88.611,363.0,38.0,62453.09,56276.566,25.0,26.539,3.4,0.14
6,3,19,0.0,0.0,0.0,0.0,0.0,25.0,25.0,3.1,0.14
6,3,20,0.0,0.0,0.0,0.0,0.0,24.0,24.0,2.5,0.14
6,3,21,0.0,0.0,0.0,0.0,0.0,24.0,24.0,1.6,0.14
6,3,22,0.0,0.0,0.0,0.0,0.0,24.0,24.0,0.9,0.14
6,3,23,0.0,0.0,0.0,0.0,0.0,24.0,24.0,0.8,0.14
6,4,0,0.0,0.0,0.0,0.0,0.0,24.0,24.0,1.1,0.14
6,4,1,0.0,0.0,0.0,0.0,0.0,24.0,24.0,1.5,0.14
6,4,2,0.0,0.0,0.0,0.0,0.0,24.0,24.0,1.9,0.14
6,4,3,0.0,0.0,0.0,0.0,0.0,24.0,24.0,2.2,0.14
6,4,4,0.0,0.0,0.0,0.0,0.0,23.0,23.0,2.0,0.14
6,4,5,0.0,0.0,0.0,0.0,0.0,23.0,23.0,1.9,0.14
6,4,6,92.614,399.0,36.0,64786.269,58527.071,24.0,25.901,2.4,0.14
6,4,7,306.874,671.0,63.0,286238.439,272132.311,24.0,30.377,2.8,0.14
6,4,8,530.319,791.0,79.0,512346.174,490228.149,24.0,35.15,2.8,0.14
6,4,9,461.277,146.0,352.0,431443.678,412192.351,24.0,33.953,2.6,0.14
6,4,10,704.457,335.0,408.0,644054.149,617269.187,25.0,40.475,2.5,0.14
6,4,11,659.923,173.0,492.0,599363.693,574162.292,25.0,39.454,2.5,0.14
6,4,12,489.989,46.0,444.0,447926.62,428091.237,25.0,35.15,2.8,0.14
6,4,13,754.257,294.0,469.0,687847.201,659510.478,25.0,39.656,3.2,0.14
6,4,14,581.009,164.0,436.0,537613.654,514600.303,25.0,35.598,3.6,0.14
6,4,15,339.393,42.0,308.0,317340.274,302132.083,25.0,31.01,3.8,0.14
6,4,16,379.925,244.0,241.0,363715.135,346863.699,25.0,31.482,4.1,0.14
6,4,17,246.23,343.0,122.0,231379.05,219216.808,25.0,29.124,4.2,0.14
6,4,18,71.594,189.0,45.0,54999.479,49087.066,25.0,26.191,3.9,0.14
6,4,19,0.0,0.0,0.0,0.0,0.0,24.0,24.0,3.5,0.14
6,4,20,0.0,0.0,0.0,0.0,0.0,24.0,24.0,3.3,0.14
6,4,21,0.0,0.0,0.0,0.0,0.0,24.0,24.0,3.3,0.14
6,4,22,0.0,0.0,0.0,0.0,0.0,24.0,24.0,3.3,0.14
6,4,23,0.0,0.0,0.0,0.0,0.0,24.0,24.0,3.3,0.14
6,5,0,0.0,0.0,0.0,0.0,0.0,24.0,24.0,3.3,0.14
6,5,1,0.0,0.0,0.0,0.0,0.0,24.0,24.0,3.2,0.14
6,5,2,0.0,0.0,0.0,0.0,0.0,24.0,24.0,3.0,0.14
6,5,3,0.0,0.0,0.0,0.0,0.0,23.0,23.0,3.0,0.14
6,5,4,0.0,0.0,0.0,0.0,0.0,23.0,23.0,3.0,0.14
6,5,5,0.0,0.0,0.0,0.0,0.0,24.0,24.0,3.1,0.14
6,5,6,92.293,418.0,33.0,63672.644,57452.907,24.0,25.586,3.4,0.14
6,5,7,306.557,687.0,57.0,286534.352,272417.738,24.0,29.677,3.5,0.14
6,5,8,529.506,804.0,71.0,514645.203,492445.715,24.0,33.772,3.6,0.14
6,5,9,727.902,866.0,80.0,687483.261,659159.433,25.0,38.601,3.5,0.14
6,5,10,883.077,901.0,86.0,816684.519,783782.577,25.0,41.727,3.4,0.14
6,5,11,982.794,921.0,89.0,897081.177,833333.333,25.0,43.595,3.4,0.14
6,5,12,1016.731,927.0,90.0,920148.915,833333.333,26.0,45.23,3.4,0.14
6,5,13,982.753,921.0,89.0,895480.906,833333.333,26.0,44.025,3.6,0.14
6,5,14,883.778,903.0,85.0,818054.687,785104.194,26.0,41.517,3.9,0.14
6,5,15,727.58,867.0,79.0,688143.575,659796.35,26.0,38.263,4.2,0.14
6,5,16,529.463,804.0,71.0,512940.704,490801.613,26.0,34.59,4.5,0.14
6,5,17,307.205,686.0,58.0,285819.573,271728.287,26.0,30.859,4.6,0.14
6,5,18,93.345,418.0,34.0,64450.924,58203.609,25.0,26.333,4.7,0.14
6,5,19,0.0,0.0,0.0,0.0,0.0,25.0,25.0,4.8,0.14
6,5,20,0.0,0.0,0.0,0.0,0.0,25.0,25.0,4.8,0.14
6,5,21,0.0,0.0,0.0,0.0,0.0,25.0,25.0,4.7,0.14
6,5,22,0.0,0.0,0.0,0.0,0.0,25.0,25.0,4.6,0.14
6,5,23,0.0,0.0,0.0,0.0,0.0,25.0,25.0,4.4,0.14
6,6,0,0.0,0.0,0.0,0.0,0.0,25.0,25.0,4.4,0.14
6,6,1,0.0,0.0,0.0,0.0,0.0,24.0,24.0,4.5,0.14
6,6,2,0.0,0.0,0.0,0.0,0.0,24.0,24.0,4.5,0.14
6,6,3,0.0,0.0,0.0,0.0,0.0,24.0,24.0,4.6,0.14
6,6,4,0.0,0.0,0.0,0.0,0.0,24.0,24.0,4.6,0.14
6,6,5,0.0,0.0,0.0,0.0,0.0,24.0,24.0,4.8,0.14
6,6,6,90.856,387.0,36.0,63617.757,57399.964,25.0,26.21,5.3,0.14
6,6,7,164.322,67.0,140.0,155225.914,145762.08,25.0,27.308,5.6,0.14
6,6,8,347.742,175.0,248.0,333408.527,317630.974,25.0,29.83,5.7,0.14
6,6,9,724.647,846.0,92.0,690850.909,662407.752,26.0,36.091,5.7,0.14
6,6,10,392.952,35.0,362.0,365052.267,348153.452,26.0,31.354,5.8,0.14
6,6,11,981.086,905.0,103.0,911143.623,833333.333,26.0,39.163,6.0,0.14
6,6,12,565.973,81.0,485.0,523247.309,500743.014,26.0,33.287,6.3,0.14
6,6,13,557.41,88.0,472.0,516824.85,494548.128,26.0,32.955,6.6,0.14
6,6,14,534.541,117.0,431.0,499093.335,477444.912,26.0,32.543,6.8,0.14
6,6,15,286.723,21.0,271.0,269188.978,255686.98,25.0,28.477,6.9,0.14
6,6,16,104.0,0.0,104.0,96006.067,88640.628,25.0,26.252,7.0,0.14
6,6,17,122.457,4.0,121.0,115270.365,107222.315,25.0,26.48,7.0,0.14
6,6,18,90.124,343.0,41.0,65146.622,58874.655,25.0,26.017,6.9,0.14
6,6,19,0.0,0.0,0.0,0.0,0.0,25.0,25.0,6.8,0.14
6,6,20,0.0,0.0,0.0,0.0,0.0,24.0,24.0,6.6,0.14
6,6,21,0.0,0.0,0.0,0.0,0.0,24.0,24.0,6.4,0.14
6,6,22,0.0,0.0,0.0,0.0,0.0,24.0,24.0,6.1,0.14
6,6,23,0.0,0.0,0.0,0.0,0.0,24.0,24.0,5.7,0.14
6,7,0,0.0,0.0,0.0,0.0,0.0,24.0,24.0,5.2,0.14
6,7,1,0.0,0.0,0.0,0.0,0.0,24.0,24.0,4.8,0.14
6,7,2,0.0,0.0,0.0,0.0,0.0,24.0,24.0,4.8,0.14
6,7,3,0.0,0.0,0.0,0.0,0.0,24.0,24.0,5.0,0.14
6,7,4,0.0,0.0,0.0,0.0,0.0,24.0,24.0,5.1,0.14
6,7,5,0.0,0.0,0.0,0.0,0.0,24.0,24.0,5.4,0.14
6,7,6,88.852,345.0,40.0,64033.282,57800.766,24.0,25.126,5.8,0.14
6,7,7,303.15,640.0,71.0,285485.737,271406.28,24.0,28.046,6.0,0.14
6,7,8,528.161,771.0,89.0,516193.669,493939.313,25.0,32.05,6.1,0.14
6,7,9,730.093,843.0,100.0,699571.222,670819.07,25.0,34.716,6.1,0.14
6,7,10,888.49,884.0,107.0,837230.509,803600.541,25.0,36.801,6.1,0.14
6,7,11,989.9,905.0,112.0,924207.73,833333.333,25.0,37.711,6.4,0.14
6,7,12,1024.658,910.0,115.0,950352.963,833333.333,26.0,38.877,6.6,0.14
6,7,13,990.628,901.0,116.0,922482.828,833333.333,26.0,38.324,6.7,0.14
6,7,14,892.193,888.0,106.0,843688.31,809829.516,25.0,35.887,6.9,0.14
6,7,15,735.174,849.0,99.0,706908.327,677896.192,25.0,33.81,7.1,0.14
6,7,16,533.544,779.0,88.0,523052.205,500554.824,25.0,31.287,7.3,0.14
6,7,17,307.055,646.0,71.0,289055.544,274849.594,25.0,28.544,7.4,0.14
6,7,18,91.554,350.0,41.0,66222.729,59912.632,25.0,25.992,7.3,0.14
6,7,19,0.0,0.0,0.0,0.0,0.0,24.0,24.0,7.1,0.14
6,7,20,0.0,0.0,0.0,0.0,0.0,24.0,24.0,6.8,0.14
6,7,21,0.0,0.0,0.0,0.0,0.0,24.0,24.0,6.5,0.14
6,7,22,0.0,0.0,0.0,0.0,0.0,24.0,24.0,6.2,0.14
6,7,23,0.0,0.0,0.0,0.0,0.0,24.0,24.0,5.7,0.14
6,8,0,0.0,0.0,0.0,0.0,0.0,24.0,24.0,5.2,0.14
6,8,1,0.0,0.0,0.0,0.0,0.0,24.0,24.0,4.9,0.14
6,8,2,0.0,0.0,0.0,0.0,0.0,24.0,24.0,4.7,0.14
6,8,3,0.0,0.0,0.0,0.0,0.0,24.0,24.0,4.7,0.14
6,8,4,0.0,0.0,0.0,0.0,0.0,24.0,24.0,4.7,0.14
6,8,5,0.0,0.0,0.0,0.0,0.0,24.0,24.0,4.8,0.14
6,8,6,90.76,359.0,40.0,65110.679,58839.986,24.0,25.248,5.1,0.14
6,8,7,306.287,652.0,70.0,286880.941,272752.046,25.0,29.381,5.4,0.14
6,8,8,531.69,783.0,86.0,518699.167,496356.03,25.0,32.602,5.5,0.14
6,8,9,734.487,852.0,98.0,701801.372,672970.196,25.0,35.47,5.5,0.14
6,8,10,891.617,889.0,106.0,834466.23,800934.211,26.0,38.536,5.6,0.14
6,8,11,993.528,911.0,110.0,920012.38,833333.333,26.0,39.792,5.7,0.14
6,8,12,1027.615,917.0,111.0,948578.43,833333.333,26.0,40.097,5.8,0.14
6,8,13,993.512,910.0,110.0,921095.547,833333.333,26.0,39.479,5.9,0.14
6,8,14,893.967,893.0,103.0,837963.89,804307.935,26.0,38.143,5.9,0.14
6,8,15,736.953,856.0,95.0,702902.283,674032.098,26.0,35.918,6.0,0.14
6,8,16,536.078,791.0,83.0,521718.444,499268.323,26.0,33.236,6.0,0.14
6,8,17,311.16,669.0,66.0,292353.08,278030.286,25.0,29.108,6.1,0.14
6,8,18,95.235,393.0,38.0,67651.703,61290.972,25.0,26.148,6.2,0.14
6,8,19,0.0,0.0,0.0,0.0,0.0,25.0,25.0,6.3,0.14
6,8,20,0.0,0.0,0.0,0.0,0.0,25.0,25.0,6.3,0.14
6,8,21,0.0,0.0,0.0,0.0,0.0,25.0,25.0,6.3,0.14
6,8,22,0.0,0.0,0.0,0.0,0.0,25.0,25.0,6.1,0.14
6,8,23,0.0,0.0,0.0,0.0,0.0,25.0,25.0,6.1,0.14
6,9,0,0.0,0.0,0.0,0.0,0.0,25.0,25.0,6.0,0.14
6,9,1,0.0,0.0,0.0,0.0,0.0,25.0,25.0,5.9,0.14
6,9,2,0.0,0.0,0.0,0.0,0.0,25.0,25.0,5.7,0.14
6,9,3,0.0,0.0,0.0,0.0,0.0,24.0,24.0,5.6,0.14
6,9,4,0.0,0.0,0.0,0.0,0.0,24.0,24.0,5.6,0.14
6,9,5,0.0,0.0,0.0,0.0,0.0,24.0,24.0,5.8,0.14
6,9,6,91.063,376.0,38.0,64335.354,58092.134,25.0,26.085,6.3,0.14
6,9,7,19.0,0.0,19.0,16508.59,11960.063,25.0,25.237,6.7,0.14
6,9,8,195.257,11.0,189.0,184071.115,173585.181,25.0,27.351,7.0,0.14
6,9,9,269.693,17.0,257.0,253015.583,240086.672,25.0,28.173,7.2,0.14
6,9,10,319.901,18.0,304.0,298508.237,283967.341,25.0,28.719,7.3,0.14
6,9,11,629.596,145.0,489.0,587068.947,562303.198,25.0,32.47,7.1,0.14
6,9,12,507.976,53.0,455.0,470301.256,449673.05,26.0,32.202,6.8,0.14
6,9,13,528.945,71.0,460.0,490370.306,469030.974,26.0,32.598,6.6,0.14
6,9,14,606.024,193.0,435.0,565736.335,541726.485,26.0,33.743,6.4,0.14
6,9,15,305.265,27.0,285.0,285557.581,271475.578,26.0,29.9,6.4,0.14
6,9,16,238.93,33.0,220.0,225539.131,213583.821,26.0,29.031,6.5,0.14
6,9,17,44.0,0.0,44.0,39766.956,34394.292,25.0,25.56,6.5,0.14
6,9,18,91.805,312.0,46.0,68352.8,61967.226,25.0,26.091,6.5,0.14
6,9,19,0.0,0.0,0.0,0.0,0.0,25.0,25.0,6.3,0.14
6,9,20,0.0,0.0,0.0,0.0,0.0,25.0,25.0,6.1,0.14
6,9,21,0.0,0.0,0.0,0.0,0.0,25.0,25.0,5.8,0.14
6,9,22,0.0,0.0,0.0,0.0,0.0,25.0,25.0,5.5,0.14
6,9,23,0.0,0.0,0.0,0.0,0.0,25.0,25.0,5.1,0.14
6,10,0,0.0,0.0,0.0,0.0,0.0,24.0,24.0,4.9,0.14
6,10,1,0.0,0.0,0.0,0.0,0.0,24.0,24.0,4.7,0.14
6,10,2,0.0,0.0,0.0,0.0,0.0,24.0,24.0,4.6,0.14
6,10,3,0.0,0.0,0.0,0.0,0.0,24.0,24.0,4.6,0.14
6,10,4,0.0,0.0,0.0,0.0,0.0,24.0,24.0,4.6,0.14
6,10,5,0.0,0.0,0.0,0.0,0.0,24.0,24.0,5.1,0.14
6,10,6,89.959,369.0,38.0,63603.147,57385.873,25.0,26.147,5.7,0.14
6,10,7,305.22,656.0,68.0,286138.237,272035.659,25.0,28.983,6.2,0.14
6,10,8,528.433,782.0,84.0,517141.989,494854.03,25.0,31.828,6.4,0.14
6,10,9,422.351,105.0,344.0,399361.358,381246.835,25.0,30.346,6.5,0.14
6,10,10,504.003,94.0,421.0,470070.368,449450.344,26.0,32.364,6.5,0.14
6,10,11,988.315,905.0,111.0,919247.751,833333.333,26.0,38.691,6.4,0.14
6,10,12,1022.542,910.0,113.0,947027.617,833333.333,26.0,39.268,6.3,0.14
6,10,13,989.045,902.0,113.0,919240.446,833333.333,26.0,38.837,6.3,0.14
6,10,14,427.986,53.0,381.0,398379.4,380299.671,26.0,31.578,6.2,0.14
6,10,15,551.343,288.0,335.0,521457.05,499016.191,26.0,33.223,6.2,0.14
6,10,16,194.745,10.0,189.0,182572.721,172139.881,26.0,28.55,6.2,0.14
6,10,17,308.739,637.0,74.0,289416.302,275197.569,26.0,30.078,6.1,0.14
6,10,18,94.969,358.0,42.0,69172.491,62757.872,25.0,26.195,5.9,0.14
6,10,19,0.0,0.0,0.0,0.0,0.0,25.0,25.0,5.6,0.14
6,10,20,0.0,0.0,0.0,0.0,0.0,25.0,25.0,5.4,0.14
6,10,21,0.0,0.0,0.0,0.0,0.0,25.0,25.0,5.1,0.14
6,10,22,0.0,0.0,0.0,0.0,0.0,25.0,25.0,5.0,0.14
6,10,23,0.0,0.0,0.0,0.0,0.0,25.0,25.0,4.7,0.14
6,11,0,0.0,0.0,0.0,0.0,0.0,25.0,25.0,4.5,0.14
6,11,1,0.0,0.0,0.0,0.0,0.0,25.0,25.0,4.4,0.14
6,11,2,0.0,0.0,0.0,0.0,0.0,25.0,25.0,4.5,0.14
6,11,3,0.0,0.0,0.0,0.0,0.0,25.0,25.0,4.6,0.14
6,11,4,0.0,0.0,0.0,0.0,0.0,25.0,25.0,4.8,0.14
6,11,5,0.0,0.0,0.0,0.0,0.0,25.0,25.0,5.3,0.14
6,11,6,87.874,348.0,39.0,62651.492,56467.938,25.0,26.086,6.0,0.14
6,11,7,300.419,638.0,70.0,281754.846,267807.589,25.0,28.796,6.5,0.14
6,11,8,524.104,768.0,88.0,513379.316,491224.684,25.0,31.493,6.8,0.14
6,11,9,724.937,838.0,100.0,694286.389,665721.499,26.0,34.864,6.9,0.14
6,11,10,882.966,878.0,108.0,831816.649,798378.515,26.0,36.885,6.8,0.14
6,11,11,981.545,891.0,118.0,914091.688,833333.333,26.0,38.339,6.6,0.14
6,11,12,1017.512,899.0,119.0,942499.17,833333.333,26.0,39.202,6.3,0.14
6,11,13,985.429,894.0,117.0,914935.148,833333.333,26.0,39.073,6.1,0.14
6,11,14,893.346,899.0,96.0,838044.53,804385.718,26.0,37.999,6.0,0.14
6,11,15,738.062,862.0,90.0,704011.057,675101.583,26.0,35.933,6.0,0.14
6,11,16,366.36,204.0,249.0,350473.802,334091.559,26.0,30.919,6.0,0.14
6,11,17,313.939,671.0,66.0,294193.147,279805.152,26.0,30.193,6.0,0.14
6,11,18,97.437,392.0,39.0,69631.564,63200.678,26.0,27.206,6.0,0.14
6,11,19,0.0,0.0,0.0,0.0,0.0,25.0,25.0,5.9,0.14
6,11,20,0.0,0.0,0.0,0.0,0.0,25.0,25.0,5.9,0.14
6,11,21,0.0,0.0,0.0,0.0,0.0,25.0,25.0,5.8,0.14
6,11,22,0.0,0.0,0.0,0.0,0.0,25.0,25.0,5.7,0.14
6,11,23,0.0,0.0,0.0,0.0,0.0,25.0,25.0,5.5,0.14
6,12,0,0.0,0.0,0.0,0.0,0.0,25.0,25.0,5.1,0.14
6,12,1,0.0,0.0,0.0,0.0,0.0,25.0,25.0,4.7,0.14
6,12,2,0.0,0.0,0.0,0.0,0.0,25.0,25.0,4.5,0.14
6,12,3,0.0,0.0,0.0,0.0,0.0,25.0,25.0,4.3,0.14
6,12,4,0.0,0.0,0.0,0.0,0.0,25.0,25.0,4.1,0.14
6,12,5,0.0,0.0,0.0,0.0,0.0,25.0,25.0,4.0,0.14
6,12,6,87.849,356.0,38.0,62149.287,55983.528,25.0,26.376,4.1,0.14
6,12,7,299.905,643.0,68.0,279677.877,265804.216,25.0,30.081,4.1,0.14
6,12,8,520.842,770.0,84.0,503158.544,481366.074,26.0,35.057,4.0,0.14
6,12,9,718.796,837.0,95.0,679323.128,651288.446,26.0,38.284,4.1,0.14
6,12,10,873.226,873.0,103.0,810566.031,777880.891,26.0,40.685,4.2,0.14
6,12,11,974.127,898.0,104.0,889691.818,833333.333,27.0,43.364,4.2,0.14
6,12,12,574.949,87.0,488.0,525172.355,502599.847,27.0,36.448,4.3,0.14
6,12,13,974.614,893.0,107.0,893025.288,833333.333,27.0,42.502,4.6,0.14
6,12,14,875.649,864.0,109.0,814368.853,781548.964,27.0,40.076,5.1,0.14
6,12,15,718.726,813.0,107.0,682001.972,653872.368,27.0,37.006,5.7,0.14
6,12,16,207.642,15.0,199.0,194272.239,183424.839,27.0,29.661,6.4,0.14
6,12,17,228.399,244.0,138.0,214759.428,203186.085,27.0,29.724,7.1,0.14
6,12,18,89.044,260.0,50.0,68130.255,61752.567,26.0,26.958,7.6,0.14
6,12,19,0.0,0.0,0.0,0.0,0.0,26.0,26.0,8.0,0.14
6,12,20,0.0,0.0,0.0,0.0,0.0,26.0,26.0,8.1,0.14
6,12,21,0.0,0.0,0.0,0.0,0.0,26.0,26.0,8.0,0.14
6,12,22,0.0,0.0,0.0,0.0,0.0,26.0,26.0,7.7,0.14
6,12,23,0.0,0.0,0.0,0.0,0.0,26.0,26.0,7.4,0.14
6,13,0,0.0,0.0,0.0,0.0,0.0,25.0,25.0,7.2,0.14
6,13,1,0.0,0.0,0.0,0.0,0.0,25.0,25.0,7.2,0.14
6,13,2,0.0,0.0,0.0,0.0,0.0,25.0,25.0,7.2,0.14
6,13,3,0.0,0.0,0.0,0.0,0.0,25.0,25.0,7.3,0.14
6,13,4,0.0,0.0,0.0,0.0,0.0,25.0,25.0,7.4,0.14
6,13,5,0.0,0.0,0.0,0.0,0.0,25.0,25.0,7.5,0.14
6,13,6,85.821,314.0,42.0,62357.404,56184.271,25.0,25.889,7.8,0.14
6,13,7,297.196,617.0,75.0,278185.434,264364.656,26.0,29.241,8.0,0.14
6,13,8,518.655,751.0,93.0,507355.063,485413.894,26.0,31.721,8.0,0.14
6,13,9,718.959,823.0,106.0,690957.569,662510.633,26.0,33.906,8.0,0.14
6,13,10,673.804,298.0,411.0,632999.968,606606.7,26.0,33.359,8.0,0.14
6,13,11,747.964,289.0,468.0,694554.157,665979.779,27.0,35.083,8.1,0.14
6,13,12,1013.443,903.0,111.0,943874.404,833333.333,27.0,37.907,8.2,0.14
6,13,13,978.831,891.0,113.0,914539.805,833333.333,27.0,37.538,8.2,0.14
6,13,14,876.231,853.0,119.0,826363.298,793118.398,27.0,36.442,8.2,0.14
6,13,15,719.71,807.0,112.0,691484.58,663018.969,26.0,33.771,8.2,0.14
6,13,16,521.0,728.0,101.0,509183.204,487177.256,26.0,31.641,8.2,0.14
6,13,17,300.301,585.0,83.0,282966.607,268976.412,26.0,29.192,8.3,0.14
6,13,18,91.555,288.0,48.0,69226.095,62809.577,26.0,26.928,8.2,0.14
6,13,19,0.0,0.0,0.0,0.0,0.0,26.0,26.0,8.2,0.14
6,13,20,0.0,0.0,0.0,0.0,0.0,26.0,26.0,8.1,0.14
6,13,21,0.0,0.0,0.0,0.0,0.0,26.0,26.0,8.1,0.14
6,13,22,0.0,0.0,0.0,0.0,0.0,26.0,26.0,8.0,0.14
6,13,23,0.0,0.0,0.0,0.0,0.0,26.0,26.0,7.9,0.14
6,14,0,0.0,0.0,0.0,0.0,0.0,26.0,26.0,7.6,0.14
6,14,1,0.0,0.0,0.0,0.0,0.0,25.0,25.0,7.4,0.14
6,14,2,0.0,0.0,0.0,0.0,0.0,25.0,25.0,7.2,0.14
6,14,3,0.0,0.0,0.0,0.0,0.0,25.0,25.0,7.0,0.14
6,14,4,0.0,0.0,0.0,0.0,0.0,25.0,25.0,7.0,0.14
6,14,5,0.0,0.0,0.0,0.0,0.0,25.0,25.0,7.1,0.14
6,14,6,80.926,244.0,47.0,61085.085,54957.035,25.0,25.883,7.4,0.14
6,14,7,287.19,554.0,88.0,268973.452,255479.091,26.0,29.252,7.6,0.14
6,14,8,508.049,703.0,110.0,496223.947,474677.197,26.0,31.706,7.8,0.14
6,14,9,706.771,783.0,124.0,678756.076,650741.487,26.0,33.842,7.9,0.14
6,14,10,863.885,828.0,134.0,817350.981,784425.423,26.0,35.566,7.9,0.14
6,14,11,965.167,852.0,140.0,904244.382,833333.333,26.0,36.676,7.9,0.14
6,14,12,999.442,859.0,141.0,930260.698,833333.333,27.0,37.851,8.1,0.14
6,14,13,967.088,852.0,139.0,903634.683,833333.333,27.0,37.316,8.3,0.14
6,14,14,869.148,830.0,132.0,820050.176,787028.975,27.0,36.199,8.4,0.14
6,14,15,712.595,777.0,127.0,684817.427,656588.06,26.0,33.49,8.5,0.14
6,14,16,515.205,691.0,116.0,503352.676,481553.327,26.0,31.384,8.6,0.14
6,14,17,224.417,224.0,141.0,212320.547,200833.624,26.0,28.33,8.6,0.14
6,14,18,89.372,252.0,51.0,68937.971,62531.662,26.0,26.888,8.5,0.14
6,14,19,0.0,0.0,0.0,0.0,0.0,26.0,26.0,8.5,0.14
6,14,20,0.0,0.0,0.0,0.0,0.0,26.0,26.0,8.4,0.14
6,14,21,0.0,0.0,0.0,0.0,0.0,25.0,25.0,8.3,0.14
6,14,22,0.0,0.0,0.0,0.0,0.0,25.0,25.0,8.1,0.14
6,14,23,0.0,0.0,0.0,0.0,0.0,25.0,25.0,7.9,0.14
6,15,0,0.0,0.0,0.0,0.0,0.0,25.0,25.0,7.7,0.14
6,15,1,0.0,0.0,0.0,0.0,0.0,25.0,25.0,7.5,0.14
6,15,2,0.0,0.0,0.0,0.0,0.0,25.0,25.0,7.3,0.14
6,15,3,0.0,0.0,0.0,0.0,0.0,25.0,25.0,7.1,0.14
6,15,4,0.0,0.0,0.0,0.0,0.0,25.0,25.0,6.9,0.14
6,15,5,0.0,0.0,0.0,0.0,0.0,25.0,25.0,6.9,0.14
6,15,6,82.635,279.0,44.0,60989.789,54865.116,25.0,25.904,7.3,0.14
6,15,7,117.359,1.0,117.0,110403.086,102527.503,25.0,26.337,7.6,0.14
6,15,8,328.015,145.0,246.0,313909.082,298822.472,26.0,29.664,7.8,0.14
6,15,9,546.284,315.0,312.0,519865.992,497481.51,26.0,32.093,7.8,0.14
6,15,10,867.822,851.0,118.0,821469.704,788398.204,26.0,35.612,7.9,0.14
6,15,11,974.703,892.0,111.0,914352.535,833333.333,26.0,36.589,8.1,0.14
6,15,12,743.834,245.0,499.0,691820.736,663343.214,26.0,33.889,8.3,0.14
6,15,13,975.522,878.0,122.0,915558.201,833333.333,26.0,36.316,8.4,0.14
6,15,14,879.585,856.0,119.0,833418.436,799923.544,26.0,35.23,8.5,0.14
6,15,15,262.314,15.0,251.0,245174.256,232523.195,26.0,28.735,8.5,0.14
6,15,16,477.187,531.0,170.0,464103.489,443694.895,26.0,31.023,8.5,0.14
6,15,17,303.032,576.0,88.0,285979.43,271882.479,26.0,29.166,8.5,0.14
6,15,18,93.762,279.0,51.0,71826.931,65318.255,26.0,26.929,8.5,0.14
6,15,19,0.0,0.0,0.0,0.0,0.0,25.0,25.0,8.4,0.14
6,15,20,0.0,0.0,0.0,0.0,0.0,25.0,25.0,8.1,0.14
6,15,21,0.0,0.0,0.0,0.0,0.0,25.0,25.0,7.9,0.14
6,15,22,0.0,0.0,0.0,0.0,0.0,25.0,25.0,7.7,0.14
6,15,23,0.0,0.0,0.0,0.0,0.0,25.0,25.0,7.6,0.14
6,16,0,0.0,0.0,0.0,0.0,0.0,25.0,25.0,7.5,0.14
6,16,1,0.0,0.0,0.0,0.0,0.0,25.0,25.0,7.5,0.14
6,16,2,0.0,0.0,0.0,0.0,0.0,25.0,25.0,7.4,0.14
6,16,3,0.0,0.0,0.0,0.0,0.0,25.0,25.0,7.4,0.14
6,16,4,0.0,0.0,0.0,0.0,0.0,25.0,25.0,7.5,0.14
6,16,5,0.0,0.0,0.0,0.0,0.0,25.0,25.0,7.6,0.14
6,16,6,39.0,0.0,39.0,33906.185,28741.191,25.0,25.424,8.0,0.14
6,16,7,135.524,21.0,128.0,127925.97,119429.481,25.0,26.448,8.3,0.14
6,16,8,248.86,44.0,224.0,235915.74,223592.745,26.0,28.652,8.3,0.14
6,16,9,486.469,189.0,346.0,461494.674,441178.52,26.0,31.177,8.3,0.14
6,16,10,624.158,225.0,426.0,586141.926,561409.025,26.0,32.689,8.2,0.14
6,16,11,985.755,884.0,130.0,923869.393,833333.333,26.0,36.611,8.2,0.14
6,16,12,1022.373,888.0,135.0,954660.068,833333.333,26.0,37.001,8.2,0.14
6,16,13,988.743,876.0,137.0,926445.506,833333.333,26.0,36.548,8.3,0.14
6,16,14,774.024,486.0,342.0,729240.808,699437.345,26.0,34.097,8.5,0.14
6,16,15,654.387,541.0,246.0,625910.162,599768.114,26.0,32.805,8.6,0.14
6,16,16,477.439,529.0,171.0,464445.909,444025.181,26.0,30.939,8.7,0.14
6,16,17,167.202,62.0,144.0,157920.899,148361.571,26.0,27.709,8.8,0.14
6,16,18,52.314,15.0,50.0,45826.94,40239.547,25.0,25.534,8.7,0.14
6,16,19,0.0,0.0,0.0,0.0,0.0,25.0,25.0,8.5,0.14
6,16,20,0.0,0.0,0.0,0.0,0.0,25.0,25.0,8.5,0.14
6,16,21,0.0,0.0,0.0,0.0,0.0,25.0,25.0,8.6,0.14
6,16,22,0.0,0.0,0.0,0.0,0.0,25.0,25.0,8.6,0.14
6,16,23,0.0,0.0,0.0,0.0,0.0,25.0,25.0,8.4,0.14
6,17,0,0.0,0.0,0.0,0.0,0.0,25.0,25.0,8.1,0.14
6,17,1,0.0,0.0,0.0,0.0,0.0,25.0,25.0,7.9,0.14
6,17,2,0.0,0.0,0.0,0.0,0.0,25.0,25.0,7.8,0.14
6,17,3,0.0,0.0,0.0,0.0,0.0,25.0,25.0,7.7,0.14
6,17,4,0.0,0.0,0.0,0.0,0.0,25.0,25.0,7.7,0.14
6,17,5,0.0,0.0,0.0,0.0,0.0,25.0,25.0,7.9,0.14
6,17,6,58.389,83.0,47.0,47765.308,42109.23,25.0,25.615,8.1,0.14
6,17,7,204.589,189.0,137.0,193497.59,182677.638,25.0,27.219,8.1,0.14
6,17,8,195.772,12.0,189.0,184812.002,174299.815,25.0,27.142,8.0,0.14
6,17,9,332.707,40.0,303.0,312670.021,297627.317,26.0,29.664,7.9,0.14
6,17,10,519.072,108.0,424.0,485884.528,464704.144,26.0,31.762,7.8,0.14
6,17,11,688.21,211.0,484.0,640852.902,614181.373,26.0,33.639,7.8,0.14
6,17,12,718.843,215.0,504.0,667803.152,640176.669,26.0,33.903,7.9,0.14
6,17,13,739.521,272.0,475.0,688727.233,660359.326,26.0,34.138,7.9,0.14
6,17,14,630.434,222.0,433.0,591411.483,566491.861,26.0,32.817,8.1,0.14
6,17,15,365.551,55.0,324.0,344022.78,327869.122,26.0,29.917,8.2,0.14
6,17,16,424.793,341.0,227.0,411891.028,393332.529,25.0,29.584,8.2,0.14
6,17,17,250.78,306.0,136.0,238334.692,225925.984,25.0,27.72,8.1,0.14
6,17,18,79.07,168.0,53.0,63649.218,57430.311,25.0,25.849,7.8,0.14
6,17,19,0.0,0.0,0.0,0.0,0.0,25.0,25.0,7.6,0.14
6,17,20,0.0,0.0,0.0,0.0,0.0,25.0,25.0,7.5,0.14
6,17,21,0.0,0.0,0.0,0.0,0.0,25.0,25.0,7.4,0.14
6,17,22,0.0,0.0,0.0,0.0,0.0,25.0,25.0,7.2,0.14
6,17,23,0.0,0.0,0.0,0.0,0.0,25.0,25.0,7.0,0.14
6,18,0,0.0,0.0,0.0,0.0,0.0,24.0,24.0,6.7,0.14
6,18,1,0.0,0.0,0.0,0.0,0.0,24.0,24.0,6.5,0.14
6,18,2,0.0,0.0,0.0,0.0,0.0,24.0,24.0,6.4,0.14
6,18,3,0.0,0.0,0.0,0.0,0.0,24.0,24.0,6.3,0.14
6,18,4,0.0,0.0,0.0,0.0,0.0,24.0,24.0,6.2,0.14
6,18,5,0.0,0.0,0.0,0.0,0.0,24.0,24.0,6.4,0.14
6,18,6,86.551,341.0,40.0,61589.906,55443.969,25.0,25.971,6.9,0.14
6,18,7,104.0,0.0,104.0,97421.167,90005.585,25.0,26.22,7.3,0.14
6,18,8,225.22,27.0,210.0,213509.896,201980.829,25.0,27.584,7.5,0.14
6,18,9,725.922,834.0,107.0,696722.918,668071.692,26.0,34.286,7.6,0.14
6,18,10,884.899,875.0,115.0,835830.41,802250.053,26.0,36.177,7.5,0.14
6,18,11,987.931,897.0,120.0,923155.336,833333.333,26.0,37.459,7.4,0.14
6,18,12,1025.322,904.0,122.0,954029.807,833333.333,26.0,38.004,7.3,0.14
6,18,13,994.455,899.0,120.0,928255.107,833333.333,26.0,37.646,7.3,0.14
6,18,14,531.652,112.0,432.0,496809.837,475242.327,26.0,32.189,7.3,0.14
6,18,15,745.409,851.0,102.0,713723.291,684469.674,26.0,34.757,7.3,0.14
6,18,16,545.59,781.0,92.0,532187.147,509366.078,26.0,32.428,7.3,0.14
6,18,17,86.0,0.0,86.0,79571.557,72788.458,26.0,27.019,7.2,0.14
6,18,18,102.904,371.0,45.0,76511.425,69836.759,25.0,26.159,7.0,0.14
6,18,19,0.0,0.0,0.0,0.0,0.0,25.0,25.0,6.8,0.14
6,18,20,0.0,0.0,0.0,0.0,0.0,25.0,25.0,6.6,0.14
6,18,21,0.0,0.0,0.0,0.0,0.0,25.0,25.0,6.4,0.14
6,18,22,0.0,0.0,0.0,0.0,0.0,25.0,25.0,6.2,0.14
6,18,23,0.0,0.0,0.0,0.0,0.0,25.0,25.0,6.1,0.14
6,19,0,0.0,0.0,0.0,0.0,0.0,25.0,25.0,5.9,0.14
6,19,1,0.0,0.0,0.0,0.0,0.0,25.0,25.0,5.9,0.14
6,19,2,0.0,0.0,0.0,0.0,0.0,25.0,25.0,6.1,0.14
6,19,3,0.0,0.0,0.0,0.0,0.0,25.0,25.0,6.3,0.14
6,19,4,0.0,0.0,0.0,0.0,0.0,25.0,25.0,6.3,0.14
6,19,5,0.0,0.0,0.0,0.0,0.0,25.0,25.0,6.4,0.14
6,19,6,89.717,403.0,35.0,61552.479,55407.868,25.0,26.024,6.6,0.14
6,19,7,305.681,687.0,61.0,285769.721,271680.201,25.0,28.74,6.8,0.14
6,19,8,352.914,197.0,242.0,339778.501,323775.235,25.0,29.263,7.0,0.14
6,19,9,389.84,78.0,332.0,367306.884,350328.178,26.0,30.548,7.3,0.14
6,19,10,891.679,907.0,94.0,842967.864,809134.598,26.0,36.16,7.6,0.14
6,19,11,994.717,928.0,97.0,931823.763,833333.333,26.0,37.008,7.9,0.14
6,19,12,1030.286,932.0,99.0,962013.955,833333.333,26.0,37.293,8.0,0.14
6,19,13,998.901,926.0,98.0,935974.497,833333.333,26.0,36.853,8.1,0.14
6,19,14,898.574,896.0,101.0,850298.05,816205.047,26.0,35.685,8.2,0.14
6,19,15,742.688,856.0,95.0,713176.249,683942.016,26.0,34.093,8.1,0.14
6,19,16,352.856,170.0,254.0,337953.699,322015.093,26.0,29.905,7.9,0.14
6,19,17,268.953,398.0,119.0,254337.125,241361.387,26.0,29.025,7.7,0.14
6,19,18,103.89,388.0,43.0,76713.397,70031.573,25.0,26.1,7.6,0.14
6,19,19,0.0,0.0,0.0,0.0,0.0,25.0,25.0,7.5,0.14
6,19,20,0.0,0.0,0.0,0.0,0.0,25.0,25.0,7.4,0.14
6,19,21,0.0,0.0,0.0,0.0,0.0,25.0,25.0,7.2,0.14
6,19,22,0.0,0.0,0.0,0.0,0.0,25.0,25.0,6.9,0.14
6,19,23,0.0,0.0,0.0,0.0,0.0,25.0,25.0,6.5,0.14
6,20,0,0.0,0.0,0.0,0.0,0.0,25.0,25.0,6.0,0.14
6,20,1,0.0,0.0,0.0,0.0,0.0,25.0,25.0,5.5,0.14
6,20,2,0.0,0.0,0.0,0.0,0.0,25.0,25.0,5.1,0.14
6,20,3,0.0,0.0,0.0,0.0,0.0,25.0,25.0,5.1,0.14
6,20,4,0.0,0.0,0.0,0.0,0.0,25.0,25.0,5.1,0.14
6,20,5,0.0,0.0,0.0,0.0,0.0,25.0,25.0,5.4,0.14
6,20,6,86.948,370.0,37.0,60486.7,54379.853,25.0,26.077,5.9,0.14
6,20,7,64.0,0.0,64.0,58802.835,52755.654,25.0,25.85,6.1,0.14
6,20,8,177.812,5.0,175.0,167064.73,157181.4,25.0,27.329,6.2,0.14
6,20,9,292.783,24.0,275.0,273754.841,260091.056,26.0,29.823,6.2,0.14
6,20,10,303.823,18.0,288.0,281845.647,267895.172,26.0,29.915,6.3,0.14
6,20,11,372.277,22.0,351.0,344510.005,328339.083,26.0,30.74,6.4,0.14
6,20,12,447.974,34.0,414.0,414356.591,395710.727,26.0,31.642,6.5,0.14
6,20,13,284.57,16.0,269.0,262667.308,249396.399,26.0,29.51,6.7,0.14
6,20,14,487.353,79.0,417.0,454606.241,434534.172,26.0,31.902,6.9,0.14
6,20,15,731.248,831.0,102.0,700066.521,671296.818,26.0,34.761,7.1,0.14
6,20,16,534.977,766.0,89.0,522094.681,499631.228,26.0,32.242,7.4,0.14
6,20,17,314.771,643.0,72.0,296931.264,282446.246,26.0,29.639,7.4,0.14
6,20,18,102.259,382.0,42.0,75164.479,68537.541,26.0,27.126,7.2,0.14
6,20,19,0.0,0.0,0.0,0.0,0.0,25.0,25.0,6.9,0.14
6,20,20,0.0,0.0,0.0,0.0,0.0,25.0,25.0,6.6,0.14
6,20,21,0.0,0.0,0.0,0.0,0.0,25.0,25.0,6.1,0.14
6,20,22,0.0,0.0,0.0,0.0,0.0,25.0,25.0,5.5,0.14
6,20,23,0.0,0.0,0.0,0.0,0.0,25.0,25.0,4.9,0.14
6,21,0,0.0,0.0,0.0,0.0,0.0,25.0,25.0,4.5,0.14
6,21,1,0.0,0.0,0.0,0.0,0.0,25.0,25.0,4.3,0.14
6,21,2,0.0,0.0,0.0,0.0,0.0,24.0,24.0,4.1,0.14
6,21,3,0.0,0.0,0.0,0.0,0.0,24.0,24.0,4.1,0.14
6,21,4,0.0,0.0,0.0,0.0,0.0,24.0,24.0,4.1,0.14
6,21,5,0.0,0.0,0.0,0.0,0.0,24.0,24.0,4.2,0.14
6,21,6,84.511,369.0,35.0,58194.244,52168.628,25.0,26.24,4.5,0.14
6,21,7,294.609,656.0,62.0,273993.85,260321.596,25.0,29.655,4.6,0.14
6,21,8,516.165,782.0,77.0,502358.91,480594.774,25.0,33.374,4.5,0.14
6,21,9,498.219,211.0,342.0,469717.07,449109.564,25.0,33.122,4.4,0.14
6,21,10,700.06,395.0,353.0,649945.531,622951.814,26.0,37.408,4.4,0.14
6,21,11,578.527,105.0,477.0,532290.81,509466.067,26.0,35.258,4.5,0.14
6,21,12,768.78,279.0,490.0,703920.989,675014.707,26.0,38.158,4.6,0.14
6,21,13,733.695,311.0,431.0,673849.154,646008.437,27.0,38.169,4.9,0.14
6,21,14,890.615,893.0,95.0,828822.06,795490.036,27.0,39.978,5.3,0.14
6,21,15,739.418,857.0,90.0,701261.376,672449.334,27.0,37.296,5.7,0.14
6,21,16,542.824,794.0,80.0,525839.159,503243.024,27.0,34.326,6.0,0.14
6,21,17,321.367,675.0,66.0,302532.897,287849.391,26.0,30.249,6.1,0.14
6,21,18,105.836,409.0,41.0,77253.425,70552.466,26.0,27.318,6.0,0.14
6,21,19,0.0,0.0,0.0,0.0,0.0,26.0,26.0,5.9,0.14
6,21,20,0.0,0.0,0.0,0.0,0.0,26.0,26.0,5.8,0.14
6,21,21,0.0,0.0,0.0,0.0,0.0,25.0,25.0,5.8,0.14
6,21,22,0.0,0.0,0.0,0.0,0.0,25.0,25.0,5.8,0.14
6,21,23,0.0,0.0,0.0,0.0,0.0,25.0,25.0,5.5,0.14
6,22,0,0.0,0.0,0.0,0.0,0.0,25.0,25.0,5.3,0.14
6,22,1,0.0,0.0,0.0,0.0,0.0,25.0,25.0,5.2,0.14
6,22,2,0.0,0.0,0.0,0.0,0.0,25.0,25.0,5.4,0.14
6,22,3,0.0,0.0,0.0,0.0,0.0,25.0,25.0,5.6,0.14
6,22,4,0.0,0.0,0.0,0.0,0.0,25.0,25.0,5.7,0.14
6,22,5,0.0,0.0,0.0,0.0,0.0,25.0,25.0,5.9,0.14
6,22,6,83.129,346.0,37.0,58023.22,52003.664,25.0,25.987,6.3,0.14
6,22,7,295.052,639.0,69.0,274375.375,260689.602,26.0,29.805,6.3,0.14
6,22,8,517.299,769.0,86.0,504118.828,482292.331,26.0,32.906,6.1,0.14
6,22,9,516.026,242.0,337.0,487633.872,466391.503,26.0,32.987,5.9,0.14
6,22,10,878.194,877.0,108.0,824580.306,791398.585,26.0,37.795,6.0,0.14
6,22,11,718.643,251.0,476.0,665457.811,637914.433,26.0,35.481,6.1,0.14
6,22,12,1018.289,896.0,123.0,938769.882,833333.333,27.0,40.356,6.2,0.14
6,22,13,988.416,890.0,122.0,914667.396,833333.333,27.0,39.828,6.3,0.14
6,22,14,895.379,880.0,111.0,840867.352,807108.516,26.0,37.509,6.4,0.14
6,22,15,461.475,147.0,350.0,434966.431,415590.279,26.0,31.906,6.4,0.14
6,22,16,380.303,225.0,249.0,364432.692,347555.83,26.0,30.786,6.6,0.14
6,22,17,321.796,659.0,72.0,303482.388,288765.238,26.0,29.991,6.7,0.14
6,22,18,106.228,397.0,43.0,78600.963,71852.255,25.0,26.244,6.6,0.14
6,22,19,0.0,0.0,0.0,0.0,0.0,25.0,25.0,6.4,0.14
6,22,20,0.0,0.0,0.0,0.0,0.0,25.0,25.0,6.3,0.14
6,22,21,0.0,0.0,0.0,0.0,0.0,25.0,25.0,6.2,0.14
6,22,22,0.0,0.0,0.0,0.0,0.0,25.0,25.0,6.1,0.14
6,22,23,0.0,0.0,0.0,0.0,0.0,25.0,25.0,5.8,0.14
6,23,0,0.0,0.0,0.0,0.0,0.0,25.0,25.0,5.5,0.14
6,23,1,0.0,0.0,0.0,0.0,0.0,25.0,25.0,5.2,0.14
6,23,2,0.0,0.0,0.0,0.0,0.0,25.0,25.0,5.1,0.14
6,23,3,0.0,0.0,0.0,0.0,0.0,25.0,25.0,5.1,0.14
6,23,4,0.0,0.0,0.0,0.0,0.0,25.0,25.0,5.2,0.14
6,23,5,0.0,0.0,0.0,0.0,0.0,25.0,25.0,5.6,0.14
6,23,6,80.775,323.0,38.0,56890.241,50910.831,25.0,25.973,6.2,0.14
6,23,7,290.922,626.0,70.0,271650.118,258060.912,25.0,28.633,6.6,0.14
6,23,8,513.242,761.0,87.0,501162.495,479440.753,26.0,32.36,6.8,0.14
6,23,9,502.879,219.0,341.0,476249.437,455410.463,26.0,32.116,6.9,0.14
6,23,10,873.704,878.0,103.0,824251.492,791081.422,26.0,36.662,6.9,0.14
6,23,11,977.842,900.0,108.0,912646.7,833333.333,26.0,37.919,6.9,0.14
6,23,12,1015.281,905.0,111.0,943838.223,833333.333,26.0,38.371,6.9,0.14
6,23,13,985.387,898.0,111.0,919717.149,833333.333,26.0,37.771,7.1,0.14
6,23,14,678.271,330.0,384.0,636516.102,609998.243,26.0,33.916,7.3,0.14
6,23,15,738.247,845.0,97.0,707816.225,678771.919,26.0,34.426,7.6,0.14
6,23,16,542.272,781.0,86.0,529676.502,506944.395,26.0,32.092,7.8,0.14
6,23,17,321.255,659.0,71.0,303581.887,288861.211,26.0,29.544,7.9,0.14
6,23,18,105.382,390.0,43.0,78222.571,71487.272,25.0,26.097,7.8,0.14
6,23,19,0.0,0.0,0.0,0.0,0.0,25.0,25.0,7.7,0.14
6,23,20,0.0,0.0,0.0,0.0,0.0,25.0,25.0,7.6,0.14
6,23,21,0.0,0.0,0.0,0.0,0.0,25.0,25.0,7.4,0.14
6,23,22,0.0,0.0,0.0,0.0,0.0,25.0,25.0,7.1,0.14
6,23,23,0.0,0.0,0.0,0.0,0.0,25.0,25.0,6.8,0.14
6,24,0,0.0,0.0,0.0,0.0,0.0,25.0,25.0,6.4,0.14
6,24,1,0.0,0.0,0.0,0.0,0.0,25.0,25.0,6.2,0.14
6,24,2,0.0,0.0,0.0,0.0,0.0,25.0,25.0,6.1,0.14
6,24,3,0.0,0.0,0.0,0.0,0.0,25.0,25.0,6.1,0.14
6,24,4,0.0,0.0,0.0,0.0,0.0,25.0,25.0,6.1,0.14
6,24,5,0.0,0.0,0.0,0.0,0.0,25.0,25.0,6.4,0.14
6,24,6,80.425,315.0,39.0,56915.33,50935.031,25.0,25.911,6.8,0.14
6,24,7,290.024,625.0,70.0,270797.08,257238.1,25.0,28.511,6.9,0.14
6,24,8,512.426,757.0,89.0,502422.598,480656.205,25.0,31.285,6.9,0.14
6,24,9,712.534,828.0,101.0,683036.079,654869.832,26.0,34.713,6.9,0.14
6,24,10,871.44,869.0,109.0,822383.543,789279.662,26.0,36.527,7.0,0.14
6,24,11,970.36,879.0,121.0,906094.751,833333.333,26.0,37.708,7.0,0.14
6,24,12,1007.297,887.0,121.0,937476.017,833333.333,26.0,38.028,7.1,0.14
6,24,13,602.869,120.0,486.0,559895.965,536093.062,26.0,33.08,7.2,0.14
6,24,14,601.365,182.0,439.0,562544.371,538647.625,26.0,33.007,7.3,0.14
6,24,15,735.932,844.0,95.0,705030.575,676084.976,26.0,34.645,7.3,0.14
6,24,16,347.234,156.0,256.0,331925.402,316200.403,26.0,30.067,7.3,0.14
6,24,17,40.0,0.0,40.0,35814.583,30581.967,26.0,26.474,7.2,0.14
6,24,18,103.901,373.0,44.0,77294.549,70592.134,26.0,27.172,7.0,0.14
6,24,19,0.0,0.0,0.0,0.0,0.0,25.0,25.0,6.8,0.14
6,24,20,0.0,0.0,0.0,0.0,0.0,25.0,25.0,6.8,0.14
6,24,21,0.0,0.0,0.0,0.0,0.0,25.0,25.0,6.9,0.14
6,24,22,0.0,0.0,0.0,0.0,0.0,25.0,25.0,7.0,0.14
6,24,23,0.0,0.0,0.0,0.0,0.0,25.0,25.0,7.1,0.14
6,25,0,0.0,0.0,0.0,0.0,0.0,25.0,25.0,7.1,0.14
6,25,1,0.0,0.0,0.0,0.0,0.0,25.0,25.0,7.0,0.14
6,25,2,0.0,0.0,0.0,0.0,0.0,25.0,25.0,6.9,0.14
6,25,3,0.0,0.0,0.0,0.0,0.0,25.0,25.0,6.8,0.14
6,25,4,0.0,0.0,0.0,0.0,0.0,25.0,25.0,6.6,0.14
6,25,5,0.0,0.0,0.0,0.0,0.0,25.0,25.0,6.6,0.14
6,25,6,68.938,214.0,41.0,51046.03,45273.704,25.0,25.804,6.7,0.14
6,25,7,251.427,417.0,105.0,235797.427,223478.624,25.0,28.05,6.9,0.14
6,25,8,353.624,207.0,238.0,339447.063,323455.541,26.0,30.23,7.1,0.14
6,25,9,505.04,225.0,339.0,478777.341,457848.794,26.0,31.961,7.2,0.14
6,25,10,872.955,870.0,110.0,824728.755,791541.774,26.0,36.237,7.3,0.14
6,25,11,976.84,889.0,118.0,912725.228,833333.333,26.0,37.554,7.2,0.14
6,25,12,1015.293,898.0,118.0,944985.309,833333.333,26.0,38.004,7.2,0.14
6,25,13,987.833,895.0,116.0,922516.503,833333.333,26.0,37.569,7.3,0.14
6,25,14,895.746,886.0,105.0,844699.183,810804.57,26.0,36.502,7.3,0.14
6,25,15,743.162,849.0,98.0,711371.535,682201.251,26.0,34.816,7.2,0.14
6,25,16,546.149,786.0,86.0,532627.698,509791.019,26.0,32.498,7.2,0.14
6,25,17,325.678,671.0,70.0,308925.348,294015.333,25.0,28.803,7.3,0.14
6,25,18,108.734,414.0,42.0,80319.771,73510.16,25.0,26.197,7.2,0.14
6,25,19,0.0,0.0,0.0,0.0,0.0,25.0,25.0,7.1,0.14
6,25,20,0.0,0.0,0.0,0.0,0.0,25.0,25.0,6.8,0.14
6,25,21,0.0,0.0,0.0,0.0,0.0,25.0,25.0,6.5,0.14
6,25,22,0.0,0.0,0.0,0.0,0.0,25.0,25.0,6.5,0.14
6,25,23,0.0,0.0,0.0,0.0,0.0,25.0,25.0,6.5,0.14
6,26,0,0.0,0.0,0.0,0.0,0.0,25.0,25.0,6.1,0.14
6,26,1,0.0,0.0,0.0,0.0,0.0,25.0,25.0,6.0,0.14
6,26,2,0.0,0.0,0.0,0.0,0.0,25.0,25.0,5.8,0.14
6,26,3,0.0,0.0,0.0,0.0,0.0,25.0,25.0,5.4,0.14
6,26,4,0.0,0.0,0.0,0.0,0.0,25.0,25.0,5.2,0.14
6,26,5,0.0,0.0,0.0,0.0,0.0,25.0,25.0,5.4,0.14
6,26,6,74.833,292.0,37.0,52746.246,46913.674,25.0,25.934,5.9,0.14
6,26,7,267.617,510.0,89.0,250017.377,237194.705,25.0,28.491,6.2,0.14
6,26,8,522.347,802.0,75.0,511808.832,489709.848,25.0,31.825,6.3,0.14
6,26,9,495.105,209.0,341.0,470077.07,449456.808,25.0,31.343,6.4,0.14
6,26,10,616.963,219.0,425.0,576807.3,552405.161,26.0,33.803,6.5,0.14
6,26,11,616.324,137.0,484.0,571774.012,547550.223,26.0,33.695,6.6,0.14
6,26,12,702.847,197.0,506.0,650697.747,623677.376,26.0,34.598,6.8,0.14
6,26,13,830.957,430.0,412.0,772003.171,740684.467,26.0,35.987,7.0,0.14
6,26,14,699.18,325.0,409.0,654859.101,627691.277,26.0,34.239,7.2,0.14
6,26,15,512.404,207.0,355.0,486637.534,465430.469,25.0,30.985,7.3,0.14
6,26,16,375.474,209.0,253.0,361360.577,344592.572,25.0,29.401,7.3,0.14
6,26,17,230.485,224.0,145.0,219209.803,207478.766,25.0,27.698,7.3,0.14
6,26,18,76.703,128.0,56.0,63536.453,57321.541,25.0,25.898,7.0,0.14
6,26,19,0.0,0.0,0.0,0.0,0.0,25.0,25.0,6.7,0.14
6,26,20,0.0,0.0,0.0,0.0,0.0,25.0,25.0,6.4,0.14
6,26,21,0.0,0.0,0.0,0.0,0.0,25.0,25.0,6.0,0.14
6,26,22,0.0,0.0,0.0,0.0,0.0,25.0,25.0,6.0,0.14
6,26,23,0.0,0.0,0.0,0.0,0.0,25.0,25.0,6.0,0.14
6,27,0,0.0,0.0,0.0,0.0,0.0,25.0,25.0,5.6,0.14
6,27,1,0.0,0.0,0.0,0.0,0.0,25.0,25.0,5.3,0.14
6,27,2,0.0,0.0,0.0,0.0,0.0,25.0,25.0,5.3,0.14
6,27,3,0.0,0.0,0.0,0.0,0.0,25.0,25.0,5.4,0.14
6,27,4,0.0,0.0,0.0,0.0,0.0,25.0,25.0,5.7,0.14
6,27,5,0.0,0.0,0.0,0.0,0.0,25.0,25.0,6.2,0.14
6,27,6,78.907,326.0,37.0,54866.642,48958.936,25.0,25.897,6.7,0.14
6,27,7,288.406,631.0,68.0,268825.094,255335.989,25.0,28.455,7.0,0.14
6,27,8,512.215,767.0,85.0,500478.677,478781.165,26.0,32.283,6.9,0.14
6,27,9,712.853,840.0,94.0,683651.034,655462.998,26.0,34.718,6.9,0.14
6,27,10,871.874,881.0,100.0,823465.738,790323.51,26.0,36.429,7.1,0.14
6,27,11,976.866,907.0,101.0,913727.822,833333.333,26.0,37.443,7.3,0.14
6,27,12,1015.3,914.0,102.0,946375.872,833333.333,26.0,37.774,7.4,0.14
6,27,13,986.867,908.0,102.0,922514.364,833333.333,26.0,37.447,7.4,0.14
6,27,14,599.887,179.0,440.0,561232.9,537382.625,26.0,32.922,7.4,0.14
6,27,15,578.047,326.0,330.0,548666.509,525261.51,26.0,32.631,7.5,0.14
6,27,16,378.52,214.0,253.0,363105.238,346275.413,26.0,30.311,7.6,0.14
6,27,17,163.344,48.0,145.0,154805.569,145356.63,25.0,26.878,7.5,0.14
6,27,18,53.298,8.0,52.0,47224.957,41588.026,25.0,25.614,7.4,0.14
6,27,19,0.0,0.0,0.0,0.0,0.0,25.0,25.0,7.2,0.14
6,27,20,0.0,0.0,0.0,0.0,0.0,25.0,25.0,7.0,0.14
6,27,21,0.0,0.0,0.0,0.0,0.0,25.0,25.0,6.7,0.14
6,27,22,0.0,0.0,0.0,0.0,0.0,25.0,25.0,6.3,0.14
6,27,23,0.0,0.0,0.0,0.0,0.0,25.0,25.0,5.9,0.14
6,28,0,0.0,0.0,0.0,0.0,0.0,25.0,25.0,5.6,0.14
6,28,1,0.0,0.0,0.0,0.0,0.0,25.0,25.0,5.4,0.14
6,28,2,0.0,0.0,0.0,0.0,0.0,25.0,25.0,5.3,0.14
6,28,3,0.0,0.0,0.0,0.0,0.0,25.0,25.0,5.2,0.14
6,28,4,0.0,0.0,0.0,0.0,0.0,25.0,25.0,5.2,0.14
6,28,5,0.0,0.0,0.0,0.0,0.0,25.0,25.0,5.3,0.14
6,28,6,65.226,190.0,41.0,48615.188,42928.996,25.0,25.872,5.5,0.14
6,28,7,245.642,398.0,107.0,229716.893,217613.547,25.0,28.473,5.5,0.14
6,28,8,503.808,744.0,90.0,490174.443,468842.051,26.0,33.204,5.5,0.14
6,28,9,704.613,820.0,101.0,671977.154,644202.769,26.0,36.045,5.5,0.14
6,28,10,863.751,863.0,108.0,810089.946,777421.675,26.0,38.145,5.6,0.14
6,28,11,969.967,899.0,102.0,900110.937,833333.333,26.0,39.466,5.7,0.14
6,28,12,1009.321,905.0,105.0,928802.332,833333.333,27.0,41.007,5.7,0.14
6,28,13,981.277,899.0,105.0,905789.041,833333.333,27.0,40.621,5.7,0.14
6,28,14,883.836,866.0,110.0,824701.24,791515.234,27.0,39.14,5.8,0.14
6,28,15,733.627,827.0,104.0,695990.574,667365.298,27.0,36.982,5.9,0.14
6,28,16,537.573,759.0,92.0,520067.593,497675.968,27.0,34.335,5.9,0.14
6,28,17,317.621,634.0,75.0,299569.628,284991.122,26.0,30.347,5.8,0.14
6,28,18,104.701,367.0,45.0,78391.12,71649.849,26.0,27.378,5.6,0.14
6,28,19,0.0,0.0,0.0,0.0,0.0,26.0,26.0,5.4,0.14
6,28,20,0.0,0.0,0.0,0.0,0.0,26.0,26.0,5.1,0.14
6,28,21,0.0,0.0,0.0,0.0,0.0,26.0,26.0,4.9,0.14
6,28,22,0.0,0.0,0.0,0.0,0.0,26.0,26.0,4.6,0.14
6,28,23,0.0,0.0,0.0,0.0,0.0,26.0,26.0,4.4,0.14
6,29,0,0.0,0.0,0.0,0.0,0.0,25.0,25.0,4.4,0.14
6,29,1,0.0,0.0,0.0,0.0,0.0,25.0,25.0,4.4,0.14
6,29,2,0.0,0.0,0.0,0.0,0.0,25.0,25.0,4.4,0.14
6,29,3,0.0,0.0,0.0,0.0,0.0,25.0,25.0,4.4,0.14
6,29,4,0.0,0.0,0.0,0.0,0.0,25.0,25.0,4.5,0.14
6,29,5,0.0,0.0,0.0,0.0,0.0,25.0,25.0,4.9,0.14
6,29,6,74.047,293.0,37.0,51827.756,46027.73,25.0,25.977,5.4,0.14
6,29,7,278.732,598.0,71.0,257987.668,244882.577,26.0,29.886,5.6,0.14
6,29,8,498.209,735.0,90.0,485268.501,464109.946,26.0,32.88,5.8,0.14
6,29,9,522.229,260.0,331.0,493738.461,472279.782,26.0,33.154,5.8,0.14
6,29,10,857.022,850.0,113.0,804844.495,772362.092,26.0,37.774,5.8,0.14
6,29,11,961.596,876.0,116.0,889936.181,833333.333,27.0,40.046,5.9,0.14
6,29,12,1001.351,886.0,116.0,922796.476,833333.333,27.0,40.58,5.9,0.14
6,29,13,831.217,430.0,412.0,765017.872,733946.685,27.0,38.361,5.8,0.14
6,29,14,880.558,862.0,110.0,821338.983,788272.115,27.0,39.235,5.7,0.14
6,29,15,731.753,828.0,101.0,693397.732,664864.331,27.0,37.306,5.6,0.14
6,29,16,537.701,762.0,90.0,519525.47,497153.054,27.0,34.685,5.5,0.14
6,29,17,318.597,641.0,73.0,299124.599,284561.863,27.0,31.516,5.5,0.14
6,29,18,105.639,378.0,44.0,78784.359,72029.153,26.0,27.388,5.6,0.14
6,29,19,0.0,0.0,0.0,0.0,0.0,26.0,26.0,5.6,0.14
6,29,20,0.0,0.0,0.0,0.0,0.0,26.0,26.0,5.6,0.14
6,29,21,0.0,0.0,0.0,0.0,0.0,26.0,26.0,5.6,0.14
6,29,22,0.0,0.0,0.0,0.0,0.0,26.0,26.0,5.5,0.14
6,29,23,0.0,0.0,0.0,0.0,0.0,26.0,26.0,5.4,0.14
6,30,0,0.0,0.0,0.0,0.0,0.0,26.0,26.0,5.3,0.14
6,30,1,0.0,0.0,0.0,0.0,0.0,26.0,26.0,5.1,0.14
6,30,2,0.0,0.0,0.0,0.0,0.0,26.0,26.0,5.1,0.14
6,30,3,0.0,0.0,0.0,0.0,0.0,26.0,26.0,5.1,0.14
6,30,4,0.0,0.0,0.0,0.0,0.0,26.0,26.0,5.3,0.14
6,30,5,0.0,0.0,0.0,0.0,0.0,26.0,26.0,5.7,0.14
6,30,6,42.757,22.0,40.0,35750.005,30519.678,26.0,26.551,6.2,0.14
6,30,7,164.483,88.0,134.0,154444.953,145008.791,26.0,28.067,6.6,0.14
6,30,8,396.681,324.0,217.0,382667.096,365144.117,26.0,30.898,6.8,0.14
6,30,9,386.056,79.0,328.0,363575.173,346728.697,26.0,30.735,6.8,0.14
6,30,10,436.995,56.0,388.0,405982.268,387633.139,27.0,32.345,6.8,0.14
6,30,11,701.475,273.0,438.0,650212.422,623209.248,27.0,35.593,6.8,0.14
6,30,12,468.972,40.0,429.0,432428.369,413142.15,27.0,32.725,6.8,0.14
6,30,13,974.23,875.0,121.0,905109.447,833333.333,27.0,38.872,6.9,0.14
6,30,14,898.624,883.0,109.0,839084.966,805389.287,27.0,38.934,6.1,0.15
6,30,15,747.344,848.0,101.0,710110.431,680984.832,27.0,36.624,6.4,0.15
6,30,16,551.157,786.0,89.0,536540.87,513565.531,26.0,32.897,6.7,0.15
6,30,17,328.226,668.0,72.0,310258.065,295300.826,26.0,30.031,6.8,0.15
6,30,18,110.832,409.0,44.0,82312.016,75431.811,26.0,27.274,6.8,0.15
6,30,19,0.0,0.0,0.0,0.0,0.0,25.0,25.0,6.5,0.15
6,30,20,0.0,0.0,0.0,0.0,0.0,25.0,25.0,6.3,0.15
6,30,21,0.0,0.0,0.0,0.0,0.0,25.0,25.0,6.1,0.15
6,30,22,0.0,0.0,0.0,0.0,0.0,25.0,25.0,5.9,0.15
6,30,23,0.0,0.0,0.0,0.0,0.0,25.0,25.0,5.6,0.15
7,1,0,0.0,0.0,0.0,0.0,0.0,25.0,25.0,5.5,0.15
7,1,1,0.0,0.0,0.0,0.0,0.0,25.0,25.0,5.3,0.15
7,1,2,0.0,0.0,0.0,0.0,0.0,25.0,25.0,5.1,0.15
7,1,3,0.0,0.0,0.0,0.0,0.0,24.0,24.0,4.9,0.15
7,1,4,0.0,0.0,0.0,0.0,0.0,24.0,24.0,4.6,0.15
7,1,5,0.0,0.0,0.0,0.0,0.0,24.0,24.0,4.5,0.15
7,1,6,83.295,429.0,30.0,53822.562,47951.852,25.0,26.176,4.6,0.15
7,1,7,298.584,711.0,53.0,275741.085,262006.919,25.0,29.772,4.5,0.15
7,1,8,523.954,827.0,66.0,510500.182,488447.569,25.0,33.504,4.5,0.15
7,1,9,140.0,0.0,140.0,128231.673,119724.352,26.0,28.186,4.7,0.15
7,1,10,886.687,919.0,83.0,828165.129,794856.383,26.0,39.414,5.0,0.15
7,1,11,593.862,118.0,480.0,548393.051,524997.743,26.0,34.583,5.3,0.15
7,1,12,1028.355,935.0,94.0,948518.645,833333.333,26.0,40.44,5.6,0.15
7,1,13,1000.041,930.0,93.0,926519.522,833333.333,26.0,39.725,5.8,0.15
7,1,14,286.524,14.0,274.0,265106.202,251748.873,26.0,29.858,5.9,0.15
7,1,15,348.792,43.0,316.0,326590.087,311054.139,26.0,30.604,6.1,0.15
7,1,16,136.0,0.0,136.0,125931.251,117505.444,26.0,27.78,6.2,0.15
7,1,17,194.235,110.0,152.0,184414.634,173916.528,25.0,27.495,6.4,0.15
7,1,18,36.0,0.0,36.0,31599.902,26516.629,25.0,25.456,6.5,0.15
7,1,19,0.0,0.0,0.0,0.0,0.0,25.0,25.0,6.5,0.15
7,1,20,0.0,0.0,0.0,0.0,0.0,25.0,25.0,6.6,0.15
7,1,21,0.0,0.0,0.0,0.0,0.0,25.0,25.0,6.6,0.15
7,1,22,0.0,0.0,0.0,0.0,0.0,25.0,25.0,6.5,0.15
7,1,23,0.0,0.0,0.0,0.0,0.0,24.0,24.0,6.3,0.15
7,2,0,0.0,0.0,0.0,0.0,0.0,24.0,24.0,6.1,0.15
7,2,1,0.0,0.0,0.0,0.0,0.0,24.0,24.0,5.9,0.15
7,2,2,0.0,0.0,0.0,0.0,0.0,24.0,24.0,5.6,0.15
7,2,3,0.0,0.0,0.0,0.0,0.0,24.0,24.0,5.3,0.15
7,2,4,0.0,0.0,0.0,0.0,0.0,24.0,24.0,5.0,0.15
7,2,5,0.0,0.0,0.0,0.0,0.0,24.0,24.0,5.1,0.15
7,2,6,77.423,369.0,32.0,51453.808,45667.032,24.0,25.023,5.2,0.15
7,2,7,287.616,658.0,61.0,267272.577,253838.485,24.0,28.202,5.2,0.15
7,2,8,30.0,0.0,30.0,26420.226,21520.49,24.0,24.447,5.1,0.15
7,2,9,266.472,17.0,254.0,249273.682,236477.362,25.0,29.005,5.0,0.15
7,2,10,236.741,10.0,228.0,219108.334,207380.892,25.0,28.55,5.0,0.15
7,2,11,619.066,140.0,484.0,573364.701,549084.548,25.0,34.172,5.1,0.15
7,2,12,1008.402,898.0,111.0,929664.423,833333.333,26.0,40.496,5.4,0.15
7,2,13,979.197,890.0,111.0,906808.632,833333.333,26.0,39.751,5.6,0.15
7,2,14,179.474,5.0,175.0,164356.983,154569.599,26.0,28.416,5.9,0.15
7,2,15,277.734,18.0,264.0,259017.316,245875.74,26.0,29.625,6.2,0.15
7,2,16,539.657,762.0,91.0,527131.522,504489.593,25.0,31.896,6.5,0.15
7,2,17,319.944,640.0,74.0,303621.149,288899.082,25.0,29.012,6.6,0.15
7,2,18,105.797,377.0,44.0,79430.104,72652.017,25.0,26.245,6.6,0.15
7,2,19,0.0,0.0,0.0,0.0,0.0,25.0,25.0,6.4,0.15
7,2,20,0.0,0.0,0.0,0.0,0.0,25.0,25.0,6.2,0.15
7,2,21,0.0,0.0,0.0,0.0,0.0,25.0,25.0,6.0,0.15
7,2,22,0.0,0.0,0.0,0.0,0.0,25.0,25.0,5.7,0.15
7,2,23,0.0,0.0,0.0,0.0,0.0,25.0,25.0,5.3,0.15
7,3,0,0.0,0.0,0.0,0.0,0.0,25.0,25.0,5.0,0.15
7,3,1,0.0,0.0,0.0,0.0,0.0,25.0,25.0,4.7,0.15
7,3,2,0.0,0.0,0.0,0.0,0.0,25.0,25.0,4.5,0.15
7,3,3,0.0,0.0,0.0,0.0,0.0,24.0,24.0,4.2,0.15
7,3,4,0.0,0.0,0.0,0.0,0.0,24.0,24.0,3.9,0.15
7,3,5,0.0,0.0,0.0,0.0,0.0,24.0,24.0,4.2,0.15
7,3,6,72.067,304.0,35.0,49287.395,43577.384,25.0,26.043,4.6,0.15
7,3,7,278.492,613.0,68.0,257665.136,244571.473,25.0,29.281,4.8,0.15
7,3,8,499.973,748.0,87.0,487597.969,466356.872,25.0,32.697,4.9,0.15
7,3,9,701.56,822.0,99.0,667696.478,640073.775,26.0,36.632,5.0,0.15
7,3,10,861.041,863.0,107.0,805393.04,772891.2,26.0,38.86,5.1,0.15
7,3,11,964.8,881.0,115.0,891050.371,833333.333,26.0,40.573,5.0,0.15
7,3,12,1006.428,892.0,115.0,925151.446,833333.333,26.0,41.196,5.0,0.15
7,3,13,978.409,888.0,112.0,902346.443,833333.333,26.0,40.777,5.0,0.15
7,3,14,884.643,862.0,113.0,824511.271,791331.996,26.0,39.374,5.0,0.15
7,3,15,735.033,828.0,103.0,697240.231,668570.675,26.0,36.995,5.1,0.15
7,3,16,541.458,768.0,89.0,524565.125,502014.135,26.0,34.024,5.2,0.15
7,3,17,322.664,657.0,70.0,304186.82,289444.709,26.0,30.685,5.3,0.15
7,3,18,107.948,408.0,41.0,79955.877,73159.159,25.0,26.464,5.3,0.15
7,3,19,0.0,0.0,0.0,0.0,0.0,25.0,25.0,5.3,0.15
7,3,20,0.0,0.0,0.0,0.0,0.0,25.0,25.0,5.1,0.15
7,3,21,0.0,0.0,0.0,0.0,0.0,25.0,25.0,4.9,0.15
7,3,22,0.0,0.0,0.0,0.0,0.0,25.0,25.0,4.6,0.15
7,3,23,0.0,0.0,0.0,0.0,0.0,25.0,25.0,4.2,0.15
7,4,0,0.0,0.0,0.0,0.0,0.0,25.0,25.0,3.9,0.15
7,4,1,0.0,0.0,0.0,0.0,0.0,25.0,25.0,3.7,0.15
7,4,2,0.0,0.0,0.0,0.0,0.0,24.0,24.0,3.6,0.15
7,4,3,0.0,0.0,0.0,0.0,0.0,24.0,24.0,3.5,0.15
7,4,4,0.0,0.0,0.0,0.0,0.0,24.0,24.0,3.5,0.15
7,4,5,0.0,0.0,0.0,0.0,0.0,24.0,24.0,3.9,0.15
7,4,6,74.507,352.0,32.0,49447.864,43732.167,24.0,25.107,4.3,0.15
7,4,7,285.583,656.0,61.0,263494.704,250194.476,25.0,29.626,4.4,0.15
7,4,8,509.851,787.0,76.0,496265.659,474717.431,25.0,33.502,4.3,0.15
7,4,9,713.962,856.0,87.0,678457.325,650453.322,25.0,37.206,4.1,0.15
7,4,10,875.659,895.0,94.0,811962.339,779227.723,26.0,41.154,4.0,0.15
7,4,11,520.509,70.0,453.0,477643.855,456755.472,26.0,35.19,3.8,0.15
7,4,12,1021.433,921.0,101.0,927983.085,833333.333,26.0,44.171,3.8,0.15
7,4,13,994.892,916.0,101.0,906939.787,833333.333,26.0,43.704,3.8,0.15
7,4,14,292.432,15.0,279.0,268301.45,254830.9,27.0,32.088,3.9,0.15
7,4,15,745.287,845.0,100.0,699416.328,670669.664,27.0,39.733,4.1,0.15
7,4,16,351.544,157.0,259.0,333574.093,317790.674,26.0,31.905,4.2,0.15
7,4,17,295.483,495.0,105.0,278359.832,264532.874,26.0,30.886,4.3,0.15
7,4,18,110.813,413.0,43.0,82012.157,75142.578,26.0,27.689,4.4,0.15
7,4,19,0.0,0.0,0.0,0.0,0.0,25.0,25.0,4.4,0.15
7,4,20,0.0,0.0,0.0,0.0,0.0,25.0,25.0,4.3,0.15
7,4,21,0.0,0.0,0.0,0.0,0.0,25.0,25.0,4.1,0.15
7,4,22,0.0,0.0,0.0,0.0,0.0,25.0,25.0,3.9,0.15
7,4,23,0.0,0.0,0.0,0.0,0.0,25.0,25.0,3.5,0.15
7,5,0,0.0,0.0,0.0,0.0,0.0,25.0,25.0,3.1,0.15
7,5,1,0.0,0.0,0.0,0.0,0.0,24.0,24.0,2.9,0.15
7,5,2,0.0,0.0,0.0,0.0,0.0,24.0,24.0,2.8,0.15
7,5,3,0.0,0.0,0.0,0.0,0.0,24.0,24.0,2.5,0.15
7,5,4,0.0,0.0,0.0,0.0,0.0,24.0,24.0,2.3,0.15
7,5,5,0.0,0.0,0.0,0.0,0.0,24.0,24.0,2.4,0.15
7,5,6,51.076,101.0,39.0,39662.645,34293.677,24.0,25.057,2.6,0.15
7,5,7,291.141,686.0,57.0,266723.69,253309.047,25.0,31.134,2.7,0.15
7,5,8,518.407,811.0,72.0,500116.856,478432.164,25.0,35.904,2.8,0.15
7,5,9,723.811,877.0,82.0,680643.405,652561.94,25.0,39.918,2.9,0.15
7,5,10,887.654,916.0,88.0,813974.229,781168.323,26.0,43.948,3.0,0.15
7,5,11,989.975,924.0,99.0,897085.919,833333.333,26.0,45.34,3.2,0.15
7,5,12,1031.452,931.0,101.0,931843.759,833333.333,26.0,45.507,3.4,0.15
7,5,13,1002.834,925.0,100.0,907841.647,833333.333,27.0,45.391,3.6,0.15
7,5,14,908.902,912.0,92.0,833904.715,800392.593,27.0,43.435,3.7,0.15
7,5,15,755.989,877.0,86.0,708343.147,679280.171,27.0,40.296,3.9,0.15
7,5,16,557.63,815.0,77.0,537616.182,514602.741,26.0,35.557,4.1,0.15
7,5,17,334.045,704.0,63.0,314145.943,299050.94,26.0,31.444,4.4,0.15
7,5,18,114.391,459.0,39.0,83239.487,76326.418,26.0,27.732,4.4,0.15
7,5,19,0.0,0.0,0.0,0.0,0.0,25.0,25.0,4.2,0.15
7,5,20,0.0,0.0,0.0,0.0,0.0,25.0,25.0,3.9,0.15
7,5,21,0.0,0.0,0.0,0.0,0.0,25.0,25.0,3.4,0.15
7,5,22,0.0,0.0,0.0,0.0,0.0,25.0,25.0,2.9,0.15
7,5,23,0.0,0.0,0.0,0.0,0.0,25.0,25.0,2.4,0.15
7,6,0,0.0,0.0,0.0,0.0,0.0,25.0,25.0,2.0,0.15
7,6,1,0.0,0.0,0.0,0.0,0.0,25.0,25.0,1.6,0.15
7,6,2,0.0,0.0,0.0,0.0,0.0,24.0,24.0,1.3,0.15
7,6,3,0.0,0.0,0.0,0.0,0.0,24.0,24.0,1.4,0.15
7,6,4,0.0,0.0,0.0,0.0,0.0,24.0,24.0,1.7,0.15
7,6,5,0.0,0.0,0.0,0.0,0.0,24.0,24.0,2.2,0.15
7,6,6,73.838,362.0,31.0,47971.304,42307.927,25.0,26.452,2.5,0.15
7,6,7,284.915,661.0,60.0,260777.057,247573.127,25.0,31.224,2.5,0.15
7,6,8,510.639,789.0,77.0,490645.289,469296.213,25.0,36.765,2.3,0.15
7,6,9,714.388,858.0,87.0,663117.192,635656.751,26.0,43.059,2.1,0.15
7,6,10,392.287,37.0,360.0,358140.668,341486.758,26.0,35.856,1.8,0.15
7,6,11,982.045,918.0,97.0,866009.366,831359.648,26.0,51.945,1.6,0.15
7,6,12,900.735,470.0,431.0,787030.946,755179.748,26.0,50.786,1.4,0.15
7,6,13,858.316,533.0,338.0,750215.293,719668.62,27.0,51.789,1.2,0.15
7,6,14,628.843,213.0,438.0,560970.372,537129.398,27.0,45.125,1.2,0.15
7,6,15,345.334,41.0,314.0,314960.042,299836.193,27.0,36.952,1.2,0.15
7,6,16,412.321,287.0,243.0,386145.609,368499.373,26.0,37.41,1.4,0.15
7,6,17,261.255,333.0,133.0,243876.333,231271.263,26.0,32.893,1.6,0.15
7,6,18,94.496,277.0,49.0,72770.705,66228.587,26.0,28.221,1.9,0.15
7,6,19,0.0,0.0,0.0,0.0,0.0,26.0,26.0,2.1,0.15
7,6,20,0.0,0.0,0.0,0.0,0.0,26.0,26.0,2.2,0.15
7,6,21,0.0,0.0,0.0,0.0,0.0,25.0,25.0,2.4,0.15
7,6,22,0.0,0.0,0.0,0.0,0.0,25.0,25.0,2.5,0.15
7,6,23,0.0,0.0,0.0,0.0,0.0,25.0,25.0,2.5,0.15
7,7,0,0.0,0.0,0.0,0.0,0.0,25.0,25.0,2.5,0.15
7,7,1,0.0,0.0,0.0,0.0,0.0,25.0,25.0,2.4,0.15
7,7,2,0.0,0.0,0.0,0.0,0.0,25.0,25.0,2.2,0.15
7,7,3,0.0,0.0,0.0,0.0,0.0,25.0,25.0,2.2,0.15
7,7,4,0.0,0.0,0.0,0.0,0.0,25.0,25.0,2.2,0.15
7,7,5,0.0,0.0,0.0,0.0,0.0,25.0,25.0,2.3,0.15
7,7,6,73.275,361.0,31.0,47451.483,41806.526,25.0,26.439,2.5,0.15
7,7,7,284.252,667.0,58.0,260137.867,246956.585,25.0,30.988,2.7,0.15
7,7,8,509.821,796.0,73.0,492426.535,471014.342,25.0,35.54,2.9,0.15
7,7,9,714.526,863.0,84.0,670995.965,643256.347,26.0,40.238,3.1,0.15
7,7,10,695.413,349.0,391.0,639553.449,612927.965,26.0,39.323,3.3,0.15
7,7,11,863.658,481.0,400.0,781226.276,749580.76,27.0,43.028,3.5,0.15
7,7,12,1024.5,928.0,97.0,924752.032,833333.333,27.0,45.783,3.6,0.15
7,7,13,796.74,434.0,373.0,725450.259,695781.109,27.0,41.337,3.7,0.15
7,7,14,815.539,544.0,328.0,746776.95,716352.111,27.0,41.484,3.8,0.15
7,7,15,576.812,315.0,336.0,537200.332,514201.626,27.0,37.247,3.8,0.15
7,7,16,435.199,346.0,231.0,413512.024,394896.086,27.0,34.647,3.9,0.15
7,7,17,222.811,189.0,150.0,209304.948,197924.879,27.0,30.795,4.1,0.15
7,7,18,97.747,303.0,48.0,74839.102,68223.692,26.0,27.552,4.2,0.15
7,7,19,0.0,0.0,0.0,0.0,0.0,26.0,26.0,4.2,0.15
7,7,20,0.0,0.0,0.0,0.0,0.0,26.0,26.0,4.3,0.15
7,7,21,0.0,0.0,0.0,0.0,0.0,26.0,26.0,4.2,0.15
7,7,22,0.0,0.0,0.0,0.0,0.0,26.0,26.0,4.1,0.15
7,7,23,0.0,0.0,0.0,0.0,0.0,26.0,26.0,4.0,0.15
7,8,0,0.0,0.0,0.0,0.0,0.0,25.0,25.0,3.8,0.15
7,8,1,0.0,0.0,0.0,0.0,0.0,25.0,25.0,3.7,0.15
7,8,2,0.0,0.0,0.0,0.0,0.0,25.0,25.0,3.7,0.15
7,8,3,0.0,0.0,0.0,0.0,0.0,25.0,25.0,3.9,0.15
7,8,4,0.0,0.0,0.0,0.0,0.0,25.0,25.0,4.1,0.15
7,8,5,0.0,0.0,0.0,0.0,0.0,25.0,25.0,4.5,0.15
7,8,6,72.013,354.0,31.0,46670.57,41053.283,25.0,25.969,5.0,0.15
7,8,7,283.542,667.0,58.0,260190.754,247007.599,26.0,30.138,5.2,0.15
7,8,8,510.251,798.0,73.0,496940.123,475367.996,26.0,33.477,5.3,0.15
7,8,9,713.201,866.0,81.0,680158.019,652093.753,26.0,36.419,5.3,0.15
7,8,10,876.052,905.0,87.0,816620.199,783720.536,27.0,39.927,5.2,0.15
7,8,11,981.438,927.0,88.0,902578.912,833333.333,27.0,41.829,5.0,0.15
7,8,12,1021.521,931.0,91.0,932661.231,833333.333,27.0,43.033,4.7,0.15
7,8,13,766.788,307.0,467.0,699914.441,671150.127,27.0,39.464,4.4,0.15
7,8,14,555.536,130.0,439.0,508987.236,486988.232,28.0,37.408,4.1,0.15
7,8,15,748.703,864.0,88.0,698948.537,670218.449,28.0,41.167,3.9,0.15
7,8,16,386.235,224.0,254.0,365755.415,348831.684,27.0,33.68,4.0,0.15
7,8,17,327.143,670.0,69.0,306355.245,291536.298,27.0,32.482,4.2,0.15
7,8,18,108.965,396.0,44.0,80717.23,73893.535,27.0,28.62,4.6,0.15
7,8,19,0.0,0.0,0.0,0.0,0.0,27.0,27.0,5.1,0.15
7,8,20,0.0,0.0,0.0,0.0,0.0,26.0,26.0,5.6,0.15
7,8,21,0.0,0.0,0.0,0.0,0.0,26.0,26.0,6.1,0.15
7,8,22,0.0,0.0,0.0,0.0,0.0,26.0,26.0,6.4,0.15
7,8,23,0.0,0.0,0.0,0.0,0.0,26.0,26.0,6.5,0.15
7,9,0,0.0,0.0,0.0,0.0,0.0,26.0,26.0,6.6,0.15
7,9,1,0.0,0.0,0.0,0.0,0.0,26.0,26.0,6.7,0.15
7,9,2,0.0,0.0,0.0,0.0,0.0,26.0,26.0,6.9,0.15
7,9,3,0.0,0.0,0.0,0.0,0.0,26.0,26.0,7.1,0.15
7,9,4,0.0,0.0,0.0,0.0,0.0,26.0,26.0,7.2,0.15
7,9,5,0.0,0.0,0.0,0.0,0.0,26.0,26.0,7.5,0.15
7,9,6,64.407,213.0,40.0,46000.323,40406.786,26.0,26.661,7.9,0.15
7,9,7,272.087,558.0,84.0,251869.974,238981.657,26.0,28.88,8.3,0.15
7,9,8,498.721,716.0,107.0,488659.198,467380.497,26.0,31.215,8.6,0.15
7,9,9,706.38,808.0,117.0,678037.519,650048.391,27.0,34.301,8.7,0.15
7,9,10,871.638,859.0,123.0,824330.188,791157.33,27.0,35.915,8.8,0.15
7,9,11,979.791,886.0,126.0,916937.084,833333.333,27.0,37.095,8.7,0.15
7,9,12,1023.556,899.0,125.0,953347.752,833333.333,27.0,37.726,8.5,0.15
7,9,13,997.1,895.0,123.0,930792.387,833333.333,27.0,37.544,8.4,0.15
7,9,14,898.994,861.0,127.0,846772.34,812804.267,27.0,36.515,8.4,0.15
7,9,15,746.508,823.0,117.0,713427.96,684184.809,27.0,34.916,8.4,0.15
7,9,16,550.155,759.0,102.0,535196.261,512268.567,27.0,32.8,8.5,0.15
7,9,17,326.267,634.0,82.0,308321.825,293433.194,27.0,30.383,8.6,0.15
7,9,18,106.683,352.0,49.0,81162.117,74322.658,26.0,27.035,8.7,0.15
7,9,19,0.0,0.0,0.0,0.0,0.0,26.0,26.0,8.7,0.15
7,9,20,0.0,0.0,0.0,0.0,0.0,26.0,26.0,8.9,0.15
7,9,21,0.0,0.0,0.0,0.0,0.0,26.0,26.0,9.0,0.15
7,9,22,0.0,0.0,0.0,0.0,0.0,26.0,26.0,9.1,0.15
7,9,23,0.0,0.0,0.0,0.0,0.0,25.0,25.0,9.0,0.15
7,10,0,0.0,0.0,0.0,0.0,0.0,25.0,25.0,8.8,0.15
7,10,1,0.0,0.0,0.0,0.0,0.0,25.0,25.0,8.7,0.15
7,10,2,0.0,0.0,0.0,0.0,0.0,25.0,25.0,8.5,0.15
7,10,3,0.0,0.0,0.0,0.0,0.0,25.0,25.0,8.4,0.15
7,10,4,0.0,0.0,0.0,0.0,0.0,25.0,25.0,8.4,0.15
7,10,5,0.0,0.0,0.0,0.0,0.0,25.0,25.0,8.6,0.15
7,10,6,64.97,238.0,38.0,45518.785,39942.311,25.0,25.61,8.8,0.15
7,10,7,272.863,574.0,80.0,252429.201,239521.068,26.0,28.695,9.1,0.15
7,10,8,499.225,729.0,101.0,489892.424,468570.026,26.0,30.963,9.2,0.15
7,10,9,704.532,802.0,120.0,679816.214,651764.06,26.0,32.925,9.3,0.15
7,10,10,867.267,844.0,132.0,821241.361,788177.952,27.0,35.507,9.3,0.15
7,10,11,575.168,105.0,474.0,534764.468,511852.074,27.0,32.641,9.2,0.15
7,10,12,1018.58,884.0,135.0,950643.49,833333.333,27.0,37.141,9.1,0.15
7,10,13,992.517,882.0,131.0,928409.507,833333.333,27.0,36.967,9.0,0.15
7,10,14,897.663,856.0,130.0,847052.103,813074.117,27.0,36.023,9.0,0.15
7,10,15,745.051,817.0,120.0,716034.332,686698.826,26.0,33.441,9.1,0.15
7,10,16,357.029,166.0,259.0,342259.127,326167.963,26.0,29.528,9.2,0.15
7,10,17,326.772,638.0,81.0,310225.031,295268.962,26.0,29.221,9.2,0.15
7,10,18,108.032,373.0,47.0,81451.535,74601.821,26.0,27.01,9.1,0.15
7,10,19,0.0,0.0,0.0,0.0,0.0,25.0,25.0,9.1,0.15
7,10,20,0.0,0.0,0.0,0.0,0.0,25.0,25.0,9.1,0.15
7,10,21,0.0,0.0,0.0,0.0,0.0,25.0,25.0,9.0,0.15
7,10,22,0.0,0.0,0.0,0.0,0.0,25.0,25.0,8.8,0.15
7,10,23,0.0,0.0,0.0,0.0,0.0,25.0,25.0,8.4,0.15
7,11,0,0.0,0.0,0.0,0.0,0.0,25.0,25.0,8.2,0.15
7,11,1,0.0,0.0,0.0,0.0,0.0,25.0,25.0,8.2,0.15
7,11,2,0.0,0.0,0.0,0.0,0.0,25.0,25.0,8.2,0.15
7,11,3,0.0,0.0,0.0,0.0,0.0,25.0,25.0,8.0,0.15
7,11,4,0.0,0.0,0.0,0.0,0.0,25.0,25.0,7.8,0.15
7,11,5,0.0,0.0,0.0,0.0,0.0,25.0,25.0,7.9,0.15
7,11,6,62.389,182.0,42.0,45637.288,40056.615,25.0,25.633,8.1,0.15
7,11,7,90.0,0.0,90.0,83951.253,77012.964,25.0,25.954,8.4,0.15
7,11,8,189.0,11.0,183.0,177822.548,167558.025,26.0,27.979,8.5,0.15
7,11,9,112.0,0.0,112.0,102152.66,94569.423,26.0,27.158,8.6,0.15
7,11,10,644.38,268.0,411.0,606474.42,581021.058,26.0,32.729,8.5,0.15
7,11,11,981.277,893.0,121.0,921072.531,833333.333,26.0,36.378,8.4,0.15
7,11,12,686.918,179.0,508.0,638734.852,612138.374,26.0,33.28,8.3,0.15
7,11,13,559.967,88.0,474.0,521165.979,498735.433,26.0,31.93,8.3,0.15
7,11,14,905.429,879.0,117.0,856221.446,821918.553,26.0,35.584,8.4,0.15
7,11,15,751.461,837.0,111.0,721032.219,691519.618,26.0,33.969,8.4,0.15
7,11,16,553.152,769.0,99.0,540308.88,517200.025,26.0,31.832,8.5,0.15
7,11,17,327.781,646.0,79.0,310898.6,295918.664,26.0,29.429,8.5,0.15
7,11,18,108.263,369.0,48.0,81811.197,74948.738,26.0,27.085,8.3,0.15
7,11,19,0.0,0.0,0.0,0.0,0.0,25.0,25.0,8.1,0.15
7,11,20,0.0,0.0,0.0,0.0,0.0,25.0,25.0,7.9,0.15
7,11,21,0.0,0.0,0.0,0.0,0.0,25.0,25.0,7.6,0.15
7,11,22,0.0,0.0,0.0,0.0,0.0,25.0,25.0,7.3,0.15
7,11,23,0.0,0.0,0.0,0.0,0.0,25.0,25.0,7.0,0.15
7,12,0,0.0,0.0,0.0,0.0,0.0,25.0,25.0,6.8,0.15
7,12,1,0.0,0.0,0.0,0.0,0.0,25.0,25.0,6.6,0.15
7,12,2,0.0,0.0,0.0,0.0,0.0,25.0,25.0,6.3,0.15
7,12,3,0.0,0.0,0.0,0.0,0.0,25.0,25.0,6.1,0.15
7,12,4,0.0,0.0,0.0,0.0,0.0,25.0,25.0,5.9,0.15
7,12,5,0.0,0.0,0.0,0.0,0.0,25.0,25.0,6.2,0.15
7,12,6,68.43,329.0,32.0,44344.096,38809.246,25.0,25.759,6.7,0.15
7,12,7,20.0,0.0,20.0,17438.572,12857.091,25.0,25.242,7.0,0.15
7,12,8,246.774,51.0,219.0,235076.142,222782.897,25.0,27.889,7.3,0.15
7,12,9,351.75,56.0,311.0,331207.395,315507.838,26.0,30.024,7.5,0.15
7,12,10,261.446,12.0,251.0,242409.387,229856.296,26.0,28.953,7.6,0.15
7,12,11,615.923,138.0,483.0,572843.947,548582.246,26.0,33.096,7.4,0.15
7,12,12,1032.586,922.0,111.0,959780.561,833333.333,26.0,38.331,7.1,0.15
7,12,13,1004.933,916.0,110.0,932110.653,833333.333,27.0,39.248,6.9,0.15
7,12,14,912.975,904.0,102.0,854775.256,820523.608,27.0,38.254,6.8,0.15
7,12,15,758.736,866.0,96.0,724828.981,695181.846,26.0,35.275,6.9,0.15
7,12,16,558.864,799.0,87.0,544520.097,521262.023,26.0,32.715,7.1,0.15
7,12,17,104.0,0.0,104.0,96872.889,89476.735,26.0,27.232,7.2,0.15
7,12,18,79.745,158.0,54.0,64761.972,58503.635,26.0,26.911,7.2,0.15
7,12,19,0.0,0.0,0.0,0.0,0.0,25.0,25.0,7.1,0.15
7,12,20,0.0,0.0,0.0,0.0,0.0,25.0,25.0,7.0,0.15
7,12,21,0.0,0.0,0.0,0.0,0.0,25.0,25.0,6.9,0.15
7,12,22,0.0,0.0,0.0,0.0,0.0,25.0,25.0,6.6,0.15
7,12,23,0.0,0.0,0.0,0.0,0.0,25.0,25.0,6.2,0.15
7,13,0,0.0,0.0,0.0,0.0,0.0,25.0,25.0,5.8,0.15
7,13,1,0.0,0.0,0.0,0.0,0.0,25.0,25.0,5.6,0.15
7,13,2,0.0,0.0,0.0,0.0,0.0,25.0,25.0,5.4,0.15
7,13,3,0.0,0.0,0.0,0.0,0.0,25.0,25.0,5.4,0.15
7,13,4,0.0,0.0,0.0,0.0,0.0,25.0,25.0,5.4,0.15
7,13,5,0.0,0.0,0.0,0.0,0.0,25.0,25.0,5.7,0.15
7,13,6,66.92,310.0,33.0,43755.845,38241.839,25.0,25.794,6.1,0.15
7,13,7,24.0,0.0,24.0,21112.045,16400.398,25.0,25.312,6.3,0.15
7,13,8,84.0,0.0,84.0,76722.842,70040.684,26.0,27.088,6.3,0.15
7,13,9,511.957,253.0,328.0,484890.601,463745.437,26.0,32.707,6.2,0.15
7,13,10,882.03,893.0,105.0,828866.178,795532.591,26.0,37.718,6.1,0.15
7,13,11,991.173,916.0,109.0,916336.484,833333.333,27.0,40.299,6.0,0.15
7,13,12,866.808,434.0,433.0,795799.428,763637.527,27.0,38.579,6.0,0.15
7,13,13,840.99,437.0,414.0,774343.203,742941.582,27.0,38.238,6.0,0.15
7,13,14,914.871,906.0,102.0,853489.825,819283.725,27.0,39.15,6.1,0.15
7,13,15,760.322,868.0,96.0,721715.62,692178.803,27.0,36.898,6.3,0.15
7,13,16,560.776,804.0,86.0,543494.965,520273.215,27.0,34.091,6.6,0.15
7,13,17,333.764,683.0,71.0,315664.643,300515.827,26.0,30.1,6.8,0.15
7,13,18,110.764,417.0,43.0,81817.814,74955.121,26.0,27.258,6.9,0.15
7,13,19,0.0,0.0,0.0,0.0,0.0,26.0,26.0,6.9,0.15
7,13,20,0.0,0.0,0.0,0.0,0.0,26.0,26.0,6.9,0.15
7,13,21,0.0,0.0,0.0,0.0,0.0,25.0,25.0,6.8,0.15
7,13,22,0.0,0.0,0.0,0.0,0.0,25.0,25.0,6.5,0.15
7,13,23,0.0,0.0,0.0,0.0,0.0,25.0,25.0,6.0,0.15
7,14,0,0.0,0.0,0.0,0.0,0.0,25.0,25.0,5.5,0.15
7,14,1,0.0,0.0,0.0,0.0,0.0,25.0,25.0,5.0,0.15
7,14,2,0.0,0.0,0.0,0.0,0.0,25.0,25.0,4.8,0.15
7,14,3,0.0,0.0,0.0,0.0,0.0,25.0,25.0,4.8,0.15
7,14,4,0.0,0.0,0.0,0.0,0.0,25.0,25.0,4.9,0.15
7,14,5,0.0,0.0,0.0,0.0,0.0,25.0,25.0,5.3,0.15
7,14,6,66.781,331.0,31.0,42612.969,37139.459,25.0,25.812,5.8,0.15
7,14,7,280.563,659.0,62.0,257969.034,244864.603,25.0,28.724,6.0,0.15
7,14,8,510.632,795.0,79.0,498430.528,476805.59,26.0,32.897,6.0,0.15
7,14,9,718.449,865.0,90.0,686744.075,658446.439,26.0,35.782,5.9,0.15
7,14,10,884.297,904.0,98.0,829342.495,795992.03,26.0,38.293,5.7,0.15
7,14,11,995.487,931.0,99.0,916214.801,833333.333,27.0,41.493,5.3,0.15
7,14,12,1037.585,936.0,102.0,947332.909,833333.333,27.0,42.869,4.9,0.15
7,14,13,1008.839,927.0,103.0,921778.192,833333.333,27.0,43.047,4.6,0.15
7,14,14,913.849,907.0,100.0,843123.767,809284.977,27.0,41.947,4.4,0.15
7,14,15,760.112,869.0,95.0,714245.904,684973.769,27.0,39.456,4.4,0.15
7,14,16,559.108,803.0,85.0,537920.611,514896.382,27.0,35.945,4.6,0.15
7,14,17,332.419,680.0,71.0,311922.072,296905.87,27.0,32.009,5.0,0.15
7,14,18,109.773,406.0,44.0,81284.673,74440.872,26.0,27.473,5.4,0.15
7,14,19,0.0,0.0,0.0,0.0,0.0,26.0,26.0,5.6,0.15
7,14,20,0.0,0.0,0.0,0.0,0.0,26.0,26.0,5.9,0.15
7,14,21,0.0,0.0,0.0,0.0,0.0,26.0,26.0,6.1,0.15
7,14,22,0.0,0.0,0.0,0.0,0.0,26.0,26.0,6.2,0.15
7,14,23,0.0,0.0,0.0,0.0,0.0,25.0,25.0,6.1,0.15
7,15,0,0.0,0.0,0.0,0.0,0.0,25.0,25.0,6.1,0.15
7,15,1,0.0,0.0,0.0,0.0,0.0,25.0,25.0,6.1,0.15
7,15,2,0.0,0.0,0.0,0.0,0.0,25.0,25.0,6.0,0.15
7,15,3,0.0,0.0,0.0,0.0,0.0,25.0,25.0,5.9,0.15
7,15,4,0.0,0.0,0.0,0.0,0.0,25.0,25.0,5.9,0.15
7,15,5,0.0,0.0,0.0,0.0,0.0,25.0,25.0,6.0,0.15
7,15,6,59.276,218.0,36.0,40873.818,35461.933,25.0,25.704,6.3,0.15
7,15,7,264.754,571.0,76.0,244139.049,231524.67,25.0,28.367,6.4,0.15
7,15,8,490.572,726.0,97.0,480676.292,459680.457,25.0,31.408,6.3,0.15
7,15,9,511.395,254.0,327.0,484281.37,463157.793,26.0,32.774,6.1,0.15
7,15,10,859.045,850.0,120.0,806225.504,773694.167,26.0,37.938,5.7,0.15
7,15,11,974.508,900.0,108.0,902210.223,833333.333,26.0,40.016,5.4,0.15
7,15,12,1015.593,905.0,111.0,933043.685,833333.333,26.0,41.335,5.0,0.15
7,15,13,989.536,899.0,111.0,906026.972,833333.333,27.0,42.532,4.7,0.15
7,15,14,893.012,867.0,115.0,825357.59,792148.327,27.0,41.407,4.5,0.15
7,15,15,740.195,826.0,108.0,695499.574,666891.697,27.0,39.295,4.3,0.15
7,15,16,542.66,755.0,97.0,520694.12,498280.294,27.0,36.296,4.1,0.15
7,15,17,319.834,627.0,79.0,300635.687,286019.406,26.0,31.436,4.1,0.15
7,15,18,86.515,220.0,51.0,68054.962,61679.942,26.0,27.332,4.5,0.15
7,15,19,0.0,0.0,0.0,0.0,0.0,26.0,26.0,4.8,0.15
7,15,20,0.0,0.0,0.0,0.0,0.0,26.0,26.0,5.0,0.15
7,15,21,0.0,0.0,0.0,0.0,0.0,26.0,26.0,5.1,0.15
7,15,22,0.0,0.0,0.0,0.0,0.0,26.0,26.0,5.1,0.15
7,15,23,0.0,0.0,0.0,0.0,0.0,26.0,26.0,5.1,0.15
7,16,0,0.0,0.0,0.0,0.0,0.0,25.0,25.0,5.1,0.15
7,16,1,0.0,0.0,0.0,0.0,0.0,25.0,25.0,5.1,0.15
7,16,2,0.0,0.0,0.0,0.0,0.0,25.0,25.0,5.1,0.15
7,16,3,0.0,0.0,0.0,0.0,0.0,25.0,25.0,5.3,0.15
7,16,4,0.0,0.0,0.0,0.0,0.0,25.0,25.0,5.4,0.15
7,16,5,0.0,0.0,0.0,0.0,0.0,25.0,25.0,5.6,0.15
7,16,6,59.359,250.0,33.0,39442.921,34081.738,25.0,25.727,5.9,0.15
7,16,7,266.992,607.0,67.0,245422.969,232763.095,25.0,28.505,6.1,0.15
7,16,8,494.378,760.0,83.0,483014.856,461936.157,26.0,32.46,6.3,0.15
7,16,9,701.339,840.0,92.0,671742.996,643976.908,26.0,35.236,6.2,0.15
7,16,10,866.316,884.0,98.0,815145.879,782298.457,26.0,37.51,6.1,0.15
7,16,11,975.156,906.0,103.0,902724.234,833333.333,27.0,40.084,6.0,0.15
7,16,12,1019.576,914.0,106.0,937504.186,833333.333,27.0,41.149,5.7,0.15
7,16,13,991.42,906.0,106.0,912551.532,833333.333,27.0,41.257,5.4,0.15
7,16,14,899.095,886.0,104.0,835128.596,801573.106,27.0,40.26,5.2,0.15
7,16,15,746.465,846.0,99.0,705267.412,676313.421,27.0,38.03,5.2,0.15
7,16,16,547.497,777.0,89.0,528796.557,506095.63,27.0,34.825,5.5,0.15
7,16,17,323.411,650.0,74.0,303948.721,289215.047,27.0,31.427,5.8,0.15
7,16,18,104.014,367.0,45.0,77654.75,70939.571,26.0,27.292,6.1,0.15
7,16,19,0.0,0.0,0.0,0.0,0.0,26.0,26.0,6.4,0.15
7,16,20,0.0,0.0,0.0,0.0,0.0,26.0,26.0,6.7,0.15
7,16,21,0.0,0.0,0.0,0.0,0.0,26.0,26.0,6.7,0.15
7,16,22,0.0,0.0,0.0,0.0,0.0,26.0,26.0,6.6,0.15
7,16,23,0.0,0.0,0.0,0.0,0.0,26.0,26.0,6.4,0.15
7,17,0,0.0,0.0,0.0,0.0,0.0,25.0,25.0,6.1,0.15
7,17,1,0.0,0.0,0.0,0.0,0.0,25.0,25.0,5.9,0.15
7,17,2,0.0,0.0,0.0,0.0,0.0,25.0,25.0,5.6,0.15
7,17,3,0.0,0.0,0.0,0.0,0.0,25.0,25.0,5.4,0.15
7,17,4,0.0,0.0,0.0,0.0,0.0,25.0,25.0,5.4,0.15
7,17,5,0.0,0.0,0.0,0.0,0.0,25.0,25.0,5.6,0.15
7,17,6,59.233,252.0,33.0,39142.868,33792.318,25.0,25.716,6.0,0.15
7,17,7,266.358,601.0,69.0,243860.411,231255.905,26.0,29.421,6.3,0.15
7,17,8,493.812,749.0,89.0,482540.046,461478.171,26.0,32.315,6.5,0.15
7,17,9,700.275,824.0,103.0,671662.574,643899.336,26.0,34.742,6.7,0.15
7,17,10,864.389,866.0,112.0,812762.078,779999.124,27.0,37.549,6.9,0.15
7,17,11,972.776,886.0,120.0,903963.677,833333.333,27.0,38.978,6.8,0.15
7,17,12,730.889,228.0,503.0,673643.097,645809.681,27.0,36.036,6.7,0.15
7,17,13,987.924,885.0,123.0,915515.556,833333.333,27.0,39.417,6.6,0.15
7,17,14,896.232,875.0,111.0,839615.898,805901.406,27.0,38.046,6.8,0.15
7,17,15,743.447,833.0,106.0,708100.588,679046.206,27.0,35.906,7.1,0.15
7,17,16,543.514,757.0,97.0,529654.405,506923.081,26.0,32.402,7.3,0.15
7,17,17,318.704,615.0,83.0,301667.357,287014.521,26.0,29.652,7.5,0.15
7,17,18,100.111,313.0,50.0,76532.076,69856.678,26.0,27.075,7.6,0.15
7,17,19,0.0,0.0,0.0,0.0,0.0,26.0,26.0,7.7,0.15
7,17,20,0.0,0.0,0.0,0.0,0.0,26.0,26.0,7.7,0.15
7,17,21,0.0,0.0,0.0,0.0,0.0,25.0,25.0,7.5,0.15
7,17,22,0.0,0.0,0.0,0.0,0.0,25.0,25.0,7.2,0.15
7,17,23,0.0,0.0,0.0,0.0,0.0,25.0,25.0,6.9,0.15
7,18,0,0.0,0.0,0.0,0.0,0.0,25.0,25.0,6.5,0.15
7,18,1,0.0,0.0,0.0,0.0,0.0,25.0,25.0,6.1,0.15
7,18,2,0.0,0.0,0.0,0.0,0.0,25.0,25.0,5.9,0.15
7,18,3,0.0,0.0,0.0,0.0,0.0,25.0,25.0,5.8,0.15
7,18,4,0.0,0.0,0.0,0.0,0.0,25.0,25.0,6.0,0.15
7,18,5,0.0,0.0,0.0,0.0,0.0,25.0,25.0,6.6,0.15
7,18,6,53.852,164.0,37.0,38139.553,32824.554,25.0,25.59,7.2,0.15
7,18,7,259.031,547.0,80.0,238939.336,226509.202,25.0,27.947,7.5,0.15
7,18,8,488.871,728.0,96.0,478534.865,457614.909,26.0,31.707,7.4,0.15
7,18,9,699.546,825.0,102.0,672388.529,644599.568,26.0,34.222,7.3,0.15
7,18,10,866.927,875.0,107.0,818774.907,785798.895,26.0,36.474,7.0,0.15
7,18,11,976.158,899.0,111.0,910360.861,833333.333,26.0,38.146,6.7,0.15
7,18,12,1020.531,908.0,113.0,942597.451,833333.333,27.0,39.961,6.5,0.15
7,18,13,992.571,901.0,112.0,919420.43,833333.333,27.0,39.609,6.5,0.15
7,18,14,901.676,890.0,103.0,843534.343,809681.005,27.0,38.467,6.5,0.15
7,18,15,747.883,852.0,96.0,713740.091,684485.879,26.0,35.529,6.5,0.15
7,18,16,549.39,786.0,86.0,534579.46,511673.621,26.0,33.021,6.5,0.15
7,18,17,324.377,662.0,71.0,306314.422,291496.922,26.0,30.11,6.5,0.15
7,18,18,105.139,390.0,43.0,77558.782,70847.004,26.0,27.258,6.4,0.15
7,18,19,0.0,0.0,0.0,0.0,0.0,25.0,25.0,6.1,0.15
7,18,20,0.0,0.0,0.0,0.0,0.0,25.0,25.0,5.8,0.15
7,18,21,0.0,0.0,0.0,0.0,0.0,25.0,25.0,5.5,0.15
7,18,22,0.0,0.0,0.0,0.0,0.0,25.0,25.0,5.1,0.15
7,18,23,0.0,0.0,0.0,0.0,0.0,25.0,25.0,4.6,0.15
7,19,0,0.0,0.0,0.0,0.0,0.0,25.0,25.0,4.1,0.15
7,19,1,0.0,0.0,0.0,0.0,0.0,25.0,25.0,4.0,0.15
7,19,2,0.0,0.0,0.0,0.0,0.0,25.0,25.0,4.0,0.15
7,19,3,0.0,0.0,0.0,0.0,0.0,25.0,25.0,4.0,0.15
7,19,4,0.0,0.0,0.0,0.0,0.0,25.0,25.0,4.2,0.15
7,19,5,0.0,0.0,0.0,0.0,0.0,25.0,25.0,4.7,0.15
7,19,6,57.975,266.0,31.0,37210.823,31928.733,25.0,25.761,5.2,0.15
7,19,7,264.638,612.0,65.0,241387.031,228870.166,26.0,29.719,5.5,0.15
7,19,8,490.371,756.0,83.0,478213.453,457304.886,26.0,32.933,5.6,0.15
7,19,9,695.992,829.0,96.0,665023.175,637495.197,26.0,35.809,5.6,0.15
7,19,10,859.57,868.0,106.0,803111.339,770690.348,27.0,39.231,5.5,0.15
7,19,11,965.668,882.0,117.0,890157.481,833333.333,27.0,41.056,5.3,0.15
7,19,12,470.978,40.0,431.0,432161.18,412884.428,27.0,33.965,5.1,0.15
7,19,13,980.177,874.0,126.0,899727.694,833333.333,27.0,41.802,5.0,0.15
7,19,14,892.378,873.0,109.0,828564.659,795241.756,27.0,40.324,5.1,0.14
7,19,15,738.619,827.0,106.0,698661.582,669941.661,27.0,37.651,5.4,0.14
7,19,16,540.676,753.0,97.0,522777.105,500289.471,27.0,34.377,5.9,0.14
7,19,17,316.18,618.0,80.0,297361.261,282861.007,27.0,31.05,6.4,0.14
7,19,18,99.62,332.0,47.0,75055.846,68432.756,26.0,27.164,6.7,0.14
7,19,19,0.0,0.0,0.0,0.0,0.0,26.0,26.0,6.9,0.14
7,19,20,0.0,0.0,0.0,0.0,0.0,26.0,26.0,7.1,0.14
7,19,21,0.0,0.0,0.0,0.0,0.0,26.0,26.0,7.1,0.14
7,19,22,0.0,0.0,0.0,0.0,0.0,26.0,26.0,6.9,0.14
7,19,23,0.0,0.0,0.0,0.0,0.0,26.0,26.0,6.6,0.14
7,20,0,0.0,0.0,0.0,0.0,0.0,25.0,25.0,6.2,0.14
7,20,1,0.0,0.0,0.0,0.0,0.0,25.0,25.0,5.8,0.14
7,20,2,0.0,0.0,0.0,0.0,0.0,25.0,25.0,5.4,0.14
7,20,3,0.0,0.0,0.0,0.0,0.0,25.0,25.0,5.1,0.14
7,20,4,0.0,0.0,0.0,0.0,0.0,25.0,25.0,4.9,0.14
7,20,5,0.0,0.0,0.0,0.0,0.0,25.0,25.0,5.0,0.14
7,20,6,58.018,290.0,29.0,36113.696,30870.482,25.0,25.742,5.3,0.14
7,20,7,270.031,646.0,60.0,246826.4,234116.797,25.0,28.792,5.5,0.14
7,20,8,500.06,790.0,75.0,487573.938,466333.692,26.0,33.241,5.4,0.14
7,20,9,708.135,863.0,84.0,676024.042,648106.259,26.0,36.221,5.4,0.14
7,20,10,875.538,904.0,91.0,819977.907,786959.267,26.0,38.763,5.3,0.14
7,20,11,984.942,924.0,96.0,906049.601,833333.333,27.0,41.696,5.1,0.14
7,20,12,1027.434,929.0,99.0,939668.317,833333.333,27.0,42.516,5.0,0.14
7,20,13,1001.062,922.0,100.0,918294.611,833333.333,27.0,42.121,5.0,0.14
7,20,14,904.253,893.0,103.0,839104.543,805408.17,27.0,40.502,5.1,0.14
7,20,15,750.332,853.0,98.0,709205.114,680111.594,27.0,37.953,5.3,0.14
7,20,16,550.453,782.0,90.0,531818.013,509010.024,27.0,34.775,5.6,0.14
7,20,17,322.76,652.0,74.0,304389.591,289640.295,26.0,30.318,6.0,0.14
7,20,18,102.835,367.0,45.0,76361.84,69692.473,26.0,27.247,6.3,0.14
7,20,19,0.0,0.0,0.0,0.0,0.0,26.0,26.0,6.5,0.14
7,20,20,0.0,0.0,0.0,0.0,0.0,26.0,26.0,6.6,0.14
7,20,21,0.0,0.0,0.0,0.0,0.0,25.0,25.0,6.7,0.14
7,20,22,0.0,0.0,0.0,0.0,0.0,25.0,25.0,6.6,0.14
7,20,23,0.0,0.0,0.0,0.0,0.0,25.0,25.0,6.6,0.14
7,21,0,0.0,0.0,0.0,0.0,0.0,25.0,25.0,6.5,0.14
7,21,1,0.0,0.0,0.0,0.0,0.0,25.0,25.0,6.4,0.14
7,21,2,0.0,0.0,0.0,0.0,0.0,25.0,25.0,6.3,0.14
7,21,3,0.0,0.0,0.0,0.0,0.0,25.0,25.0,6.1,0.14
7,21,4,0.0,0.0,0.0,0.0,0.0,25.0,25.0,6.0,0.14
7,21,5,0.0,0.0,0.0,0.0,0.0,25.0,25.0,5.9,0.14
7,21,6,55.593,239.0,32.0,36050.955,30809.964,25.0,25.675,5.9,0.14
7,21,7,182.921,188.0,122.0,170720.997,160708.11,25.0,27.444,6.0,0.14
7,21,8,389.353,345.0,204.0,375835.895,358554.973,26.0,31.182,6.1,0.14
7,21,9,601.946,487.0,250.0,573151.985,548879.369,26.0,33.992,6.1,0.14
7,21,10,695.916,363.0,381.0,651101.696,624067.011,26.0,35.206,6.1,0.14
7,21,11,854.019,472.0,400.0,790052.034,758093.787,26.0,37.417,6.0,0.14
7,21,12,1025.378,924.0,102.0,948149.902,833333.333,26.0,39.753,6.0,0.14
7,21,13,998.176,915.0,104.0,921926.896,833333.333,27.0,40.391,6.0,0.14
7,21,14,536.48,112.0,436.0,497147.592,475568.114,27.0,34.234,5.9,0.14
7,21,15,750.177,857.0,95.0,714086.532,684820.045,26.0,36.208,5.9,0.14
7,21,16,550.221,789.0,86.0,534237.367,511343.65,26.0,33.595,5.8,0.14
7,21,17,323.254,665.0,70.0,304568.068,289812.448,26.0,30.423,5.8,0.14
7,21,18,103.392,392.0,42.0,75628.339,68984.964,26.0,27.319,5.8,0.14
7,21,19,0.0,0.0,0.0,0.0,0.0,26.0,26.0,5.7,0.14
7,21,20,0.0,0.0,0.0,0.0,0.0,25.0,25.0,5.6,0.14
7,21,21,0.0,0.0,0.0,0.0,0.0,25.0,25.0,5.5,0.14
7,21,22,0.0,0.0,0.0,0.0,0.0,25.0,25.0,5.2,0.14
7,21,23,0.0,0.0,0.0,0.0,0.0,25.0,25.0,5.0,0.14
7,22,0,0.0,0.0,0.0,0.0,0.0,25.0,25.0,4.8,0.14
7,22,1,0.0,0.0,0.0,0.0,0.0,25.0,25.0,4.7,0.14
7,22,2,0.0,0.0,0.0,0.0,0.0,25.0,25.0,4.6,0.14
7,22,3,0.0,0.0,0.0,0.0,0.0,25.0,25.0,4.6,0.14
7,22,4,0.0,0.0,0.0,0.0,0.0,25.0,25.0,4.6,0.14
7,22,5,0.0,0.0,0.0,0.0,0.0,25.0,25.0,4.7,0.14
7,22,6,51.695,192.0,33.0,34518.453,29331.764,25.0,25.708,5.0,0.14
7,22,7,253.635,550.0,76.0,232279.349,220085.205,25.0,28.743,5.1,0.14
7,22,8,393.666,361.0,200.0,379149.42,361751.086,26.0,31.966,5.0,0.14
7,22,9,684.504,790.0,114.0,651625.326,624572.088,26.0,36.505,4.9,0.14
7,22,10,506.192,104.0,416.0,468238.335,447683.226,27.0,34.798,4.8,0.14
7,22,11,552.595,89.0,467.0,506958.107,485031.003,27.0,35.724,4.6,0.14
7,22,12,555.943,76.0,480.0,507974.879,486011.747,27.0,36.135,4.3,0.14
7,22,13,752.516,284.0,475.0,685538.54,657283.621,27.0,39.751,4.1,0.14
7,22,14,403.292,36.0,371.0,370804.105,353701.478,27.0,33.919,4.0,0.14
7,22,15,731.828,815.0,109.0,686047.496,657774.543,27.0,39.866,3.9,0.14
7,22,16,533.84,738.0,100.0,511825.798,489726.213,27.0,36.412,3.9,0.14
7,22,17,310.28,598.0,83.0,289864.808,275630.182,27.0,32.425,3.9,0.14
7,22,18,94.979,302.0,48.0,71488.542,64991.856,27.0,28.568,3.9,0.14
7,22,19,0.0,0.0,0.0,0.0,0.0,26.0,26.0,3.8,0.14
7,22,20,0.0,0.0,0.0,0.0,0.0,26.0,26.0,3.6,0.14
7,22,21,0.0,0.0,0.0,0.0,0.0,26.0,26.0,3.3,0.14
7,22,22,0.0,0.0,0.0,0.0,0.0,26.0,26.0,2.9,0.14
7,22,23,0.0,0.0,0.0,0.0,0.0,26.0,26.0,2.5,0.14
7,23,0,0.0,0.0,0.0,0.0,0.0,26.0,26.0,2.2,0.14
7,23,1,0.0,0.0,0.0,0.0,0.0,26.0,26.0,1.9,0.14
7,23,2,0.0,0.0,0.0,0.0,0.0,26.0,26.0,1.6,0.14
7,23,3,0.0,0.0,0.0,0.0,0.0,25.0,25.0,1.3,0.14
7,23,4,0.0,0.0,0.0,0.0,0.0,25.0,25.0,1.1,0.14
7,23,5,0.0,0.0,0.0,0.0,0.0,25.0,25.0,0.9,0.14
7,23,6,51.894,228.0,30.0,32931.231,27800.784,25.0,26.48,0.8,0.14
7,23,7,255.312,585.0,67.0,228239.658,216188.657,26.0,33.88,0.9,0.14
7,23,8,253.748,63.0,220.0,237102.956,224737.893,26.0,33.175,1.3,0.14
7,23,9,251.103,14.0,241.0,231298.88,219139.479,26.0,32.458,1.7,0.14
7,23,10,496.224,96.0,413.0,450101.874,430189.412,27.0,39.48,1.8,0.14
7,23,11,955.462,873.0,116.0,846876.864,812905.087,27.0,50.674,1.9,0.14
7,23,12,757.779,263.0,495.0,674736.74,646864.572,27.0,44.924,2.1,0.14
7,23,13,973.007,872.0,121.0,866553.732,831884.726,27.0,49.264,2.3,0.14
7,23,14,875.358,830.0,131.0,792676.022,760624.797,27.0,46.31,2.5,0.14
7,23,15,723.162,787.0,122.0,672637.549,644839.764,27.0,41.637,3.0,0.14
7,23,16,527.918,715.0,108.0,505128.71,483266.429,27.0,36.733,3.6,0.14
7,23,17,307.096,583.0,86.0,287109.87,272972.863,27.0,32.144,4.2,0.14
7,23,18,94.487,301.0,48.0,71064.96,64583.283,27.0,28.415,4.6,0.14
7,23,19,0.0,0.0,0.0,0.0,0.0,26.0,26.0,4.8,0.14
7,23,20,0.0,0.0,0.0,0.0,0.0,26.0,26.0,4.9,0.14
7,23,21,0.0,0.0,0.0,0.0,0.0,26.0,26.0,4.9,0.14
7,23,22,0.0,0.0,0.0,0.0,0.0,26.0,26.0,4.8,0.14
7,23,23,0.0,0.0,0.0,0.0,0.0,26.0,26.0,4.6,0.14
7,24,0,0.0,0.0,0.0,0.0,0.0,26.0,26.0,4.3,0.14
7,24,1,0.0,0.0,0.0,0.0,0.0,26.0,26.0,4.0,0.14
7,24,2,0.0,0.0,0.0,0.0,0.0,25.0,25.0,3.9,0.14
7,24,3,0.0,0.0,0.0,0.0,0.0,25.0,25.0,3.9,0.14
7,24,4,0.0,0.0,0.0,0.0,0.0,25.0,25.0,4.0,0.14
7,24,5,0.0,0.0,0.0,0.0,0.0,25.0,25.0,4.5,0.14
7,24,6,51.912,242.0,29.0,32187.412,27083.322,26.0,26.691,5.0,0.14
7,24,7,258.392,609.0,63.0,234646.254,222368.242,26.0,29.671,5.4,0.14
7,24,8,487.143,763.0,79.0,475056.275,454259.58,26.0,33.053,5.4,0.14
7,24,9,549.903,341.0,304.0,520338.647,497937.418,26.0,34.097,5.2,0.14
7,24,10,715.709,422.0,350.0,663930.872,636441.599,27.0,37.923,4.9,0.14
7,24,11,804.141,411.0,409.0,737275.761,707187.586,27.0,39.412,4.8,0.14
7,24,12,839.616,406.0,434.0,767361.941,736207.694,27.0,39.625,5.0,0.14
7,24,13,743.753,271.0,479.0,681913.778,653787.299,27.0,38.033,5.1,0.14
7,24,14,647.597,236.0,436.0,599199.773,574004.18,27.0,36.382,5.3,0.14
7,24,15,589.109,342.0,328.0,553252.355,529684.862,27.0,35.46,5.4,0.14
7,24,16,390.63,238.0,251.0,371995.118,354850.289,27.0,32.557,5.5,0.14
7,24,17,306.629,562.0,94.0,287706.741,273548.585,27.0,31.295,5.6,0.14
7,24,18,92.533,271.0,51.0,70954.069,64476.322,26.0,27.23,5.6,0.14
7,24,19,0.0,0.0,0.0,0.0,0.0,26.0,26.0,5.6,0.14
7,24,20,0.0,0.0,0.0,0.0,0.0,26.0,26.0,5.6,0.14
7,24,21,0.0,0.0,0.0,0.0,0.0,26.0,26.0,5.5,0.14
7,24,22,0.0,0.0,0.0,0.0,0.0,26.0,26.0,5.4,0.14
7,24,23,0.0,0.0,0.0,0.0,0.0,25.0,25.0,5.2,0.14
7,25,0,0.0,0.0,0.0,0.0,0.0,25.0,25.0,4.7,0.14
7,25,1,0.0,0.0,0.0,0.0,0.0,25.0,25.0,4.3,0.14
7,25,2,0.0,0.0,0.0,0.0,0.0,25.0,25.0,3.9,0.14
7,25,3,0.0,0.0,0.0,0.0,0.0,25.0,25.0,3.7,0.14
7,25,4,0.0,0.0,0.0,0.0,0.0,25.0,25.0,3.6,0.14
7,25,5,0.0,0.0,0.0,0.0,0.0,25.0,25.0,4.0,0.14
7,25,6,52.925,267.0,28.0,32006.659,26908.973,25.0,25.742,4.5,0.14
7,25,7,51.0,0.0,51.0,46218.543,40617.274,26.0,26.792,4.8,0.14
7,25,8,491.3,770.0,80.0,478209.096,457300.683,26.0,33.567,4.9,0.14
7,25,9,701.36,847.0,91.0,668659.572,641002.742,26.0,36.5,5.1,0.14
7,25,10,868.008,890.0,97.0,809467.438,776821.226,27.0,39.808,5.2,0.14
7,25,11,978.611,913.0,101.0,901174.111,833333.333,27.0,41.422,5.2,0.14
7,25,12,1021.02,919.0,103.0,935584.602,833333.333,27.0,42.04,5.2,0.14
7,25,13,994.796,914.0,102.0,914294.142,833333.333,27.0,41.657,5.2,0.14
7,25,14,898.952,888.0,103.0,834530.943,800996.631,27.0,40.423,5.1,0.14
7,25,15,745.111,852.0,95.0,703888.614,674983.479,27.0,38.148,5.1,0.14
7,25,16,437.547,361.0,226.0,417980.111,399205.851,27.0,33.542,5.1,0.14
7,25,17,226.515,216.0,145.0,213864.578,202322.943,26.0,29.216,5.5,0.14
7,25,18,75.688,169.0,50.0,59990.653,53901.383,26.0,26.996,5.8,0.14
7,25,19,0.0,0.0,0.0,0.0,0.0,26.0,26.0,6.1,0.14
7,25,20,0.0,0.0,0.0,0.0,0.0,26.0,26.0,6.1,0.14
7,25,21,0.0,0.0,0.0,0.0,0.0,25.0,25.0,5.9,0.14
7,25,22,0.0,0.0,0.0,0.0,0.0,25.0,25.0,5.5,0.14
7,25,23,0.0,0.0,0.0,0.0,0.0,25.0,25.0,5.3,0.14
7,26,0,0.0,0.0,0.0,0.0,0.0,25.0,25.0,5.2,0.14
7,26,1,0.0,0.0,0.0,0.0,0.0,25.0,25.0,5.2,0.14
7,26,2,0.0,0.0,0.0,0.0,0.0,25.0,25.0,5.2,0.14
7,26,3,0.0,0.0,0.0,0.0,0.0,25.0,25.0,5.2,0.14
7,26,4,0.0,0.0,0.0,0.0,0.0,25.0,25.0,5.4,0.14
7,26,5,0.0,0.0,0.0,0.0,0.0,25.0,25.0,5.7,0.14
7,26,6,21.0,0.0,21.0,16142.931,11607.36,25.0,25.272,6.0,0.14
7,26,7,116.1,16.0,111.0,108874.24,101052.83,25.0,26.542,6.1,0.14
7,26,8,212.402,27.0,198.0,200393.001,189328.718,26.0,28.847,6.0,0.14
7,26,9,466.501,184.0,334.0,440724.597,421144.409,26.0,32.387,5.8,0.14
7,26,10,513.991,112.0,417.0,478856.305,457924.96,26.0,33.177,5.6,0.14
7,26,11,660.834,184.0,484.0,608043.095,582534.148,27.0,36.444,5.4,0.14
7,26,12,767.667,277.0,491.0,702223.588,673377.452,27.0,38.385,5.1,0.14
7,26,13,695.138,208.0,492.0,637321.598,610775.197,27.0,37.435,5.0,0.14
7,26,14,341.817,21.0,323.0,315104.293,299975.332,27.0,32.06,5.1,0.14
7,26,15,553.94,274.0,345.0,519707.964,497329.082,27.0,34.95,5.4,0.14
7,26,16,260.337,45.0,234.0,244864.287,232224.209,27.0,30.567,5.8,0.14
7,26,17,166.076,56.0,145.0,156568.117,147056.724,26.0,28.18,6.2,0.14
7,26,18,62.848,72.0,52.0,52584.582,46757.739,26.0,26.78,6.5,0.14
7,26,19,0.0,0.0,0.0,0.0,0.0,26.0,26.0,6.6,0.14
7,26,20,0.0,0.0,0.0,0.0,0.0,26.0,26.0,6.7,0.14
7,26,21,0.0,0.0,0.0,0.0,0.0,26.0,26.0,6.7,0.14
7,26,22,0.0,0.0,0.0,0.0,0.0,26.0,26.0,6.6,0.14
7,26,23,0.0,0.0,0.0,0.0,0.0,25.0,25.0,6.4,0.14
7,27,0,0.0,0.0,0.0,0.0,0.0,25.0,25.0,6.4,0.14
7,27,1,0.0,0.0,0.0,0.0,0.0,25.0,25.0,6.3,0.14
7,27,2,0.0,0.0,0.0,0.0,0.0,25.0,25.0,6.3,0.14
7,27,3,0.0,0.0,0.0,0.0,0.0,25.0,25.0,6.3,0.14
7,27,4,0.0,0.0,0.0,0.0,0.0,25.0,25.0,6.3,0.14
7,27,5,0.0,0.0,0.0,0.0,0.0,25.0,25.0,6.3,0.14
7,27,6,52.584,249.0,30.0,32076.3,26976.147,25.0,25.589,6.4,0.14
7,27,7,157.901,113.0,122.0,147033.108,137859.578,26.0,28.023,6.4,0.14
7,27,8,500.069,783.0,83.0,488852.87,467567.307,26.0,32.535,6.3,0.14
7,27,9,713.869,860.0,95.0,683503.554,655320.743,26.0,35.401,6.2,0.14
7,27,10,882.119,900.0,103.0,829625.289,796264.803,26.0,37.592,6.2,0.14
7,27,11,743.534,293.0,462.0,686972.522,658666.792,27.0,36.499,6.4,0.14
7,27,12,1037.735,931.0,108.0,958096.753,833333.333,27.0,40.043,6.6,0.14
7,27,13,1008.355,918.0,112.0,935038.585,833333.333,27.0,39.29,6.9,0.14
7,27,14,340.81,21.0,322.0,315453.01,300311.693,27.0,31.041,7.1,0.14
7,27,15,484.209,163.0,360.0,455658.538,435549.182,27.0,32.598,7.4,0.14
7,27,16,164.584,1.0,164.0,153538.151,144134.121,26.0,27.85,7.7,0.14
7,27,17,207.291,158.0,148.0,196119.265,185206.417,26.0,28.314,7.8,0.14
7,27,18,97.839,354.0,45.0,71871.002,65360.764,26.0,27.017,7.8,0.14
7,27,19,0.0,0.0,0.0,0.0,0.0,26.0,26.0,7.7,0.14
7,27,20,0.0,0.0,0.0,0.0,0.0,25.0,25.0,7.6,0.14
7,27,21,0.0,0.0,0.0,0.0,0.0,25.0,25.0,7.4,0.14
7,27,22,0.0,0.0,0.0,0.0,0.0,25.0,25.0,7.0,0.14
7,27,23,0.0,0.0,0.0,0.0,0.0,25.0,25.0,6.6,0.14
7,28,0,0.0,0.0,0.0,0.0,0.0,25.0,25.0,6.2,0.14
7,28,1,0.0,0.0,0.0,0.0,0.0,25.0,25.0,5.9,0.14
7,28,2,0.0,0.0,0.0,0.0,0.0,25.0,25.0,5.9,0.14
7,28,3,0.0,0.0,0.0,0.0,0.0,25.0,25.0,5.9,0.14
7,28,4,0.0,0.0,0.0,0.0,0.0,25.0,25.0,5.9,0.14
7,28,5,0.0,0.0,0.0,0.0,0.0,25.0,25.0,6.1,0.14
7,28,6,51.971,257.0,29.0,31045.698,25982.063,25.0,25.571,6.5,0.14
7,28,7,264.459,633.0,64.0,240953.663,228452.155,25.0,28.247,6.7,0.14
7,28,8,180.787,9.0,176.0,169777.928,159798.458,26.0,28.246,6.7,0.14
7,28,9,543.592,329.0,307.0,516571.992,494304.23,26.0,32.902,6.5,0.14
7,28,10,885.899,907.0,101.0,833070.216,799587.663,26.0,37.642,6.2,0.14
7,28,11,999.46,929.0,107.0,927321.32,833333.333,26.0,39.411,6.0,0.14
7,28,12,1044.562,938.0,108.0,959971.211,833333.333,27.0,41.168,5.9,0.14
7,28,13,1016.807,932.0,107.0,937865.243,833333.333,27.0,40.641,6.0,0.14
7,28,14,919.235,915.0,100.0,857469.852,823122.723,27.0,39.209,6.1,0.14
7,28,15,759.492,874.0,94.0,721497.468,691968.381,27.0,36.782,6.4,0.14
7,28,16,553.81,805.0,84.0,539287.032,516214.386,26.0,33.004,6.6,0.14
7,28,17,322.387,680.0,68.0,303304.332,288593.491,26.0,29.955,6.8,0.14
7,28,18,98.523,396.0,40.0,70410.053,63951.582,26.0,27.13,6.7,0.14
7,28,19,0.0,0.0,0.0,0.0,0.0,26.0,26.0,6.7,0.14
7,28,20,0.0,0.0,0.0,0.0,0.0,26.0,26.0,6.8,0.14
7,28,21,0.0,0.0,0.0,0.0,0.0,26.0,26.0,6.9,0.14
7,28,22,0.0,0.0,0.0,0.0,0.0,26.0,26.0,6.9,0.14
7,28,23,0.0,0.0,0.0,0.0,0.0,26.0,26.0,6.6,0.14
7,29,0,0.0,0.0,0.0,0.0,0.0,26.0,26.0,6.3,0.14
7,29,1,0.0,0.0,0.0,0.0,0.0,26.0,26.0,6.0,0.14
7,29,2,0.0,0.0,0.0,0.0,0.0,26.0,26.0,5.8,0.14
7,29,3,0.0,0.0,0.0,0.0,0.0,26.0,26.0,5.6,0.14
7,29,4,0.0,0.0,0.0,0.0,0.0,26.0,26.0,5.6,0.14
7,29,5,0.0,0.0,0.0,0.0,0.0,26.0,26.0,5.8,0.14
7,29,6,45.763,179.0,30.0,28624.299,23646.463,26.0,26.532,6.2,0.14
7,29,7,14.0,0.0,14.0,11932.398,7546.023,26.0,26.178,6.5,0.14
7,29,8,183.843,11.0,178.0,172785.919,162699.864,26.0,28.261,6.8,0.14
7,29,9,335.495,48.0,301.0,315550.072,300405.315,26.0,30.031,7.0,0.14
7,29,10,188.19,6.0,183.0,172351.737,162281.067,27.0,29.232,7.1,0.14
7,29,11,198.684,8.0,191.0,181382.435,170991.771,27.0,29.353,7.1,0.14
7,29,12,340.971,17.0,324.0,313972.969,298884.096,27.0,30.997,7.2,0.14
7,29,13,191.831,7.0,185.0,174845.353,164686.324,27.0,29.227,7.3,0.14
7,29,14,364.268,26.0,341.0,337531.948,321608.286,27.0,31.277,7.2,0.14
7,29,15,156.761,1.0,156.0,143584.571,134533.237,27.0,28.862,7.1,0.14
7,29,16,528.116,733.0,101.0,512210.989,490097.755,27.0,33.54,6.8,0.14
7,29,17,127.237,6.0,125.0,119311.991,111120.731,26.0,27.636,6.4,0.14
7,29,18,88.018,301.0,44.0,64983.576,58717.387,26.0,27.169,5.5,0.14
7,29,19,0.0,0.0,0.0,0.0,0.0,26.0,26.0,4.3,0.14
7,29,20,0.0,0.0,0.0,0.0,0.0,26.0,26.0,2.7,0.14
7,29,21,0.0,0.0,0.0,0.0,0.0,26.0,26.0,1.6,0.14
7,29,22,0.0,0.0,0.0,0.0,0.0,26.0,26.0,2.4,0.14
7,29,23,0.0,0.0,0.0,0.0,0.0,26.0,26.0,4.5,0.14
7,30,0,0.0,0.0,0.0,0.0,0.0,26.0,26.0,6.0,0.14
7,30,1,0.0,0.0,0.0,0.0,0.0,26.0,26.0,6.8,0.14
7,30,2,0.0,0.0,0.0,0.0,0.0,26.0,26.0,7.0,0.14
7,30,3,0.0,0.0,0.0,0.0,0.0,26.0,26.0,6.9,0.14
7,30,4,0.0,0.0,0.0,0.0,0.0,26.0,26.0,6.3,0.14
7,30,5,0.0,0.0,0.0,0.0,0.0,26.0,26.0,5.8,0.14
7,30,6,31.673,54.0,27.0,21856.48,17118.455,26.0,26.412,5.6,0.14
7,30,7,49.0,0.0,49.0,44343.74,38808.902,26.0,26.698,5.5,0.14
7,30,8,373.506,312.0,208.0,357927.794,341281.427,27.0,32.588,5.1,0.14
7,30,9,447.469,158.0,334.0,419133.085,400317.971,27.0,34.099,4.6,0.14
7,30,10,619.218,235.0,416.0,570513.506,546334.382,27.0,37.812,3.9,0.14
7,30,11,966.538,917.0,86.0,871185.196,833333.333,28.0,46.886,3.2,0.14
7,30,12,1010.208,923.0,89.0,899971.682,833333.333,28.0,49.104,2.8,0.14
7,30,13,984.698,915.0,92.0,880322.923,833333.333,28.0,48.576,2.8,0.14
7,30,14,885.289,869.0,108.0,806686.228,774138.566,28.0,45.031,3.3,0.14
7,30,15,729.282,820.0,106.0,682776.673,654619.618,28.0,40.284,4.2,0.14
7,30,16,527.562,735.0,100.0,507504.462,485557.999,28.0,35.63,5.4,0.14
7,30,17,300.251,582.0,84.0,281036.265,267114.47,27.0,30.883,6.3,0.14
7,30,18,86.769,275.0,47.0,64722.179,58465.252,27.0,28.014,6.7,0.14
7,30,19,0.0,0.0,0.0,0.0,0.0,27.0,27.0,6.8,0.14
7,30,20,0.0,0.0,0.0,0.0,0.0,26.0,26.0,6.8,0.14
7,30,21,0.0,0.0,0.0,0.0,0.0,26.0,26.0,6.8,0.14
7,30,22,0.0,0.0,0.0,0.0,0.0,26.0,26.0,6.9,0.14
7,30,23,0.0,0.0,0.0,0.0,0.0,26.0,26.0,6.8,0.14
7,31,0,0.0,0.0,0.0,0.0,0.0,26.0,26.0,6.8,0.14
7,31,1,0.0,0.0,0.0,0.0,0.0,26.0,26.0,6.8,0.14
7,31,2,0.0,0.0,0.0,0.0,0.0,26.0,26.0,7.0,0.14
7,31,3,0.0,0.0,0.0,0.0,0.0,26.0,26.0,7.2,0.14
7,31,4,0.0,0.0,0.0,0.0,0.0,26.0,26.0,7.5,0.14
7,31,5,0.0,0.0,0.0,0.0,0.0,26.0,26.0,7.8,0.14
7,31,6,41.396,135.0,30.0,26288.126,21393.07,26.0,26.402,8.1,0.14
7,31,7,185.513,228.0,114.0,171624.491,161579.59,26.0,27.968,8.3,0.14
7,31,8,168.119,4.0,166.0,157713.236,148161.266,26.0,27.776,8.4,0.14
7,31,9,329.295,45.0,297.0,309067.106,294152.067,27.0,30.408,8.6,0.14
7,31,10,445.46,63.0,391.0,415813.912,397116.41,27.0,31.484,8.9,0.14
7,31,11,957.725,882.0,111.0,899152.89,833333.333,27.0,36.542,9.1,0.14
7,31,12,1003.065,888.0,117.0,937614.843,833333.333,27.0,36.988,9.1,0.14
7,31,13,379.457,22.0,358.0,351152.026,334745.751,27.0,30.747,9.1,0.14
7,31,14,892.686,880.0,106.0,833068.952,799586.444,27.0,39.123,5.9,0.14
7,31,15,277.668,18.0,264.0,257834.994,244735.313,27.0,30.747,5.9,0.14
7,31,16,281.325,66.0,243.0,265449.695,252080.195,27.0,30.77,6.0,0.14
7,31,17,226.997,235.0,140.0,213207.792,201689.429,27.0,30.007,6.1,0.14
7,31,18,91.026,364.0,39.0,64673.853,58418.639,26.0,27.088,6.3,0.14
7,31,19,0.0,0.0,0.0,0.0,0.0,26.0,26.0,6.3,0.14
7,31,20,0.0,0.0,0.0,0.0,0.0,26.0,26.0,6.4,0.14
7,31,21,0.0,0.0,0.0,0.0,0.0,26.0,26.0,6.3,0.14
7,31,22,0.0,0.0,0.0,0.0,0.0,26.0,26.0,6.1,0.14
7,31,23,0.0,0.0,0.0,0.0,0.0,26.0,26.0,5.8,0.14
8,1,0,0.0,0.0,0.0,0.0,0.0,26.0,26.0,5.4,0.14
8,1,1,0.0,0.0,0.0,0.0,0.0,25.0,25.0,5.1,0.14
8,1,2,0.0,0.0,0.0,0.0,0.0,25.0,25.0,5.0,0.14
8,1,3,0.0,0.0,0.0,0.0,0.0,25.0,25.0,5.1,0.14
8,1,4,0.0,0.0,0.0,0.0,0.0,25.0,25.0,5.1,0.14
8,1,5,0.0,0.0,0.0,0.0,0.0,25.0,25.0,5.2,0.14
8,1,6,46.903,263.0,25.0,25663.475,20790.554,26.0,26.555,5.5,0.14
8,1,7,256.229,634.0,58.0,231010.958,218861.758,26.0,29.547,5.6,0.14
8,1,8,489.306,785.0,74.0,477997.784,457096.859,26.0,32.84,5.7,0.14
8,1,9,700.359,858.0,85.0,667665.691,640044.079,27.0,36.647,5.8,0.14
8,1,10,647.956,280.0,406.0,602864.252,577538.812,27.0,35.858,5.8,0.14
8,1,11,784.87,376.0,424.0,723396.132,693799.768,27.0,37.849,5.7,0.14
8,1,12,1023.761,918.0,108.0,937318.297,833333.333,28.0,42.207,5.7,0.14
8,1,13,584.393,104.0,483.0,535800.24,512851.144,28.0,36.052,5.7,0.14
8,1,14,904.392,897.0,103.0,840135.022,806402.135,28.0,40.283,5.9,0.14
8,1,15,747.324,856.0,98.0,706646.069,677643.226,28.0,37.944,6.1,0.14
8,1,16,543.386,784.0,89.0,526521.28,503900.975,27.0,34.173,6.2,0.14
8,1,17,312.696,650.0,73.0,292128.11,277813.287,27.0,30.998,6.4,0.14
8,1,18,89.984,347.0,41.0,64142.202,57905.826,27.0,28.045,6.6,0.14
8,1,19,0.0,0.0,0.0,0.0,0.0,26.0,26.0,7.0,0.14
8,1,20,0.0,0.0,0.0,0.0,0.0,26.0,26.0,7.3,0.14
8,1,21,0.0,0.0,0.0,0.0,0.0,26.0,26.0,7.3,0.14
8,1,22,0.0,0.0,0.0,0.0,0.0,26.0,26.0,7.0,0.14
8,1,23,0.0,0.0,0.0,0.0,0.0,26.0,26.0,6.7,0.14
8,2,0,0.0,0.0,0.0,0.0,0.0,26.0,26.0,6.5,0.14
8,2,1,0.0,0.0,0.0,0.0,0.0,26.0,26.0,6.4,0.14
8,2,2,0.0,0.0,0.0,0.0,0.0,26.0,26.0,6.3,0.14
8,2,3,0.0,0.0,0.0,0.0,0.0,26.0,26.0,6.1,0.14
8,2,4,0.0,0.0,0.0,0.0,0.0,26.0,26.0,6.0,0.14
8,2,5,0.0,0.0,0.0,0.0,0.0,26.0,26.0,6.1,0.14
8,2,6,45.571,216.0,28.0,26021.862,21136.241,26.0,26.503,6.3,0.14
8,2,7,253.946,603.0,66.0,229656.848,217555.631,26.0,29.182,6.5,0.14
8,2,8,488.248,767.0,83.0,477889.292,456992.211,26.0,32.181,6.6,0.14
8,2,9,702.653,852.0,92.0,671711.69,643946.712,27.0,35.866,6.6,0.14
8,2,10,872.832,897.0,98.0,819913.758,786897.391,27.0,37.99,6.6,0.14
8,2,11,984.743,920.0,102.0,914186.756,833333.333,27.0,39.383,6.6,0.14
8,2,12,1027.482,925.0,105.0,949945.903,833333.333,27.0,39.78,6.7,0.14
8,2,13,999.599,919.0,104.0,927779.096,833333.333,27.0,39.184,6.9,0.14
8,2,14,900.611,890.0,106.0,844973.059,811068.741,27.0,37.77,7.1,0.14
8,2,15,744.593,856.0,96.0,712860.691,683637.64,26.0,34.834,7.2,0.14
8,2,16,541.943,790.0,85.0,528999.65,506291.526,26.0,32.386,7.3,0.14
8,2,17,120.0,0.0,120.0,112455.307,104507.006,26.0,27.394,7.4,0.14
8,2,18,89.883,358.0,40.0,63748.745,57526.311,26.0,26.96,7.4,0.14
8,2,19,0.0,0.0,0.0,0.0,0.0,26.0,26.0,7.4,0.14
8,2,20,0.0,0.0,0.0,0.0,0.0,26.0,26.0,7.5,0.14
8,2,21,0.0,0.0,0.0,0.0,0.0,26.0,26.0,7.4,0.14
8,2,22,0.0,0.0,0.0,0.0,0.0,26.0,26.0,7.1,0.14
8,2,23,0.0,0.0,0.0,0.0,0.0,26.0,26.0,6.9,0.14
8,3,0,0.0,0.0,0.0,0.0,0.0,25.0,25.0,6.6,0.14
8,3,1,0.0,0.0,0.0,0.0,0.0,25.0,25.0,6.3,0.14
8,3,2,0.0,0.0,0.0,0.0,0.0,25.0,25.0,6.3,0.14
8,3,3,0.0,0.0,0.0,0.0,0.0,25.0,25.0,6.4,0.14
8,3,4,0.0,0.0,0.0,0.0,0.0,25.0,25.0,6.4,0.14
8,3,5,0.0,0.0,0.0,0.0,0.0,25.0,25.0,6.6,0.14
8,3,6,43.325,193.0,28.0,24918.807,20072.272,25.0,25.45,6.9,0.14
8,3,7,249.147,583.0,68.0,225500.565,213546.621,26.0,28.907,7.2,0.14
8,3,8,480.583,744.0,88.0,471327.501,450662.931,26.0,31.506,7.6,0.14
8,3,9,692.778,829.0,99.0,667858.193,640229.759,26.0,33.622,8.0,0.14
8,3,10,862.404,876.0,106.0,814801.975,781966.739,27.0,36.468,8.0,0.14
8,3,11,965.407,873.0,128.0,901338.031,833333.333,27.0,37.78,7.8,0.14
8,3,12,1009.32,884.0,128.0,938310.178,833333.333,27.0,38.266,7.8,0.14
8,3,13,982.263,878.0,127.0,915587.828,833333.333,27.0,37.967,7.8,0.14
8,3,14,891.906,882.0,105.0,839265.021,805562.962,27.0,37.064,7.7,0.14
8,3,15,660.452,545.0,248.0,627439.33,601243.097,27.0,34.52,7.6,0.14
8,3,16,387.563,247.0,245.0,371102.971,353989.755,27.0,31.416,7.6,0.14
8,3,17,250.894,347.0,124.0,236394.306,224054.353,26.0,28.875,7.5,0.14
8,3,18,34.0,0.0,34.0,29222.485,24223.453,26.0,26.391,7.4,0.14
8,3,19,0.0,0.0,0.0,0.0,0.0,26.0,26.0,7.3,0.14
8,3,20,0.0,0.0,0.0,0.0,0.0,26.0,26.0,7.4,0.14
8,3,21,0.0,0.0,0.0,0.0,0.0,26.0,26.0,7.3,0.14
8,3,22,0.0,0.0,0.0,0.0,0.0,26.0,26.0,7.0,0.14
8,3,23,0.0,0.0,0.0,0.0,0.0,26.0,26.0,6.5,0.14
8,4,0,0.0,0.0,0.0,0.0,0.0,26.0,26.0,6.1,0.14
8,4,1,0.0,0.0,0.0,0.0,0.0,25.0,25.0,6.0,0.14
8,4,2,0.0,0.0,0.0,0.0,0.0,25.0,25.0,5.8,0.14
8,4,3,0.0,0.0,0.0,0.0,0.0,25.0,25.0,5.5,0.14
8,4,4,0.0,0.0,0.0,0.0,0.0,25.0,25.0,5.4,0.14
8,4,5,0.0,0.0,0.0,0.0,0.0,25.0,25.0,5.6,0.14
8,4,6,42.33,222.0,25.0,22845.328,18072.265,25.0,25.47,6.0,0.14
8,4,7,249.26,611.0,60.0,224598.479,212676.499,26.0,29.188,6.3,0.14
8,4,8,480.194,767.0,76.0,470211.59,449586.561,26.0,32.144,6.5,0.14
8,4,9,691.557,846.0,86.0,664267.675,636766.468,26.0,34.727,6.6,0.14
8,4,10,669.73,360.0,359.0,628731.95,602489.915,26.0,34.485,6.5,0.14
8,4,11,834.441,452.0,401.0,770705.983,739433.243,27.0,37.792,6.3,0.14
8,4,12,1005.034,881.0,127.0,925131.514,833333.333,27.0,40.785,5.8,0.14
8,4,13,979.771,881.0,122.0,902827.492,833333.333,27.0,40.92,5.5,0.14
8,4,14,887.386,872.0,110.0,826490.962,793241.538,27.0,39.622,5.5,0.14
8,4,15,731.872,836.0,100.0,694118.728,665559.779,27.0,37.19,5.7,0.14
8,4,16,418.468,329.0,229.0,400813.148,382647.182,27.0,32.564,6.1,0.14
8,4,17,304.083,643.0,70.0,283342.131,269338.63,27.0,30.844,6.5,0.14
8,4,18,85.331,342.0,39.0,60089.413,53996.644,26.0,26.976,6.7,0.14
8,4,19,0.0,0.0,0.0,0.0,0.0,26.0,26.0,6.7,0.14
8,4,20,0.0,0.0,0.0,0.0,0.0,26.0,26.0,6.6,0.14
8,4,21,0.0,0.0,0.0,0.0,0.0,26.0,26.0,6.5,0.14
8,4,22,0.0,0.0,0.0,0.0,0.0,26.0,26.0,6.4,0.14
8,4,23,0.0,0.0,0.0,0.0,0.0,26.0,26.0,6.4,0.14
8,5,0,0.0,0.0,0.0,0.0,0.0,25.0,25.0,6.3,0.14
8,5,1,0.0,0.0,0.0,0.0,0.0,25.0,25.0,6.3,0.14
8,5,2,0.0,0.0,0.0,0.0,0.0,25.0,25.0,6.2,0.14
8,5,3,0.0,0.0,0.0,0.0,0.0,25.0,25.0,6.1,0.14
8,5,4,0.0,0.0,0.0,0.0,0.0,25.0,25.0,6.0,0.14
8,5,5,0.0,0.0,0.0,0.0,0.0,25.0,25.0,6.1,0.14
8,5,6,32.89,107.0,25.0,19409.0,14757.7,25.0,25.367,6.4,0.14
8,5,7,202.597,329.0,101.0,186259.78,175696.293,25.0,27.524,6.6,0.14
8,5,8,485.674,786.0,72.0,475844.009,455019.402,26.0,32.15,6.6,0.14
8,5,9,698.889,861.0,83.0,670979.218,643240.194,26.0,34.914,6.5,0.14
8,5,10,868.38,901.0,91.0,818298.84,785339.696,26.0,37.29,6.3,0.14
8,5,11,979.15,915.0,102.0,906377.431,833333.333,27.0,40.139,6.0,0.14
8,5,12,1023.561,922.0,105.0,942275.095,833333.333,27.0,40.884,5.9,0.14
8,5,13,997.356,917.0,105.0,920806.557,833333.333,27.0,40.532,5.9,0.14
8,5,14,898.109,887.0,108.0,838813.128,805127.081,27.0,38.928,6.1,0.14
8,5,15,741.075,848.0,101.0,704392.915,675469.911,27.0,36.648,6.3,0.14
8,5,16,536.414,777.0,90.0,520459.099,498053.601,27.0,33.856,6.5,0.14
8,5,17,304.987,643.0,72.0,285241.063,271170.276,26.0,29.775,6.7,0.14
8,5,18,84.433,333.0,40.0,59590.713,53515.614,26.0,26.956,6.8,0.14
8,5,19,0.0,0.0,0.0,0.0,0.0,26.0,26.0,6.9,0.14
8,5,20,0.0,0.0,0.0,0.0,0.0,26.0,26.0,6.9,0.14
8,5,21,0.0,0.0,0.0,0.0,0.0,26.0,26.0,6.7,0.14
8,5,22,0.0,0.0,0.0,0.0,0.0,26.0,26.0,6.3,0.14
8,5,23,0.0,0.0,0.0,0.0,0.0,26.0,26.0,5.9,0.14
8,6,0,0.0,0.0,0.0,0.0,0.0,26.0,26.0,5.6,0.14
8,6,1,0.0,0.0,0.0,0.0,0.0,26.0,26.0,5.4,0.14
8,6,2,0.0,0.0,0.0,0.0,0.0,25.0,25.0,5.1,0.14
8,6,3,0.0,0.0,0.0,0.0,0.0,25.0,25.0,5.1,0.14
8,6,4,0.0,0.0,0.0,0.0,0.0,25.0,25.0,5.3,0.14
8,6,5,0.0,0.0,0.0,0.0,0.0,25.0,25.0,5.7,0.14
8,6,6,39.516,157.0,28.0,22082.4,17336.371,26.0,26.438,6.2,0.14
8,6,7,243.631,551.0,74.0,220302.045,208532.305,26.0,29.053,6.5,0.14
8,6,8,256.371,73.0,218.0,243847.473,231243.425,26.0,29.258,6.5,0.14
8,6,9,180.145,3.0,178.0,166101.292,156252.1,27.0,29.302,6.4,0.14
8,6,10,858.803,852.0,124.0,805068.941,772578.585,27.0,38.283,6.2,0.14
8,6,11,736.201,283.0,465.0,679151.538,651122.936,27.0,36.826,6.0,0.14
8,6,12,1013.378,879.0,138.0,932530.751,833333.333,27.0,40.741,5.9,0.14
8,6,13,987.951,877.0,135.0,908681.158,833333.333,28.0,41.25,6.0,0.14
8,6,14,897.516,877.0,117.0,834699.282,801159.005,28.0,39.919,6.1,0.14
8,6,15,740.378,839.0,108.0,703848.892,674945.164,27.0,36.535,6.4,0.14
8,6,16,535.447,772.0,93.0,519625.578,497249.615,27.0,33.772,6.6,0.14
8,6,17,304.043,638.0,74.0,283057.104,269063.703,27.0,30.724,6.8,0.14
8,6,18,82.814,326.0,40.0,58329.856,52299.435,26.0,26.938,6.8,0.14
8,6,19,0.0,0.0,0.0,0.0,0.0,26.0,26.0,6.7,0.14
8,6,20,0.0,0.0,0.0,0.0,0.0,26.0,26.0,6.6,0.14
8,6,21,0.0,0.0,0.0,0.0,0.0,26.0,26.0,6.5,0.14
8,6,22,0.0,0.0,0.0,0.0,0.0,26.0,26.0,6.4,0.14
8,6,23,0.0,0.0,0.0,0.0,0.0,26.0,26.0,6.1,0.14
8,7,0,0.0,0.0,0.0,0.0,0.0,26.0,26.0,6.0,0.14
8,7,1,0.0,0.0,0.0,0.0,0.0,26.0,26.0,5.9,0.14
8,7,2,0.0,0.0,0.0,0.0,0.0,26.0,26.0,5.6,0.14
8,7,3,0.0,0.0,0.0,0.0,0.0,25.0,25.0,5.5,0.14
8,7,4,0.0,0.0,0.0,0.0,0.0,25.0,25.0,5.5,0.14
8,7,5,0.0,0.0,0.0,0.0,0.0,25.0,25.0,5.6,0.14
8,7,6,42.252,235.0,25.0,21141.303,16428.62,26.0,26.451,6.0,0.14
8,7,7,93.0,0.0,93.0,86416.396,79390.757,26.0,27.236,6.1,0.14
8,7,8,495.245,791.0,80.0,484130.539,463012.306,26.0,32.691,6.0,0.14
8,7,9,711.077,868.0,91.0,680430.165,652356.257,26.0,35.684,5.9,0.14
8,7,10,606.072,217.0,419.0,563641.237,539705.625,27.0,35.281,5.8,0.14
8,7,11,994.908,930.0,104.0,918812.864,833333.333,27.0,40.656,5.8,0.14
8,7,12,1036.763,933.0,108.0,952852.907,833333.333,27.0,41.224,5.8,0.14
8,7,13,1006.205,921.0,111.0,928256.971,833333.333,27.0,40.651,5.9,0.14
8,7,14,905.126,892.0,112.0,844935.956,811032.953,27.0,39.021,6.1,0.14
8,7,15,743.694,846.0,107.0,706684.832,677680.616,27.0,36.682,6.3,0.14
8,7,16,535.018,768.0,96.0,519163.119,496803.543,27.0,33.766,6.6,0.14
8,7,17,302.283,628.0,77.0,282335.391,268367.563,26.0,29.74,6.7,0.14
8,7,18,80.298,312.0,40.0,56575.107,50606.863,26.0,26.91,6.8,0.14
8,7,19,0.0,0.0,0.0,0.0,0.0,26.0,26.0,6.7,0.14
8,7,20,0.0,0.0,0.0,0.0,0.0,26.0,26.0,6.5,0.14
8,7,21,0.0,0.0,0.0,0.0,0.0,26.0,26.0,6.3,0.14
8,7,22,0.0,0.0,0.0,0.0,0.0,26.0,26.0,6.1,0.14
8,7,23,0.0,0.0,0.0,0.0,0.0,26.0,26.0,5.9,0.14
8,8,0,0.0,0.0,0.0,0.0,0.0,26.0,26.0,5.8,0.14
8,8,1,0.0,0.0,0.0,0.0,0.0,25.0,25.0,5.6,0.14
8,8,2,0.0,0.0,0.0,0.0,0.0,25.0,25.0,5.6,0.14
8,8,3,0.0,0.0,0.0,0.0,0.0,25.0,25.0,5.6,0.14
8,8,4,0.0,0.0,0.0,0.0,0.0,25.0,25.0,5.6,0.14
8,8,5,0.0,0.0,0.0,0.0,0.0,25.0,25.0,5.6,0.14
8,8,6,40.911,222.0,25.0,20285.126,15602.781,25.0,25.438,5.9,0.14
8,8,7,252.026,621.0,62.0,226422.978,214436.349,26.0,29.367,5.9,0.14
8,8,8,487.282,773.0,82.0,476063.183,455230.809,26.0,32.734,5.8,0.14
8,8,9,701.243,852.0,93.0,670395.522,642677.18,26.0,35.885,5.6,0.14
8,8,10,873.954,897.0,101.0,816720.307,783817.096,27.0,39.292,5.6,0.14
8,8,11,985.247,914.0,110.0,908581.708,833333.333,27.0,41.003,5.5,0.14
8,8,12,1028.392,923.0,110.0,942447.422,833333.333,27.0,41.964,5.3,0.14
8,8,13,1001.656,920.0,108.0,920824.956,833333.333,27.0,41.58,5.3,0.14
8,8,14,904.665,907.0,99.0,842128.456,808324.934,27.0,39.87,5.5,0.14
8,8,15,557.663,295.0,336.0,524460.408,501913.128,27.0,34.728,5.7,0.14
8,8,16,325.823,133.0,250.0,309321.561,294397.506,27.0,31.371,6.0,0.14
8,8,17,182.035,115.0,141.0,170580.708,160572.792,27.0,29.361,6.3,0.14
8,8,18,34.0,0.0,34.0,28967.73,23977.726,26.0,26.423,6.6,0.14
8,8,19,0.0,0.0,0.0,0.0,0.0,26.0,26.0,6.7,0.14
8,8,20,0.0,0.0,0.0,0.0,0.0,26.0,26.0,6.7,0.14
8,8,21,0.0,0.0,0.0,0.0,0.0,26.0,26.0,6.7,0.14
8,8,22,0.0,0.0,0.0,0.0,0.0,26.0,26.0,6.7,0.14
8,8,23,0.0,0.0,0.0,0.0,0.0,26.0,26.0,6.7,0.14
8,9,0,0.0,0.0,0.0,0.0,0.0,26.0,26.0,6.6,0.14
8,9,1,0.0,0.0,0.0,0.0,0.0,25.0,25.0,6.5,0.14
8,9,2,0.0,0.0,0.0,0.0,0.0,25.0,25.0,6.3,0.14
8,9,3,0.0,0.0,0.0,0.0,0.0,25.0,25.0,6.1,0.14
8,9,4,0.0,0.0,0.0,0.0,0.0,25.0,25.0,5.9,0.14
8,9,5,0.0,0.0,0.0,0.0,0.0,25.0,25.0,5.9,0.14
8,9,6,41.397,260.0,23.0,19032.5,14394.54,25.0,25.409,6.2,0.14
8,9,7,32.0,0.0,32.0,28544.793,23569.775,25.0,25.412,6.4,0.14
8,9,8,492.433,801.0,73.0,482238.177,461186.998,26.0,32.369,6.4,0.14
8,9,9,708.67,877.0,83.0,680159.281,652094.971,26.0,35.039,6.5,0.14
8,9,10,880.697,918.0,90.0,826520.072,793269.617,27.0,38.328,6.4,0.14
8,9,11,992.868,938.0,95.0,919566.626,833333.333,27.0,40.033,6.2,0.14
8,9,12,1035.838,943.0,98.0,953636.121,833333.333,27.0,40.894,6.0,0.14
8,9,13,1006.602,935.0,99.0,929038.685,833333.333,27.0,40.659,5.9,0.14
8,9,14,704.035,337.0,405.0,654218.565,627073.437,27.0,36.412,6.0,0.14
8,9,15,614.316,435.0,288.0,580191.83,555669.764,27.0,35.148,6.1,0.14
8,9,16,506.162,674.0,123.0,490243.631,468908.787,27.0,33.535,6.4,0.14
8,9,17,187.55,134.0,140.0,176420.102,166205.274,26.0,28.38,6.5,0.14
8,9,18,39.0,0.0,39.0,33363.445,28217.683,26.0,26.485,6.6,0.14
8,9,19,0.0,0.0,0.0,0.0,0.0,26.0,26.0,6.6,0.14
8,9,20,0.0,0.0,0.0,0.0,0.0,26.0,26.0,6.7,0.14
8,9,21,0.0,0.0,0.0,0.0,0.0,26.0,26.0,6.7,0.14
8,9,22,0.0,0.0,0.0,0.0,0.0,25.0,25.0,6.5,0.14
8,9,23,0.0,0.0,0.0,0.0,0.0,25.0,25.0,6.2,0.14
8,10,0,0.0,0.0,0.0,0.0,0.0,25.0,25.0,5.9,0.14
8,10,1,0.0,0.0,0.0,0.0,0.0,25.0,25.0,5.6,0.14
8,10,2,0.0,0.0,0.0,0.0,0.0,25.0,25.0,5.3,0.14
8,10,3,0.0,0.0,0.0,0.0,0.0,25.0,25.0,5.1,0.14
8,10,4,0.0,0.0,0.0,0.0,0.0,25.0,25.0,5.0,0.14
8,10,5,0.0,0.0,0.0,0.0,0.0,25.0,25.0,5.3,0.14
8,10,6,40.605,268.0,22.0,17814.593,13219.789,25.0,25.407,5.8,0.14
8,10,7,11.0,0.0,11.0,9306.438,5013.112,25.0,25.146,6.1,0.14
8,10,8,166.092,4.0,164.0,155577.107,146100.829,26.0,28.153,6.3,0.14
8,10,9,702.405,866.0,85.0,673771.44,645933.476,26.0,35.153,6.3,0.14
8,10,10,873.862,907.0,93.0,820358.04,787325.93,27.0,38.239,6.4,0.14
8,10,11,805.945,418.0,406.0,745088.925,714723.9,27.0,37.422,6.3,0.14
8,10,12,1023.501,918.0,111.0,943841.042,833333.333,27.0,40.427,6.2,0.14
8,10,13,993.688,910.0,111.0,919213.101,833333.333,27.0,40.039,6.2,0.14
8,10,14,897.069,897.0,102.0,838715.813,805033.215,27.0,38.785,6.2,0.14
8,10,15,738.754,861.0,94.0,703043.967,674168.761,27.0,36.517,6.4,0.14
8,10,16,531.488,793.0,82.0,516443.119,494179.923,27.0,33.724,6.6,0.14
8,10,17,298.856,660.0,66.0,276770.359,262999.722,27.0,30.655,6.8,0.14
8,10,18,77.18,345.0,35.0,51878.539,46076.713,26.0,26.851,6.9,0.14
8,10,19,0.0,0.0,0.0,0.0,0.0,26.0,26.0,7.0,0.14
8,10,20,0.0,0.0,0.0,0.0,0.0,26.0,26.0,7.0,0.14
8,10,21,0.0,0.0,0.0,0.0,0.0,26.0,26.0,6.8,0.14
8,10,22,0.0,0.0,0.0,0.0,0.0,26.0,26.0,6.5,0.14
8,10,23,0.0,0.0,0.0,0.0,0.0,26.0,26.0,6.1,0.14
8,11,0,0.0,0.0,0.0,0.0,0.0,26.0,26.0,5.7,0.14
8,11,1,0.0,0.0,0.0,0.0,0.0,26.0,26.0,5.4,0.14
8,11,2,0.0,0.0,0.0,0.0,0.0,26.0,26.0,5.1,0.14
8,11,3,0.0,0.0,0.0,0.0,0.0,26.0,26.0,5.1,0.14
8,11,4,0.0,0.0,0.0,0.0,0.0,26.0,26.0,5.1,0.14
8,11,5,0.0,0.0,0.0,0.0,0.0,26.0,26.0,5.4,0.14
8,11,6,38.911,236.0,23.0,17029.916,12462.916,26.0,26.391,5.8,0.14
8,11,7,248.363,631.0,57.0,222317.688,210476.526,26.0,29.241,6.1,0.14
8,11,8,482.979,783.0,74.0,472782.407,452066.284,26.0,32.383,6.2,0.14
8,11,9,695.57,857.0,85.0,667179.15,639574.778,26.0,35.163,6.2,0.14
8,11,10,468.12,78.0,401.0,434873.713,415500.846,27.0,33.173,6.1,0.14
8,11,11,780.989,367.0,430.0,720184.418,690701.858,27.0,37.671,5.8,0.14
8,11,12,1018.985,920.0,105.0,931624.073,833333.333,28.0,42.651,5.4,0.14
8,11,13,759.739,301.0,468.0,694079.259,665521.709,28.0,39.275,5.1,0.14
8,11,14,536.584,117.0,433.0,494058.896,472588.863,28.0,36.057,5.0,0.14
8,11,15,560.475,307.0,331.0,523884.491,501357.618,28.0,36.454,5.0,0.14
8,11,16,419.041,354.0,219.0,401059.919,382885.209,27.0,33.191,5.2,0.14
8,11,17,177.981,114.0,138.0,166419.074,156558.622,27.0,29.497,5.6,0.14
8,11,18,73.625,314.0,36.0,49719.696,43994.367,27.0,27.907,5.9,0.14
8,11,19,0.0,0.0,0.0,0.0,0.0,27.0,27.0,6.1,0.14
8,11,20,0.0,0.0,0.0,0.0,0.0,26.0,26.0,6.4,0.14
8,11,21,0.0,0.0,0.0,0.0,0.0,26.0,26.0,6.6,0.14
8,11,22,0.0,0.0,0.0,0.0,0.0,26.0,26.0,6.7,0.14
8,11,23,0.0,0.0,0.0,0.0,0.0,26.0,26.0,6.7,0.14
8,12,0,0.0,0.0,0.0,0.0,0.0,26.0,26.0,6.8,0.14
8,12,1,0.0,0.0,0.0,0.0,0.0,26.0,26.0,6.7,0.14
8,12,2,0.0,0.0,0.0,0.0,0.0,26.0,26.0,6.7,0.14
8,12,3,0.0,0.0,0.0,0.0,0.0,26.0,26.0,6.7,0.14
8,12,4,0.0,0.0,0.0,0.0,0.0,26.0,26.0,6.7,0.14
8,12,5,0.0,0.0,0.0,0.0,0.0,26.0,26.0,6.9,0.14
8,12,6,37.225,217.0,23.0,15966.043,11436.74,26.0,26.321,7.1,0.14
8,12,7,14.0,0.0,14.0,11933.124,7546.723,26.0,26.164,7.3,0.14
8,12,8,487.031,786.0,77.0,477944.698,457045.654,26.0,31.745,7.3,0.14
8,12,9,451.321,169.0,331.0,426364.807,407293.444,27.0,32.223,7.4,0.14
8,12,10,667.649,317.0,395.0,625199.97,599083.086,27.0,34.645,7.5,0.14
8,12,11,727.054,271.0,468.0,674520.09,646655.599,27.0,35.309,7.5,0.14
8,12,12,1030.419,924.0,113.0,956120.296,833333.333,27.0,38.835,7.5,0.14
8,12,13,1001.087,916.0,114.0,931590.123,833333.333,27.0,38.501,7.5,0.14
8,12,14,898.748,892.0,110.0,844924.42,811021.826,27.0,37.336,7.5,0.14
8,12,15,735.889,851.0,101.0,703279.062,674395.526,27.0,35.4,7.6,0.14
8,12,16,527.931,781.0,88.0,514339.09,492150.449,27.0,32.988,7.7,0.14
8,12,17,293.811,645.0,69.0,272996.446,259359.534,26.0,29.257,7.8,0.14
8,12,18,72.198,317.0,35.0,48433.714,42753.952,26.0,26.722,7.9,0.14
8,12,19,0.0,0.0,0.0,0.0,0.0,26.0,26.0,7.9,0.14
8,12,20,0.0,0.0,0.0,0.0,0.0,26.0,26.0,7.9,0.14
8,12,21,0.0,0.0,0.0,0.0,0.0,26.0,26.0,7.9,0.14
8,12,22,0.0,0.0,0.0,0.0,0.0,26.0,26.0,7.8,0.14
8,12,23,0.0,0.0,0.0,0.0,0.0,26.0,26.0,7.6,0.14
8,13,0,0.0,0.0,0.0,0.0,0.0,26.0,26.0,7.4,0.14
8,13,1,0.0,0.0,0.0,0.0,0.0,26.0,26.0,7.4,0.14
8,13,2,0.0,0.0,0.0,0.0,0.0,25.0,25.0,7.4,0.14
8,13,3,0.0,0.0,0.0,0.0,0.0,25.0,25.0,7.5,0.14
8,13,4,0.0,0.0,0.0,0.0,0.0,25.0,25.0,7.5,0.14
8,13,5,0.0,0.0,0.0,0.0,0.0,25.0,25.0,7.6,0.14
8,13,6,34.994,175.0,24.0,15220.901,10718.002,26.0,26.281,8.0,0.14
8,13,7,244.178,591.0,66.0,219528.65,207786.315,26.0,28.564,8.3,0.14
8,13,8,479.845,754.0,87.0,471589.541,450915.686,26.0,31.11,8.4,0.14
8,13,9,288.498,26.0,270.0,269986.196,256455.949,27.0,30.011,8.5,0.14
8,13,10,867.491,880.0,111.0,820991.969,787937.397,27.0,36.029,8.6,0.14
8,13,11,727.834,273.0,467.0,677392.363,649426.096,27.0,34.525,8.6,0.14
8,13,12,625.04,124.0,502.0,579620.422,555118.603,27.0,33.338,8.8,0.14
8,13,13,518.861,66.0,455.0,481654.38,460623.887,27.0,32.171,9.0,0.14
8,13,14,609.972,197.0,436.0,571389.468,547179.305,27.0,32.948,9.3,0.14
8,13,15,731.501,828.0,115.0,705037.656,676091.806,26.0,33.074,9.5,0.14
8,13,16,99.0,0.0,99.0,91003.073,83814.909,26.0,26.93,9.8,0.14
8,13,17,11.0,0.0,11.0,9254.699,4963.205,26.0,26.104,9.8,0.14
8,13,18,68.01,244.0,40.0,47860.851,42201.389,26.0,26.595,9.7,0.14
8,13,19,0.0,0.0,0.0,0.0,0.0,26.0,26.0,9.6,0.14
8,13,20,0.0,0.0,0.0,0.0,0.0,26.0,26.0,9.5,0.14
8,13,21,0.0,0.0,0.0,0.0,0.0,26.0,26.0,9.4,0.14
8,13,22,0.0,0.0,0.0,0.0,0.0,26.0,26.0,9.2,0.14
8,13,23,0.0,0.0,0.0,0.0,0.0,25.0,25.0,8.9,0.14
8,14,0,0.0,0.0,0.0,0.0,0.0,25.0,25.0,8.6,0.14
8,14,1,0.0,0.0,0.0,0.0,0.0,25.0,25.0,8.3,0.14
8,14,2,0.0,0.0,0.0,0.0,0.0,25.0,25.0,8.0,0.14
8,14,3,0.0,0.0,0.0,0.0,0.0,25.0,25.0,7.8,0.14
8,14,4,0.0,0.0,0.0,0.0,0.0,25.0,25.0,7.7,0.14
8,14,5,0.0,0.0,0.0,0.0,0.0,25.0,25.0,7.8,0.14
8,14,6,1.0,0.0,1.0,0.0,0.0,25.0,25.009,8.1,0.14
8,14,7,91.0,0.0,91.0,84578.787,77618.262,26.0,26.956,8.5,0.14
8,14,8,473.62,718.0,100.0,465254.992,444805.595,26.0,30.913,8.7,0.14
8,14,9,688.314,805.0,116.0,664784.774,637265.244,26.0,32.997,8.9,0.14
8,14,10,859.889,853.0,127.0,814761.024,781927.239,27.0,35.576,9.1,0.14
8,14,11,966.966,866.0,140.0,907207.845,833333.333,27.0,36.474,9.3,0.14
8,14,12,912.189,573.0,344.0,850134.833,816047.613,27.0,35.84,9.4,0.14
8,14,13,877.652,491.0,403.0,818144.684,785191.002,27.0,35.432,9.5,0.14
8,14,14,744.571,444.0,353.0,700983.799,672181.593,27.0,34.104,9.6,0.14
8,14,15,559.566,313.0,327.0,533967.044,511082.906,26.0,31.345,9.6,0.14
8,14,16,404.282,324.0,223.0,391567.406,373729.054,26.0,29.846,9.7,0.14
8,14,17,148.201,50.0,131.0,139397.049,130494.095,26.0,27.418,9.6,0.14
8,14,18,35.0,0.0,35.0,29307.81,24305.755,26.0,26.332,9.5,0.14
8,14,19,0.0,0.0,0.0,0.0,0.0,26.0,26.0,9.5,0.14
8,14,20,0.0,0.0,0.0,0.0,0.0,26.0,26.0,9.4,0.14
8,14,21,0.0,0.0,0.0,0.0,0.0,26.0,26.0,9.3,0.14
8,14,22,0.0,0.0,0.0,0.0,0.0,26.0,26.0,9.2,0.14
8,14,23,0.0,0.0,0.0,0.0,0.0,26.0,26.0,8.9,0.14
8,15,0,0.0,0.0,0.0,0.0,0.0,26.0,26.0,8.6,0.14
8,15,1,0.0,0.0,0.0,0.0,0.0,25.0,25.0,8.4,0.14
8,15,2,0.0,0.0,0.0,0.0,0.0,25.0,25.0,8.2,0.14
8,15,3,0.0,0.0,0.0,0.0,0.0,25.0,25.0,8.0,0.14
8,15,4,0.0,0.0,0.0,0.0,0.0,25.0,25.0,8.0,0.14
8,15,5,0.0,0.0,0.0,0.0,0.0,25.0,25.0,8.0,0.14
8,15,6,28.69,69.0,25.0,14277.72,9808.241,25.0,25.245,8.3,0.14
8,15,7,224.273,468.0,84.0,202916.299,191762.605,26.0,28.32,8.5,0.14
8,15,8,306.673,161.0,223.0,294788.562,280379.468,26.0,29.192,8.6,0.14
8,15,9,498.898,249.0,322.0,475719.093,454898.912,26.0,31.134,8.7,0.14
8,15,10,832.993,814.0,134.0,788877.692,756961.056,27.0,35.667,8.6,0.14
8,15,11,553.804,92.0,466.0,514128.047,491946.883,27.0,32.866,8.3,0.14
8,15,12,560.273,80.0,481.0,518607.919,496268.016,27.0,33.038,8.1,0.14
8,15,13,958.87,851.0,137.0,896023.643,833333.333,27.0,37.415,8.1,0.14
8,15,14,865.81,848.0,119.0,816705.655,783802.964,27.0,36.502,8.0,0.14
8,15,15,706.135,800.0,113.0,676007.242,648090.055,27.0,34.836,7.9,0.14
8,15,16,334.32,162.0,244.0,319207.422,303933.071,27.0,30.702,7.9,0.14
8,15,17,226.989,319.0,118.0,212000.283,200524.707,26.0,28.477,8.0,0.14
8,15,18,60.341,204.0,38.0,42459.819,36991.736,26.0,26.611,8.0,0.14
8,15,19,0.0,0.0,0.0,0.0,0.0,26.0,26.0,7.8,0.14
8,15,20,0.0,0.0,0.0,0.0,0.0,26.0,26.0,7.7,0.14
8,15,21,0.0,0.0,0.0,0.0,0.0,26.0,26.0,7.4,0.14
8,15,22,0.0,0.0,0.0,0.0,0.0,26.0,26.0,7.0,0.14
8,15,23,0.0,0.0,0.0,0.0,0.0,26.0,26.0,6.6,0.14
8,16,0,0.0,0.0,0.0,0.0,0.0,26.0,26.0,6.3,0.14
8,16,1,0.0,0.0,0.0,0.0,0.0,26.0,26.0,6.2,0.14
8,16,2,0.0,0.0,0.0,0.0,0.0,26.0,26.0,6.4,0.14
8,16,3,0.0,0.0,0.0,0.0,0.0,26.0,26.0,6.6,0.14
8,16,4,0.0,0.0,0.0,0.0,0.0,26.0,26.0,6.9,0.14
8,16,5,0.0,0.0,0.0,0.0,0.0,26.0,26.0,7.2,0.14
8,16,6,7.0,0.0,7.0,3594.171,0.0,26.0,26.068,7.5,0.14
8,16,7,146.576,109.0,114.0,135788.698,127013.602,26.0,27.631,7.8,0.14
8,16,8,161.038,2.0,160.0,150913.624,141602.591,26.0,27.78,7.9,0.14
8,16,9,315.686,39.0,288.0,297105.205,282614.024,26.0,29.479,7.9,0.14
8,16,10,568.755,171.0,422.0,531844.378,509035.454,27.0,33.321,7.8,0.14
8,16,11,960.811,892.0,110.0,897742.389,833333.333,27.0,37.833,7.7,0.14
8,16,12,1005.121,904.0,110.0,934318.603,833333.333,27.0,38.544,7.5,0.14
8,16,13,977.273,901.0,108.0,910296.354,833333.333,27.0,38.447,7.3,0.14
8,16,14,686.761,317.0,408.0,641290.418,614603.386,27.0,35.094,7.2,0.14
8,16,15,719.134,841.0,97.0,687027.536,658719.856,27.0,35.619,7.1,0.14
8,16,16,512.165,769.0,85.0,498761.817,477125.141,27.0,33.157,7.1,0.14
8,16,17,280.379,629.0,67.0,258734.409,245602.858,26.0,29.287,7.2,0.14
8,16,18,62.969,290.0,32.0,40795.238,35386.138,26.0,26.672,7.1,0.14
8,16,19,0.0,0.0,0.0,0.0,0.0,26.0,26.0,7.1,0.14
8,16,20,0.0,0.0,0.0,0.0,0.0,26.0,26.0,7.2,0.14
8,16,21,0.0,0.0,0.0,0.0,0.0,26.0,26.0,7.1,0.14
8,16,22,0.0,0.0,0.0,0.0,0.0,26.0,26.0,7.0,0.14
8,16,23,0.0,0.0,0.0,0.0,0.0,25.0,25.0,6.8,0.14
8,17,0,0.0,0.0,0.0,0.0,0.0,25.0,25.0,6.6,0.14
8,17,1,0.0,0.0,0.0,0.0,0.0,25.0,25.0,6.6,0.14
8,17,2,0.0,0.0,0.0,0.0,0.0,25.0,25.0,6.7,0.14
8,17,3,0.0,0.0,0.0,0.0,0.0,25.0,25.0,6.7,0.14
8,17,4,0.0,0.0,0.0,0.0,0.0,25.0,25.0,6.8,0.14
8,17,5,0.0,0.0,0.0,0.0,0.0,25.0,25.0,7.1,0.14
8,17,6,34.756,233.0,21.0,13920.07,9463.264,25.0,25.273,7.5,0.14
8,17,7,246.421,639.0,56.0,220870.283,209080.408,25.0,27.678,7.9,0.14
8,17,8,483.093,793.0,72.0,475063.506,454266.554,26.0,31.335,8.0,0.14
8,17,9,699.027,867.0,84.0,674734.645,646862.551,26.0,33.624,8.1,0.14
8,17,10,870.08,906.0,93.0,825654.139,792434.367,26.0,35.555,8.0,0.14
8,17,11,979.971,920.0,103.0,915610.401,833333.333,27.0,37.846,7.9,0.14
8,17,12,1022.212,924.0,108.0,950927.088,833333.333,27.0,38.308,7.9,0.14
8,17,13,990.837,915.0,109.0,924148.164,833333.333,27.0,38.066,7.8,0.14
8,17,14,891.702,896.0,105.0,840006.369,806278.041,27.0,36.97,7.8,0.14
8,17,15,729.493,857.0,97.0,698256.103,669550.551,27.0,35.174,7.8,0.14
8,17,16,519.95,786.0,85.0,507189.89,485254.573,27.0,32.844,7.8,0.14
8,17,17,283.867,644.0,67.0,261814.399,248573.712,26.0,29.083,8.0,0.14
8,17,18,63.058,289.0,33.0,40718.563,35312.18,26.0,26.611,8.1,0.14
8,17,19,0.0,0.0,0.0,0.0,0.0,26.0,26.0,8.2,0.14
8,17,20,0.0,0.0,0.0,0.0,0.0,26.0,26.0,8.2,0.14
8,17,21,0.0,0.0,0.0,0.0,0.0,26.0,26.0,8.2,0.14
8,17,22,0.0,0.0,0.0,0.0,0.0,26.0,26.0,8.0,0.14
8,17,23,0.0,0.0,0.0,0.0,0.0,26.0,26.0,7.7,0.14
8,18,0,0.0,0.0,0.0,0.0,0.0,26.0,26.0,7.3,0.14
8,18,1,0.0,0.0,0.0,0.0,0.0,25.0,25.0,6.9,0.14
8,18,2,0.0,0.0,0.0,0.0,0.0,25.0,25.0,6.7,0.14
8,18,3,0.0,0.0,0.0,0.0,0.0,25.0,25.0,6.6,0.14
8,18,4,0.0,0.0,0.0,0.0,0.0,25.0,25.0,6.6,0.14
8,18,5,0.0,0.0,0.0,0.0,0.0,25.0,25.0,6.9,0.14
8,18,6,32.314,184.0,22.0,13709.802,9260.446,25.0,25.269,7.4,0.14
8,18,7,49.0,0.0,49.0,44370.655,38834.863,26.0,26.548,7.8,0.14
8,18,8,369.857,330.0,199.0,358475.321,341809.552,26.0,30.106,7.9,0.14
8,18,9,524.066,302.0,310.0,499914.109,478236.602,26.0,31.741,8.0,0.14
8,18,10,293.572,17.0,279.0,273134.975,259493.155,26.0,29.225,7.9,0.14
8,18,11,689.431,223.0,477.0,639813.855,613179.144,27.0,34.801,7.6,0.14
8,18,12,389.738,23.0,367.0,359499.515,342797.455,27.0,31.569,7.2,0.14
8,18,13,688.819,246.0,452.0,638604.203,612012.355,27.0,35.266,7.0,0.14
8,18,14,875.139,866.0,116.0,822260.72,789161.191,27.0,37.571,7.0,0.14
8,18,15,713.931,823.0,108.0,681745.423,653624.909,27.0,35.642,7.0,0.14
8,18,16,505.296,748.0,93.0,491977.852,470581.558,27.0,33.074,7.1,0.14
8,18,17,272.855,601.0,72.0,250242.133,237411.497,27.0,30.166,7.3,0.14
8,18,18,57.684,244.0,33.0,37726.837,32426.463,26.0,26.601,7.4,0.14
8,18,19,0.0,0.0,0.0,0.0,0.0,26.0,26.0,7.4,0.14
8,18,20,0.0,0.0,0.0,0.0,0.0,26.0,26.0,7.4,0.14
8,18,21,0.0,0.0,0.0,0.0,0.0,26.0,26.0,7.3,0.14
8,18,22,0.0,0.0,0.0,0.0,0.0,26.0,26.0,7.2,0.14
8,18,23,0.0,0.0,0.0,0.0,0.0,26.0,26.0,7.0,0.14
8,19,0,0.0,0.0,0.0,0.0,0.0,26.0,26.0,6.8,0.14
8,19,1,0.0,0.0,0.0,0.0,0.0,26.0,26.0,6.8,0.14
8,19,2,0.0,0.0,0.0,0.0,0.0,26.0,26.0,7.0,0.14
8,19,3,0.0,0.0,0.0,0.0,0.0,26.0,26.0,7.2,0.14
8,19,4,0.0,0.0,0.0,0.0,0.0,26.0,26.0,7.4,0.14
8,19,5,0.0,0.0,0.0,0.0,0.0,26.0,26.0,7.7,0.14
8,19,6,29.83,133.0,23.0,13434.836,8995.224,26.0,26.244,8.1,0.14
8,19,7,237.847,580.0,66.0,212940.193,201431.313,26.0,28.495,8.3,0.14
8,19,8,476.954,758.0,85.0,468952.182,448371.779,26.0,31.08,8.4,0.14
8,19,9,693.073,843.0,96.0,669114.501,641441.552,26.0,33.424,8.3,0.14
8,19,10,865.103,885.0,107.0,821265.599,788201.331,26.0,35.328,8.2,0.14
8,19,11,449.03,41.0,410.0,416147.25,397437.935,27.0,31.839,8.1,0.14
8,19,12,388.718,23.0,366.0,359103.093,342415.08,27.0,31.186,8.1,0.14
8,19,13,736.426,275.0,472.0,684038.291,655836.532,27.0,34.958,8.1,0.14
8,19,14,316.752,18.0,301.0,293692.7,279322.438,27.0,30.355,8.3,0.14
8,19,15,259.016,15.0,248.0,241330.944,228816.067,27.0,29.726,8.4,0.14
8,19,16,273.172,75.0,232.0,259241.324,246091.811,27.0,29.863,8.5,0.14
8,19,17,271.968,594.0,75.0,250526.046,237685.35,26.0,28.824,8.5,0.14
8,19,18,56.013,224.0,34.0,36844.803,31575.682,26.0,26.534,8.4,0.14
8,19,19,0.0,0.0,0.0,0.0,0.0,26.0,26.0,8.4,0.14
8,19,20,0.0,0.0,0.0,0.0,0.0,26.0,26.0,8.3,0.14
8,19,21,0.0,0.0,0.0,0.0,0.0,26.0,26.0,8.2,0.14
8,19,22,0.0,0.0,0.0,0.0,0.0,26.0,26.0,8.0,0.14
8,19,23,0.0,0.0,0.0,0.0,0.0,26.0,26.0,7.9,0.14
8,20,0,0.0,0.0,0.0,0.0,0.0,26.0,26.0,7.8,0.14
8,20,1,0.0,0.0,0.0,0.0,0.0,26.0,26.0,7.7,0.14
8,20,2,0.0,0.0,0.0,0.0,0.0,25.0,25.0,7.6,0.14
8,20,3,0.0,0.0,0.0,0.0,0.0,25.0,25.0,7.5,0.14
8,20,4,0.0,0.0,0.0,0.0,0.0,25.0,25.0,7.5,0.14
8,20,5,0.0,0.0,0.0,0.0,0.0,25.0,25.0,7.7,0.14
8,20,6,28.397,90.0,24.0,13695.587,9246.735,25.0,25.244,8.0,0.14
8,20,7,231.926,521.0,78.0,208538.686,197185.769,26.0,28.459,8.2,0.14
8,20,8,468.149,709.0,102.0,459609.967,439360.596,26.0,31.029,8.3,0.14
8,20,9,434.74,148.0,330.0,412803.877,394213.032,26.0,30.587,8.4,0.14
8,20,10,857.774,849.0,131.0,810900.145,778203.167,27.0,36.164,8.3,0.14
8,20,11,970.301,876.0,137.0,907420.027,833333.333,27.0,37.353,8.3,0.14
8,20,12,692.501,190.0,505.0,641891.864,615183.521,27.0,34.341,8.3,0.14
8,20,13,745.507,290.0,467.0,692993.999,664474.903,27.0,34.914,8.3,0.14
8,20,14,354.84,25.0,333.0,329662.611,314017.791,27.0,30.726,8.4,0.14
8,20,15,361.485,58.0,319.0,339495.506,323502.268,27.0,30.774,8.5,0.14
8,20,16,506.346,736.0,104.0,494309.765,472830.842,27.0,32.295,8.6,0.14
8,20,17,270.448,579.0,80.0,249007.877,236220.975,26.0,28.784,8.6,0.14
8,20,18,54.542,205.0,35.0,36013.831,30774.155,26.0,26.516,8.5,0.14
8,20,19,0.0,0.0,0.0,0.0,0.0,26.0,26.0,8.3,0.14
8,20,20,0.0,0.0,0.0,0.0,0.0,26.0,26.0,8.2,0.14
8,20,21,0.0,0.0,0.0,0.0,0.0,26.0,26.0,8.1,0.14
8,20,22,0.0,0.0,0.0,0.0,0.0,26.0,26.0,7.8,0.14
8,20,23,0.0,0.0,0.0,0.0,0.0,25.0,25.0,7.4,0.14
8,21,0,0.0,0.0,0.0,0.0,0.0,25.0,25.0,7.1,0.14
8,21,1,0.0,0.0,0.0,0.0,0.0,25.0,25.0,6.9,0.14
8,21,2,0.0,0.0,0.0,0.0,0.0,25.0,25.0,6.8,0.14
8,21,3,0.0,0.0,0.0,0.0,0.0,25.0,25.0,6.6,0.14
8,21,4,0.0,0.0,0.0,0.0,0.0,25.0,25.0,6.6,0.14
8,21,5,0.0,0.0,0.0,0.0,0.0,25.0,25.0,6.7,0.14
8,21,6,4.0,0.0,4.0,2001.163,0.0,25.0,25.04,7.1,0.14
8,21,7,231.434,531.0,75.0,207519.082,196202.294,26.0,28.668,7.3,0.14
8,21,8,133.0,0.0,133.0,123840.851,115489.114,26.0,27.556,7.3,0.14
8,21,9,690.034,833.0,101.0,663827.939,636342.314,26.0,34.274,7.1,0.14
8,21,10,491.977,97.0,409.0,460066.16,439800.625,26.0,32.023,6.8,0.14
8,21,11,543.746,86.0,462.0,502789.874,481010.467,27.0,33.786,6.6,0.14
8,21,12,1018.997,923.0,109.0,941976.645,833333.333,27.0,39.945,6.5,0.14
8,21,13,986.694,913.0,111.0,916073.476,833333.333,27.0,39.278,6.7,0.14
8,21,14,883.236,889.0,108.0,829604.894,796245.132,27.0,37.779,6.9,0.14
8,21,15,719.028,846.0,101.0,687188.803,658875.409,27.0,35.618,7.1,0.14
8,21,16,507.573,769.0,89.0,496649.224,475087.405,26.0,32.043,7.2,0.14
8,21,17,270.895,622.0,68.0,247875.838,235129.049,26.0,29.2,7.1,0.14
8,21,18,53.451,254.0,30.0,32697.695,27575.523,26.0,26.57,6.9,0.14
8,21,19,0.0,0.0,0.0,0.0,0.0,26.0,26.0,6.7,0.14
8,21,20,0.0,0.0,0.0,0.0,0.0,26.0,26.0,6.6,0.14
8,21,21,0.0,0.0,0.0,0.0,0.0,26.0,26.0,6.5,0.14
8,21,22,0.0,0.0,0.0,0.0,0.0,26.0,26.0,6.2,0.14
8,21,23,0.0,0.0,0.0,0.0,0.0,25.0,25.0,6.0,0.14
8,22,0,0.0,0.0,0.0,0.0,0.0,25.0,25.0,5.9,0.14
8,22,1,0.0,0.0,0.0,0.0,0.0,25.0,25.0,5.8,0.14
8,22,2,0.0,0.0,0.0,0.0,0.0,25.0,25.0,5.8,0.14
8,22,3,0.0,0.0,0.0,0.0,0.0,25.0,25.0,5.8,0.14
8,22,4,0.0,0.0,0.0,0.0,0.0,25.0,25.0,5.7,0.14
8,22,5,0.0,0.0,0.0,0.0,0.0,25.0,25.0,5.7,0.14
8,22,6,30.489,203.0,20.0,12384.724,7982.322,25.0,25.288,5.9,0.14
8,22,7,241.957,633.0,56.0,215527.052,203926.51,25.0,28.221,5.9,0.14
8,22,8,481.447,791.0,74.0,472716.849,452003.049,25.0,31.732,5.7,0.14
8,22,9,698.975,869.0,85.0,668582.799,640928.69,26.0,35.972,5.5,0.14
8,22,10,871.587,912.0,92.0,817023.741,784109.779,26.0,38.708,5.3,0.14
8,22,11,677.504,209.0,479.0,623188.473,597142.866,27.0,36.924,5.2,0.14
8,22,12,1024.927,934.0,105.0,939407.169,833333.333,27.0,42.1,5.2,0.14
8,22,13,992.976,926.0,106.0,914699.796,833333.333,27.0,41.283,5.4,0.14
8,22,14,890.187,909.0,99.0,830706.332,797307.541,27.0,39.519,5.6,0.14
8,22,15,724.611,867.0,93.0,689508.736,661113.137,27.0,36.866,5.9,0.14
8,22,16,511.175,792.0,82.0,497215.043,475633.175,27.0,33.753,6.2,0.14
8,22,17,272.245,647.0,63.0,247084.082,234365.348,27.0,30.454,6.4,0.14
8,22,18,52.997,280.0,28.0,30832.34,25776.265,26.0,26.582,6.4,0.14
8,22,19,0.0,0.0,0.0,0.0,0.0,26.0,26.0,6.4,0.14
8,22,20,0.0,0.0,0.0,0.0,0.0,26.0,26.0,6.3,0.14
8,22,21,0.0,0.0,0.0,0.0,0.0,26.0,26.0,6.0,0.14
8,22,22,0.0,0.0,0.0,0.0,0.0,26.0,26.0,5.5,0.14
8,22,23,0.0,0.0,0.0,0.0,0.0,26.0,26.0,5.1,0.14
8,23,0,0.0,0.0,0.0,0.0,0.0,25.0,25.0,4.6,0.14
8,23,1,0.0,0.0,0.0,0.0,0.0,25.0,25.0,4.2,0.14
8,23,2,0.0,0.0,0.0,0.0,0.0,25.0,25.0,4.0,0.14
8,23,3,0.0,0.0,0.0,0.0,0.0,25.0,25.0,3.9,0.14
8,23,4,0.0,0.0,0.0,0.0,0.0,25.0,25.0,3.9,0.14
8,23,5,0.0,0.0,0.0,0.0,0.0,25.0,25.0,4.1,0.14
8,23,6,29.314,221.0,18.0,11349.376,6983.66,25.0,25.321,4.4,0.14
8,23,7,239.016,635.0,53.0,211144.421,199699.172,26.0,29.729,4.6,0.14
8,23,8,475.372,788.0,70.0,463329.73,442948.553,26.0,33.617,4.6,0.14
8,23,9,690.917,864.0,81.0,658226.548,630939.402,26.0,37.034,4.6,0.14
8,23,10,861.87,906.0,88.0,802211.786,769822.671,27.0,40.553,4.7,0.14
8,23,11,676.389,208.0,479.0,620246.298,594304.943,27.0,37.696,4.6,0.14
8,23,12,657.49,156.0,504.0,601264.584,575995.826,27.0,37.386,4.6,0.14
8,23,13,477.826,50.0,430.0,438874.481,419359.851,27.0,34.441,4.7,0.14
8,23,14,878.514,910.0,88.0,816109.1,783227.547,27.0,40.812,4.7,0.14
8,23,15,714.707,871.0,82.0,677146.009,649188.472,27.0,38.115,4.8,0.14
8,23,16,319.069,154.0,236.0,303049.058,288347.262,27.0,31.949,4.8,0.14
8,23,17,267.571,660.0,56.0,241261.548,228749.13,27.0,31.04,4.9,0.14
8,23,18,50.774,300.0,25.0,27735.624,22789.278,26.0,26.637,5.0,0.14
8,23,19,0.0,0.0,0.0,0.0,0.0,26.0,26.0,5.0,0.14
8,23,20,0.0,0.0,0.0,0.0,0.0,26.0,26.0,4.9,0.14
8,23,21,0.0,0.0,0.0,0.0,0.0,26.0,26.0,4.8,0.14
8,23,22,0.0,0.0,0.0,0.0,0.0,26.0,26.0,4.6,0.14
8,23,23,0.0,0.0,0.0,0.0,0.0,26.0,26.0,4.4,0.14
8,24,0,0.0,0.0,0.0,0.0,0.0,26.0,26.0,4.1,0.14
8,24,1,0.0,0.0,0.0,0.0,0.0,25.0,25.0,3.7,0.14
8,24,2,0.0,0.0,0.0,0.0,0.0,25.0,25.0,3.5,0.14
8,24,3,0.0,0.0,0.0,0.0,0.0,25.0,25.0,3.3,0.14
8,24,4,0.0,0.0,0.0,0.0,0.0,25.0,25.0,3.1,0.14
8,24,5,0.0,0.0,0.0,0.0,0.0,25.0,25.0,3.1,0.14
8,24,6,28.759,216.0,18.0,11187.948,6827.952,25.0,25.378,3.2,0.14
8,24,7,236.741,629.0,53.0,209054.203,197683.019,25.0,29.609,3.1,0.14
8,24,8,215.468,34.0,198.0,202404.839,191269.268,26.0,30.5,2.8,0.14
8,24,9,194.526,5.0,191.0,179236.786,168922.152,26.0,30.348,2.4,0.14
8,24,10,629.2,258.0,409.0,573382.699,549101.907,26.0,40.914,2.1,0.14
8,24,11,512.475,68.0,448.0,463540.4,443151.758,26.0,38.868,1.8,0.14
8,24,12,435.451,32.0,404.0,391556.499,373718.532,27.0,38.66,1.5,0.14
8,24,13,966.683,921.0,87.0,844646.28,810753.541,27.0,54.352,1.3,0.14
8,24,14,865.249,900.0,85.0,769425.513,738198.145,27.0,51.51,1.3,0.14
8,24,15,702.594,861.0,79.0,644696.468,617888.746,27.0,46.048,1.5,0.14
8,24,16,494.66,791.0,70.0,470747.892,450103.86,27.0,39.342,1.9,0.14
8,24,17,261.748,654.0,54.0,233470.628,221234.273,27.0,32.909,2.3,0.14
8,24,18,47.584,300.0,23.0,24475.347,19644.526,27.0,27.833,2.6,0.14
8,24,19,0.0,0.0,0.0,0.0,0.0,26.0,26.0,2.9,0.14
8,24,20,0.0,0.0,0.0,0.0,0.0,26.0,26.0,3.1,0.14
8,24,21,0.0,0.0,0.0,0.0,0.0,26.0,26.0,3.3,0.14
8,24,22,0.0,0.0,0.0,0.0,0.0,26.0,26.0,3.4,0.14
8,24,23,0.0,0.0,0.0,0.0,0.0,26.0,26.0,3.3,0.14
8,25,0,0.0,0.0,0.0,0.0,0.0,26.0,26.0,3.2,0.14
8,25,1,0.0,0.0,0.0,0.0,0.0,26.0,26.0,3.1,0.14
8,25,2,0.0,0.0,0.0,0.0,0.0,26.0,26.0,2.9,0.14
8,25,3,0.0,0.0,0.0,0.0,0.0,25.0,25.0,2.8,0.14
8,25,4,0.0,0.0,0.0,0.0,0.0,25.0,25.0,2.8,0.14
8,25,5,0.0,0.0,0.0,0.0,0.0,25.0,25.0,2.8,0.14
8,25,6,27.824,204.0,18.0,10960.49,6608.553,25.0,25.396,2.8,0.14
8,25,7,233.891,621.0,53.0,205349.229,194109.327,26.0,30.791,2.8,0.14
8,25,8,469.713,781.0,69.0,453199.005,433176.8,26.0,36.061,2.7,0.14
8,25,9,683.599,858.0,79.0,641432.89,614740.81,26.0,40.858,2.6,0.14
8,25,10,502.395,106.0,412.0,460571.484,440288.043,26.0,37.22,2.4,0.14
8,25,11,617.358,145.0,480.0,555557.648,531908.469,27.0,41.594,2.1,0.14
8,25,12,608.459,139.0,472.0,545758.783,522456.817,27.0,41.971,1.9,0.14
8,25,13,965.145,904.0,103.0,849536.245,815470.236,27.0,52.501,1.6,0.14
8,25,14,751.994,482.0,335.0,671371.815,643618.879,27.0,47.739,1.4,0.14
8,25,15,696.309,830.0,97.0,636493.686,609976.621,27.0,46.763,1.3,0.14
8,25,16,486.767,752.0,85.0,459779.954,439524.559,27.0,40.86,1.3,0.14
8,25,17,194.248,255.0,114.0,176554.288,166334.705,27.0,32.213,1.5,0.14
8,25,18,35.619,115.0,27.0,21071.23,16361.03,27.0,27.803,1.7,0.14
8,25,19,0.0,0.0,0.0,0.0,0.0,27.0,27.0,2.0,0.14
8,25,20,0.0,0.0,0.0,0.0,0.0,26.0,26.0,2.4,0.14
8,25,21,0.0,0.0,0.0,0.0,0.0,26.0,26.0,2.7,0.14
8,25,22,0.0,0.0,0.0,0.0,0.0,26.0,26.0,2.8,0.14
8,25,23,0.0,0.0,0.0,0.0,0.0,26.0,26.0,2.9,0.14
8,26,0,0.0,0.0,0.0,0.0,0.0,26.0,26.0,2.8,0.14
8,26,1,0.0,0.0,0.0,0.0,0.0,26.0,26.0,2.7,0.14
8,26,2,0.0,0.0,0.0,0.0,0.0,26.0,26.0,2.6,0.14
8,26,3,0.0,0.0,0.0,0.0,0.0,25.0,25.0,2.6,0.14
8,26,4,0.0,0.0,0.0,0.0,0.0,25.0,25.0,2.7,0.14
8,26,5,0.0,0.0,0.0,0.0,0.0,25.0,25.0,2.9,0.14
8,26,6,26.305,181.0,18.0,10633.479,6293.13,25.0,25.358,3.2,0.14
8,26,7,234.64,615.0,56.0,206501.857,195221.112,26.0,30.352,3.4,0.14
8,26,8,470.664,780.0,71.0,456267.391,436136.461,26.0,34.829,3.5,0.14
8,26,9,685.74,859.0,81.0,646109.053,619251.278,27.0,39.822,3.5,0.14
8,26,10,856.555,902.0,88.0,787990.295,756105.104,27.0,43.492,3.3,0.14
8,26,11,953.311,871.0,129.0,860855.668,826388.567,27.0,46.249,3.0,0.14
8,26,12,480.125,45.0,436.0,433217.205,413903.034,28.0,38.496,2.5,0.14
8,26,13,962.944,880.0,125.0,849285.155,815228.043,28.0,51.861,1.9,0.14
8,26,14,570.438,165.0,428.0,512728.827,490597.244,28.0,42.992,1.6,0.14
8,26,15,700.663,847.0,91.0,639015.946,612409.508,28.0,47.431,1.4,0.14
8,26,16,488.803,769.0,80.0,461189.31,440883.976,28.0,41.293,1.5,0.14
8,26,17,253.998,616.0,62.0,225773.658,213810.037,27.0,33.079,2.0,0.14
8,26,18,41.378,224.0,25.0,20711.471,16014.018,27.0,27.703,2.7,0.14
8,26,19,0.0,0.0,0.0,0.0,0.0,27.0,27.0,3.3,0.14
8,26,20,0.0,0.0,0.0,0.0,0.0,27.0,27.0,3.8,0.14
8,26,21,0.0,0.0,0.0,0.0,0.0,26.0,26.0,4.2,0.14
8,26,22,0.0,0.0,0.0,0.0,0.0,26.0,26.0,4.4,0.14
8,26,23,0.0,0.0,0.0,0.0,0.0,26.0,26.0,4.3,0.14
8,27,0,0.0,0.0,0.0,0.0,0.0,26.0,26.0,4.3,0.14
8,27,1,0.0,0.0,0.0,0.0,0.0,26.0,26.0,4.2,0.14
8,27,2,0.0,0.0,0.0,0.0,0.0,26.0,26.0,4.1,0.14
8,27,3,0.0,0.0,0.0,0.0,0.0,26.0,26.0,4.1,0.14
8,27,4,0.0,0.0,0.0,0.0,0.0,26.0,26.0,4.1,0.14
8,27,5,0.0,0.0,0.0,0.0,0.0,26.0,26.0,4.3,0.14
8,27,6,26.47,206.0,17.0,10191.106,5866.432,26.0,26.283,4.6,0.14
8,27,7,235.351,633.0,52.0,207268.298,195960.396,26.0,29.573,4.8,0.14
8,27,8,471.263,792.0,66.0,459675.373,439423.684,26.0,33.356,4.8,0.14
8,27,9,485.876,233.0,322.0,456508.528,436369.053,27.0,34.718,4.6,0.14
8,27,10,630.539,299.0,376.0,584668.005,559987.331,27.0,37.132,4.5,0.14
8,27,11,960.42,909.0,101.0,880004.765,833333.333,27.0,42.916,4.3,0.14
8,27,12,1001.047,918.0,102.0,907294.163,833333.333,28.0,45.053,4.1,0.14
8,27,13,968.006,912.0,101.0,880981.12,833333.333,28.0,44.496,4.1,0.14
8,27,14,858.224,871.0,108.0,791841.984,759820.311,28.0,42.436,4.2,0.14
8,27,15,692.908,825.0,101.0,652857.382,625760.486,28.0,39.362,4.4,0.14
8,27,16,481.492,744.0,88.0,466237.066,445752.871,27.0,34.711,4.6,0.14
8,27,17,246.615,582.0,67.0,221068.717,209271.811,27.0,30.767,4.8,0.14
8,27,18,37.002,177.0,25.0,17954.841,13355.067,27.0,27.445,4.9,0.14
8,27,19,0.0,0.0,0.0,0.0,0.0,27.0,27.0,5.0,0.14
8,27,20,0.0,0.0,0.0,0.0,0.0,26.0,26.0,5.1,0.14
8,27,21,0.0,0.0,0.0,0.0,0.0,26.0,26.0,5.0,0.14
8,27,22,0.0,0.0,0.0,0.0,0.0,26.0,26.0,4.9,0.14
8,27,23,0.0,0.0,0.0,0.0,0.0,26.0,26.0,4.7,0.14
8,28,0,0.0,0.0,0.0,0.0,0.0,26.0,26.0,4.6,0.14
8,28,1,0.0,0.0,0.0,0.0,0.0,26.0,26.0,4.6,0.14
8,28,2,0.0,0.0,0.0,0.0,0.0,26.0,26.0,4.7,0.14
8,28,3,0.0,0.0,0.0,0.0,0.0,26.0,26.0,4.8,0.14
8,28,4,0.0,0.0,0.0,0.0,0.0,26.0,26.0,4.9,0.14
8,28,5,0.0,0.0,0.0,0.0,0.0,26.0,26.0,5.0,0.14
8,28,6,26.719,215.0,17.0,10193.467,5868.71,26.0,26.266,5.1,0.14
8,28,7,237.457,649.0,50.0,208915.008,197548.756,26.0,29.426,5.2,0.14
8,28,8,475.86,806.0,64.0,464808.944,444375.352,26.0,33.063,5.2,0.14
8,28,9,691.619,879.0,74.0,658762.051,631455.93,27.0,37.233,5.2,0.14
8,28,10,861.772,918.0,81.0,805186.984,772692.445,27.0,39.721,5.2,0.14
8,28,11,970.309,931.0,91.0,895722.643,833333.333,27.0,41.13,5.3,0.14
8,28,12,524.598,64.0,462.0,480380.95,459395.58,28.0,35.484,5.4,0.14
8,28,13,974.937,924.0,98.0,897464.044,833333.333,28.0,41.697,5.6,0.14
8,28,14,356.203,27.0,333.0,328442.899,312841.299,28.0,32.854,5.8,0.14
8,28,15,324.318,41.0,295.0,303046.959,288345.238,27.0,31.382,5.9,0.14
8,28,16,489.578,788.0,75.0,476730.128,455874.122,27.0,33.689,5.9,0.14
8,28,17,253.129,642.0,57.0,226043.758,214070.566,27.0,30.342,6.0,0.14
8,28,18,38.202,248.0,22.0,15406.32,10896.85,26.0,26.353,6.0,0.14
8,28,19,0.0,0.0,0.0,0.0,0.0,26.0,26.0,6.0,0.14
8,28,20,0.0,0.0,0.0,0.0,0.0,26.0,26.0,5.9,0.14
8,28,21,0.0,0.0,0.0,0.0,0.0,26.0,26.0,5.8,0.14
8,28,22,0.0,0.0,0.0,0.0,0.0,26.0,26.0,5.7,0.14
8,28,23,0.0,0.0,0.0,0.0,0.0,26.0,26.0,5.6,0.14
8,29,0,0.0,0.0,0.0,0.0,0.0,26.0,26.0,5.5,0.14
8,29,1,0.0,0.0,0.0,0.0,0.0,26.0,26.0,5.5,0.14
8,29,2,0.0,0.0,0.0,0.0,0.0,26.0,26.0,5.5,0.14
8,29,3,0.0,0.0,0.0,0.0,0.0,26.0,26.0,5.3,0.14
8,29,4,0.0,0.0,0.0,0.0,0.0,26.0,26.0,5.2,0.14
8,29,5,0.0,0.0,0.0,0.0,0.0,26.0,26.0,5.2,0.14
8,29,6,25.689,200.0,17.0,9968.676,5651.883,26.0,26.25,5.4,0.14
8,29,7,236.624,641.0,52.0,208310.464,196965.634,26.0,29.293,5.5,0.14
8,29,8,284.806,127.0,220.0,271916.812,258318.156,26.0,30.052,5.5,0.14
8,29,9,298.462,32.0,276.0,279581.801,265711.544,26.0,30.274,5.4,0.14
8,29,10,860.323,916.0,82.0,804889.73,772405.724,27.0,39.395,5.4,0.14
8,29,11,965.927,921.0,97.0,893000.344,833333.333,27.0,40.733,5.5,0.14
8,29,12,1004.512,926.0,100.0,924565.011,833333.333,27.0,41.275,5.5,0.14
8,29,13,970.726,918.0,101.0,897413.535,833333.333,27.0,40.638,5.6,0.14
8,29,14,865.009,897.0,96.0,806407.008,773869.239,28.0,40.027,5.7,0.14
8,29,15,352.046,59.0,310.0,329423.674,313787.321,27.0,31.868,5.7,0.14
8,29,16,220.792,34.0,203.0,207860.013,196531.144,27.0,29.994,5.9,0.14
8,29,17,246.326,613.0,61.0,219737.853,207988.105,27.0,30.215,6.1,0.14
8,29,18,34.331,190.0,23.0,14492.223,10015.143,27.0,27.32,6.3,0.14
8,29,19,0.0,0.0,0.0,0.0,0.0,27.0,27.0,6.4,0.14
8,29,20,0.0,0.0,0.0,0.0,0.0,26.0,26.0,6.5,0.14
8,29,21,0.0,0.0,0.0,0.0,0.0,26.0,26.0,6.6,0.14
8,29,22,0.0,0.0,0.0,0.0,0.0,26.0,26.0,6.6,0.14
8,29,23,0.0,0.0,0.0,0.0,0.0,26.0,26.0,6.5,0.14
8,30,0,0.0,0.0,0.0,0.0,0.0,26.0,26.0,6.4,0.14
8,30,1,0.0,0.0,0.0,0.0,0.0,26.0,26.0,6.2,0.14
8,30,2,0.0,0.0,0.0,0.0,0.0,26.0,26.0,6.2,0.14
8,30,3,0.0,0.0,0.0,0.0,0.0,26.0,26.0,6.2,0.14
8,30,4,0.0,0.0,0.0,0.0,0.0,26.0,26.0,6.1,0.14
8,30,5,0.0,0.0,0.0,0.0,0.0,26.0,26.0,5.9,0.14
8,30,6,24.021,172.0,17.0,9639.353,5334.23,26.0,26.228,5.9,0.14
8,30,7,233.507,625.0,54.0,205727.643,194474.332,26.0,29.103,5.9,0.14
8,30,8,472.061,791.0,69.0,461725.233,441400.909,26.0,32.525,5.8,0.14
8,30,9,687.337,869.0,78.0,655990.677,628782.756,27.0,36.693,5.6,0.14
8,30,10,857.453,910.0,85.0,802292.278,769900.31,27.0,39.354,5.4,0.14
8,30,11,964.548,928.0,90.0,887930.439,833333.333,28.0,41.879,5.4,0.14
8,30,12,1002.138,931.0,94.0,919092.41,833333.333,28.0,42.242,5.5,0.14
8,30,13,966.997,921.0,96.0,891971.079,833333.333,28.0,41.276,5.8,0.14
8,30,14,858.851,892.0,96.0,803154.164,770731.656,28.0,39.288,6.2,0.14
8,30,15,690.776,846.0,90.0,661035.258,633648.588,27.0,35.718,6.6,0.14
8,30,16,477.106,765.0,79.0,466039.527,445562.331,27.0,32.798,7.0,0.14
8,30,17,241.959,605.0,61.0,215597.808,203994.757,27.0,29.786,7.3,0.14
8,30,18,32.096,183.0,22.0,13563.724,9119.544,26.0,26.268,7.4,0.14
8,30,19,0.0,0.0,0.0,0.0,0.0,26.0,26.0,7.4,0.14
8,30,20,0.0,0.0,0.0,0.0,0.0,26.0,26.0,7.5,0.14
8,30,21,0.0,0.0,0.0,0.0,0.0,26.0,26.0,7.4,0.14
8,30,22,0.0,0.0,0.0,0.0,0.0,26.0,26.0,7.2,0.14
8,30,23,0.0,0.0,0.0,0.0,0.0,26.0,26.0,6.9,0.14
8,31,0,0.0,0.0,0.0,0.0,0.0,26.0,26.0,6.6,0.14
8,31,1,0.0,0.0,0.0,0.0,0.0,26.0,26.0,6.4,0.14
8,31,2,0.0,0.0,0.0,0.0,0.0,26.0,26.0,6.3,0.14
8,31,3,0.0,0.0,0.0,0.0,0.0,26.0,26.0,6.2,0.14
8,31,4,0.0,0.0,0.0,0.0,0.0,26.0,26.0,6.2,0.14
8,31,5,0.0,0.0,0.0,0.0,0.0,26.0,26.0,6.2,0.14
8,31,6,22.872,132.0,18.0,9834.032,5522.011,26.0,26.216,6.4,0.14
8,31,7,229.687,589.0,61.0,203076.65,191917.275,26.0,28.831,6.6,0.14
8,31,8,466.69,758.0,81.0,457007.035,436849.896,26.0,31.908,6.6,0.14
8,31,9,245.806,14.0,236.0,229717.459,217614.093,26.0,29.109,6.5,0.14
8,31,10,852.061,881.0,105.0,801437.836,769076.145,27.0,37.843,6.5,0.14
8,31,11,957.523,894.0,116.0,889868.949,833333.333,27.0,39.299,6.4,0.14
8,31,12,993.794,894.0,123.0,918218.474,833333.333,27.0,40.183,6.1,0.14
8,31,13,955.674,880.0,125.0,885913.456,833333.333,27.0,39.823,6.0,0.14
8,31,14,868.782,893.0,107.0,817195.12,784275.085,27.0,37.715,6.8,0.14
8,31,15,232.783,11.0,225.0,216399.701,204768.237,27.0,29.796,7.0,0.14
8,31,16,129.0,0.0,129.0,119463.132,111266.515,27.0,28.524,7.2,0.14
8,31,17,240.73,594.0,65.0,215126.384,203540.038,26.0,28.771,7.3,0.14
8,31,18,29.218,148.0,22.0,12825.264,8407.251,26.0,26.254,7.3,0.14
8,31,19,0.0,0.0,0.0,0.0,0.0,26.0,26.0,7.3,0.14
8,31,20,0.0,0.0,0.0,0.0,0.0,26.0,26.0,7.3,0.14
8,31,21,0.0,0.0,0.0,0.0,0.0,26.0,26.0,7.3,0.14
8,31,22,0.0,0.0,0.0,0.0,0.0,26.0,26.0,7.2,0.14
8,31,23,0.0,0.0,0.0,0.0,0.0,26.0,26.0,6.9,0.14
9,1,0,0.0,0.0,0.0,0.0,0.0,26.0,26.0,6.7,0.14
9,1,1,0.0,0.0,0.0,0.0,0.0,25.0,25.0,6.5,0.14
9,1,2,0.0,0.0,0.0,0.0,0.0,25.0,25.0,6.3,0.14
9,1,3,0.0,0.0,0.0,0.0,0.0,25.0,25.0,6.0,0.14
9,1,4,0.0,0.0,0.0,0.0,0.0,25.0,25.0,5.8,0.14
9,1,5,0.0,0.0,0.0,0.0,0.0,25.0,25.0,5.9,0.14
9,1,6,23.258,143.0,18.0,9866.247,5553.085,26.0,26.22,6.3,0.14
9,1,7,233.916,609.0,60.0,206534.773,195252.862,26.0,28.881,6.6,0.14
9,1,8,318.632,202.0,216.0,306301.832,291484.778,26.0,29.973,6.7,0.14
9,1,9,325.884,47.0,293.0,306687.704,291856.977,26.0,29.998,6.8,0.14
9,1,10,219.776,8.0,213.0,202224.892,191095.698,27.0,29.687,6.8,0.14
9,1,11,703.04,250.0,468.0,651188.308,624150.555,27.0,35.701,6.7,0.14
9,1,12,1009.594,927.0,108.0,934469.087,833333.333,27.0,39.827,6.5,0.14
9,1,13,516.834,72.0,449.0,477943.615,457044.61,27.0,33.518,6.5,0.14
9,1,14,865.063,898.0,101.0,813805.894,781005.953,27.0,37.78,6.7,0.14
9,1,15,695.453,856.0,92.0,666237.209,638666.214,27.0,35.51,6.9,0.14
9,1,16,479.746,777.0,80.0,468889.635,448311.448,27.0,32.772,7.1,0.14
9,1,17,239.906,615.0,60.0,213308.829,201786.886,26.0,28.785,7.2,0.14
9,1,18,27.911,171.0,20.0,11686.902,7309.226,26.0,26.239,7.1,0.14
9,1,19,0.0,0.0,0.0,0.0,0.0,26.0,26.0,7.0,0.14
9,1,20,0.0,0.0,0.0,0.0,0.0,26.0,26.0,6.9,0.14
9,1,21,0.0,0.0,0.0,0.0,0.0,26.0,26.0,6.8,0.14
9,1,22,0.0,0.0,0.0,0.0,0.0,25.0,25.0,6.5,0.14
9,1,23,0.0,0.0,0.0,0.0,0.0,25.0,25.0,6.2,0.14
9,2,0,0.0,0.0,0.0,0.0,0.0,25.0,25.0,6.0,0.14
9,2,1,0.0,0.0,0.0,0.0,0.0,25.0,25.0,5.9,0.14
9,2,2,0.0,0.0,0.0,0.0,0.0,25.0,25.0,5.8,0.14
9,2,3,0.0,0.0,0.0,0.0,0.0,25.0,25.0,5.7,0.14
9,2,4,0.0,0.0,0.0,0.0,0.0,25.0,25.0,5.7,0.14
9,2,5,0.0,0.0,0.0,0.0,0.0,25.0,25.0,5.9,0.14
9,2,6,22.925,161.0,17.0,9405.969,5109.116,25.0,25.213,6.2,0.14
9,2,7,117.245,43.0,105.0,109115.383,101285.428,25.0,26.488,6.5,0.14
9,2,8,475.782,790.0,75.0,465747.1,445280.266,26.0,32.152,6.4,0.14
9,2,9,471.158,212.0,323.0,446829.539,427033.029,26.0,32.106,6.3,0.14
9,2,10,862.958,910.0,93.0,812904.15,780136.161,26.0,37.598,6.0,0.14
9,2,11,398.291,28.0,372.0,368695.311,351667.408,26.0,31.484,5.7,0.14
9,2,12,1006.973,935.0,99.0,926936.535,833333.333,27.0,41.311,5.5,0.14
9,2,13,968.626,927.0,97.0,895461.082,833333.333,27.0,40.772,5.5,0.14
9,2,14,858.179,897.0,97.0,803474.874,771041.002,27.0,39.073,5.6,0.14
9,2,15,317.794,41.0,289.0,297149.098,282656.361,27.0,31.295,5.9,0.14
9,2,16,156.511,1.0,156.0,146400.272,137249.166,26.0,28.074,6.1,0.14
9,2,17,112.808,27.0,105.0,104828.646,97150.587,26.0,27.448,6.4,0.14
9,2,18,25.846,164.0,19.0,10790.701,6444.781,26.0,26.233,6.6,0.14
9,2,19,0.0,0.0,0.0,0.0,0.0,26.0,26.0,6.6,0.14
9,2,20,0.0,0.0,0.0,0.0,0.0,26.0,26.0,6.5,0.14
9,2,21,0.0,0.0,0.0,0.0,0.0,26.0,26.0,6.4,0.14
9,2,22,0.0,0.0,0.0,0.0,0.0,25.0,25.0,6.1,0.14
9,2,23,0.0,0.0,0.0,0.0,0.0,25.0,25.0,5.8,0.14
9,3,0,0.0,0.0,0.0,0.0,0.0,25.0,25.0,5.5,0.14
9,3,1,0.0,0.0,0.0,0.0,0.0,25.0,25.0,5.3,0.14
9,3,2,0.0,0.0,0.0,0.0,0.0,25.0,25.0,5.2,0.14
9,3,3,0.0,0.0,0.0,0.0,0.0,25.0,25.0,5.2,0.14
9,3,4,0.0,0.0,0.0,0.0,0.0,25.0,25.0,5.3,0.14
9,3,5,0.0,0.0,0.0,0.0,0.0,25.0,25.0,5.5,0.14
9,3,6,22.035,146.0,17.0,9230.222,4939.596,25.0,25.221,5.7,0.14
9,3,7,7.0,0.0,7.0,5780.101,1611.726,25.0,25.094,6.0,0.14
9,3,8,99.0,0.0,99.0,91627.629,84417.335,25.0,26.312,6.1,0.14
9,3,9,215.584,8.0,210.0,200750.616,189673.661,26.0,28.847,6.1,0.14
9,3,10,279.832,14.0,268.0,259566.804,246405.758,26.0,29.728,6.0,0.14
9,3,11,242.315,11.0,232.0,223078.072,211209.967,26.0,29.26,5.9,0.14
9,3,12,253.635,12.0,242.0,232325.963,220130.168,27.0,30.49,5.7,0.14
9,3,13,411.089,31.0,382.0,378995.847,361602.954,27.0,32.727,5.6,0.14
9,3,14,273.001,13.0,262.0,251901.54,239012.105,27.0,30.807,5.6,0.14
9,3,15,449.727,174.0,328.0,423423.573,404456.429,27.0,33.303,5.6,0.14
9,3,16,474.594,790.0,73.0,463679.101,443285.544,26.0,32.712,5.6,0.14
9,3,17,236.039,637.0,54.0,207595.964,196276.451,26.0,29.208,5.7,0.14
9,3,18,24.727,195.0,17.0,9679.426,5372.883,26.0,26.238,5.6,0.14
9,3,19,0.0,0.0,0.0,0.0,0.0,26.0,26.0,5.5,0.14
9,3,20,0.0,0.0,0.0,0.0,0.0,26.0,26.0,5.2,0.14
9,3,21,0.0,0.0,0.0,0.0,0.0,26.0,26.0,4.9,0.14
9,3,22,0.0,0.0,0.0,0.0,0.0,26.0,26.0,4.4,0.14
9,3,23,0.0,0.0,0.0,0.0,0.0,25.0,25.0,3.9,0.14
9,4,0,0.0,0.0,0.0,0.0,0.0,25.0,25.0,3.5,0.14
9,4,1,0.0,0.0,0.0,0.0,0.0,25.0,25.0,3.2,0.14
9,4,2,0.0,0.0,0.0,0.0,0.0,25.0,25.0,3.1,0.14
9,4,3,0.0,0.0,0.0,0.0,0.0,25.0,25.0,3.3,0.14
9,4,4,0.0,0.0,0.0,0.0,0.0,25.0,25.0,3.4,0.14
9,4,5,0.0,0.0,0.0,0.0,0.0,25.0,25.0,3.6,0.14
9,4,6,22.872,209.0,15.0,8532.647,4266.738,25.0,25.256,4.1,0.14
9,4,7,233.58,652.0,49.0,203932.602,192742.897,26.0,29.731,4.4,0.14
9,4,8,472.648,808.0,64.0,460272.281,439999.441,26.0,33.572,4.6,0.14
9,4,9,687.908,882.0,73.0,656852.935,629614.461,26.0,36.705,4.8,0.14
9,4,10,857.421,921.0,80.0,799572.352,767276.762,27.0,40.312,4.8,0.14
9,4,11,965.472,937.0,88.0,887345.225,833333.333,27.0,42.367,4.6,0.14
9,4,12,1000.868,940.0,91.0,912548.006,833333.333,27.0,43.816,4.2,0.14
9,4,13,961.822,930.0,91.0,879436.405,833333.333,27.0,43.632,4.0,0.14
9,4,14,853.405,907.0,88.0,790243.398,758278.37,27.0,41.992,3.9,0.14
9,4,15,682.348,863.0,81.0,645287.868,618459.19,27.0,39.014,3.9,0.14
9,4,16,466.59,785.0,70.0,451212.238,431260.432,27.0,35.119,4.0,0.14
9,4,17,229.741,626.0,53.0,199884.27,188838.013,27.0,30.828,4.1,0.14
9,4,18,22.012,174.0,16.0,8716.418,4443.998,26.0,26.25,4.4,0.14
9,4,19,0.0,0.0,0.0,0.0,0.0,26.0,26.0,4.5,0.14
9,4,20,0.0,0.0,0.0,0.0,0.0,26.0,26.0,4.6,0.14
9,4,21,0.0,0.0,0.0,0.0,0.0,26.0,26.0,4.6,0.14
9,4,22,0.0,0.0,0.0,0.0,0.0,26.0,26.0,4.5,0.14
9,4,23,0.0,0.0,0.0,0.0,0.0,26.0,26.0,4.4,0.14
9,5,0,0.0,0.0,0.0,0.0,0.0,26.0,26.0,4.3,0.14
9,5,1,0.0,0.0,0.0,0.0,0.0,26.0,26.0,4.1,0.14
9,5,2,0.0,0.0,0.0,0.0,0.0,26.0,26.0,3.9,0.14
9,5,3,0.0,0.0,0.0,0.0,0.0,26.0,26.0,3.8,0.14
9,5,4,0.0,0.0,0.0,0.0,0.0,25.0,25.0,3.8,0.14
9,5,5,0.0,0.0,0.0,0.0,0.0,25.0,25.0,3.8,0.14
9,5,6,20.732,146.0,16.0,8516.759,4251.414,26.0,26.253,4.1,0.14
9,5,7,227.744,612.0,55.0,199295.103,188269.723,26.0,29.641,4.4,0.14
9,5,8,255.92,85.0,213.0,242925.365,230353.99,26.0,30.184,4.4,0.14
9,5,9,410.34,124.0,324.0,385805.861,368171.663,26.0,32.687,4.4,0.14
9,5,10,858.017,911.0,90.0,796868.027,764668.262,27.0,41.24,4.3,0.14
9,5,11,969.107,939.0,91.0,888099.192,833333.333,27.0,43.064,4.3,0.14
9,5,12,1007.08,947.0,92.0,919484.738,833333.333,27.0,43.459,4.4,0.14
9,5,13,971.147,942.0,91.0,892158.14,833333.333,27.0,42.458,4.6,0.14
9,5,14,859.567,911.0,93.0,801142.452,768791.227,27.0,40.344,4.8,0.14
9,5,15,687.688,867.0,86.0,654442.78,627289.708,27.0,37.431,5.0,0.14
9,5,16,468.59,784.0,75.0,455051.299,434963.459,27.0,33.866,5.3,0.14
9,5,17,227.941,613.0,57.0,199411.661,188382.151,26.0,29.13,5.6,0.14
9,5,18,21.613,132.0,16.0,9414.986,5117.813,26.0,26.221,5.8,0.14
9,5,19,0.0,0.0,0.0,0.0,0.0,26.0,26.0,5.8,0.14
9,5,20,0.0,0.0,0.0,0.0,0.0,26.0,26.0,5.7,0.14
9,5,21,0.0,0.0,0.0,0.0,0.0,26.0,26.0,5.6,0.14
9,5,22,0.0,0.0,0.0,0.0,0.0,26.0,26.0,5.4,0.14
9,5,23,0.0,0.0,0.0,0.0,0.0,26.0,26.0,5.3,0.14
9,6,0,0.0,0.0,0.0,0.0,0.0,26.0,26.0,5.1,0.14
9,6,1,0.0,0.0,0.0,0.0,0.0,26.0,26.0,5.0,0.14
9,6,2,0.0,0.0,0.0,0.0,0.0,26.0,26.0,4.8,0.14
9,6,3,0.0,0.0,0.0,0.0,0.0,26.0,26.0,4.8,0.14
9,6,4,0.0,0.0,0.0,0.0,0.0,26.0,26.0,4.9,0.14
9,6,5,0.0,0.0,0.0,0.0,0.0,26.0,26.0,5.1,0.14
9,6,6,20.67,148.0,16.0,8483.679,4219.506,26.0,26.213,5.4,0.14
9,6,7,227.507,613.0,55.0,199341.292,188314.275,26.0,29.125,5.6,0.14
9,6,8,467.732,785.0,72.0,456726.29,436579.099,26.0,32.614,5.6,0.14
9,6,9,290.166,29.0,270.0,271783.451,258189.521,26.0,30.156,5.4,0.14
9,6,10,372.626,34.0,344.0,344918.49,328733.094,27.0,32.522,5.1,0.14
9,6,11,722.129,285.0,456.0,663885.025,636397.377,27.0,37.994,4.9,0.14
9,6,12,631.052,168.0,469.0,579226.514,554738.653,27.0,36.843,4.7,0.14
9,6,13,957.93,931.0,90.0,882443.503,833333.333,27.0,41.854,4.8,0.14
9,6,14,444.05,68.0,387.0,411569.452,393022.348,27.0,33.668,5.0,0.14
9,6,15,320.1,45.0,289.0,299312.001,284742.625,27.0,31.586,5.4,0.14
9,6,16,169.492,7.0,166.0,158428.722,148851.4,27.0,29.324,5.8,0.14
9,6,17,85.0,0.0,85.0,78321.318,71582.52,27.0,28.105,6.3,0.14
9,6,18,7.0,0.0,7.0,3594.041,0.0,26.0,26.075,6.6,0.14
9,6,19,0.0,0.0,0.0,0.0,0.0,26.0,26.0,6.9,0.14
9,6,20,0.0,0.0,0.0,0.0,0.0,26.0,26.0,7.2,0.14
9,6,21,0.0,0.0,0.0,0.0,0.0,26.0,26.0,7.3,0.14
9,6,22,0.0,0.0,0.0,0.0,0.0,26.0,26.0,7.1,0.14
9,6,23,0.0,0.0,0.0,0.0,0.0,26.0,26.0,6.8,0.14
9,7,0,0.0,0.0,0.0,0.0,0.0,26.0,26.0,6.6,0.14
9,7,1,0.0,0.0,0.0,0.0,0.0,26.0,26.0,6.5,0.14
9,7,2,0.0,0.0,0.0,0.0,0.0,26.0,26.0,6.5,0.14
9,7,3,0.0,0.0,0.0,0.0,0.0,26.0,26.0,6.5,0.14
9,7,4,0.0,0.0,0.0,0.0,0.0,26.0,26.0,6.6,0.14
9,7,5,0.0,0.0,0.0,0.0,0.0,26.0,26.0,6.7,0.14
9,7,6,18.161,56.0,17.0,8788.784,4513.8,26.0,26.175,7.0,0.14
9,7,7,216.014,524.0,69.0,190982.154,180251.334,26.0,28.505,7.2,0.14
9,7,8,452.851,719.0,91.0,443243.636,423574.189,26.0,31.445,7.1,0.14
9,7,9,669.966,815.0,104.0,642693.386,615956.641,27.0,35.115,7.0,0.14
9,7,10,839.15,866.0,111.0,790998.449,759006.666,27.0,37.35,6.8,0.14
9,7,11,949.274,898.0,112.0,883628.617,833333.333,27.0,39.066,6.5,0.14
9,7,12,986.259,908.0,112.0,913574.95,833333.333,27.0,39.803,6.3,0.14
9,7,13,948.968,902.0,110.0,882134.404,833333.333,27.0,39.459,6.2,0.14
9,7,14,403.313,47.0,364.0,374801.169,357556.911,27.0,32.26,6.2,0.14
9,7,15,663.748,809.0,107.0,635261.104,608787.715,27.0,35.744,6.2,0.14
9,7,16,447.792,718.0,92.0,435274.858,415887.777,27.0,32.785,6.4,0.14
9,7,17,210.78,529.0,67.0,183827.68,173350.372,27.0,29.565,6.7,0.14
9,7,18,15.881,53.0,14.0,7699.033,3462.663,26.0,26.156,6.9,0.14
9,7,19,0.0,0.0,0.0,0.0,0.0,26.0,26.0,7.0,0.14
9,7,20,0.0,0.0,0.0,0.0,0.0,26.0,26.0,7.1,0.14
9,7,21,0.0,0.0,0.0,0.0,0.0,26.0,26.0,7.1,0.14
9,7,22,0.0,0.0,0.0,0.0,0.0,26.0,26.0,6.9,0.14
9,7,23,0.0,0.0,0.0,0.0,0.0,26.0,26.0,6.5,0.14
9,8,0,0.0,0.0,0.0,0.0,0.0,26.0,26.0,6.1,0.14
9,8,1,0.0,0.0,0.0,0.0,0.0,26.0,26.0,5.9,0.14
9,8,2,0.0,0.0,0.0,0.0,0.0,26.0,26.0,5.8,0.14
9,8,3,0.0,0.0,0.0,0.0,0.0,26.0,26.0,5.9,0.14
9,8,4,0.0,0.0,0.0,0.0,0.0,26.0,26.0,6.0,0.14
9,8,5,0.0,0.0,0.0,0.0,0.0,26.0,26.0,6.1,0.14
9,8,6,20.983,115.0,16.0,9335.174,5040.829,26.0,26.199,6.6,0.14
9,8,7,226.817,600.0,59.0,199147.342,188127.197,26.0,28.705,6.9,0.14
9,8,8,466.859,774.0,78.0,457227.509,437062.557,26.0,31.671,7.0,0.14
9,8,9,683.299,857.0,89.0,655721.25,628522.877,27.0,35.279,7.0,0.14
9,8,10,852.842,899.0,98.0,804134.13,771676.898,27.0,37.414,6.9,0.14
9,8,11,957.792,915.0,106.0,892229.129,833333.333,27.0,38.923,6.7,0.14
9,8,12,991.349,915.0,112.0,919534.071,833333.333,27.0,39.465,6.6,0.14
9,8,13,679.352,231.0,465.0,629649.411,603374.866,27.0,35.496,6.6,0.14
9,8,14,839.624,881.0,105.0,791928.871,759904.12,27.0,37.358,6.8,0.14
9,8,15,665.736,830.0,97.0,639761.277,613128.429,27.0,34.907,7.2,0.14
9,8,16,446.782,735.0,85.0,435304.79,415916.648,27.0,32.164,7.5,0.14
9,8,17,209.373,542.0,64.0,181824.65,171418.318,27.0,29.283,7.8,0.14
9,8,18,14.631,51.0,13.0,7089.148,2874.389,26.0,26.13,7.9,0.14
9,8,19,0.0,0.0,0.0,0.0,0.0,26.0,26.0,8.0,0.14
9,8,20,0.0,0.0,0.0,0.0,0.0,26.0,26.0,7.9,0.14
9,8,21,0.0,0.0,0.0,0.0,0.0,26.0,26.0,7.7,0.14
9,8,22,0.0,0.0,0.0,0.0,0.0,26.0,26.0,7.4,0.14
9,8,23,0.0,0.0,0.0,0.0,0.0,26.0,26.0,7.0,0.14
9,9,0,0.0,0.0,0.0,0.0,0.0,26.0,26.0,6.8,0.14
9,9,1,0.0,0.0,0.0,0.0,0.0,26.0,26.0,6.8,0.14
9,9,2,0.0,0.0,0.0,0.0,0.0,26.0,26.0,6.9,0.14
9,9,3,0.0,0.0,0.0,0.0,0.0,26.0,26.0,6.9,0.14
9,9,4,0.0,0.0,0.0,0.0,0.0,26.0,26.0,7.0,0.14
9,9,5,0.0,0.0,0.0,0.0,0.0,26.0,26.0,7.0,0.14
9,9,6,19.418,57.0,17.0,9513.224,5212.57,26.0,26.183,7.3,0.14
9,9,7,220.957,545.0,69.0,195061.93,184186.547,26.0,28.464,7.6,0.14
9,9,8,270.166,110.0,215.0,258458.792,245337.006,26.0,28.992,7.9,0.14
9,9,9,155.0,0.0,155.0,143228.862,134190.132,26.0,27.691,8.0,0.14
9,9,10,642.014,297.0,393.0,602844.952,577520.196,27.0,34.016,8.0,0.14
9,9,11,961.051,906.0,119.0,899417.681,833333.333,27.0,37.638,7.9,0.14
9,9,12,995.734,913.0,120.0,928284.452,833333.333,27.0,38.12,7.8,0.14
9,9,13,956.675,906.0,118.0,895037.353,833333.333,27.0,37.789,7.7,0.14
9,9,14,846.275,893.0,104.0,800846.139,768505.414,27.0,36.558,7.7,0.14
9,9,15,671.054,840.0,98.0,645795.936,618949.256,27.0,34.596,7.7,0.14
9,9,16,91.0,0.0,91.0,83776.018,76843.938,26.0,27.025,7.7,0.14
9,9,17,209.27,549.0,64.0,181807.596,171401.867,26.0,28.28,7.8,0.14
9,9,18,13.195,42.0,12.0,6467.49,2274.758,26.0,26.121,7.7,0.14
9,9,19,0.0,0.0,0.0,0.0,0.0,26.0,26.0,7.7,0.14
9,9,20,0.0,0.0,0.0,0.0,0.0,26.0,26.0,7.7,0.14
9,9,21,0.0,0.0,0.0,0.0,0.0,26.0,26.0,7.6,0.14
9,9,22,0.0,0.0,0.0,0.0,0.0,26.0,26.0,7.4,0.14
9,9,23,0.0,0.0,0.0,0.0,0.0,26.0,26.0,7.2,0.14
9,10,0,0.0,0.0,0.0,0.0,0.0,26.0,26.0,7.0,0.14
9,10,1,0.0,0.0,0.0,0.0,0.0,26.0,26.0,6.7,0.14
9,10,2,0.0,0.0,0.0,0.0,0.0,26.0,26.0,6.5,0.14
9,10,3,0.0,0.0,0.0,0.0,0.0,26.0,26.0,6.2,0.14
9,10,4,0.0,0.0,0.0,0.0,0.0,26.0,26.0,6.0,0.14
9,10,5,0.0,0.0,0.0,0.0,0.0,26.0,26.0,5.9,0.14
9,10,6,19.362,81.0,16.0,9074.086,4788.993,26.0,26.201,6.1,0.14
9,10,7,224.255,573.0,65.0,197113.069,186165.007,26.0,28.789,6.5,0.14
9,10,8,465.953,755.0,88.0,455342.13,435243.985,26.0,31.958,6.5,0.14
9,10,9,685.635,847.0,100.0,656230.535,629014.115,27.0,35.84,6.4,0.14
9,10,10,856.947,897.0,106.0,805109.718,772617.917,27.0,38.265,6.2,0.14
9,10,11,964.563,921.0,110.0,893752.647,833333.333,27.0,40.244,5.8,0.14
9,10,12,998.567,923.0,115.0,920449.189,833333.333,27.0,41.026,5.6,0.14
9,10,13,957.138,912.0,115.0,885698.442,833333.333,27.0,40.609,5.5,0.14
9,10,14,844.732,888.0,109.0,791575.691,759563.454,27.0,39.026,5.5,0.14
9,10,15,668.087,835.0,101.0,638330.067,611747.932,27.0,36.422,5.6,0.14
9,10,16,446.286,738.0,88.0,432594.634,413302.524,27.0,33.089,5.9,0.14
9,10,17,205.399,538.0,65.0,176896.381,166664.676,27.0,29.657,6.1,0.14
9,10,18,11.874,35.0,11.0,5867.858,1696.374,26.0,26.128,6.2,0.14
9,10,19,0.0,0.0,0.0,0.0,0.0,26.0,26.0,6.3,0.14
9,10,20,0.0,0.0,0.0,0.0,0.0,26.0,26.0,6.4,0.14
9,10,21,0.0,0.0,0.0,0.0,0.0,26.0,26.0,6.3,0.14
9,10,22,0.0,0.0,0.0,0.0,0.0,26.0,26.0,6.2,0.14
9,10,23,0.0,0.0,0.0,0.0,0.0,26.0,26.0,6.0,0.14
9,11,0,0.0,0.0,0.0,0.0,0.0,26.0,26.0,5.7,0.14
9,11,1,0.0,0.0,0.0,0.0,0.0,26.0,26.0,5.4,0.14
9,11,2,0.0,0.0,0.0,0.0,0.0,26.0,26.0,5.1,0.14
9,11,3,0.0,0.0,0.0,0.0,0.0,26.0,26.0,4.8,0.14
9,11,4,0.0,0.0,0.0,0.0,0.0,26.0,26.0,4.6,0.14
9,11,5,0.0,0.0,0.0,0.0,0.0,26.0,26.0,4.5,0.14
9,11,6,18.977,98.0,15.0,8584.283,4316.545,26.0,26.226,4.8,0.14
9,11,7,223.063,585.0,61.0,195094.222,184217.695,26.0,29.254,5.1,0.14
9,11,8,463.743,764.0,82.0,451457.83,431497.322,26.0,32.963,5.1,0.14
9,11,9,682.799,850.0,96.0,649425.927,622450.622,27.0,37.488,4.9,0.14
9,11,10,852.112,895.0,104.0,793367.008,761291.298,27.0,40.579,4.6,0.14
9,11,11,958.68,913.0,113.0,878168.67,833333.333,27.0,43.112,4.2,0.14
9,11,12,991.074,916.0,116.0,899503.496,833333.333,27.0,44.903,3.7,0.14
9,11,13,948.552,905.0,115.0,860622.852,826164.0,27.0,45.538,3.2,0.14
9,11,14,835.696,880.0,109.0,767121.057,735975.345,27.0,44.194,2.9,0.14
9,11,15,659.761,828.0,100.0,619997.96,594065.404,27.0,40.606,2.9,0.14
9,11,16,439.312,735.0,85.0,421172.727,402285.34,27.0,35.628,3.2,0.14
9,11,17,164.248,308.0,85.0,143814.669,134755.181,27.0,29.959,3.6,0.14
9,11,18,10.751,35.0,10.0,5264.424,1114.322,27.0,27.155,3.9,0.14
9,11,19,0.0,0.0,0.0,0.0,0.0,26.0,26.0,4.1,0.14
9,11,20,0.0,0.0,0.0,0.0,0.0,26.0,26.0,4.3,0.14
9,11,21,0.0,0.0,0.0,0.0,0.0,26.0,26.0,4.1,0.14
9,11,22,0.0,0.0,0.0,0.0,0.0,26.0,26.0,3.8,0.14
9,11,23,0.0,0.0,0.0,0.0,0.0,26.0,26.0,3.4,0.14
9,12,0,0.0,0.0,0.0,0.0,0.0,26.0,26.0,3.2,0.14
9,12,1,0.0,0.0,0.0,0.0,0.0,26.0,26.0,3.1,0.14
9,12,2,0.0,0.0,0.0,0.0,0.0,26.0,26.0,3.1,0.14
9,12,3,0.0,0.0,0.0,0.0,0.0,26.0,26.0,3.0,0.14
9,12,4,0.0,0.0,0.0,0.0,0.0,26.0,26.0,3.0,0.14
9,12,5,0.0,0.0,0.0,0.0,0.0,26.0,26.0,3.0,0.14
9,12,6,17.697,68.0,15.0,8394.992,4133.962,26.0,26.261,3.5,0.14
9,12,7,216.208,544.0,66.0,189147.034,178481.24,26.0,29.657,4.0,0.14
9,12,8,453.549,733.0,88.0,439819.24,420271.133,26.0,33.666,4.2,0.14
9,12,9,669.318,826.0,100.0,637320.194,610773.843,26.0,37.132,4.3,0.14
9,12,10,838.892,877.0,107.0,779996.665,748394.719,27.0,40.921,4.3,0.14
9,12,11,946.252,912.0,103.0,868808.894,833333.333,27.0,42.685,4.3,0.14
9,12,12,980.048,920.0,103.0,894498.685,833333.333,27.0,43.701,4.1,0.14
9,12,13,938.896,911.0,102.0,859670.34,825245.239,27.0,43.474,3.9,0.14
9,12,14,820.899,865.0,109.0,760180.567,729280.785,27.0,42.082,3.6,0.14
9,12,15,647.061,813.0,100.0,611775.782,586134.571,27.0,39.101,3.5,0.14
9,12,16,429.154,717.0,86.0,411879.943,393321.836,27.0,35.034,3.5,0.14
9,12,17,150.612,239.0,90.0,132791.851,124122.945,27.0,29.72,3.6,0.14
9,12,18,0.0,0.0,0.0,0.0,0.0,27.0,0.0,3.8,0.14
9,12,19,0.0,0.0,0.0,0.0,0.0,27.0,27.0,4.0,0.14
9,12,20,0.0,0.0,0.0,0.0,0.0,27.0,27.0,4.2,0.14
9,12,21,0.0,0.0,0.0,0.0,0.0,26.0,26.0,4.2,0.14
9,12,22,0.0,0.0,0.0,0.0,0.0,26.0,26.0,4.1,0.14
9,12,23,0.0,0.0,0.0,0.0,0.0,26.0,26.0,4.1,0.14
9,13,0,0.0,0.0,0.0,0.0,0.0,26.0,26.0,4.1,0.14
9,13,1,0.0,0.0,0.0,0.0,0.0,26.0,26.0,4.2,0.14
9,13,2,0.0,0.0,0.0,0.0,0.0,26.0,26.0,4.2,0.14
9,13,3,0.0,0.0,0.0,0.0,0.0,26.0,26.0,4.1,0.14
9,13,4,0.0,0.0,0.0,0.0,0.0,26.0,26.0,4.1,0.14
9,13,5,0.0,0.0,0.0,0.0,0.0,26.0,26.0,4.2,0.14
9,13,6,17.953,102.0,14.0,7994.58,3747.738,26.0,26.217,4.6,0.14
9,13,7,219.334,579.0,60.0,191413.228,180667.134,26.0,29.198,5.1,0.14
9,13,8,456.777,755.0,81.0,445030.745,425297.974,26.0,32.611,5.4,0.14
9,13,9,672.386,842.0,93.0,644754.168,617944.402,26.0,35.482,5.6,0.14
9,13,10,842.344,891.0,100.0,790422.362,758450.992,27.0,38.715,5.7,0.14
9,13,11,948.243,918.0,101.0,879037.06,833333.333,27.0,40.326,5.6,0.14
9,13,12,980.96,924.0,102.0,904826.353,833333.333,27.0,41.112,5.4,0.14
9,13,13,466.475,54.0,417.0,430444.031,411228.125,27.0,33.74,5.3,0.14
9,13,14,545.07,172.0,404.0,505551.923,483674.645,28.0,35.805,5.4,0.14
9,13,15,650.861,833.0,93.0,622728.072,596698.778,27.0,36.29,5.5,0.14
9,13,16,109.0,0.0,109.0,100563.282,93036.362,27.0,28.53,5.6,0.14
9,13,17,193.442,546.0,57.0,163645.169,153883.008,27.0,29.575,5.8,0.14
9,13,18,0.0,0.0,0.0,0.0,0.0,27.0,0.0,5.9,0.14
9,13,19,0.0,0.0,0.0,0.0,0.0,26.0,26.0,6.0,0.14
9,13,20,0.0,0.0,0.0,0.0,0.0,26.0,26.0,5.9,0.14
9,13,21,0.0,0.0,0.0,0.0,0.0,26.0,26.0,5.8,0.14
9,13,22,0.0,0.0,0.0,0.0,0.0,26.0,26.0,5.6,0.14
9,13,23,0.0,0.0,0.0,0.0,0.0,26.0,26.0,5.3,0.14
9,14,0,0.0,0.0,0.0,0.0,0.0,26.0,26.0,4.9,0.14
9,14,1,0.0,0.0,0.0,0.0,0.0,25.0,25.0,4.5,0.14
9,14,2,0.0,0.0,0.0,0.0,0.0,25.0,25.0,4.3,0.14
9,14,3,0.0,0.0,0.0,0.0,0.0,25.0,25.0,4.2,0.14
9,14,4,0.0,0.0,0.0,0.0,0.0,25.0,25.0,4.2,0.14
9,14,5,0.0,0.0,0.0,0.0,0.0,25.0,25.0,4.3,0.14
9,14,6,17.595,95.0,14.0,7978.522,3732.248,25.0,25.209,4.8,0.14
9,14,7,219.513,578.0,61.0,191525.239,180775.175,26.0,29.161,5.2,0.14
9,14,8,459.006,757.0,83.0,446910.968,427111.573,26.0,32.723,5.3,0.14
9,14,9,675.397,842.0,97.0,646579.764,619705.31,26.0,35.871,5.3,0.14
9,14,10,844.411,889.0,105.0,793512.256,761431.399,26.0,38.313,5.3,0.14
9,14,11,489.956,64.0,431.0,452002.131,432022.336,27.0,34.08,5.3,0.14
9,14,12,372.881,22.0,352.0,343108.375,326987.118,27.0,32.382,5.3,0.14
9,14,13,316.619,16.0,302.0,291482.96,277190.997,27.0,31.572,5.3,0.14
9,14,14,582.708,226.0,398.0,543112.345,519904.153,27.0,35.35,5.4,0.14
9,14,15,646.507,817.0,102.0,618766.155,592877.248,27.0,36.119,5.6,0.14
9,14,16,237.141,83.0,198.0,225537.25,213582.006,26.0,29.257,5.8,0.14
9,14,17,188.266,517.0,61.0,159903.721,150274.134,26.0,28.478,5.9,0.14
9,14,18,0.0,0.0,0.0,0.0,0.0,26.0,0.0,6.0,0.14
9,14,19,0.0,0.0,0.0,0.0,0.0,26.0,26.0,6.1,0.14
9,14,20,0.0,0.0,0.0,0.0,0.0,26.0,26.0,6.0,0.14
9,14,21,0.0,0.0,0.0,0.0,0.0,26.0,26.0,6.0,0.14
9,14,22,0.0,0.0,0.0,0.0,0.0,26.0,26.0,5.9,0.14
9,14,23,0.0,0.0,0.0,0.0,0.0,26.0,26.0,5.7,0.14
9,15,0,0.0,0.0,0.0,0.0,0.0,26.0,26.0,5.5,0.14
9,15,1,0.0,0.0,0.0,0.0,0.0,25.0,25.0,5.1,0.14
9,15,2,0.0,0.0,0.0,0.0,0.0,25.0,25.0,4.8,0.14
9,15,3,0.0,0.0,0.0,0.0,0.0,25.0,25.0,4.6,0.14
9,15,4,0.0,0.0,0.0,0.0,0.0,25.0,25.0,4.5,0.14
9,15,5,0.0,0.0,0.0,0.0,0.0,25.0,25.0,4.4,0.14
9,15,6,17.0,0.0,17.0,9203.125,4913.459,25.0,25.229,4.6,0.14
9,15,7,216.687,577.0,59.0,189308.278,178636.77,25.0,28.323,4.7,0.14
9,15,8,455.211,759.0,79.0,442185.717,422553.757,26.0,33.287,4.6,0.14
9,15,9,484.116,251.0,312.0,457353.572,437184.154,26.0,33.797,4.5,0.14
9,15,10,836.124,883.0,103.0,782176.732,750497.538,26.0,39.504,4.5,0.14
9,15,11,940.207,903.0,110.0,868609.705,833333.333,26.0,41.166,4.5,0.14
9,15,12,972.811,909.0,112.0,892359.761,833333.333,27.0,42.478,4.6,0.14
9,15,13,929.14,899.0,110.0,858013.148,823646.768,27.0,41.408,4.8,0.14
9,15,14,819.531,886.0,98.0,767862.233,736690.258,27.0,39.406,5.0,0.14
9,15,15,644.437,836.0,90.0,616576.559,590765.237,27.0,36.423,5.3,0.14
9,15,16,424.679,745.0,76.0,411664.22,393113.757,26.0,32.064,5.5,0.14
9,15,17,187.809,552.0,54.0,157730.615,148178.029,26.0,28.492,5.8,0.14
9,15,18,0.0,0.0,0.0,0.0,0.0,26.0,0.0,5.9,0.14
9,15,19,0.0,0.0,0.0,0.0,0.0,26.0,26.0,6.0,0.14
9,15,20,0.0,0.0,0.0,0.0,0.0,26.0,26.0,6.1,0.14
9,15,21,0.0,0.0,0.0,0.0,0.0,26.0,26.0,6.2,0.14
9,15,22,0.0,0.0,0.0,0.0,0.0,26.0,26.0,6.1,0.14
9,15,23,0.0,0.0,0.0,0.0,0.0,26.0,26.0,5.9,0.14
9,16,0,0.0,0.0,0.0,0.0,0.0,26.0,26.0,5.5,0.14
9,16,1,0.0,0.0,0.0,0.0,0.0,26.0,26.0,5.2,0.14
9,16,2,0.0,0.0,0.0,0.0,0.0,26.0,26.0,4.8,0.14
9,16,3,0.0,0.0,0.0,0.0,0.0,26.0,26.0,4.4,0.14
9,16,4,0.0,0.0,0.0,0.0,0.0,26.0,26.0,4.1,0.14
9,16,5,0.0,0.0,0.0,0.0,0.0,26.0,26.0,4.0,0.14
9,16,6,16.015,56.0,14.0,7716.217,3479.238,26.0,26.218,4.1,0.14
9,16,7,212.502,538.0,66.0,185320.439,174790.237,26.0,29.54,4.1,0.14
9,16,8,451.016,738.0,86.0,436349.18,416924.031,26.0,34.075,3.8,0.14
9,16,9,278.796,26.0,261.0,259892.651,246720.058,26.0,31.172,3.5,0.14
9,16,10,155.829,1.0,155.0,141442.382,132466.953,27.0,29.974,3.3,0.14
9,16,11,373.939,25.0,351.0,341976.352,325895.208,27.0,34.367,3.1,0.14
9,16,12,289.227,14.0,276.0,263724.467,250416.098,27.0,32.89,2.9,0.14
9,16,13,744.452,356.0,421.0,674614.461,646746.626,27.0,42.496,2.8,0.14
9,16,14,807.444,846.0,121.0,744051.639,713723.369,27.0,43.334,3.0,0.14
9,16,15,299.716,42.0,272.0,279279.0,265419.472,27.0,32.479,3.6,0.14
9,16,16,100.0,0.0,100.0,91936.982,84715.727,27.0,28.679,4.2,0.14
9,16,17,103.795,62.0,89.0,94129.162,86830.229,26.0,27.559,5.0,0.14
9,16,18,0.0,0.0,0.0,0.0,0.0,26.0,0.0,5.7,0.14
9,16,19,0.0,0.0,0.0,0.0,0.0,26.0,26.0,6.1,0.14
9,16,20,0.0,0.0,0.0,0.0,0.0,26.0,26.0,6.3,0.14
9,16,21,0.0,0.0,0.0,0.0,0.0,26.0,26.0,6.3,0.14
9,16,22,0.0,0.0,0.0,0.0,0.0,26.0,26.0,6.1,0.14
9,16,23,0.0,0.0,0.0,0.0,0.0,26.0,26.0,5.8,0.14
9,17,0,0.0,0.0,0.0,0.0,0.0,26.0,26.0,5.4,0.14
9,17,1,0.0,0.0,0.0,0.0,0.0,26.0,26.0,5.0,0.14
9,17,2,0.0,0.0,0.0,0.0,0.0,26.0,26.0,4.9,0.14
9,17,3,0.0,0.0,0.0,0.0,0.0,26.0,26.0,4.9,0.14
9,17,4,0.0,0.0,0.0,0.0,0.0,26.0,26.0,5.0,0.14
9,17,5,0.0,0.0,0.0,0.0,0.0,26.0,26.0,5.3,0.14
9,17,6,16.979,85.0,14.0,7830.83,3589.79,26.0,26.182,5.8,0.14
9,17,7,46.0,0.0,46.0,41484.774,36051.241,26.0,26.605,6.2,0.14
9,17,8,457.988,772.0,77.0,447250.751,427439.316,26.0,31.918,6.4,0.14
9,17,9,507.62,320.0,289.0,483771.393,462665.887,26.0,32.518,6.4,0.14
9,17,10,636.148,329.0,364.0,595698.648,570627.114,27.0,35.236,6.3,0.14
9,17,11,800.035,462.0,377.0,741560.517,711320.517,27.0,37.584,6.1,0.14
9,17,12,704.09,242.0,476.0,649777.674,622789.905,27.0,36.501,5.9,0.14
9,17,13,828.272,518.0,359.0,767100.14,735955.169,27.0,38.211,5.9,0.14
9,17,14,661.996,381.0,354.0,619767.138,593842.762,27.0,35.964,5.9,0.14
9,17,15,631.707,787.0,115.0,606095.595,580655.656,27.0,35.417,6.1,0.14
9,17,16,412.738,696.0,92.0,398342.013,380263.609,27.0,32.379,6.3,0.14
9,17,17,151.97,332.0,74.0,130504.396,121916.544,26.0,27.883,6.5,0.14
9,17,18,0.0,0.0,0.0,0.0,0.0,26.0,0.0,6.6,0.14
9,17,19,0.0,0.0,0.0,0.0,0.0,26.0,26.0,6.7,0.14
9,17,20,0.0,0.0,0.0,0.0,0.0,26.0,26.0,6.8,0.14
9,17,21,0.0,0.0,0.0,0.0,0.0,26.0,26.0,6.8,0.14
9,17,22,0.0,0.0,0.0,0.0,0.0,26.0,26.0,6.9,0.14
9,17,23,0.0,0.0,0.0,0.0,0.0,26.0,26.0,6.9,0.14
9,18,0,0.0,0.0,0.0,0.0,0.0,26.0,26.0,6.8,0.14
9,18,1,0.0,0.0,0.0,0.0,0.0,26.0,26.0,6.7,0.14
9,18,2,0.0,0.0,0.0,0.0,0.0,26.0,26.0,6.5,0.14
9,18,3,0.0,0.0,0.0,0.0,0.0,26.0,26.0,6.3,0.14
9,18,4,0.0,0.0,0.0,0.0,0.0,26.0,26.0,6.2,0.14
9,18,5,0.0,0.0,0.0,0.0,0.0,26.0,26.0,6.3,0.14
9,18,6,0.0,0.0,0.0,0.0,0.0,26.0,0.0,6.8,0.14
9,18,7,214.207,552.0,65.0,187135.285,176540.775,26.0,28.476,7.2,0.14
9,18,8,160.477,3.0,159.0,150615.423,141314.957,26.0,27.878,7.3,0.14
9,18,9,213.455,8.0,208.0,199210.905,188188.508,26.0,28.49,7.3,0.14
9,18,10,395.454,49.0,355.0,368535.276,351513.043,27.0,31.65,7.2,0.14
9,18,11,938.128,891.0,124.0,876347.698,833333.333,27.0,38.326,7.0,0.14
9,18,12,967.668,892.0,129.0,901012.697,833333.333,27.0,38.678,7.0,0.14
9,18,13,511.969,83.0,437.0,475314.291,454508.454,27.0,33.136,7.0,0.14
9,18,14,804.286,841.0,127.0,761373.633,730431.576,27.0,36.627,7.1,0.14
9,18,15,234.144,14.0,225.0,218606.292,206896.64,27.0,29.76,7.2,0.14
9,18,16,403.663,662.0,101.0,389796.646,372021.038,27.0,31.793,7.2,0.14
9,18,17,35.0,0.0,35.0,31066.445,26002.075,26.0,26.41,7.3,0.14
9,18,18,0.0,0.0,0.0,0.0,0.0,26.0,0.0,7.2,0.14
9,18,19,0.0,0.0,0.0,0.0,0.0,26.0,26.0,7.1,0.14
9,18,20,0.0,0.0,0.0,0.0,0.0,26.0,26.0,7.0,0.14
9,18,21,0.0,0.0,0.0,0.0,0.0,26.0,26.0,6.9,0.14
9,18,22,0.0,0.0,0.0,0.0,0.0,26.0,26.0,6.8,0.14
9,18,23,0.0,0.0,0.0,0.0,0.0,26.0,26.0,6.5,0.14
9,19,0,0.0,0.0,0.0,0.0,0.0,26.0,26.0,6.3,0.14
9,19,1,0.0,0.0,0.0,0.0,0.0,26.0,26.0,6.2,0.14
9,19,2,0.0,0.0,0.0,0.0,0.0,26.0,26.0,6.1,0.14
9,19,3,0.0,0.0,0.0,0.0,0.0,26.0,26.0,6.1,0.14
9,19,4,0.0,0.0,0.0,0.0,0.0,26.0,26.0,6.1,0.14
9,19,5,0.0,0.0,0.0,0.0,0.0,26.0,26.0,6.4,0.14
9,19,6,0.0,0.0,0.0,0.0,0.0,26.0,0.0,6.9,0.14
9,19,7,13.0,0.0,13.0,11027.287,6672.984,26.0,26.151,7.4,0.14
9,19,8,31.0,0.0,31.0,27227.885,22299.53,26.0,26.349,7.7,0.14
9,19,9,284.735,29.0,265.0,267886.624,254430.774,26.0,29.168,7.8,0.14
9,19,10,574.734,206.0,405.0,539252.644,516181.216,27.0,33.334,7.9,0.14
9,19,11,521.498,85.0,444.0,484785.955,463644.498,27.0,32.784,7.8,0.14
9,19,12,970.51,909.0,118.0,906720.619,833333.333,27.0,37.944,7.7,0.14
9,19,13,926.555,899.0,117.0,869111.653,833333.333,27.0,37.552,7.6,0.14
9,19,14,810.761,876.0,108.0,769163.67,737945.58,27.0,36.335,7.5,0.14
9,19,15,631.858,817.0,101.0,609878.844,584304.849,27.0,34.223,7.6,0.14
9,19,16,408.651,707.0,88.0,394956.137,376997.708,27.0,31.58,7.8,0.14
9,19,17,119.676,157.0,84.0,105193.768,97502.772,27.0,28.292,8.0,0.14
9,19,18,0.0,0.0,0.0,0.0,0.0,26.0,26.0,8.2,0.14
9,19,19,0.0,0.0,0.0,0.0,0.0,26.0,26.0,8.4,0.14
9,19,20,0.0,0.0,0.0,0.0,0.0,26.0,26.0,8.5,0.14
9,19,21,0.0,0.0,0.0,0.0,0.0,26.0,26.0,8.5,0.14
9,19,22,0.0,0.0,0.0,0.0,0.0,26.0,26.0,8.3,0.14
9,19,23,0.0,0.0,0.0,0.0,0.0,26.0,26.0,7.9,0.14
9,20,0,0.0,0.0,0.0,0.0,0.0,26.0,26.0,7.5,0.14
9,20,1,0.0,0.0,0.0,0.0,0.0,26.0,26.0,7.3,0.14
9,20,2,0.0,0.0,0.0,0.0,0.0,25.0,25.0,7.2,0.14
9,20,3,0.0,0.0,0.0,0.0,0.0,25.0,25.0,7.2,0.14
9,20,4,0.0,0.0,0.0,0.0,0.0,25.0,25.0,7.2,0.14
9,20,5,0.0,0.0,0.0,0.0,0.0,25.0,25.0,7.2,0.14
9,20,6,1.0,0.0,1.0,0.0,0.0,25.0,25.01,7.6,0.14
9,20,7,13.0,0.0,13.0,11027.168,6672.869,26.0,26.141,8.1,0.14
9,20,8,173.901,10.0,169.0,163827.479,154058.857,26.0,27.871,8.2,0.14
9,20,9,331.03,56.0,293.0,312855.958,297806.665,26.0,29.521,8.3,0.14
9,20,10,259.867,12.0,250.0,240762.314,228267.585,27.0,29.755,8.3,0.14
9,20,11,537.242,97.0,449.0,500140.086,478454.572,27.0,32.695,8.3,0.14
9,20,12,952.843,839.0,168.0,891271.793,833333.333,27.0,37.257,8.2,0.14
9,20,13,666.045,244.0,447.0,621693.828,595701.181,27.0,34.202,8.1,0.14
9,20,14,797.261,825.0,138.0,756970.552,726184.514,27.0,35.838,7.9,0.14
9,20,15,427.265,200.0,298.0,406247.87,387889.331,27.0,31.813,7.7,0.14
9,20,16,172.547,19.0,164.0,162243.396,152530.904,27.0,28.946,7.7,0.14
9,20,17,80.458,11.0,78.0,73545.235,66975.673,26.0,26.906,7.7,0.14
9,20,18,0.0,0.0,0.0,0.0,0.0,26.0,26.0,7.7,0.14
9,20,19,0.0,0.0,0.0,0.0,0.0,26.0,26.0,7.8,0.14
9,20,20,0.0,0.0,0.0,0.0,0.0,26.0,26.0,7.7,0.14
9,20,21,0.0,0.0,0.0,0.0,0.0,26.0,26.0,7.5,0.14
9,20,22,0.0,0.0,0.0,0.0,0.0,26.0,26.0,7.2,0.14
9,20,23,0.0,0.0,0.0,0.0,0.0,26.0,26.0,6.8,0.14
9,21,0,0.0,0.0,0.0,0.0,0.0,26.0,26.0,6.6,0.14
9,21,1,0.0,0.0,0.0,0.0,0.0,26.0,26.0,6.6,0.14
9,21,2,0.0,0.0,0.0,0.0,0.0,25.0,25.0,6.6,0.14
9,21,3,0.0,0.0,0.0,0.0,0.0,25.0,25.0,6.8,0.14
9,21,4,0.0,0.0,0.0,0.0,0.0,25.0,25.0,7.0,0.14
9,21,5,0.0,0.0,0.0,0.0,0.0,25.0,25.0,7.4,0.14
9,21,6,12.782,25.0,12.0,6467.218,2274.496,25.0,25.117,7.9,0.14
9,21,7,208.25,510.0,72.0,182439.351,172011.237,26.0,28.173,8.3,0.14
9,21,8,448.479,719.0,97.0,438862.713,419348.5,26.0,30.729,8.5,0.14
9,21,9,667.401,824.0,109.0,645868.279,619019.036,26.0,33.088,8.4,0.14
9,21,10,840.35,884.0,115.0,796912.217,764710.886,27.0,36.065,8.2,0.14
9,21,11,755.345,386.0,405.0,704937.577,675995.273,27.0,35.406,7.8,0.14
9,21,12,976.627,916.0,122.0,910643.784,833333.333,27.0,38.443,7.3,0.14
9,21,13,930.095,903.0,122.0,869349.571,833333.333,27.0,38.463,6.8,0.14
9,21,14,811.623,879.0,112.0,766759.806,735626.894,27.0,37.446,6.4,0.14
9,21,15,630.782,821.0,103.0,606432.622,580980.741,27.0,35.316,6.2,0.14
9,21,16,405.666,712.0,88.0,390185.192,372395.816,27.0,32.282,6.3,0.14
9,21,17,165.62,481.0,60.0,135897.361,127118.414,27.0,29.024,6.5,0.14
9,21,18,0.0,0.0,0.0,0.0,0.0,26.0,26.0,6.8,0.14
9,21,19,0.0,0.0,0.0,0.0,0.0,26.0,26.0,6.9,0.14
9,21,20,0.0,0.0,0.0,0.0,0.0,26.0,26.0,6.8,0.14
9,21,21,0.0,0.0,0.0,0.0,0.0,26.0,26.0,6.6,0.14
9,21,22,0.0,0.0,0.0,0.0,0.0,26.0,26.0,6.4,0.14
9,21,23,0.0,0.0,0.0,0.0,0.0,26.0,26.0,6.2,0.14
9,22,0,0.0,0.0,0.0,0.0,0.0,26.0,26.0,6.0,0.14
9,22,1,0.0,0.0,0.0,0.0,0.0,26.0,26.0,5.9,0.14
9,22,2,0.0,0.0,0.0,0.0,0.0,25.0,25.0,5.7,0.14
9,22,3,0.0,0.0,0.0,0.0,0.0,25.0,25.0,5.5,0.14
9,22,4,0.0,0.0,0.0,0.0,0.0,25.0,25.0,5.4,0.14
9,22,5,0.0,0.0,0.0,0.0,0.0,25.0,25.0,5.1,0.14
9,22,6,13.79,59.0,12.0,6572.169,2375.728,25.0,25.16,5.3,0.14
9,22,7,214.659,570.0,63.0,186115.795,175557.41,26.0,28.941,5.6,0.14
9,22,8,456.067,761.0,85.0,443822.84,424132.87,26.0,32.368,5.7,0.14
9,22,9,674.119,852.0,98.0,646984.335,620095.545,26.0,35.398,5.7,0.14
9,22,10,842.879,900.0,106.0,790901.545,758913.196,27.0,38.862,5.6,0.14
9,22,11,944.44,916.0,115.0,875490.541,833333.333,27.0,40.431,5.5,0.14
9,22,12,972.199,918.0,118.0,897684.361,833333.333,27.0,40.987,5.4,0.14
9,22,13,922.613,902.0,118.0,855923.851,821631.503,27.0,40.441,5.3,0.14
9,22,14,806.351,886.0,104.0,758224.286,727393.822,27.0,38.765,5.3,0.14
9,22,15,626.86,835.0,93.0,601601.543,576320.845,27.0,35.952,5.5,0.14
9,22,16,403.196,735.0,78.0,386883.986,369211.585,27.0,32.68,5.6,0.14
9,22,17,163.467,512.0,53.0,132628.681,123965.557,26.0,28.148,5.8,0.14
9,22,18,0.0,0.0,0.0,0.0,0.0,26.0,26.0,5.9,0.14
9,22,19,0.0,0.0,0.0,0.0,0.0,26.0,26.0,5.8,0.14
9,22,20,0.0,0.0,0.0,0.0,0.0,26.0,26.0,5.7,0.14
9,22,21,0.0,0.0,0.0,0.0,0.0,26.0,26.0,5.6,0.14
9,22,22,0.0,0.0,0.0,0.0,0.0,26.0,26.0,5.5,0.14
9,22,23,0.0,0.0,0.0,0.0,0.0,26.0,26.0,5.3,0.14
9,23,0,0.0,0.0,0.0,0.0,0.0,26.0,26.0,5.3,0.14
9,23,1,0.0,0.0,0.0,0.0,0.0,26.0,26.0,5.4,0.14
9,23,2,0.0,0.0,0.0,0.0,0.0,26.0,26.0,5.3,0.14
9,23,3,0.0,0.0,0.0,0.0,0.0,26.0,26.0,5.1,0.14
9,23,4,0.0,0.0,0.0,0.0,0.0,25.0,25.0,5.1,0.14
9,23,5,0.0,0.0,0.0,0.0,0.0,25.0,25.0,5.1,0.14
9,23,6,0.0,0.0,0.0,0.0,0.0,25.0,0.0,5.4,0.14
9,23,7,55.0,0.0,55.0,49966.863,44232.776,26.0,26.747,5.9,0.14
9,23,8,292.163,171.0,209.0,279834.2,265954.999,26.0,29.883,6.1,0.14
9,23,9,491.935,283.0,301.0,468260.499,447704.605,26.0,32.453,6.2,0.14
9,23,10,514.737,138.0,402.0,482164.574,461116.004,26.0,32.798,6.1,0.14
9,23,11,693.416,275.0,445.0,644876.671,618062.564,26.0,35.366,5.9,0.14
9,23,12,779.724,448.0,364.0,721889.17,692346.204,27.0,37.791,5.7,0.14
9,23,13,920.547,915.0,107.0,856732.809,822411.797,27.0,39.792,5.7,0.14
9,23,14,799.95,879.0,106.0,754940.524,724226.417,27.0,37.88,5.9,0.14
9,23,15,619.286,823.0,96.0,596145.86,571058.479,27.0,35.167,6.2,0.14
9,23,16,397.191,723.0,80.0,383032.074,365496.162,26.0,31.06,6.5,0.14
9,23,17,159.96,500.0,54.0,129425.85,120876.215,26.0,27.924,6.6,0.14
9,23,18,0.0,0.0,0.0,0.0,0.0,26.0,26.0,6.6,0.14
9,23,19,0.0,0.0,0.0,0.0,0.0,26.0,26.0,6.5,0.14
9,23,20,0.0,0.0,0.0,0.0,0.0,26.0,26.0,6.4,0.14
9,23,21,0.0,0.0,0.0,0.0,0.0,26.0,26.0,6.1,0.14
9,23,22,0.0,0.0,0.0,0.0,0.0,26.0,26.0,5.8,0.14
9,23,23,0.0,0.0,0.0,0.0,0.0,26.0,26.0,5.5,0.14
9,24,0,0.0,0.0,0.0,0.0,0.0,25.0,25.0,5.4,0.14
9,24,1,0.0,0.0,0.0,0.0,0.0,25.0,25.0,5.3,0.14
9,24,2,0.0,0.0,0.0,0.0,0.0,25.0,25.0,5.1,0.14
9,24,3,0.0,0.0,0.0,0.0,0.0,25.0,25.0,4.9,0.14
9,24,4,0.0,0.0,0.0,0.0,0.0,25.0,25.0,4.9,0.14
9,24,5,0.0,0.0,0.0,0.0,0.0,25.0,25.0,5.1,0.14
9,24,6,11.0,0.0,11.0,5820.693,1650.88,25.0,25.132,5.5,0.14
9,24,7,170.107,315.0,87.0,151475.976,142145.017,25.0,27.245,6.0,0.14
9,24,8,370.378,409.0,172.0,359559.496,342855.311,25.0,29.825,6.3,0.14
9,24,9,415.623,148.0,316.0,394054.971,376128.474,26.0,31.327,6.4,0.14
9,24,10,629.527,327.0,363.0,592509.135,567550.618,26.0,34.064,6.4,0.14
9,24,11,939.33,927.0,104.0,877684.676,833333.333,26.0,38.614,6.0,0.14
9,24,12,708.998,268.0,461.0,654137.549,626995.293,27.0,37.026,5.5,0.14
9,24,13,833.89,572.0,327.0,770503.139,739237.587,27.0,39.419,5.1,0.14
9,24,14,616.659,329.0,358.0,575562.001,551203.988,27.0,36.536,4.8,0.14
9,24,15,300.878,52.0,268.0,282073.869,268115.308,27.0,31.651,4.8,0.14
9,24,16,387.39,686.0,89.0,371684.72,354550.89,26.0,31.865,5.0,0.14
9,24,17,151.14,438.0,60.0,122959.3,114638.8,26.0,28.163,5.1,0.14
9,24,18,0.0,0.0,0.0,0.0,0.0,26.0,26.0,5.4,0.14
9,24,19,0.0,0.0,0.0,0.0,0.0,26.0,26.0,5.6,0.14
9,24,20,0.0,0.0,0.0,0.0,0.0,26.0,26.0,5.6,0.14
9,24,21,0.0,0.0,0.0,0.0,0.0,26.0,26.0,5.5,0.14
9,24,22,0.0,0.0,0.0,0.0,0.0,26.0,26.0,5.3,0.14
9,24,23,0.0,0.0,0.0,0.0,0.0,25.0,25.0,5.1,0.14
9,25,0,0.0,0.0,0.0,0.0,0.0,25.0,25.0,4.9,0.14
9,25,1,0.0,0.0,0.0,0.0,0.0,25.0,25.0,4.6,0.14
9,25,2,0.0,0.0,0.0,0.0,0.0,25.0,25.0,4.4,0.14
9,25,3,0.0,0.0,0.0,0.0,0.0,25.0,25.0,4.4,0.14
9,25,4,0.0,0.0,0.0,0.0,0.0,25.0,25.0,4.5,0.14
9,25,5,0.0,0.0,0.0,0.0,0.0,25.0,25.0,4.6,0.14
9,25,6,11.877,32.0,11.0,5906.366,1733.517,25.0,25.145,5.1,0.14
9,25,7,204.432,527.0,66.0,177852.656,167587.067,25.0,27.834,5.5,0.14
9,25,8,441.646,727.0,90.0,429246.788,410073.305,26.0,32.237,5.6,0.14
9,25,9,657.018,825.0,103.0,630792.928,604477.864,26.0,35.266,5.6,0.14
9,25,10,609.695,296.0,369.0,571639.788,547420.755,26.0,34.744,5.4,0.14
9,25,11,924.467,895.0,120.0,854819.582,820566.363,27.0,41.154,4.9,0.14
9,25,12,953.383,901.0,122.0,875091.377,833333.333,27.0,42.585,4.4,0.14
9,25,13,777.161,478.0,355.0,715044.798,685744.356,27.0,40.024,4.2,0.14
9,25,14,727.212,607.0,252.0,678302.651,650304.129,27.0,39.051,4.3,0.14
9,25,15,500.482,400.0,249.0,475101.077,454302.794,27.0,35.081,4.5,0.14
9,25,16,379.463,662.0,94.0,362089.852,345296.006,27.0,32.817,4.9,0.14
9,25,17,103.595,140.0,75.0,89757.554,82613.524,26.0,27.48,5.3,0.14
9,25,18,0.0,0.0,0.0,0.0,0.0,26.0,26.0,5.7,0.14
9,25,19,0.0,0.0,0.0,0.0,0.0,26.0,26.0,6.0,0.14
9,25,20,0.0,0.0,0.0,0.0,0.0,26.0,26.0,6.1,0.14
9,25,21,0.0,0.0,0.0,0.0,0.0,26.0,26.0,6.2,0.14
9,25,22,0.0,0.0,0.0,0.0,0.0,26.0,26.0,6.1,0.14
9,25,23,0.0,0.0,0.0,0.0,0.0,26.0,26.0,5.8,0.14
9,26,0,0.0,0.0,0.0,0.0,0.0,26.0,26.0,5.4,0.14
9,26,1,0.0,0.0,0.0,0.0,0.0,25.0,25.0,5.2,0.14
9,26,2,0.0,0.0,0.0,0.0,0.0,25.0,25.0,5.2,0.14
9,26,3,0.0,0.0,0.0,0.0,0.0,25.0,25.0,5.2,0.14
9,26,4,0.0,0.0,0.0,0.0,0.0,25.0,25.0,5.3,0.14
9,26,5,0.0,0.0,0.0,0.0,0.0,25.0,25.0,5.4,0.14
9,26,6,11.0,0.0,11.0,5820.835,1651.017,25.0,25.128,5.8,0.14
9,26,7,203.21,540.0,62.0,175544.859,165361.044,26.0,28.571,6.3,0.14
9,26,8,438.028,734.0,84.0,426575.99,407497.144,26.0,31.717,6.3,0.14
9,26,9,649.341,826.0,96.0,625410.921,599286.563,26.0,34.558,6.2,0.14
9,26,10,682.623,484.0,290.0,641408.711,614717.488,27.0,36.049,6.1,0.14
9,26,11,675.513,256.0,446.0,625836.991,599697.536,27.0,36.227,5.8,0.14
9,26,12,578.247,122.0,466.0,533842.463,510962.739,27.0,35.164,5.5,0.14
9,26,13,535.697,111.0,438.0,495562.628,474039.311,27.0,34.846,5.2,0.14
9,26,14,443.498,93.0,371.0,413038.754,394439.587,27.0,33.669,5.0,0.14
9,26,15,475.788,342.0,262.0,451791.821,431819.478,27.0,34.381,4.8,0.14
9,26,16,104.0,0.0,104.0,96041.0,88674.323,27.0,28.633,4.7,0.14
9,26,17,79.014,35.0,72.0,70361.711,63904.953,27.0,28.232,4.7,0.14
9,26,18,0.0,0.0,0.0,0.0,0.0,26.0,26.0,4.7,0.14
9,26,19,0.0,0.0,0.0,0.0,0.0,26.0,26.0,4.7,0.14
9,26,20,0.0,0.0,0.0,0.0,0.0,26.0,26.0,4.7,0.14
9,26,21,0.0,0.0,0.0,0.0,0.0,26.0,26.0,4.6,0.14
9,26,22,0.0,0.0,0.0,0.0,0.0,26.0,26.0,4.5,0.14
9,26,23,0.0,0.0,0.0,0.0,0.0,26.0,26.0,4.4,0.14
9,27,0,0.0,0.0,0.0,0.0,0.0,26.0,26.0,4.4,0.14
9,27,1,0.0,0.0,0.0,0.0,0.0,26.0,26.0,4.6,0.14
9,27,2,0.0,0.0,0.0,0.0,0.0,26.0,26.0,4.8,0.14
9,27,3,0.0,0.0,0.0,0.0,0.0,26.0,26.0,5.0,0.14
9,27,4,0.0,0.0,0.0,0.0,0.0,25.0,25.0,5.2,0.14
9,27,5,0.0,0.0,0.0,0.0,0.0,25.0,25.0,5.5,0.14
9,27,6,9.0,0.0,9.0,4685.481,555.893,26.0,26.103,5.9,0.14
9,27,7,201.905,549.0,59.0,173852.177,163728.341,26.0,28.524,6.4,0.14
9,27,8,436.886,740.0,81.0,425823.582,406771.397,26.0,31.465,6.7,0.14
9,27,9,649.301,831.0,94.0,626809.458,600635.544,26.0,34.031,6.8,0.14
9,27,10,677.485,422.0,336.0,636789.951,610262.389,27.0,35.33,6.8,0.14
9,27,11,780.794,465.0,365.0,726977.802,697254.526,27.0,36.791,6.6,0.14
9,27,12,745.225,336.0,437.0,690537.329,662105.284,27.0,36.633,6.3,0.14
9,27,13,687.757,303.0,422.0,639320.651,612703.416,27.0,36.09,6.1,0.14
9,27,14,657.489,458.0,302.0,618543.612,592662.59,27.0,35.915,5.9,0.14
9,27,15,552.98,613.0,172.0,530486.205,507725.407,27.0,34.616,5.8,0.14
9,27,16,193.302,55.0,170.0,182285.851,171863.176,27.0,29.595,6.0,0.14
9,27,17,139.5,440.0,53.0,110777.369,102888.524,26.0,27.725,6.3,0.14
9,27,18,0.0,0.0,0.0,0.0,0.0,26.0,26.0,6.3,0.14
9,27,19,0.0,0.0,0.0,0.0,0.0,26.0,26.0,6.1,0.14
9,27,20,0.0,0.0,0.0,0.0,0.0,26.0,26.0,6.0,0.14
9,27,21,0.0,0.0,0.0,0.0,0.0,26.0,26.0,5.9,0.14
9,27,22,0.0,0.0,0.0,0.0,0.0,26.0,26.0,5.6,0.14
9,27,23,0.0,0.0,0.0,0.0,0.0,25.0,25.0,5.3,0.14
9,28,0,0.0,0.0,0.0,0.0,0.0,25.0,25.0,5.0,0.14
9,28,1,0.0,0.0,0.0,0.0,0.0,25.0,25.0,4.9,0.14
9,28,2,0.0,0.0,0.0,0.0,0.0,25.0,25.0,4.9,0.14
9,28,3,0.0,0.0,0.0,0.0,0.0,25.0,25.0,5.0,0.14
9,28,4,0.0,0.0,0.0,0.0,0.0,25.0,25.0,5.0,0.14
9,28,5,0.0,0.0,0.0,0.0,0.0,25.0,25.0,5.1,0.14
9,28,6,12.0,0.0,12.0,6379.531,2189.917,25.0,25.141,5.7,0.14
9,28,7,209.224,603.0,53.0,179744.44,169411.818,25.0,27.638,6.3,0.14
9,28,8,447.922,784.0,72.0,436486.476,417056.462,26.0,31.723,6.5,0.14
9,28,9,368.319,95.0,305.0,348470.854,332159.584,26.0,30.668,6.5,0.14
9,28,10,546.433,200.0,385.0,513765.872,491597.542,26.0,32.917,6.5,0.14
9,28,11,927.682,927.0,101.0,869799.835,833333.333,26.0,37.926,6.4,0.14
9,28,12,820.484,486.0,376.0,760693.423,729775.468,27.0,37.621,6.3,0.14
9,28,13,904.067,920.0,100.0,845500.972,811577.948,27.0,38.879,6.2,0.14
9,28,14,780.182,875.0,104.0,738892.389,708746.931,27.0,37.265,6.2,0.14
9,28,15,545.342,601.0,174.0,523961.565,501431.961,27.0,34.182,6.2,0.14
9,28,16,362.679,647.0,91.0,347400.613,331127.265,26.0,30.764,6.2,0.14
9,28,17,69.506,13.0,67.0,62525.715,56346.618,26.0,26.919,6.1,0.14
9,28,18,0.0,0.0,0.0,0.0,0.0,26.0,26.0,5.9,0.14
9,28,19,0.0,0.0,0.0,0.0,0.0,26.0,26.0,5.7,0.14
9,28,20,0.0,0.0,0.0,0.0,0.0,26.0,26.0,5.6,0.14
9,28,21,0.0,0.0,0.0,0.0,0.0,26.0,26.0,5.4,0.14
9,28,22,0.0,0.0,0.0,0.0,0.0,26.0,26.0,5.3,0.14
9,28,23,0.0,0.0,0.0,0.0,0.0,25.0,25.0,5.1,0.14
9,29,0,0.0,0.0,0.0,0.0,0.0,25.0,25.0,5.1,0.14
9,29,1,0.0,0.0,0.0,0.0,0.0,25.0,25.0,5.0,0.14
9,29,2,0.0,0.0,0.0,0.0,0.0,25.0,25.0,5.0,0.14
9,29,3,0.0,0.0,0.0,0.0,0.0,25.0,25.0,5.1,0.14
9,29,4,0.0,0.0,0.0,0.0,0.0,25.0,25.0,5.1,0.14
9,29,5,0.0,0.0,0.0,0.0,0.0,25.0,25.0,5.1,0.14
9,29,6,11.217,52.0,10.0,5367.084,1213.344,25.0,25.128,5.5,0.14
9,29,7,208.54,580.0,59.0,179635.524,169306.761,25.0,27.69,6.1,0.14
9,29,8,448.033,772.0,79.0,435846.796,416439.448,26.0,31.976,6.1,0.14
9,29,9,663.034,859.0,92.0,638126.745,611551.815,26.0,34.936,6.0,0.14
9,29,10,828.402,906.0,99.0,783152.73,751438.953,26.0,37.265,5.9,0.14
9,29,11,929.306,928.0,104.0,864978.636,830365.441,27.0,39.767,5.8,0.14
9,29,12,955.686,933.0,105.0,886924.193,833333.333,27.0,40.125,5.8,0.14
9,29,13,904.183,920.0,103.0,842841.114,809012.34,27.0,39.716,5.6,0.14
9,29,14,782.959,889.0,99.0,739226.528,709069.23,27.0,38.158,5.5,0.14
9,29,15,599.199,829.0,90.0,576768.116,552367.366,27.0,35.561,5.5,0.14
9,29,16,373.948,716.0,76.0,357330.819,340705.605,26.0,31.256,5.6,0.14
9,29,17,137.494,463.0,50.0,107099.923,99341.385,26.0,27.807,5.7,0.14
9,29,18,0.0,0.0,0.0,0.0,0.0,26.0,26.0,5.7,0.14
9,29,19,0.0,0.0,0.0,0.0,0.0,26.0,26.0,5.8,0.14
9,29,20,0.0,0.0,0.0,0.0,0.0,26.0,26.0,5.9,0.14
9,29,21,0.0,0.0,0.0,0.0,0.0,26.0,26.0,6.1,0.14
9,29,22,0.0,0.0,0.0,0.0,0.0,26.0,26.0,6.1,0.14
9,29,23,0.0,0.0,0.0,0.0,0.0,26.0,26.0,6.0,0.14
9,30,0,0.0,0.0,0.0,0.0,0.0,26.0,26.0,5.8,0.14
9,30,1,0.0,0.0,0.0,0.0,0.0,26.0,26.0,5.6,0.14
9,30,2,0.0,0.0,0.0,0.0,0.0,25.0,25.0,5.5,0.14
9,30,3,0.0,0.0,0.0,0.0,0.0,25.0,25.0,5.5,0.14
9,30,4,0.0,0.0,0.0,0.0,0.0,25.0,25.0,5.5,0.14
9,30,5,0.0,0.0,0.0,0.0,0.0,25.0,25.0,5.6,0.14
9,30,6,0.0,0.0,0.0,0.0,0.0,25.0,0.0,6.1,0.14
9,30,7,200.536,540.0,62.0,172377.27,162305.695,26.0,28.479,6.5,0.14
9,30,8,435.241,735.0,85.0,423645.474,404670.468,26.0,31.5,6.6,0.14
9,30,9,646.951,825.0,100.0,624402.528,598313.902,26.0,34.085,6.7,0.14
9,30,10,810.173,872.0,110.0,768891.646,737683.196,26.0,36.208,6.6,0.14
9,30,11,909.941,902.0,110.0,854021.978,819797.022,26.0,37.697,6.4,0.14
9,30,12,935.404,907.0,111.0,871159.129,833333.333,27.0,39.284,6.2,0.14
9,30,13,885.709,894.0,110.0,829213.425,795867.534,27.0,38.638,6.2,0.14
9,30,14,781.535,882.0,106.0,743056.866,712763.845,27.0,36.362,7.1,0.16
9,30,15,279.865,44.0,253.0,263611.936,250307.555,27.0,30.239,7.4,0.16
9,30,16,113.0,0.0,113.0,105424.96,97725.772,26.0,27.287,7.6,0.16
9,30,17,136.554,462.0,51.0,106060.975,98339.25,26.0,27.455,7.7,0.16
9,30,18,0.0,0.0,0.0,0.0,0.0,26.0,26.0,7.8,0.16
9,30,19,0.0,0.0,0.0,0.0,0.0,26.0,26.0,7.7,0.16
9,30,20,0.0,0.0,0.0,0.0,0.0,26.0,26.0,7.6,0.16
9,30,21,0.0,0.0,0.0,0.0,0.0,26.0,26.0,7.4,0.16
9,30,22,0.0,0.0,0.0,0.0,0.0,25.0,25.0,7.2,0.16
9,30,23,0.0,0.0,0.0,0.0,0.0,25.0,25.0,6.9,0.16
10,1,0,0.0,0.0,0.0,0.0,0.0,25.0,25.0,6.6,0.16
10,1,1,0.0,0.0,0.0,0.0,0.0,25.0,25.0,6.2,0.16
10,1,2,0.0,0.0,0.0,0.0,0.0,25.0,25.0,5.7,0.16
10,1,3,0.0,0.0,0.0,0.0,0.0,25.0,25.0,5.2,0.16
10,1,4,0.0,0.0,0.0,0.0,0.0,25.0,25.0,4.8,0.16
10,1,5,0.0,0.0,0.0,0.0,0.0,25.0,25.0,4.6,0.16
10,1,6,0.0,0.0,0.0,0.0,0.0,25.0,0.0,4.9,0.16
10,1,7,203.342,542.0,65.0,174662.098,164509.563,26.0,28.812,5.5,0.16
10,1,8,442.284,748.0,87.0,429450.241,410269.549,26.0,32.1,5.8,0.16
10,1,9,657.998,844.0,100.0,633773.896,607353.205,26.0,34.673,6.2,0.16
10,1,10,824.094,893.0,109.0,778246.599,746706.665,27.0,37.494,6.5,0.16
10,1,11,920.776,901.0,124.0,860704.638,826242.888,27.0,38.587,6.6,0.16
10,1,12,760.892,395.0,403.0,707458.32,678426.696,27.0,36.435,6.7,0.16
10,1,13,737.051,435.0,361.0,688352.677,659998.043,27.0,36.245,6.6,0.16
10,1,14,550.512,242.0,366.0,517643.962,495338.216,27.0,33.977,6.5,0.16
10,1,15,450.179,315.0,259.0,430064.437,410861.981,27.0,32.727,6.5,0.16
10,1,16,357.22,632.0,99.0,339770.845,323767.851,27.0,31.539,6.5,0.16
10,1,17,124.128,348.0,61.0,98563.661,91107.596,27.0,28.475,6.7,0.16
10,1,18,0.0,0.0,0.0,0.0,0.0,26.0,26.0,7.0,0.16
10,1,19,0.0,0.0,0.0,0.0,0.0,26.0,26.0,7.4,0.16
10,1,20,0.0,0.0,0.0,0.0,0.0,26.0,26.0,7.6,0.16
10,1,21,0.0,0.0,0.0,0.0,0.0,26.0,26.0,7.4,0.16
10,1,22,0.0,0.0,0.0,0.0,0.0,26.0,26.0,7.0,0.16
10,1,23,0.0,0.0,0.0,0.0,0.0,26.0,26.0,6.5,0.16
10,2,0,0.0,0.0,0.0,0.0,0.0,25.0,25.0,6.1,0.16
10,2,1,0.0,0.0,0.0,0.0,0.0,25.0,25.0,5.7,0.16
10,2,2,0.0,0.0,0.0,0.0,0.0,25.0,25.0,5.5,0.16
10,2,3,0.0,0.0,0.0,0.0,0.0,25.0,25.0,5.3,0.16
10,2,4,0.0,0.0,0.0,0.0,0.0,25.0,25.0,5.3,0.16
10,2,5,0.0,0.0,0.0,0.0,0.0,25.0,25.0,5.4,0.16
10,2,6,0.0,0.0,0.0,0.0,0.0,25.0,0.0,5.7,0.16
10,2,7,204.015,579.0,57.0,173999.874,163870.804,26.0,28.657,6.0,0.16
10,2,8,444.833,777.0,77.0,432365.504,413081.512,26.0,31.932,6.1,0.16
10,2,9,659.895,869.0,87.0,636551.091,610031.992,26.0,34.514,6.4,0.16
10,2,10,826.079,918.0,93.0,780672.343,749046.455,27.0,37.522,6.5,0.16
10,2,11,926.321,936.0,101.0,866045.433,831394.437,27.0,38.784,6.5,0.16
10,2,12,951.243,937.0,105.0,885459.466,833333.333,27.0,39.494,6.2,0.16
10,2,13,899.218,921.0,106.0,839778.877,806058.61,27.0,39.358,5.8,0.16
10,2,14,775.162,883.0,105.0,732445.838,702528.807,27.0,38.048,5.5,0.16
10,2,15,589.852,817.0,97.0,567695.016,543615.762,27.0,35.632,5.3,0.16
10,2,16,362.533,693.0,82.0,343402.507,327270.828,27.0,32.275,5.3,0.16
10,2,17,125.901,416.0,52.0,96781.672,89388.75,27.0,28.711,5.4,0.16
10,2,18,0.0,0.0,0.0,0.0,0.0,26.0,26.0,5.6,0.16
10,2,19,0.0,0.0,0.0,0.0,0.0,26.0,26.0,5.7,0.16
10,2,20,0.0,0.0,0.0,0.0,0.0,26.0,26.0,5.8,0.16
10,2,21,0.0,0.0,0.0,0.0,0.0,26.0,26.0,5.7,0.16
10,2,22,0.0,0.0,0.0,0.0,0.0,26.0,26.0,5.7,0.16
10,2,23,0.0,0.0,0.0,0.0,0.0,26.0,26.0,5.6,0.16
10,3,0,0.0,0.0,0.0,0.0,0.0,26.0,26.0,5.5,0.16
10,3,1,0.0,0.0,0.0,0.0,0.0,26.0,26.0,5.4,0.16
10,3,2,0.0,0.0,0.0,0.0,0.0,25.0,25.0,5.4,0.16
10,3,3,0.0,0.0,0.0,0.0,0.0,25.0,25.0,5.3,0.16
10,3,4,0.0,0.0,0.0,0.0,0.0,25.0,25.0,5.4,0.16
10,3,5,0.0,0.0,0.0,0.0,0.0,25.0,25.0,5.4,0.16
10,3,6,0.0,0.0,0.0,0.0,0.0,25.0,0.0,5.6,0.16
10,3,7,196.873,538.0,61.0,168980.042,159028.845,25.0,27.596,5.9,0.16
10,3,8,432.954,746.0,81.0,420374.416,401515.317,26.0,31.903,5.9,0.16
10,3,9,645.795,844.0,91.0,621315.652,595336.405,26.0,35.112,5.6,0.16
10,3,10,629.965,334.0,364.0,588413.651,563600.253,27.0,36.262,5.2,0.16
10,3,11,693.897,307.0,424.0,639400.835,612780.759,27.0,38.295,4.4,0.16
10,3,12,716.859,312.0,436.0,654662.415,627501.561,27.0,40.295,3.5,0.16
10,3,13,534.534,123.0,429.0,489649.154,468335.375,27.0,37.733,3.0,0.16
10,3,14,573.86,295.0,351.0,529998.629,507255.108,27.0,39.18,2.7,0.16
10,3,15,482.218,424.0,228.0,454503.538,434435.108,27.0,37.465,2.6,0.16
10,3,16,131.0,0.0,131.0,121804.463,113524.884,27.0,29.647,3.0,0.16
10,3,17,99.392,238.0,58.0,79518.878,72737.645,27.0,28.724,3.7,0.16
10,3,18,0.0,0.0,0.0,0.0,0.0,26.0,26.0,4.5,0.16
10,3,19,0.0,0.0,0.0,0.0,0.0,26.0,26.0,4.9,0.16
10,3,20,0.0,0.0,0.0,0.0,0.0,26.0,26.0,5.1,0.16
10,3,21,0.0,0.0,0.0,0.0,0.0,26.0,26.0,5.2,0.16
10,3,22,0.0,0.0,0.0,0.0,0.0,26.0,26.0,5.1,0.16
10,3,23,0.0,0.0,0.0,0.0,0.0,25.0,25.0,4.9,0.16
10,4,0,0.0,0.0,0.0,0.0,0.0,25.0,25.0,4.7,0.16
10,4,1,0.0,0.0,0.0,0.0,0.0,25.0,25.0,4.6,0.16
10,4,2,0.0,0.0,0.0,0.0,0.0,25.0,25.0,4.5,0.16
10,4,3,0.0,0.0,0.0,0.0,0.0,25.0,25.0,4.4,0.16
10,4,4,0.0,0.0,0.0,0.0,0.0,25.0,25.0,4.2,0.16
10,4,5,0.0,0.0,0.0,0.0,0.0,25.0,25.0,4.2,0.16
10,4,6,0.0,0.0,0.0,0.0,0.0,26.0,0.0,4.4,0.16
10,4,7,71.0,0.0,71.0,65089.019,58819.094,26.0,27.087,4.9,0.16
10,4,8,281.453,169.0,202.0,268810.366,255321.783,26.0,30.205,5.1,0.16
10,4,9,533.914,421.0,258.0,509219.445,487212.213,26.0,33.781,5.3,0.16
10,4,10,651.308,382.0,348.0,609308.996,583755.193,27.0,36.351,5.4,0.16
10,4,11,894.829,892.0,113.0,833057.616,799575.51,27.0,39.883,5.4,0.16
10,4,12,788.097,466.0,370.0,728798.221,699010.44,27.0,38.441,5.3,0.16
10,4,13,754.103,488.0,337.0,700962.781,672161.32,27.0,37.957,5.3,0.16
10,4,14,545.233,249.0,358.0,511202.963,489125.447,27.0,34.918,5.3,0.16
10,4,15,401.884,223.0,269.0,383377.163,365829.023,26.0,31.853,5.3,0.16
10,4,16,205.127,101.0,165.0,194197.295,183352.55,26.0,28.951,5.4,0.16
10,4,17,97.51,238.0,57.0,78033.788,71305.179,26.0,27.313,5.6,0.16
10,4,18,0.0,0.0,0.0,0.0,0.0,26.0,26.0,5.9,0.16
10,4,19,0.0,0.0,0.0,0.0,0.0,26.0,26.0,6.3,0.16
10,4,20,0.0,0.0,0.0,0.0,0.0,26.0,26.0,6.8,0.16
10,4,21,0.0,0.0,0.0,0.0,0.0,26.0,26.0,7.1,0.16
10,4,22,0.0,0.0,0.0,0.0,0.0,26.0,26.0,7.2,0.16
10,4,23,0.0,0.0,0.0,0.0,0.0,26.0,26.0,7.2,0.16
10,5,0,0.0,0.0,0.0,0.0,0.0,25.0,25.0,7.3,0.16
10,5,1,0.0,0.0,0.0,0.0,0.0,25.0,25.0,7.4,0.16
10,5,2,0.0,0.0,0.0,0.0,0.0,25.0,25.0,7.5,0.16
10,5,3,0.0,0.0,0.0,0.0,0.0,25.0,25.0,7.6,0.16
10,5,4,0.0,0.0,0.0,0.0,0.0,25.0,25.0,7.6,0.16
10,5,5,0.0,0.0,0.0,0.0,0.0,25.0,25.0,7.7,0.16
10,5,6,0.0,0.0,0.0,0.0,0.0,25.0,0.0,7.8,0.16
10,5,7,187.375,470.0,70.0,161432.158,151748.412,26.0,27.982,8.1,0.16
10,5,8,421.698,691.0,98.0,410763.862,392245.303,26.0,30.52,8.3,0.16
10,5,9,634.394,798.0,113.0,615055.813,589298.378,26.0,32.86,8.2,0.16
10,5,10,393.958,53.0,352.0,369952.772,352880.312,26.0,30.257,8.1,0.16
10,5,11,516.632,98.0,431.0,483475.771,462380.739,26.0,31.735,7.8,0.16
10,5,12,929.342,904.0,121.0,871737.483,833333.333,27.0,37.584,7.6,0.16
10,5,13,768.884,519.0,327.0,721185.327,691667.3,27.0,35.905,7.4,0.16
10,5,14,666.587,574.0,237.0,636025.06,609524.601,26.0,33.739,7.4,0.16
10,5,15,578.655,815.0,96.0,563474.183,539544.49,26.0,32.816,7.3,0.16
10,5,16,350.017,681.0,82.0,332770.371,317015.431,26.0,30.094,7.3,0.16
10,5,17,115.28,380.0,52.0,88096.809,81011.626,26.0,27.285,7.2,0.16
10,5,18,0.0,0.0,0.0,0.0,0.0,26.0,26.0,7.2,0.16
10,5,19,0.0,0.0,0.0,0.0,0.0,25.0,25.0,7.2,0.16
10,5,20,0.0,0.0,0.0,0.0,0.0,25.0,25.0,7.1,0.16
10,5,21,0.0,0.0,0.0,0.0,0.0,25.0,25.0,7.0,0.16
10,5,22,0.0,0.0,0.0,0.0,0.0,25.0,25.0,6.7,0.16
10,5,23,0.0,0.0,0.0,0.0,0.0,25.0,25.0,6.5,0.16
10,6,0,0.0,0.0,0.0,0.0,0.0,25.0,25.0,6.3,0.16
10,6,1,0.0,0.0,0.0,0.0,0.0,25.0,25.0,6.4,0.16
10,6,2,0.0,0.0,0.0,0.0,0.0,25.0,25.0,6.5,0.16
10,6,3,0.0,0.0,0.0,0.0,0.0,25.0,25.0,6.5,0.16
10,6,4,0.0,0.0,0.0,0.0,0.0,25.0,25.0,6.5,0.16
10,6,5,0.0,0.0,0.0,0.0,0.0,25.0,25.0,6.5,0.16
10,6,6,0.0,0.0,0.0,0.0,0.0,25.0,0.0,6.9,0.16
10,6,7,199.032,564.0,59.0,169906.433,159922.41,25.0,27.239,7.4,0.16
10,6,8,434.843,756.0,82.0,424822.467,405805.755,25.0,30.067,7.4,0.16
10,6,9,647.027,846.0,96.0,626270.551,600115.733,26.0,33.614,7.3,0.16
10,6,10,810.607,894.0,105.0,771603.45,740298.91,26.0,35.708,7.1,0.16
10,6,11,909.739,925.0,104.0,857490.066,823142.221,26.0,36.883,7.1,0.16
10,6,12,740.473,409.0,376.0,691266.362,662808.484,27.0,35.82,7.1,0.16
10,6,13,735.676,509.0,304.0,690885.747,662441.356,27.0,35.777,7.1,0.16
10,6,14,753.29,869.0,106.0,718554.078,689129.287,27.0,35.851,7.3,0.16
10,6,15,569.596,803.0,97.0,553108.08,529545.699,27.0,33.519,7.6,0.16
10,6,16,266.292,306.0,147.0,253213.703,240277.772,26.0,28.945,7.9,0.16
10,6,17,113.312,401.0,48.0,85037.673,78060.888,26.0,27.174,7.9,0.16
10,6,18,0.0,0.0,0.0,0.0,0.0,26.0,26.0,7.9,0.16
10,6,19,0.0,0.0,0.0,0.0,0.0,26.0,26.0,7.8,0.16
10,6,20,0.0,0.0,0.0,0.0,0.0,26.0,26.0,7.8,0.16
10,6,21,0.0,0.0,0.0,0.0,0.0,26.0,26.0,7.7,0.16
10,6,22,0.0,0.0,0.0,0.0,0.0,25.0,25.0,7.5,0.16
10,6,23,0.0,0.0,0.0,0.0,0.0,25.0,25.0,7.4,0.16
10,7,0,0.0,0.0,0.0,0.0,0.0,25.0,25.0,7.3,0.16
10,7,1,0.0,0.0,0.0,0.0,0.0,25.0,25.0,7.0,0.16
10,7,2,0.0,0.0,0.0,0.0,0.0,25.0,25.0,6.5,0.16
10,7,3,0.0,0.0,0.0,0.0,0.0,25.0,25.0,6.1,0.16
10,7,4,0.0,0.0,0.0,0.0,0.0,25.0,25.0,6.0,0.16
10,7,5,0.0,0.0,0.0,0.0,0.0,25.0,25.0,6.1,0.16
10,7,6,0.0,0.0,0.0,0.0,0.0,25.0,0.0,6.5,0.16
10,7,7,145.27,228.0,89.0,129216.59,120674.37,25.0,26.743,6.9,0.16
10,7,8,349.938,387.0,170.0,337715.695,321785.522,26.0,30.277,6.9,0.16
10,7,9,488.162,316.0,283.0,466800.397,446296.24,26.0,32.014,6.8,0.16
10,7,10,653.737,400.0,339.0,617618.21,591769.978,26.0,34.122,6.7,0.16
10,7,11,904.706,921.0,105.0,851965.641,817813.549,26.0,37.156,6.8,0.16
10,7,12,778.832,466.0,365.0,729143.695,699343.672,26.0,35.47,6.9,0.16
10,7,13,684.969,348.0,391.0,643523.637,616757.473,26.0,34.241,7.0,0.16
10,7,14,665.138,560.0,250.0,633918.566,607492.748,26.0,33.952,7.1,0.16
10,7,15,517.693,615.0,158.0,502547.328,480776.516,26.0,32.151,7.2,0.16
10,7,16,290.495,426.0,126.0,275622.771,261892.798,26.0,29.431,7.2,0.16
10,7,17,89.194,221.0,54.0,70522.768,64060.304,26.0,27.019,7.1,0.16
10,7,18,0.0,0.0,0.0,0.0,0.0,26.0,26.0,6.9,0.16
10,7,19,0.0,0.0,0.0,0.0,0.0,26.0,26.0,6.9,0.16
10,7,20,0.0,0.0,0.0,0.0,0.0,26.0,26.0,7.0,0.16
10,7,21,0.0,0.0,0.0,0.0,0.0,25.0,25.0,7.1,0.16
10,7,22,0.0,0.0,0.0,0.0,0.0,25.0,25.0,7.0,0.16
10,7,23,0.0,0.0,0.0,0.0,0.0,25.0,25.0,6.7,0.16
10,8,0,0.0,0.0,0.0,0.0,0.0,25.0,25.0,6.4,0.16
10,8,1,0.0,0.0,0.0,0.0,0.0,25.0,25.0,6.2,0.16
10,8,2,0.0,0.0,0.0,0.0,0.0,24.0,24.0,6.1,0.16
10,8,3,0.0,0.0,0.0,0.0,0.0,24.0,24.0,6.1,0.16
10,8,4,0.0,0.0,0.0,0.0,0.0,24.0,24.0,6.1,0.16
10,8,5,0.0,0.0,0.0,0.0,0.0,24.0,24.0,6.1,0.16
10,8,6,0.0,0.0,0.0,0.0,0.0,25.0,0.0,6.4,0.16
10,8,7,55.0,0.0,55.0,50127.069,44387.305,25.0,25.678,6.8,0.16
10,8,8,320.704,293.0,185.0,309843.294,294900.752,25.0,28.918,6.9,0.16
10,8,9,510.964,377.0,267.0,489608.929,468296.576,26.0,32.235,6.9,0.16
10,8,10,554.209,217.0,384.0,522473.523,499996.646,26.0,32.734,6.9,0.16
10,8,11,689.228,318.0,414.0,645755.435,618910.19,26.0,34.372,6.9,0.16
10,8,12,502.565,82.0,430.0,468700.438,448128.956,26.0,32.149,6.8,0.16
10,8,13,694.941,366.0,387.0,652159.754,625087.579,26.0,34.714,6.6,0.16
10,8,14,353.675,47.0,319.0,332024.878,316296.354,26.0,30.473,6.5,0.16
10,8,15,440.258,348.0,238.0,423434.386,404466.86,26.0,31.727,6.3,0.16
10,8,16,273.301,359.0,136.0,258674.403,245544.978,26.0,29.621,6.1,0.16
10,8,17,103.439,369.0,46.0,76704.988,70023.463,26.0,27.296,6.0,0.16
10,8,18,0.0,0.0,0.0,0.0,0.0,25.0,25.0,6.1,0.16
10,8,19,0.0,0.0,0.0,0.0,0.0,25.0,25.0,6.3,0.16
10,8,20,0.0,0.0,0.0,0.0,0.0,25.0,25.0,6.5,0.16
10,8,21,0.0,0.0,0.0,0.0,0.0,25.0,25.0,6.4,0.16
10,8,22,0.0,0.0,0.0,0.0,0.0,25.0,25.0,6.1,0.16
10,8,23,0.0,0.0,0.0,0.0,0.0,25.0,25.0,6.1,0.16
10,9,0,0.0,0.0,0.0,0.0,0.0,25.0,25.0,6.0,0.16
10,9,1,0.0,0.0,0.0,0.0,0.0,25.0,25.0,5.6,0.16
10,9,2,0.0,0.0,0.0,0.0,0.0,25.0,25.0,5.5,0.16
10,9,3,0.0,0.0,0.0,0.0,0.0,25.0,25.0,5.4,0.16
10,9,4,0.0,0.0,0.0,0.0,0.0,25.0,25.0,5.1,0.16
10,9,5,0.0,0.0,0.0,0.0,0.0,25.0,25.0,5.0,0.16
10,9,6,0.0,0.0,0.0,0.0,0.0,25.0,0.0,5.5,0.16
10,9,7,200.817,627.0,48.0,168551.826,158615.802,25.0,27.571,6.1,0.16
10,9,8,438.815,806.0,67.0,427445.732,408336.068,25.0,30.722,6.3,0.16
10,9,9,650.715,888.0,78.0,628391.1,602161.143,26.0,34.582,6.2,0.16
10,9,10,812.134,930.0,85.0,770741.654,739467.65,26.0,36.806,6.1,0.16
10,9,11,722.162,392.0,384.0,675035.347,647152.598,26.0,35.662,6.0,0.16
10,9,12,785.438,487.0,356.0,732939.798,703005.264,26.0,36.514,6.0,0.16
10,9,13,875.325,930.0,96.0,824194.659,791026.603,26.0,37.765,6.0,0.16
10,9,14,749.638,893.0,94.0,715276.04,685967.404,26.0,36.092,6.0,0.16
10,9,15,565.67,834.0,84.0,549887.233,526438.979,26.0,33.635,6.0,0.16
10,9,16,262.865,327.0,139.0,248523.317,235753.585,26.0,29.522,6.0,0.16
10,9,17,108.383,443.0,41.0,77633.447,70919.023,26.0,27.34,6.0,0.16
10,9,18,0.0,0.0,0.0,0.0,0.0,25.0,25.0,6.1,0.16
10,9,19,0.0,0.0,0.0,0.0,0.0,25.0,25.0,6.0,0.16
10,9,20,0.0,0.0,0.0,0.0,0.0,25.0,25.0,5.9,0.16
10,9,21,0.0,0.0,0.0,0.0,0.0,25.0,25.0,5.8,0.16
10,9,22,0.0,0.0,0.0,0.0,0.0,25.0,25.0,5.5,0.16
10,9,23,0.0,0.0,0.0,0.0,0.0,25.0,25.0,5.2,0.16
10,10,0,0.0,0.0,0.0,0.0,0.0,25.0,25.0,5.0,0.16
10,10,1,0.0,0.0,0.0,0.0,0.0,25.0,25.0,4.9,0.16
10,10,2,0.0,0.0,0.0,0.0,0.0,25.0,25.0,4.9,0.16
10,10,3,0.0,0.0,0.0,0.0,0.0,24.0,24.0,4.8,0.16
10,10,4,0.0,0.0,0.0,0.0,0.0,24.0,24.0,4.8,0.16
10,10,5,0.0,0.0,0.0,0.0,0.0,24.0,24.0,4.7,0.16
10,10,6,0.0,0.0,0.0,0.0,0.0,24.0,0.0,5.0,0.16
10,10,7,101.623,48.0,90.0,93060.992,85799.908,25.0,26.438,5.5,0.16
10,10,8,385.279,560.0,128.0,373466.023,356269.074,25.0,30.305,5.8,0.16
10,10,9,499.742,373.0,260.0,479884.403,458916.628,25.0,31.712,6.0,0.16
10,10,10,810.104,933.0,83.0,772115.706,740793.014,25.0,35.779,6.1,0.16
10,10,11,556.09,142.0,434.0,519369.293,497002.411,26.0,33.18,6.3,0.16
10,10,12,927.828,949.0,94.0,870746.954,833333.333,26.0,37.931,6.4,0.16
10,10,13,875.005,937.0,93.0,826570.596,793318.351,26.0,37.023,6.6,0.16
10,10,14,746.802,888.0,98.0,715275.352,685966.74,26.0,35.134,6.9,0.16
10,10,15,283.155,63.0,247.0,268783.845,255296.202,26.0,29.379,7.1,0.16
10,10,16,180.761,74.0,153.0,170855.001,160837.366,26.0,28.139,7.2,0.16
10,10,17,55.012,27.0,51.0,47609.249,41958.702,25.0,25.649,7.1,0.16
10,10,18,0.0,0.0,0.0,0.0,0.0,25.0,25.0,6.9,0.16
10,10,19,0.0,0.0,0.0,0.0,0.0,25.0,25.0,6.8,0.16
10,10,20,0.0,0.0,0.0,0.0,0.0,25.0,25.0,6.6,0.16
10,10,21,0.0,0.0,0.0,0.0,0.0,25.0,25.0,6.4,0.16
10,10,22,0.0,0.0,0.0,0.0,0.0,25.0,25.0,6.1,0.16
10,10,23,0.0,0.0,0.0,0.0,0.0,25.0,25.0,5.8,0.16
10,11,0,0.0,0.0,0.0,0.0,0.0,25.0,25.0,5.4,0.16
10,11,1,0.0,0.0,0.0,0.0,0.0,25.0,25.0,5.1,0.16
10,11,2,0.0,0.0,0.0,0.0,0.0,25.0,25.0,5.0,0.16
10,11,3,0.0,0.0,0.0,0.0,0.0,24.0,24.0,4.9,0.16
10,11,4,0.0,0.0,0.0,0.0,0.0,24.0,24.0,4.9,0.16
10,11,5,0.0,0.0,0.0,0.0,0.0,25.0,25.0,4.9,0.16
10,11,6,0.0,0.0,0.0,0.0,0.0,25.0,0.0,5.3,0.16
10,11,7,103.229,55.0,90.0,94351.05,87044.255,25.0,26.394,5.9,0.16
10,11,8,93.0,0.0,93.0,86194.595,79176.816,25.0,26.22,6.2,0.16
10,11,9,262.012,25.0,246.0,246366.424,233673.12,26.0,29.319,6.5,0.16
10,11,10,552.211,223.0,379.0,520552.235,498143.437,26.0,32.922,6.6,0.16
10,11,11,641.077,251.0,426.0,599950.66,574728.46,26.0,34.112,6.5,0.16
10,11,12,661.866,258.0,436.0,618373.457,592498.464,26.0,34.374,6.5,0.16
10,11,13,419.052,53.0,375.0,391563.766,373725.543,26.0,31.237,6.6,0.16
10,11,14,744.904,909.0,84.0,713355.308,684114.731,26.0,35.4,6.6,0.16
10,11,15,560.863,852.0,75.0,547073.592,523725.037,26.0,33.023,6.7,0.16
10,11,16,336.573,739.0,62.0,317382.036,302172.366,25.0,29.169,6.7,0.16
10,11,17,103.047,462.0,36.0,71671.171,65168.014,25.0,26.167,6.7,0.16
10,11,18,0.0,0.0,0.0,0.0,0.0,25.0,25.0,6.7,0.16
10,11,19,0.0,0.0,0.0,0.0,0.0,25.0,25.0,6.6,0.16
10,11,20,0.0,0.0,0.0,0.0,0.0,25.0,25.0,6.5,0.16
10,11,21,0.0,0.0,0.0,0.0,0.0,25.0,25.0,6.5,0.16
10,11,22,0.0,0.0,0.0,0.0,0.0,25.0,25.0,6.5,0.16
10,11,23,0.0,0.0,0.0,0.0,0.0,25.0,25.0,6.4,0.16
10,12,0,0.0,0.0,0.0,0.0,0.0,25.0,25.0,6.3,0.16
10,12,1,0.0,0.0,0.0,0.0,0.0,24.0,24.0,6.0,0.16
10,12,2,0.0,0.0,0.0,0.0,0.0,24.0,24.0,5.7,0.16
10,12,3,0.0,0.0,0.0,0.0,0.0,24.0,24.0,5.4,0.16
10,12,4,0.0,0.0,0.0,0.0,0.0,24.0,24.0,5.3,0.16
10,12,5,0.0,0.0,0.0,0.0,0.0,24.0,24.0,5.5,0.16
10,12,6,0.0,0.0,0.0,0.0,0.0,24.0,0.0,6.0,0.16
10,12,7,194.801,602.0,51.0,163036.509,153295.915,25.0,27.361,6.6,0.16
10,12,8,430.337,791.0,70.0,419097.283,400283.437,25.0,30.267,6.9,0.16
10,12,9,641.702,877.0,82.0,624342.925,598256.411,25.0,32.705,7.1,0.16
10,12,10,802.18,920.0,90.0,768654.025,737453.995,25.0,34.423,7.3,0.16
10,12,11,899.099,951.0,87.0,850014.203,815931.257,26.0,36.55,7.3,0.16
10,12,12,919.371,952.0,89.0,866899.284,832218.033,26.0,36.891,7.2,0.16
10,12,13,863.77,936.0,89.0,818671.888,785699.525,26.0,36.341,7.1,0.16
10,12,14,731.895,872.0,101.0,701926.383,673090.778,26.0,34.862,7.0,0.16
10,12,15,546.848,808.0,89.0,533651.507,510778.55,26.0,32.639,7.0,0.16
10,12,16,324.054,685.0,72.0,304210.024,289467.091,26.0,29.853,7.1,0.16
10,12,17,94.973,388.0,40.0,67165.186,60821.694,26.0,27.043,7.1,0.16
10,12,18,0.0,0.0,0.0,0.0,0.0,25.0,25.0,7.1,0.16
10,12,19,0.0,0.0,0.0,0.0,0.0,25.0,25.0,7.1,0.16
10,12,20,0.0,0.0,0.0,0.0,0.0,25.0,25.0,6.9,0.16
10,12,21,0.0,0.0,0.0,0.0,0.0,25.0,25.0,6.6,0.16
10,12,22,0.0,0.0,0.0,0.0,0.0,25.0,25.0,6.3,0.16
10,12,23,0.0,0.0,0.0,0.0,0.0,25.0,25.0,5.8,0.16
10,13,0,0.0,0.0,0.0,0.0,0.0,25.0,25.0,5.4,0.16
10,13,1,0.0,0.0,0.0,0.0,0.0,25.0,25.0,5.0,0.16
10,13,2,0.0,0.0,0.0,0.0,0.0,25.0,25.0,4.8,0.16
10,13,3,0.0,0.0,0.0,0.0,0.0,25.0,25.0,4.7,0.16
10,13,4,0.0,0.0,0.0,0.0,0.0,25.0,25.0,4.6,0.16
10,13,5,0.0,0.0,0.0,0.0,0.0,25.0,25.0,4.5,0.16
10,13,6,0.0,0.0,0.0,0.0,0.0,25.0,0.0,4.7,0.16
10,13,7,116.802,113.0,90.0,105164.889,97474.917,25.0,26.747,5.0,0.16
10,13,8,247.705,114.0,196.0,236614.984,224267.212,25.0,28.745,5.0,0.16
10,13,9,527.778,451.0,241.0,503655.625,481845.541,26.0,34.194,4.8,0.16
10,13,10,622.493,361.0,344.0,583362.362,558727.952,26.0,36.02,4.5,0.16
10,13,11,729.28,441.0,354.0,674932.381,647053.28,26.0,38.76,3.9,0.16
10,13,12,680.357,295.0,424.0,622068.27,596062.356,27.0,40.239,3.2,0.16
10,13,13,741.291,522.0,311.0,673515.987,645687.075,27.0,44.278,2.2,0.16
10,13,14,635.049,539.0,247.0,581260.147,556700.226,27.0,44.17,1.5,0.16
10,13,15,380.626,232.0,250.0,355447.191,338888.721,27.0,37.531,1.4,0.16
10,13,16,202.839,145.0,150.0,188322.543,177685.964,27.0,32.475,1.5,0.16
10,13,17,56.745,56.0,49.0,47146.407,41512.26,26.0,27.498,1.5,0.16
10,13,18,0.0,0.0,0.0,0.0,0.0,26.0,26.0,1.4,0.16
10,13,19,0.0,0.0,0.0,0.0,0.0,26.0,26.0,1.2,0.16
10,13,20,0.0,0.0,0.0,0.0,0.0,26.0,26.0,1.2,0.16
10,13,21,0.0,0.0,0.0,0.0,0.0,25.0,25.0,1.1,0.16
10,13,22,0.0,0.0,0.0,0.0,0.0,25.0,25.0,0.8,0.16
10,13,23,0.0,0.0,0.0,0.0,0.0,25.0,25.0,0.5,0.16
10,14,0,0.0,0.0,0.0,0.0,0.0,25.0,25.0,0.6,0.16
10,14,1,0.0,0.0,0.0,0.0,0.0,25.0,25.0,1.0,0.16
10,14,2,0.0,0.0,0.0,0.0,0.0,25.0,25.0,1.4,0.16
10,14,3,0.0,0.0,0.0,0.0,0.0,25.0,25.0,1.5,0.16
10,14,4,0.0,0.0,0.0,0.0,0.0,25.0,25.0,1.6,0.16
10,14,5,0.0,0.0,0.0,0.0,0.0,25.0,25.0,1.7,0.16
10,14,6,0.0,0.0,0.0,0.0,0.0,25.0,0.0,2.0,0.16
10,14,7,186.038,565.0,53.0,154254.782,144825.359,25.0,29.104,2.3,0.16
10,14,8,270.66,172.0,193.0,257234.828,244156.413,25.0,30.975,2.5,0.16
10,14,9,493.328,362.0,264.0,464382.831,443964.338,26.0,36.692,2.6,0.16
10,14,10,613.22,345.0,348.0,567536.006,543462.386,26.0,39.019,2.7,0.16
10,14,11,707.08,381.0,384.0,648594.636,621648.787,26.0,40.482,2.9,0.16
10,14,12,771.629,554.0,292.0,709719.783,680608.026,26.0,41.053,3.2,0.16
10,14,13,608.397,249.0,404.0,563181.641,539262.314,26.0,37.291,3.5,0.16
10,14,14,480.681,188.0,346.0,450294.471,430375.185,26.0,34.663,3.7,0.16
10,14,15,177.678,3.0,176.0,165732.419,155896.298,26.0,29.064,4.0,0.16
10,14,16,165.293,59.0,144.0,155276.718,145811.084,26.0,28.817,4.1,0.16
10,14,17,67.513,152.0,47.0,52512.33,46688.047,26.0,27.114,4.0,0.16
10,14,18,0.0,0.0,0.0,0.0,0.0,26.0,26.0,3.8,0.16
10,14,19,0.0,0.0,0.0,0.0,0.0,26.0,26.0,3.8,0.16
10,14,20,0.0,0.0,0.0,0.0,0.0,25.0,25.0,3.8,0.16
10,14,21,0.0,0.0,0.0,0.0,0.0,25.0,25.0,3.7,0.16
10,14,22,0.0,0.0,0.0,0.0,0.0,25.0,25.0,3.7,0.16
10,14,23,0.0,0.0,0.0,0.0,0.0,25.0,25.0,3.8,0.16
10,15,0,0.0,0.0,0.0,0.0,0.0,25.0,25.0,3.7,0.16
10,15,1,0.0,0.0,0.0,0.0,0.0,25.0,25.0,3.6,0.16
10,15,2,0.0,0.0,0.0,0.0,0.0,25.0,25.0,3.5,0.16
10,15,3,0.0,0.0,0.0,0.0,0.0,25.0,25.0,3.2,0.16
10,15,4,0.0,0.0,0.0,0.0,0.0,25.0,25.0,3.0,0.16
10,15,5,0.0,0.0,0.0,0.0,0.0,25.0,25.0,2.8,0.16
10,15,6,0.0,0.0,0.0,0.0,0.0,25.0,0.0,2.9,0.16
10,15,7,97.751,46.0,87.0,89022.047,81904.08,25.0,26.932,3.1,0.16
10,15,8,261.764,153.0,193.0,248174.523,235417.151,26.0,31.204,3.1,0.16
10,15,9,324.177,70.0,280.0,303927.037,289194.131,26.0,32.423,3.1,0.16
10,15,10,574.657,275.0,364.0,532978.837,510129.715,26.0,37.775,2.9,0.16
10,15,11,675.61,325.0,401.0,616987.361,591161.484,26.0,41.126,2.4,0.16
10,15,12,590.935,175.0,440.0,536133.178,513172.285,26.0,40.877,1.8,0.16
10,15,13,456.394,80.0,391.0,415214.523,396538.259,26.0,38.838,1.3,0.16
10,15,14,266.118,17.0,254.0,244153.145,231538.266,26.0,34.062,1.0,0.13
10,15,15,282.581,73.0,242.0,262583.825,249315.873,26.0,35.055,0.8,0.13
10,15,16,119.0,0.0,119.0,110322.692,102449.958,26.0,29.926,0.7,0.13
10,15,17,47.897,22.0,45.0,40438.724,35042.257,26.0,27.512,0.8,0.13
10,15,18,0.0,0.0,0.0,0.0,0.0,26.0,26.0,1.1,0.13
10,15,19,0.0,0.0,0.0,0.0,0.0,25.0,25.0,1.3,0.13
10,15,20,0.0,0.0,0.0,0.0,0.0,25.0,25.0,1.4,0.13
10,15,21,0.0,0.0,0.0,0.0,0.0,25.0,25.0,1.5,0.13
10,15,22,0.0,0.0,0.0,0.0,0.0,25.0,25.0,1.6,0.13
10,15,23,0.0,0.0,0.0,0.0,0.0,25.0,25.0,1.6,0.13
10,16,0,0.0,0.0,0.0,0.0,0.0,25.0,25.0,1.8,0.13
10,16,1,0.0,0.0,0.0,0.0,0.0,24.0,24.0,2.0,0.13
10,16,2,0.0,0.0,0.0,0.0,0.0,24.0,24.0,2.4,0.13
10,16,3,0.0,0.0,0.0,0.0,0.0,24.0,24.0,2.7,0.13
10,16,4,0.0,0.0,0.0,0.0,0.0,24.0,24.0,3.0,0.13
10,16,5,0.0,0.0,0.0,0.0,0.0,24.0,24.0,3.1,0.13
10,16,6,0.0,0.0,0.0,0.0,0.0,24.0,0.0,3.4,0.13
10,16,7,82.392,6.0,81.0,76171.04,69508.434,24.0,25.488,3.7,0.13
10,16,8,141.0,0.0,141.0,132302.34,123650.779,25.0,27.473,3.9,0.13
10,16,9,268.488,31.0,249.0,252652.459,239736.415,25.0,29.627,4.0,0.13
10,16,10,488.726,149.0,375.0,457349.546,437180.27,25.0,33.796,3.7,0.13
10,16,11,474.194,81.0,406.0,439262.979,419734.583,25.0,34.209,3.2,0.13
10,16,12,399.65,38.0,367.0,367604.089,350614.852,26.0,34.294,2.8,0.13
10,16,13,413.769,55.0,369.0,381310.276,363835.374,26.0,34.906,2.6,0.13
10,16,14,298.151,27.0,279.0,277457.361,263662.381,25.0,31.667,2.4,0.13
10,16,15,316.389,122.0,249.0,299412.34,284839.407,25.0,32.107,2.4,0.13
10,16,16,205.237,173.0,144.0,192398.37,181617.368,25.0,29.518,2.5,0.13
10,16,17,6.0,0.0,6.0,4707.355,576.992,25.0,25.126,2.7,0.13
10,16,18,0.0,0.0,0.0,0.0,0.0,25.0,25.0,3.0,0.13
10,16,19,0.0,0.0,0.0,0.0,0.0,25.0,25.0,3.3,0.13
10,16,20,0.0,0.0,0.0,0.0,0.0,25.0,25.0,3.6,0.13
10,16,21,0.0,0.0,0.0,0.0,0.0,25.0,25.0,3.9,0.13
10,16,22,0.0,0.0,0.0,0.0,0.0,25.0,25.0,4.0,0.13
10,16,23,0.0,0.0,0.0,0.0,0.0,25.0,25.0,3.9,0.13
10,17,0,0.0,0.0,0.0,0.0,0.0,25.0,25.0,3.8,0.13
10,17,1,0.0,0.0,0.0,0.0,0.0,25.0,25.0,3.7,0.13
10,17,2,0.0,0.0,0.0,0.0,0.0,24.0,24.0,3.6,0.13
10,17,3,0.0,0.0,0.0,0.0,0.0,24.0,24.0,3.5,0.13
10,17,4,0.0,0.0,0.0,0.0,0.0,24.0,24.0,3.4,0.13
10,17,5,0.0,0.0,0.0,0.0,0.0,25.0,25.0,3.2,0.13
10,17,6,0.0,0.0,0.0,0.0,0.0,25.0,0.0,3.2,0.13
10,17,7,67.0,0.0,67.0,61327.257,55190.626,25.0,26.309,3.2,0.13
10,17,8,311.226,306.0,175.0,297121.626,282629.863,25.0,31.295,3.0,0.13
10,17,9,297.309,50.0,266.0,278840.315,264996.331,25.0,31.539,2.5,0.13
10,17,10,307.491,23.0,290.0,283330.508,269327.419,26.0,33.425,2.0,0.13
10,17,11,128.0,0.0,128.0,115412.28,107359.201,26.0,29.511,1.4,0.13
10,17,12,299.695,16.0,286.0,272418.452,258802.02,26.0,35.057,1.0,0.13
10,17,13,128.0,0.0,128.0,115378.397,107326.519,26.0,29.97,0.9,0.13
10,17,14,216.94,7.0,212.0,198971.374,187957.465,26.0,32.409,1.1,0.13
10,17,15,280.164,75.0,239.0,261862.821,248620.418,26.0,33.738,1.4,0.13
10,17,16,154.827,48.0,138.0,144896.115,135798.307,25.0,29.183,1.5,0.13
10,17,17,7.0,0.0,7.0,5519.464,1360.325,25.0,25.187,1.5,0.13
10,17,18,0.0,0.0,0.0,0.0,0.0,25.0,25.0,1.3,0.13
10,17,19,0.0,0.0,0.0,0.0,0.0,25.0,25.0,1.2,0.13
10,17,20,0.0,0.0,0.0,0.0,0.0,25.0,25.0,1.0,0.13
10,17,21,0.0,0.0,0.0,0.0,0.0,25.0,25.0,1.0,0.13
10,17,22,0.0,0.0,0.0,0.0,0.0,25.0,25.0,0.9,0.13
10,17,23,0.0,0.0,0.0,0.0,0.0,25.0,25.0,0.8,0.13
10,18,0,0.0,0.0,0.0,0.0,0.0,25.0,25.0,0.8,0.13
10,18,1,0.0,0.0,0.0,0.0,0.0,25.0,25.0,0.9,0.13
10,18,2,0.0,0.0,0.0,0.0,0.0,25.0,25.0,1.2,0.13
10,18,3,0.0,0.0,0.0,0.0,0.0,25.0,25.0,1.5,0.13
10,18,4,0.0,0.0,0.0,0.0,0.0,25.0,25.0,1.6,0.13
10,18,5,0.0,0.0,0.0,0.0,0.0,25.0,25.0,1.8,0.13
10,18,6,0.0,0.0,0.0,0.0,0.0,25.0,0.0,2.1,0.13
10,18,7,38.0,0.0,38.0,33940.749,28774.531,25.0,25.838,2.5,0.13
10,18,8,103.0,0.0,103.0,95176.115,87840.084,26.0,28.152,2.8,0.13
10,18,9,461.101,300.0,274.0,435032.803,415654.298,26.0,35.476,2.9,0.13
10,18,10,430.704,92.0,361.0,399820.624,381689.827,26.0,34.659,3.0,0.13
10,18,11,598.848,214.0,420.0,552234.205,528702.789,26.0,37.649,3.2,0.13
10,18,12,566.005,156.0,433.0,519548.999,497175.75,27.0,37.824,3.3,0.13
10,18,13,434.495,70.0,378.0,400877.17,382708.936,27.0,35.175,3.4,0.13
10,18,14,284.152,23.0,268.0,263547.99,250245.875,27.0,32.188,3.6,0.13
10,18,15,228.816,29.0,213.0,214266.68,202710.797,27.0,31.067,3.8,0.13
10,18,16,146.846,37.0,134.0,137624.897,128784.737,26.0,28.539,4.0,0.13
10,18,17,48.349,52.0,42.0,39238.274,33884.344,26.0,26.801,4.1,0.13
10,18,18,0.0,0.0,0.0,0.0,0.0,26.0,26.0,4.1,0.13
10,18,19,0.0,0.0,0.0,0.0,0.0,26.0,26.0,4.2,0.13
10,18,20,0.0,0.0,0.0,0.0,0.0,26.0,26.0,4.1,0.13
10,18,21,0.0,0.0,0.0,0.0,0.0,26.0,26.0,3.8,0.13
10,18,22,0.0,0.0,0.0,0.0,0.0,26.0,26.0,3.5,0.13
10,18,23,0.0,0.0,0.0,0.0,0.0,26.0,26.0,3.3,0.13
10,19,0,0.0,0.0,0.0,0.0,0.0,26.0,26.0,3.1,0.13
10,19,1,0.0,0.0,0.0,0.0,0.0,26.0,26.0,3.1,0.13
10,19,2,0.0,0.0,0.0,0.0,0.0,26.0,26.0,3.1,0.13
10,19,3,0.0,0.0,0.0,0.0,0.0,25.0,25.0,3.2,0.13
10,19,4,0.0,0.0,0.0,0.0,0.0,25.0,25.0,3.4,0.13
10,19,5,0.0,0.0,0.0,0.0,0.0,25.0,25.0,3.6,0.13
10,19,6,0.0,0.0,0.0,0.0,0.0,25.0,0.0,4.0,0.13
10,19,7,57.0,0.0,57.0,51625.08,45832.236,26.0,26.907,4.6,0.13
10,19,8,400.877,762.0,65.0,385627.17,367999.304,26.0,31.998,5.1,0.13
10,19,9,435.418,247.0,282.0,414925.601,396259.574,26.0,32.263,5.4,0.13
10,19,10,756.77,890.0,85.0,719491.103,690033.11,26.0,36.789,5.5,0.13
10,19,11,849.018,914.0,88.0,795436.265,763287.233,27.0,39.235,5.4,0.13
10,19,12,867.789,917.0,89.0,810775.819,778083.245,27.0,39.654,5.3,0.13
10,19,13,814.477,904.0,88.0,765539.392,734449.725,27.0,38.884,5.3,0.13
10,19,14,688.76,854.0,92.0,655685.682,628488.568,27.0,37.189,5.2,0.13
10,19,15,510.207,792.0,81.0,494501.648,473015.926,27.0,34.662,5.1,0.13
10,19,16,293.364,667.0,64.0,269324.484,255817.684,27.0,31.34,5.1,0.13
10,19,17,75.89,352.0,34.0,50191.909,44449.848,26.0,27.005,5.2,0.13
10,19,18,0.0,0.0,0.0,0.0,0.0,26.0,26.0,5.2,0.13
10,19,19,0.0,0.0,0.0,0.0,0.0,26.0,26.0,5.2,0.13
10,19,20,0.0,0.0,0.0,0.0,0.0,26.0,26.0,5.1,0.13
10,19,21,0.0,0.0,0.0,0.0,0.0,26.0,26.0,5.1,0.13
10,19,22,0.0,0.0,0.0,0.0,0.0,26.0,26.0,5.0,0.13
10,19,23,0.0,0.0,0.0,0.0,0.0,25.0,25.0,4.9,0.13
10,20,0,0.0,0.0,0.0,0.0,0.0,25.0,25.0,4.9,0.13
10,20,1,0.0,0.0,0.0,0.0,0.0,25.0,25.0,4.9,0.13
10,20,2,0.0,0.0,0.0,0.0,0.0,25.0,25.0,4.9,0.13
10,20,3,0.0,0.0,0.0,0.0,0.0,25.0,25.0,4.9,0.13
10,20,4,0.0,0.0,0.0,0.0,0.0,25.0,25.0,5.0,0.13
10,20,5,0.0,0.0,0.0,0.0,0.0,25.0,25.0,5.3,0.13
10,20,6,0.0,0.0,0.0,0.0,0.0,25.0,0.0,5.9,0.13
10,20,7,170.591,515.0,55.0,141039.066,132077.929,25.0,27.084,6.5,0.13
10,20,8,397.567,731.0,77.0,383568.761,366013.832,26.0,30.96,6.7,0.13
10,20,9,601.777,829.0,89.0,583804.117,559154.054,26.0,33.527,6.7,0.13
10,20,10,758.441,881.0,96.0,724027.695,694408.953,26.0,35.666,6.5,0.13
10,20,11,851.495,912.0,95.0,800553.267,768222.919,27.0,38.32,6.1,0.13
10,20,12,871.585,918.0,95.0,815515.773,782655.244,27.0,39.262,5.6,0.13
10,20,13,817.166,905.0,93.0,767017.065,735875.038,27.0,39.22,5.1,0.13
10,20,14,692.833,867.0,90.0,657887.939,630612.791,27.0,37.921,4.7,0.13
10,20,15,511.348,801.0,80.0,494308.425,472829.549,27.0,35.412,4.4,0.13
10,20,16,152.052,53.0,134.0,141870.743,132880.136,27.0,29.485,4.4,0.13
10,20,17,26.0,0.0,26.0,21472.666,16748.241,27.0,27.408,4.6,0.13
10,20,18,0.0,0.0,0.0,0.0,0.0,27.0,27.0,5.1,0.13
10,20,19,0.0,0.0,0.0,0.0,0.0,26.0,26.0,5.6,0.13
10,20,20,0.0,0.0,0.0,0.0,0.0,26.0,26.0,6.0,0.13
10,20,21,0.0,0.0,0.0,0.0,0.0,26.0,26.0,6.4,0.13
10,20,22,0.0,0.0,0.0,0.0,0.0,26.0,26.0,6.7,0.13
10,20,23,0.0,0.0,0.0,0.0,0.0,26.0,26.0,6.8,0.13
10,21,0,0.0,0.0,0.0,0.0,0.0,26.0,26.0,6.7,0.13
10,21,1,0.0,0.0,0.0,0.0,0.0,26.0,26.0,6.7,0.13
10,21,2,0.0,0.0,0.0,0.0,0.0,26.0,26.0,6.6,0.13
10,21,3,0.0,0.0,0.0,0.0,0.0,25.0,25.0,6.6,0.13
10,21,4,0.0,0.0,0.0,0.0,0.0,25.0,25.0,6.6,0.13
10,21,5,0.0,0.0,0.0,0.0,0.0,25.0,25.0,6.8,0.13
10,21,6,0.0,0.0,0.0,0.0,0.0,25.0,0.0,7.2,0.13
10,21,7,167.916,503.0,56.0,138245.765,129383.605,26.0,27.837,7.6,0.13
10,21,8,277.666,217.0,183.0,266024.163,252634.307,26.0,29.105,7.8,0.13
10,21,9,495.92,409.0,244.0,477973.878,457073.801,26.0,31.498,7.9,0.13
10,21,10,616.117,390.0,324.0,585941.529,561215.728,26.0,32.875,7.8,0.13
10,21,11,690.967,386.0,372.0,649079.409,622116.383,27.0,34.845,7.6,0.13
10,21,12,722.383,436.0,355.0,677998.269,650010.532,27.0,35.282,7.5,0.13
10,21,13,690.862,473.0,314.0,651684.746,624629.401,27.0,35.006,7.4,0.13
10,21,14,604.992,529.0,239.0,577588.113,553158.307,27.0,34.028,7.4,0.13
10,21,15,366.783,250.0,233.0,353451.785,336964.02,26.0,30.264,7.4,0.13
10,21,16,285.557,633.0,72.0,263570.169,250267.267,26.0,29.251,7.5,0.13
10,21,17,69.096,284.0,37.0,46893.916,41268.716,26.0,26.729,7.4,0.13
10,21,18,0.0,0.0,0.0,0.0,0.0,26.0,26.0,7.4,0.13
10,21,19,0.0,0.0,0.0,0.0,0.0,26.0,26.0,7.4,0.13
10,21,20,0.0,0.0,0.0,0.0,0.0,26.0,26.0,7.3,0.13
10,21,21,0.0,0.0,0.0,0.0,0.0,26.0,26.0,7.3,0.13
10,21,22,0.0,0.0,0.0,0.0,0.0,25.0,25.0,7.2,0.13
10,21,23,0.0,0.0,0.0,0.0,0.0,25.0,25.0,7.0,0.13
10,22,0,0.0,0.0,0.0,0.0,0.0,25.0,25.0,6.8,0.13
10,22,1,0.0,0.0,0.0,0.0,0.0,25.0,25.0,6.6,0.13
10,22,2,0.0,0.0,0.0,0.0,0.0,25.0,25.0,6.4,0.13
10,22,3,0.0,0.0,0.0,0.0,0.0,25.0,25.0,6.2,0.13
10,22,4,0.0,0.0,0.0,0.0,0.0,25.0,25.0,6.1,0.13
10,22,5,0.0,0.0,0.0,0.0,0.0,25.0,25.0,6.1,0.13
10,22,6,0.0,0.0,0.0,0.0,0.0,25.0,25.0,6.3,0.13
10,22,7,170.64,538.0,52.0,139737.881,130822.85,25.0,27.035,6.7,0.13
10,22,8,143.434,1.0,143.0,134666.65,125931.312,26.0,27.714,7.1,0.13
10,22,9,257.172,28.0,240.0,242485.838,229930.038,26.0,29.034,7.2,0.13
10,22,10,385.258,62.0,339.0,362415.071,345609.701,26.0,30.537,7.2,0.13
10,22,11,295.171,16.0,282.0,274841.534,261139.243,26.0,29.503,7.1,0.13
10,22,12,871.342,925.0,95.0,823736.347,790584.531,26.0,36.75,6.8,0.13
10,22,13,815.339,908.0,95.0,774844.638,743425.25,26.0,36.17,6.7,0.13
10,22,14,691.687,874.0,90.0,665668.936,638118.076,26.0,34.642,6.7,0.13
10,22,15,510.746,810.0,80.0,500028.72,478347.152,26.0,32.333,6.8,0.13
10,22,16,290.252,680.0,63.0,266700.03,253286.225,26.0,29.502,6.9,0.13
10,22,17,70.207,347.0,32.0,44883.168,39329.217,26.0,26.767,6.8,0.13
10,22,18,0.0,0.0,0.0,0.0,0.0,25.0,25.0,6.8,0.13
10,22,19,0.0,0.0,0.0,0.0,0.0,25.0,25.0,6.9,0.13
10,22,20,0.0,0.0,0.0,0.0,0.0,25.0,25.0,7.0,0.13
10,22,21,0.0,0.0,0.0,0.0,0.0,25.0,25.0,7.1,0.13
10,22,22,0.0,0.0,0.0,0.0,0.0,25.0,25.0,7.0,0.13
10,22,23,0.0,0.0,0.0,0.0,0.0,25.0,25.0,6.7,0.13
10,23,0,0.0,0.0,0.0,0.0,0.0,25.0,25.0,6.5,0.13
10,23,1,0.0,0.0,0.0,0.0,0.0,25.0,25.0,6.4,0.13
10,23,2,0.0,0.0,0.0,0.0,0.0,25.0,25.0,6.2,0.13
10,23,3,0.0,0.0,0.0,0.0,0.0,25.0,25.0,6.1,0.13
10,23,4,0.0,0.0,0.0,0.0,0.0,25.0,25.0,6.1,0.13
10,23,5,0.0,0.0,0.0,0.0,0.0,25.0,25.0,6.1,0.13
10,23,6,0.0,0.0,0.0,0.0,0.0,25.0,25.0,6.3,0.13
10,23,7,5.0,0.0,5.0,4028.77,0.0,25.0,25.061,6.9,0.13
10,23,8,180.379,31.0,167.0,170649.143,160638.803,26.0,28.114,7.3,0.13
10,23,9,150.0,0.0,150.0,139220.775,130324.067,26.0,27.734,7.4,0.13
10,23,10,357.184,46.0,323.0,335774.784,319913.385,26.0,30.084,7.5,0.13
10,23,11,571.9,195.0,412.0,538175.054,515141.81,26.0,32.482,7.6,0.13
10,23,12,881.452,936.0,99.0,835534.04,801964.185,26.0,36.05,7.6,0.13
10,23,13,825.089,923.0,96.0,786252.685,754429.064,26.0,35.504,7.5,0.13
10,23,14,699.303,888.0,91.0,674669.109,646799.338,26.0,34.068,7.5,0.14
10,23,15,514.824,819.0,82.0,505005.812,483147.885,26.0,31.899,7.6,0.14
10,23,16,290.463,678.0,66.0,266778.308,253361.73,26.0,29.24,7.7,0.14
10,23,17,67.649,323.0,33.0,43706.366,38194.113,25.0,25.679,7.7,0.14
10,23,18,0.0,0.0,0.0,0.0,0.0,25.0,25.0,7.7,0.14
10,23,19,0.0,0.0,0.0,0.0,0.0,25.0,25.0,7.8,0.14
10,23,20,0.0,0.0,0.0,0.0,0.0,25.0,25.0,7.9,0.14
10,23,21,0.0,0.0,0.0,0.0,0.0,25.0,25.0,7.9,0.14
10,23,22,0.0,0.0,0.0,0.0,0.0,25.0,25.0,7.7,0.14
10,23,23,0.0,0.0,0.0,0.0,0.0,25.0,25.0,7.4,0.14
10,24,0,0.0,0.0,0.0,0.0,0.0,25.0,25.0,7.1,0.14
10,24,1,0.0,0.0,0.0,0.0,0.0,25.0,25.0,6.9,0.14
10,24,2,0.0,0.0,0.0,0.0,0.0,25.0,25.0,6.7,0.14
10,24,3,0.0,0.0,0.0,0.0,0.0,25.0,25.0,6.5,0.14
10,24,4,0.0,0.0,0.0,0.0,0.0,25.0,25.0,6.5,0.14
10,24,5,0.0,0.0,0.0,0.0,0.0,25.0,25.0,6.7,0.14
10,24,6,0.0,0.0,0.0,0.0,0.0,25.0,25.0,7.1,0.14
10,24,7,161.606,474.0,59.0,133217.545,124533.555,25.0,26.784,7.5,0.14
10,24,8,387.88,708.0,84.0,375267.596,358006.81,25.0,29.381,7.7,0.14
10,24,9,256.63,29.0,239.0,243224.654,230642.675,25.0,27.859,7.8,0.14
10,24,10,554.768,278.0,349.0,526822.925,504191.932,26.0,32.185,7.8,0.14
10,24,11,500.75,116.0,406.0,470639.715,449999.516,26.0,31.565,7.8,0.14
10,24,12,434.124,59.0,385.0,406691.467,388317.209,26.0,30.819,7.8,0.14
10,24,13,807.278,884.0,112.0,770092.089,738841.102,26.0,35.122,7.7,0.14
10,24,14,683.812,855.0,101.0,660100.031,632746.499,26.0,33.814,7.6,0.14
10,24,15,500.616,778.0,92.0,490887.739,469530.072,26.0,31.736,7.6,0.14
10,24,16,149.352,59.0,130.0,140074.67,131147.705,26.0,27.699,7.6,0.14
10,24,17,62.691,265.0,35.0,41659.213,36219.499,25.0,25.649,7.5,0.14
10,24,18,0.0,0.0,0.0,0.0,0.0,25.0,25.0,7.5,0.14
10,24,19,0.0,0.0,0.0,0.0,0.0,25.0,25.0,7.6,0.14
10,24,20,0.0,0.0,0.0,0.0,0.0,25.0,25.0,7.7,0.14
10,24,21,0.0,0.0,0.0,0.0,0.0,25.0,25.0,7.7,0.14
10,24,22,0.0,0.0,0.0,0.0,0.0,25.0,25.0,7.5,0.14
10,24,23,0.0,0.0,0.0,0.0,0.0,25.0,25.0,7.3,0.14
10,25,0,0.0,0.0,0.0,0.0,0.0,25.0,25.0,7.1,0.14
10,25,1,0.0,0.0,0.0,0.0,0.0,25.0,25.0,6.8,0.14
10,25,2,0.0,0.0,0.0,0.0,0.0,25.0,25.0,6.5,0.14
10,25,3,0.0,0.0,0.0,0.0,0.0,25.0,25.0,6.1,0.14
10,25,4,0.0,0.0,0.0,0.0,0.0,25.0,25.0,5.8,0.14
10,25,5,0.0,0.0,0.0,0.0,0.0,25.0,25.0,5.6,0.14
10,25,6,0.0,0.0,0.0,0.0,0.0,25.0,25.0,5.8,0.14
10,25,7,164.554,497.0,58.0,134210.895,125491.707,26.0,28.048,6.3,0.14
10,25,8,393.71,728.0,83.0,378543.855,361166.979,26.0,30.857,6.8,0.14
10,25,9,601.152,833.0,97.0,583828.968,559178.024,26.0,33.367,6.9,0.14
10,25,10,757.88,887.0,104.0,721621.412,692087.934,27.0,36.46,6.7,0.14
10,25,11,851.269,916.0,106.0,801849.394,769473.119,27.0,37.955,6.4,0.14
10,25,12,869.943,920.0,107.0,816603.622,783704.546,27.0,38.564,6.1,0.14
10,25,13,813.951,904.0,106.0,767053.111,735909.807,27.0,38.328,5.7,0.14
10,25,14,524.484,328.0,302.0,496289.973,474740.884,27.0,34.453,5.5,0.14
10,25,15,232.88,40.0,212.0,219405.813,207667.83,27.0,30.348,5.4,0.14
10,25,16,73.0,0.0,73.0,67169.348,60825.708,26.0,27.039,5.5,0.14
10,25,17,62.377,269.0,35.0,40751.663,35344.107,26.0,26.795,5.5,0.14
10,25,18,0.0,0.0,0.0,0.0,0.0,26.0,26.0,5.5,0.14
10,25,19,0.0,0.0,0.0,0.0,0.0,25.0,25.0,5.6,0.14
10,25,20,0.0,0.0,0.0,0.0,0.0,25.0,25.0,5.7,0.14
10,25,21,0.0,0.0,0.0,0.0,0.0,25.0,25.0,5.8,0.14
10,25,22,0.0,0.0,0.0,0.0,0.0,25.0,25.0,6.0,0.14
10,25,23,0.0,0.0,0.0,0.0,0.0,25.0,25.0,6.1,0.14
10,26,0,0.0,0.0,0.0,0.0,0.0,25.0,25.0,6.1,0.14
10,26,1,0.0,0.0,0.0,0.0,0.0,25.0,25.0,6.1,0.14
10,26,2,0.0,0.0,0.0,0.0,0.0,25.0,25.0,5.9,0.14
10,26,3,0.0,0.0,0.0,0.0,0.0,25.0,25.0,5.6,0.14
10,26,4,0.0,0.0,0.0,0.0,0.0,25.0,25.0,5.5,0.14
10,26,5,0.0,0.0,0.0,0.0,0.0,25.0,25.0,5.5,0.14
10,26,6,0.0,0.0,0.0,0.0,0.0,25.0,25.0,5.7,0.14
10,26,7,38.0,0.0,38.0,33904.512,28739.577,25.0,25.493,6.3,0.14
10,26,8,165.214,17.0,158.0,156514.153,147004.671,25.0,27.036,6.8,0.14
10,26,9,596.828,818.0,104.0,579732.526,555226.735,26.0,33.24,7.0,0.14
10,26,10,522.063,233.0,351.0,494351.205,472870.814,26.0,32.415,6.8,0.14
10,26,11,690.044,427.0,344.0,649255.236,622285.979,26.0,35.041,6.2,0.14
10,26,12,613.36,245.0,411.0,573430.302,549147.824,26.0,34.685,5.5,0.14
10,26,13,485.031,127.0,386.0,453622.425,433585.216,26.0,33.389,4.9,0.14
10,26,14,688.57,869.0,102.0,656306.211,629087.11,26.0,37.147,4.5,0.14
10,26,15,502.902,792.0,92.0,488260.543,466995.968,26.0,34.389,4.3,0.14
10,26,16,279.41,641.0,73.0,253922.214,240961.178,26.0,30.575,4.3,0.14
10,26,17,60.368,266.0,34.0,38852.906,33512.631,26.0,26.905,4.2,0.14
10,26,18,0.0,0.0,0.0,0.0,0.0,26.0,26.0,4.0,0.14
10,26,19,0.0,0.0,0.0,0.0,0.0,25.0,25.0,4.0,0.14
10,26,20,0.0,0.0,0.0,0.0,0.0,25.0,25.0,3.9,0.14
10,26,21,0.0,0.0,0.0,0.0,0.0,25.0,25.0,3.8,0.14
10,26,22,0.0,0.0,0.0,0.0,0.0,25.0,25.0,3.7,0.14
10,26,23,0.0,0.0,0.0,0.0,0.0,25.0,25.0,3.4,0.14
10,27,0,0.0,0.0,0.0,0.0,0.0,25.0,25.0,3.2,0.14
10,27,1,0.0,0.0,0.0,0.0,0.0,24.0,24.0,3.0,0.14
10,27,2,0.0,0.0,0.0,0.0,0.0,24.0,24.0,2.9,0.14
10,27,3,0.0,0.0,0.0,0.0,0.0,24.0,24.0,2.8,0.14
10,27,4,0.0,0.0,0.0,0.0,0.0,24.0,24.0,2.9,0.14
10,27,5,0.0,0.0,0.0,0.0,0.0,24.0,24.0,3.0,0.14
10,27,6,0.0,0.0,0.0,0.0,0.0,24.0,24.0,3.2,0.14
10,27,7,156.481,421.0,68.0,129240.806,120697.728,25.0,27.807,3.5,0.14
10,27,8,384.625,677.0,99.0,367378.831,350397.575,25.0,31.956,3.7,0.14
10,27,9,592.77,800.0,113.0,569456.925,545315.239,25.0,35.928,3.6,0.14
10,27,10,750.717,864.0,119.0,703210.115,674329.022,26.0,40.474,3.3,0.14
10,27,11,851.043,923.0,106.0,782266.922,750584.532,26.0,44.137,2.7,0.14
10,27,12,868.587,927.0,106.0,795320.829,763175.888,26.0,44.841,2.6,0.14
10,27,13,809.994,908.0,105.0,750667.937,720105.225,27.0,42.61,3.3,0.14
10,27,14,683.08,874.0,96.0,647398.533,620495.067,27.0,38.688,4.1,0.14
10,27,15,270.349,86.0,226.0,255633.47,242611.797,27.0,31.42,4.4,0.14
10,27,16,138.998,47.0,124.0,129777.671,121215.569,26.0,28.24,4.5,0.14
10,27,17,61.379,325.0,30.0,36980.822,31706.882,26.0,26.894,4.2,0.14
10,27,18,0.0,0.0,0.0,0.0,0.0,26.0,26.0,3.9,0.14
10,27,19,0.0,0.0,0.0,0.0,0.0,25.0,25.0,3.9,0.14
10,27,20,0.0,0.0,0.0,0.0,0.0,25.0,25.0,3.9,0.14
10,27,21,0.0,0.0,0.0,0.0,0.0,25.0,25.0,3.9,0.14
10,27,22,0.0,0.0,0.0,0.0,0.0,25.0,25.0,4.0,0.14
10,27,23,0.0,0.0,0.0,0.0,0.0,25.0,25.0,4.1,0.14
10,28,0,0.0,0.0,0.0,0.0,0.0,25.0,25.0,4.2,0.14
10,28,1,0.0,0.0,0.0,0.0,0.0,25.0,25.0,4.3,0.14
10,28,2,0.0,0.0,0.0,0.0,0.0,25.0,25.0,4.4,0.14
10,28,3,0.0,0.0,0.0,0.0,0.0,25.0,25.0,4.5,0.14
10,28,4,0.0,0.0,0.0,0.0,0.0,25.0,25.0,4.6,0.14
10,28,5,0.0,0.0,0.0,0.0,0.0,25.0,25.0,4.7,0.14
10,28,6,0.0,0.0,0.0,0.0,0.0,25.0,25.0,4.9,0.14
10,28,7,12.0,0.0,12.0,10110.903,5789.071,25.0,25.168,5.6,0.14
10,28,8,271.399,237.0,172.0,259962.755,246787.678,25.0,28.604,6.1,0.14
10,28,9,442.852,308.0,259.0,426412.592,407339.536,25.0,30.756,6.3,0.14
10,28,10,754.684,917.0,87.0,723883.547,694269.912,25.0,34.939,6.2,0.14
10,28,11,443.103,76.0,382.0,414547.329,395894.707,26.0,31.913,6.0,0.14
10,28,12,867.447,944.0,94.0,817654.221,784717.918,26.0,37.795,5.9,0.14
10,28,13,810.989,930.0,92.0,769500.742,738270.709,26.0,36.912,6.0,0.14
10,28,14,684.95,893.0,88.0,658838.931,631530.086,26.0,35.129,6.1,0.14
10,28,15,501.416,826.0,78.0,490735.44,469383.17,26.0,32.627,6.2,0.14
10,28,16,279.909,689.0,62.0,253588.88,240639.656,26.0,29.623,6.2,0.14
10,28,17,60.131,331.0,29.0,35576.753,30352.565,25.0,25.692,6.0,0.14
10,28,18,0.0,0.0,0.0,0.0,0.0,25.0,25.0,5.6,0.14
10,28,19,0.0,0.0,0.0,0.0,0.0,25.0,25.0,5.6,0.14
10,28,20,0.0,0.0,0.0,0.0,0.0,25.0,25.0,5.6,0.14
10,28,21,0.0,0.0,0.0,0.0,0.0,25.0,25.0,5.8,0.14
10,28,22,0.0,0.0,0.0,0.0,0.0,25.0,25.0,5.9,0.14
10,28,23,0.0,0.0,0.0,0.0,0.0,25.0,25.0,5.8,0.14
10,29,0,0.0,0.0,0.0,0.0,0.0,25.0,25.0,5.7,0.14
10,29,1,0.0,0.0,0.0,0.0,0.0,24.0,24.0,5.7,0.14
10,29,2,0.0,0.0,0.0,0.0,0.0,24.0,24.0,5.6,0.14
10,29,3,0.0,0.0,0.0,0.0,0.0,24.0,24.0,5.5,0.14
10,29,4,0.0,0.0,0.0,0.0,0.0,24.0,24.0,5.3,0.14
10,29,5,0.0,0.0,0.0,0.0,0.0,24.0,24.0,5.1,0.14
10,29,6,0.0,0.0,0.0,0.0,0.0,24.0,24.0,5.3,0.14
10,29,7,59.0,0.0,59.0,53587.807,47725.415,25.0,25.809,5.8,0.14
10,29,8,38.0,0.0,38.0,34021.65,28852.565,25.0,25.499,6.2,0.14
10,29,9,248.041,27.0,232.0,234770.729,222488.306,25.0,28.145,6.5,0.14
10,29,10,309.027,29.0,288.0,289754.873,275524.143,26.0,29.827,6.7,0.14
10,29,11,851.722,940.0,99.0,808021.437,775426.462,26.0,36.407,6.9,0.14
10,29,12,662.53,345.0,381.0,623948.446,597875.909,26.0,33.975,7.0,0.14
10,29,13,267.008,13.0,257.0,248891.445,236108.669,26.0,29.236,6.9,0.14
10,29,14,330.255,56.0,293.0,311660.862,296653.916,26.0,30.096,6.7,0.14
10,29,15,498.349,819.0,81.0,487952.119,466698.473,26.0,32.309,6.6,0.14
10,29,16,275.862,679.0,63.0,250622.614,237778.496,25.0,28.419,6.6,0.14
10,29,17,57.135,318.0,28.0,33263.03,28120.826,25.0,25.626,6.4,0.14
10,29,18,0.0,0.0,0.0,0.0,0.0,25.0,25.0,6.1,0.14
10,29,19,0.0,0.0,0.0,0.0,0.0,25.0,25.0,5.9,0.14
10,29,20,0.0,0.0,0.0,0.0,0.0,25.0,25.0,5.9,0.14
10,29,21,0.0,0.0,0.0,0.0,0.0,25.0,25.0,5.9,0.14
10,29,22,0.0,0.0,0.0,0.0,0.0,25.0,25.0,5.7,0.14
10,29,23,0.0,0.0,0.0,0.0,0.0,24.0,24.0,5.5,0.14
10,30,0,0.0,0.0,0.0,0.0,0.0,24.0,24.0,5.3,0.14
10,30,1,0.0,0.0,0.0,0.0,0.0,24.0,24.0,5.1,0.14
10,30,2,0.0,0.0,0.0,0.0,0.0,24.0,24.0,4.9,0.14
10,30,3,0.0,0.0,0.0,0.0,0.0,24.0,24.0,4.8,0.14
10,30,4,0.0,0.0,0.0,0.0,0.0,24.0,24.0,4.8,0.14
10,30,5,0.0,0.0,0.0,0.0,0.0,24.0,24.0,4.9,0.14
10,30,6,0.0,0.0,0.0,0.0,0.0,24.0,24.0,5.2,0.14
10,30,7,161.873,574.0,45.0,127662.721,119175.56,25.0,27.105,5.8,0.14
10,30,8,389.428,783.0,65.0,373831.874,356621.962,25.0,30.17,6.1,0.14
10,30,9,593.958,876.0,76.0,579464.612,554968.314,25.0,32.756,6.3,0.14
10,30,10,748.691,922.0,83.0,715949.666,686617.16,26.0,35.862,6.2,0.14
10,30,11,839.485,946.0,85.0,794714.877,762591.406,26.0,37.167,6.1,0.14
10,30,12,857.108,950.0,85.0,809020.496,776390.121,26.0,37.657,5.9,0.14
10,30,13,802.253,937.0,84.0,761412.614,730469.175,26.0,37.043,5.8,0.14
10,30,14,673.635,886.0,87.0,647524.168,620616.25,26.0,35.395,5.7,0.14
10,30,15,181.56,9.0,177.0,170623.981,160614.533,26.0,28.548,5.6,0.14
10,30,16,55.0,0.0,55.0,50025.635,44289.465,26.0,26.774,5.6,0.14
10,30,17,54.331,295.0,28.0,31473.107,26394.327,25.0,25.665,5.4,0.14
10,30,18,0.0,0.0,0.0,0.0,0.0,25.0,25.0,5.3,0.14
10,30,19,0.0,0.0,0.0,0.0,0.0,25.0,25.0,5.3,0.14
10,30,20,0.0,0.0,0.0,0.0,0.0,25.0,25.0,5.3,0.14
10,30,21,0.0,0.0,0.0,0.0,0.0,25.0,25.0,5.2,0.14
10,30,22,0.0,0.0,0.0,0.0,0.0,24.0,24.0,5.0,0.14
10,30,23,0.0,0.0,0.0,0.0,0.0,24.0,24.0,4.8,0.14
10,31,0,0.0,0.0,0.0,0.0,0.0,24.0,24.0,4.6,0.14
10,31,1,0.0,0.0,0.0,0.0,0.0,24.0,24.0,4.5,0.14
10,31,2,0.0,0.0,0.0,0.0,0.0,24.0,24.0,4.5,0.14
10,31,3,0.0,0.0,0.0,0.0,0.0,24.0,24.0,4.6,0.14
10,31,4,0.0,0.0,0.0,0.0,0.0,24.0,24.0,4.8,0.14
10,31,5,0.0,0.0,0.0,0.0,0.0,24.0,24.0,5.0,0.14
10,31,6,0.0,0.0,0.0,0.0,0.0,24.0,24.0,5.3,0.14
10,31,7,155.367,558.0,43.0,122326.049,114027.988,24.0,26.04,5.7,0.14
10,31,8,265.766,235.0,169.0,255228.723,242221.392,24.0,27.568,6.0,0.14
10,31,9,267.125,41.0,243.0,253358.132,240417.084,25.0,28.538,6.1,0.14
10,31,10,512.794,232.0,346.0,487088.738,465865.685,25.0,31.791,6.1,0.14
10,31,11,819.439,912.0,95.0,779136.902,747565.422,25.0,36.021,6.0,0.14
10,31,12,837.909,919.0,94.0,795189.677,763049.383,25.0,36.267,6.0,0.14
10,31,13,783.849,909.0,90.0,748313.394,717834.113,25.0,35.548,6.0,0.14
10,31,14,646.652,828.0,101.0,618712.092,592825.1,27.0,36.341,5.4,0.15
10,31,15,241.214,58.0,212.0,228019.06,215975.876,27.0,30.349,5.7,0.15
10,31,16,122.395,24.0,115.0,114306.983,106293.07,26.0,27.607,6.2,0.15
10,31,17,19.0,0.0,19.0,13975.261,9516.499,26.0,26.228,6.6,0.15
10,31,18,0.0,0.0,0.0,0.0,0.0,26.0,26.0,6.9,0.15
10,31,19,0.0,0.0,0.0,0.0,0.0,26.0,26.0,7.2,0.15
10,31,20,0.0,0.0,0.0,0.0,0.0,26.0,26.0,7.2,0.15
10,31,21,0.0,0.0,0.0,0.0,0.0,26.0,26.0,7.1,0.15
10,31,22,0.0,0.0,0.0,0.0,0.0,26.0,26.0,7.0,0.15
10,31,23,0.0,0.0,0.0,0.0,0.0,25.0,25.0,7.0,0.15
11,1,0,0.0,0.0,0.0,0.0,0.0,25.0,25.0,6.9,0.15
11,1,1,0.0,0.0,0.0,0.0,0.0,25.0,25.0,6.5,0.15
11,1,2,0.0,0.0,0.0,0.0,0.0,25.0,25.0,6.1,0.15
11,1,3,0.0,0.0,0.0,0.0,0.0,25.0,25.0,6.1,0.15
11,1,4,0.0,0.0,0.0,0.0,0.0,25.0,25.0,6.3,0.15
11,1,5,0.0,0.0,0.0,0.0,0.0,25.0,25.0,6.5,0.15
11,1,6,0.0,0.0,0.0,0.0,0.0,25.0,25.0,6.9,0.15
11,1,7,27.0,0.0,27.0,23646.685,18845.226,25.0,25.31,7.5,0.15
11,1,8,86.0,0.0,86.0,79455.473,72676.487,26.0,26.927,8.2,0.15
11,1,9,318.457,93.0,264.0,303667.475,288943.766,26.0,29.251,8.8,0.15
11,1,10,388.132,84.0,328.0,367375.785,350394.637,26.0,29.853,9.1,0.15
11,1,11,510.505,146.0,395.0,482285.244,461232.397,26.0,31.065,9.1,0.15
11,1,12,512.84,135.0,404.0,483545.057,462447.571,26.0,31.216,8.8,0.15
11,1,13,473.574,131.0,374.0,447829.576,427997.631,26.0,30.862,8.7,0.15
11,1,14,429.412,179.0,312.0,409798.906,391314.539,26.0,30.458,8.6,0.15
11,1,15,350.735,279.0,211.0,339226.514,323242.807,26.0,29.655,8.6,0.15
11,1,16,171.722,166.0,121.0,159253.165,149646.63,26.0,27.746,8.8,0.15
11,1,17,37.571,91.0,30.0,24866.669,20021.981,25.0,25.346,8.9,0.15
11,1,18,0.0,0.0,0.0,0.0,0.0,25.0,25.0,8.9,0.15
11,1,19,0.0,0.0,0.0,0.0,0.0,25.0,25.0,8.7,0.15
11,1,20,0.0,0.0,0.0,0.0,0.0,25.0,25.0,8.5,0.15
11,1,21,0.0,0.0,0.0,0.0,0.0,25.0,25.0,8.3,0.15
11,1,22,0.0,0.0,0.0,0.0,0.0,25.0,25.0,8.1,0.15
11,1,23,0.0,0.0,0.0,0.0,0.0,25.0,25.0,7.9,0.15
11,2,0,0.0,0.0,0.0,0.0,0.0,25.0,25.0,7.9,0.15
11,2,1,0.0,0.0,0.0,0.0,0.0,25.0,25.0,8.1,0.15
11,2,2,0.0,0.0,0.0,0.0,0.0,25.0,25.0,8.3,0.15
11,2,3,0.0,0.0,0.0,0.0,0.0,25.0,25.0,8.4,0.15
11,2,4,0.0,0.0,0.0,0.0,0.0,25.0,25.0,8.4,0.15
11,2,5,0.0,0.0,0.0,0.0,0.0,25.0,25.0,8.4,0.15
11,2,6,0.0,0.0,0.0,0.0,0.0,25.0,25.0,8.6,0.15
11,2,7,147.122,463.0,56.0,117808.017,109670.048,25.0,26.396,9.1,0.15
11,2,8,371.435,707.0,84.0,357516.283,340884.497,25.0,28.552,9.6,0.15
11,2,9,315.023,91.0,262.0,300741.14,286121.123,26.0,28.918,10.0,0.15
11,2,10,404.001,94.0,337.0,383096.273,365558.087,26.0,29.761,9.9,0.15
11,2,11,531.1,174.0,394.0,502704.991,480928.592,26.0,31.061,9.6,0.15
11,2,12,837.452,886.0,126.0,800750.949,768413.596,26.0,34.091,9.5,0.15
11,2,13,780.749,865.0,126.0,750425.744,719871.614,26.0,33.488,9.6,0.15
11,2,14,658.179,835.0,113.0,639830.489,613195.189,26.0,32.273,9.7,0.15
11,2,15,477.02,757.0,100.0,468391.903,447831.353,26.0,30.554,9.7,0.15
11,2,16,57.0,0.0,57.0,51981.418,46175.947,26.0,26.551,9.5,0.15
11,2,17,46.73,195.0,31.0,27719.543,22773.767,25.0,25.399,9.2,0.15
11,2,18,0.0,0.0,0.0,0.0,0.0,25.0,25.0,9.0,0.15
11,2,19,0.0,0.0,0.0,0.0,0.0,25.0,25.0,9.0,0.15
11,2,20,0.0,0.0,0.0,0.0,0.0,25.0,25.0,8.9,0.15
11,2,21,0.0,0.0,0.0,0.0,0.0,25.0,25.0,8.8,0.15
11,2,22,0.0,0.0,0.0,0.0,0.0,25.0,25.0,8.8,0.15
11,2,23,0.0,0.0,0.0,0.0,0.0,25.0,25.0,8.9,0.15
11,3,0,0.0,0.0,0.0,0.0,0.0,25.0,25.0,8.6,0.15
11,3,1,0.0,0.0,0.0,0.0,0.0,25.0,25.0,8.2,0.15
11,3,2,0.0,0.0,0.0,0.0,0.0,25.0,25.0,8.0,0.15
11,3,3,0.0,0.0,0.0,0.0,0.0,25.0,25.0,7.9,0.15
11,3,4,0.0,0.0,0.0,0.0,0.0,25.0,25.0,7.7,0.15
11,3,5,0.0,0.0,0.0,0.0,0.0,25.0,25.0,7.7,0.15
11,3,6,0.0,0.0,0.0,0.0,0.0,25.0,25.0,7.9,0.15
11,3,7,71.528,13.0,69.0,64806.596,58546.678,25.0,25.76,8.3,0.15
11,3,8,180.984,47.0,162.0,172227.615,162161.344,25.0,26.85,8.8,0.15
11,3,9,366.141,171.0,267.0,352567.351,336110.925,25.0,28.71,8.9,0.15
11,3,10,548.262,316.0,324.0,525597.27,503009.706,25.0,30.597,8.8,0.15
11,3,11,621.47,323.0,368.0,589445.216,564595.266,26.0,32.39,8.7,0.15
11,3,12,623.735,301.0,383.0,590423.425,565538.813,26.0,32.466,8.6,0.15
11,3,13,595.755,330.0,347.0,566253.77,542225.585,26.0,32.348,8.3,0.15
11,3,14,572.366,556.0,211.0,552042.6,528517.973,26.0,32.291,8.0,0.15
11,3,15,463.672,710.0,112.0,453259.536,433235.186,26.0,31.208,7.8,0.15
11,3,16,194.976,286.0,109.0,178712.711,168416.647,26.0,28.179,7.7,0.15
11,3,17,39.374,109.0,31.0,24524.472,19691.91,25.0,25.397,7.6,0.15
11,3,18,0.0,0.0,0.0,0.0,0.0,25.0,25.0,7.5,0.15
11,3,19,0.0,0.0,0.0,0.0,0.0,25.0,25.0,7.7,0.15
11,3,20,0.0,0.0,0.0,0.0,0.0,25.0,25.0,8.0,0.15
11,3,21,0.0,0.0,0.0,0.0,0.0,25.0,25.0,8.1,0.15
11,3,22,0.0,0.0,0.0,0.0,0.0,25.0,25.0,8.2,0.15
11,3,23,0.0,0.0,0.0,0.0,0.0,24.0,24.0,8.3,0.15
11,4,0,0.0,0.0,0.0,0.0,0.0,24.0,24.0,8.3,0.15
11,4,1,0.0,0.0,0.0,0.0,0.0,24.0,24.0,8.0,0.15
11,4,2,0.0,0.0,0.0,0.0,0.0,24.0,24.0,7.5,0.15
11,4,3,0.0,0.0,0.0,0.0,0.0,24.0,24.0,7.1,0.15
11,4,4,0.0,0.0,0.0,0.0,0.0,24.0,24.0,6.9,0.15
11,4,5,0.0,0.0,0.0,0.0,0.0,24.0,24.0,6.9,0.15
11,4,6,0.0,0.0,0.0,0.0,0.0,24.0,24.0,7.1,0.15
11,4,7,134.935,390.0,60.0,108765.328,100947.777,25.0,26.496,7.4,0.15
11,4,8,354.026,658.0,90.0,339256.292,323271.53,25.0,28.951,7.8,0.15
11,4,9,553.644,776.0,106.0,542507.5,519320.74,25.0,31.161,7.9,0.15
11,4,10,707.129,838.0,115.0,680631.703,652550.653,26.0,33.999,7.7,0.15
11,4,11,666.194,434.0,327.0,631083.41,604758.053,26.0,33.795,7.3,0.15
11,4,12,692.995,472.0,317.0,654871.515,627703.251,26.0,34.526,6.8,0.15
11,4,13,520.142,200.0,370.0,490798.927,469444.407,26.0,32.661,6.4,0.15
11,4,14,511.809,366.0,275.0,488932.536,467644.15,26.0,32.873,6.0,0.15
11,4,15,367.903,353.0,194.0,354915.857,338376.215,26.0,31.065,5.8,0.15
11,4,16,246.779,586.0,72.0,221105.439,209307.231,26.0,29.332,5.8,0.15
11,4,17,42.112,188.0,28.0,23281.285,18492.774,25.0,25.489,5.7,0.15
11,4,18,0.0,0.0,0.0,0.0,0.0,25.0,25.0,5.8,0.15
11,4,19,0.0,0.0,0.0,0.0,0.0,25.0,25.0,5.9,0.15
11,4,20,0.0,0.0,0.0,0.0,0.0,25.0,25.0,6.0,0.15
11,4,21,0.0,0.0,0.0,0.0,0.0,25.0,25.0,6.1,0.15
11,4,22,0.0,0.0,0.0,0.0,0.0,25.0,25.0,6.0,0.15
11,4,23,0.0,0.0,0.0,0.0,0.0,25.0,25.0,5.8,0.15
11,5,0,0.0,0.0,0.0,0.0,0.0,25.0,25.0,5.5,0.15
11,5,1,0.0,0.0,0.0,0.0,0.0,25.0,25.0,5.3,0.15
11,5,2,0.0,0.0,0.0,0.0,0.0,24.0,24.0,5.1,0.15
11,5,3,0.0,0.0,0.0,0.0,0.0,24.0,24.0,4.9,0.15
11,5,4,0.0,0.0,0.0,0.0,0.0,24.0,24.0,4.8,0.15
11,5,5,0.0,0.0,0.0,0.0,0.0,24.0,24.0,4.8,0.15
11,5,6,0.0,0.0,0.0,0.0,0.0,24.0,24.0,4.9,0.15
11,5,7,54.0,0.0,54.0,48664.636,42976.691,25.0,25.785,5.3,0.15
11,5,8,212.242,111.0,168.0,201956.566,190836.879,25.0,27.982,5.6,0.15
11,5,9,339.76,132.0,264.0,324834.921,309361.166,25.0,29.716,5.7,0.15
11,5,10,466.224,178.0,341.0,440429.57,420859.836,26.0,32.534,5.6,0.15
11,5,11,639.002,370.0,351.0,601015.387,575755.46,26.0,35.066,5.5,0.15
11,5,12,545.58,186.0,398.0,510882.84,488816.667,26.0,33.912,5.3,0.15
11,5,13,583.259,316.0,347.0,549153.329,525731.08,26.0,34.687,5.1,0.15
11,5,14,466.701,265.0,296.0,443545.536,423865.392,26.0,32.962,5.1,0.15
11,5,15,380.467,405.0,182.0,366861.379,349898.459,26.0,31.696,5.1,0.15
11,5,16,194.496,299.0,106.0,177149.834,166909.149,26.0,28.803,5.3,0.15
11,5,17,26.68,11.0,26.0,17252.933,12678.031,26.0,26.348,5.4,0.15
11,5,18,0.0,0.0,0.0,0.0,0.0,25.0,25.0,5.5,0.15
11,5,19,0.0,0.0,0.0,0.0,0.0,25.0,25.0,5.6,0.15
11,5,20,0.0,0.0,0.0,0.0,0.0,25.0,25.0,5.7,0.15
11,5,21,0.0,0.0,0.0,0.0,0.0,25.0,25.0,5.8,0.15
11,5,22,0.0,0.0,0.0,0.0,0.0,25.0,25.0,5.9,0.15
11,5,23,0.0,0.0,0.0,0.0,0.0,25.0,25.0,5.8,0.15
11,6,0,0.0,0.0,0.0,0.0,0.0,25.0,25.0,5.7,0.15
11,6,1,0.0,0.0,0.0,0.0,0.0,25.0,25.0,5.7,0.15
11,6,2,0.0,0.0,0.0,0.0,0.0,25.0,25.0,5.7,0.15
11,6,3,0.0,0.0,0.0,0.0,0.0,24.0,24.0,5.7,0.15
11,6,4,0.0,0.0,0.0,0.0,0.0,24.0,24.0,5.7,0.15
11,6,5,0.0,0.0,0.0,0.0,0.0,24.0,24.0,5.7,0.15
11,6,6,0.0,0.0,0.0,0.0,0.0,24.0,24.0,5.9,0.15
11,6,7,140.754,479.0,51.0,109892.799,102035.298,25.0,26.691,6.5,0.15
11,6,8,33.0,0.0,33.0,29395.965,24390.787,25.0,25.403,6.9,0.15
11,6,9,400.318,258.0,253.0,386166.799,368519.811,25.0,29.837,7.0,0.15
11,6,10,724.08,911.0,86.0,698693.904,669972.839,25.0,33.862,6.9,0.15
11,6,11,814.612,936.0,89.0,775207.911,743775.65,26.0,36.165,6.7,0.15
11,6,12,832.474,942.0,88.0,790089.913,758130.324,26.0,36.605,6.5,0.15
11,6,13,776.774,929.0,85.0,741556.114,711316.27,26.0,35.903,6.5,0.15
11,6,14,650.104,878.0,87.0,628331.763,602103.908,26.0,34.301,6.5,0.15
11,6,15,283.763,139.0,216.0,271496.453,257912.692,26.0,29.61,6.5,0.15
11,6,16,223.595,482.0,82.0,200863.877,189782.909,26.0,28.798,6.5,0.15
11,6,17,40.746,222.0,25.0,19953.496,15282.902,25.0,25.406,6.5,0.15
11,6,18,0.0,0.0,0.0,0.0,0.0,25.0,25.0,6.6,0.15
11,6,19,0.0,0.0,0.0,0.0,0.0,25.0,25.0,6.8,0.15
11,6,20,0.0,0.0,0.0,0.0,0.0,25.0,25.0,6.9,0.15
11,6,21,0.0,0.0,0.0,0.0,0.0,25.0,25.0,7.0,0.15
11,6,22,0.0,0.0,0.0,0.0,0.0,25.0,25.0,7.0,0.15
11,6,23,0.0,0.0,0.0,0.0,0.0,25.0,25.0,6.9,0.15
11,7,0,0.0,0.0,0.0,0.0,0.0,25.0,25.0,7.0,0.15
11,7,1,0.0,0.0,0.0,0.0,0.0,25.0,25.0,7.1,0.15
11,7,2,0.0,0.0,0.0,0.0,0.0,25.0,25.0,7.2,0.15
11,7,3,0.0,0.0,0.0,0.0,0.0,24.0,24.0,7.3,0.15
11,7,4,0.0,0.0,0.0,0.0,0.0,24.0,24.0,7.4,0.15
11,7,5,0.0,0.0,0.0,0.0,0.0,24.0,24.0,7.5,0.15
11,7,6,0.0,0.0,0.0,0.0,0.0,24.0,24.0,7.6,0.15
11,7,7,141.518,511.0,47.0,109524.636,101680.18,24.0,25.46,8.0,0.15
11,7,8,189.128,69.0,162.0,180042.109,169698.939,25.0,27.019,8.3,0.15
11,7,9,569.53,860.0,81.0,559795.651,535996.303,25.0,31.062,8.4,0.15
11,7,10,237.671,11.0,230.0,223290.935,211415.286,25.0,27.525,8.3,0.15
11,7,11,330.618,28.0,309.0,311188.83,296198.61,25.0,28.54,8.2,0.15
11,7,12,498.487,134.0,393.0,471954.326,451267.546,25.0,30.345,8.2,0.15
11,7,13,500.244,181.0,366.0,476120.672,455286.261,25.0,30.276,8.4,0.15
11,7,14,342.727,81.0,291.0,326773.761,311231.305,25.0,28.586,8.5,0.15
11,7,15,284.846,144.0,215.0,274388.492,260702.254,25.0,27.99,8.5,0.15
11,7,16,252.024,655.0,61.0,225142.848,213201.58,25.0,27.615,8.4,0.15
11,7,17,41.285,236.0,25.0,19198.958,14555.1,25.0,25.337,8.2,0.15
11,7,18,0.0,0.0,0.0,0.0,0.0,25.0,25.0,8.1,0.15
11,7,19,0.0,0.0,0.0,0.0,0.0,25.0,25.0,8.1,0.15
11,7,20,0.0,0.0,0.0,0.0,0.0,25.0,25.0,8.1,0.15
11,7,21,0.0,0.0,0.0,0.0,0.0,25.0,25.0,8.0,0.15
11,7,22,0.0,0.0,0.0,0.0,0.0,25.0,25.0,7.9,0.15
11,7,23,0.0,0.0,0.0,0.0,0.0,25.0,25.0,7.8,0.15
11,8,0,0.0,0.0,0.0,0.0,0.0,24.0,24.0,7.6,0.15
11,8,1,0.0,0.0,0.0,0.0,0.0,24.0,24.0,7.4,0.15
11,8,2,0.0,0.0,0.0,0.0,0.0,24.0,24.0,7.4,0.15
11,8,3,0.0,0.0,0.0,0.0,0.0,24.0,24.0,7.4,0.15
11,8,4,0.0,0.0,0.0,0.0,0.0,24.0,24.0,7.6,0.15
11,8,5,0.0,0.0,0.0,0.0,0.0,24.0,24.0,7.8,0.15
11,8,6,0.0,0.0,0.0,0.0,0.0,24.0,24.0,8.1,0.15
11,8,7,47.0,0.0,47.0,42052.3,36598.657,25.0,25.492,8.5,0.15
11,8,8,220.221,144.0,164.0,210182.04,198770.892,25.0,27.25,8.8,0.15
11,8,9,401.71,272.0,248.0,389187.276,371433.261,25.0,29.009,9.1,0.15
11,8,10,260.108,16.0,249.0,244162.323,231547.118,26.0,28.58,9.1,0.15
11,8,11,585.848,282.0,369.0,556078.722,532411.079,26.0,31.972,8.8,0.15
11,8,12,793.411,832.0,141.0,758320.851,727486.966,26.0,34.336,8.5,0.15
11,8,13,467.904,142.0,363.0,443009.375,423348.229,26.0,30.977,8.3,0.15
11,8,14,493.118,343.0,275.0,473831.178,453077.893,26.0,31.267,8.3,0.15
11,8,15,353.688,335.0,192.0,342162.849,326075.096,26.0,29.819,8.2,0.15
11,8,16,128.927,55.0,113.0,119833.565,111623.822,26.0,27.411,8.0,0.15
11,8,17,19.99,0.0,20.0,11576.953,7203.173,25.0,25.193,7.9,0.15
11,8,18,0.0,0.0,0.0,0.0,0.0,25.0,25.0,7.9,0.15
11,8,19,0.0,0.0,0.0,0.0,0.0,25.0,25.0,8.0,0.15
11,8,20,0.0,0.0,0.0,0.0,0.0,25.0,25.0,7.9,0.15
11,8,21,0.0,0.0,0.0,0.0,0.0,25.0,25.0,7.7,0.15
11,8,22,0.0,0.0,0.0,0.0,0.0,25.0,25.0,7.5,0.15
11,8,23,0.0,0.0,0.0,0.0,0.0,25.0,25.0,7.3,0.15
11,9,0,0.0,0.0,0.0,0.0,0.0,25.0,25.0,7.2,0.15
11,9,1,0.0,0.0,0.0,0.0,0.0,25.0,25.0,7.4,0.15
11,9,2,0.0,0.0,0.0,0.0,0.0,25.0,25.0,7.5,0.15
11,9,3,0.0,0.0,0.0,0.0,0.0,25.0,25.0,7.6,0.15
11,9,4,0.0,0.0,0.0,0.0,0.0,25.0,25.0,7.6,0.15
11,9,5,0.0,0.0,0.0,0.0,0.0,25.0,25.0,7.8,0.15
11,9,6,0.0,0.0,0.0,0.0,0.0,25.0,25.0,8.2,0.15
11,9,7,117.377,252.0,72.0,97347.049,89934.094,25.0,26.178,8.6,0.15
11,9,8,327.081,529.0,122.0,312576.734,297537.335,25.0,28.308,8.9,0.15
11,9,9,377.112,219.0,254.0,364491.707,347612.754,25.0,28.793,9.0,0.15
11,9,10,507.852,266.0,324.0,487022.54,465801.833,25.0,30.14,8.9,0.15
11,9,11,782.156,845.0,135.0,752046.864,721435.291,25.0,33.149,8.6,0.15
11,9,12,801.732,851.0,137.0,766063.235,734955.006,26.0,34.498,8.4,0.15
11,9,13,748.207,836.0,133.0,717931.188,688528.469,26.0,34.152,8.1,0.15
11,9,14,631.561,822.0,111.0,612819.617,587141.419,26.0,33.021,7.9,0.15
11,9,15,453.808,747.0,95.0,444661.592,424941.902,25.0,30.095,7.8,0.15
11,9,16,240.123,588.0,71.0,214593.586,203026.119,25.0,27.632,7.8,0.15
11,9,17,37.309,179.0,26.0,16677.768,12123.246,25.0,25.312,7.7,0.15
11,9,18,0.0,0.0,0.0,0.0,0.0,25.0,25.0,7.5,0.15
11,9,19,0.0,0.0,0.0,0.0,0.0,25.0,25.0,7.3,0.15
11,9,20,0.0,0.0,0.0,0.0,0.0,25.0,25.0,7.0,0.15
11,9,21,0.0,0.0,0.0,0.0,0.0,25.0,25.0,6.8,0.15
11,9,22,0.0,0.0,0.0,0.0,0.0,25.0,25.0,6.6,0.15
11,9,23,0.0,0.0,0.0,0.0,0.0,25.0,25.0,6.4,0.15
11,10,0,0.0,0.0,0.0,0.0,0.0,24.0,24.0,6.3,0.15
11,10,1,0.0,0.0,0.0,0.0,0.0,24.0,24.0,6.2,0.15
11,10,2,0.0,0.0,0.0,0.0,0.0,24.0,24.0,6.2,0.15
11,10,3,0.0,0.0,0.0,0.0,0.0,24.0,24.0,6.1,0.15
11,10,4,0.0,0.0,0.0,0.0,0.0,24.0,24.0,6.2,0.15
11,10,5,0.0,0.0,0.0,0.0,0.0,24.0,24.0,6.6,0.15
11,10,6,0.0,0.0,0.0,0.0,0.0,24.0,24.0,7.0,0.15
11,10,7,131.048,462.0,49.0,100990.202,93448.155,24.0,25.43,7.4,0.15
11,10,8,348.751,706.0,77.0,331828.007,316106.459,25.0,28.922,7.7,0.15
11,10,9,547.271,807.0,96.0,537237.242,514237.228,25.0,31.15,7.8,0.15
11,10,10,697.892,850.0,113.0,675473.684,647575.404,25.0,32.898,7.7,0.15
11,10,11,787.254,880.0,116.0,755044.736,724326.937,25.0,34.069,7.5,0.15
11,10,12,804.529,881.0,119.0,766642.772,735514.008,26.0,35.447,7.3,0.15
11,10,13,750.111,865.0,116.0,718375.463,688957.002,26.0,34.901,7.2,0.15
11,10,14,628.502,830.0,105.0,611453.669,585823.872,25.0,32.471,7.2,0.15
11,10,15,450.044,751.0,91.0,440358.942,420791.711,25.0,30.351,7.2,0.15
11,10,16,237.157,585.0,70.0,211387.729,199933.859,25.0,27.752,7.2,0.15
11,10,17,35.025,165.0,25.0,15591.544,11075.511,25.0,25.31,7.1,0.15
11,10,18,0.0,0.0,0.0,0.0,0.0,25.0,25.0,7.1,0.15
11,10,19,0.0,0.0,0.0,0.0,0.0,25.0,25.0,7.2,0.15
11,10,20,0.0,0.0,0.0,0.0,0.0,25.0,25.0,7.1,0.15
11,10,21,0.0,0.0,0.0,0.0,0.0,24.0,24.0,6.9,0.15
11,10,22,0.0,0.0,0.0,0.0,0.0,24.0,24.0,6.6,0.15
11,10,23,0.0,0.0,0.0,0.0,0.0,24.0,24.0,6.3,0.15
11,11,0,0.0,0.0,0.0,0.0,0.0,24.0,24.0,6.1,0.15
11,11,1,0.0,0.0,0.0,0.0,0.0,24.0,24.0,5.9,0.15
11,11,2,0.0,0.0,0.0,0.0,0.0,24.0,24.0,5.7,0.15
11,11,3,0.0,0.0,0.0,0.0,0.0,24.0,24.0,5.6,0.15
11,11,4,0.0,0.0,0.0,0.0,0.0,24.0,24.0,5.6,0.15
11,11,5,0.0,0.0,0.0,0.0,0.0,24.0,24.0,5.6,0.15
11,11,6,0.0,0.0,0.0,0.0,0.0,24.0,24.0,5.8,0.15
11,11,7,126.693,438.0,50.0,97632.993,90209.905,24.0,25.582,6.1,0.15
11,11,8,345.794,706.0,76.0,327879.239,312297.611,25.0,29.428,6.4,0.15
11,11,9,547.227,822.0,90.0,535748.624,512801.357,25.0,31.997,6.5,0.15
11,11,10,701.848,880.0,99.0,676643.778,648704.036,25.0,34.148,6.3,0.15
11,11,11,794.957,920.0,96.0,755437.792,724706.065,26.0,36.698,6.0,0.15
11,11,12,812.485,923.0,97.0,769438.816,738210.977,26.0,37.31,5.7,0.15
11,11,13,551.679,283.0,345.0,520879.025,498458.648,26.0,33.828,5.5,0.15
11,11,14,635.443,873.0,87.0,612194.317,586538.275,26.0,35.298,5.3,0.15
11,11,15,456.355,795.0,78.0,442712.719,423062.084,26.0,32.678,5.3,0.15
11,11,16,139.69,94.0,113.0,128868.561,120338.673,26.0,28.001,5.4,0.15
11,11,17,35.921,212.0,23.0,15009.265,10513.865,25.0,25.361,5.5,0.15
11,11,18,0.0,0.0,0.0,0.0,0.0,25.0,25.0,5.6,0.15
11,11,19,0.0,0.0,0.0,0.0,0.0,25.0,25.0,5.7,0.15
11,11,20,0.0,0.0,0.0,0.0,0.0,25.0,25.0,5.8,0.15
11,11,21,0.0,0.0,0.0,0.0,0.0,25.0,25.0,5.9,0.15
11,11,22,0.0,0.0,0.0,0.0,0.0,25.0,25.0,5.9,0.15
11,11,23,0.0,0.0,0.0,0.0,0.0,25.0,25.0,5.6,0.15
11,12,0,0.0,0.0,0.0,0.0,0.0,24.0,24.0,5.2,0.15
11,12,1,0.0,0.0,0.0,0.0,0.0,24.0,24.0,5.0,0.15
11,12,2,0.0,0.0,0.0,0.0,0.0,24.0,24.0,4.8,0.15
11,12,3,0.0,0.0,0.0,0.0,0.0,24.0,24.0,4.7,0.15
11,12,4,0.0,0.0,0.0,0.0,0.0,24.0,24.0,4.7,0.15
11,12,5,0.0,0.0,0.0,0.0,0.0,24.0,24.0,4.7,0.15
11,12,6,0.0,0.0,0.0,0.0,0.0,24.0,24.0,5.0,0.15
11,12,7,124.348,425.0,51.0,95339.39,87997.574,25.0,26.663,5.5,0.15
11,12,8,343.176,699.0,78.0,324633.321,309166.709,25.0,29.695,5.8,0.15
11,12,9,545.796,822.0,91.0,533273.552,510413.987,25.0,32.538,5.8,0.15
11,12,10,700.218,883.0,98.0,672687.843,644888.276,25.0,35.112,5.4,0.15
11,12,11,573.366,278.0,363.0,538298.754,515261.126,26.0,34.866,4.8,0.15
11,12,12,811.571,924.0,98.0,760907.891,729982.336,26.0,39.865,4.1,0.15
11,12,13,756.667,908.0,96.0,710688.289,681542.214,26.0,40.141,3.5,0.15
11,12,14,631.188,860.0,93.0,599500.693,574294.437,26.0,38.81,3.0,0.15
11,12,15,452.585,780.0,83.0,433733.405,414400.943,26.0,35.504,2.8,0.15
11,12,16,238.409,618.0,64.0,208595.13,197240.212,26.0,30.794,2.9,0.15
11,12,17,34.968,188.0,24.0,14997.228,10502.254,26.0,26.52,2.9,0.15
11,12,18,0.0,0.0,0.0,0.0,0.0,25.0,25.0,3.0,0.15
11,12,19,0.0,0.0,0.0,0.0,0.0,25.0,25.0,3.2,0.15
11,12,20,0.0,0.0,0.0,0.0,0.0,25.0,25.0,3.0,0.15
11,12,21,0.0,0.0,0.0,0.0,0.0,25.0,25.0,2.6,0.15
11,12,22,0.0,0.0,0.0,0.0,0.0,25.0,25.0,2.0,0.15
11,12,23,0.0,0.0,0.0,0.0,0.0,25.0,25.0,1.1,0.15
11,13,0,0.0,0.0,0.0,0.0,0.0,25.0,25.0,0.4,0.15
11,13,1,0.0,0.0,0.0,0.0,0.0,25.0,25.0,0.6,0.15
11,13,2,0.0,0.0,0.0,0.0,0.0,25.0,25.0,1.1,0.15
11,13,3,0.0,0.0,0.0,0.0,0.0,24.0,24.0,1.5,0.15
11,13,4,0.0,0.0,0.0,0.0,0.0,24.0,24.0,1.5,0.15
11,13,5,0.0,0.0,0.0,0.0,0.0,24.0,24.0,1.1,0.15
11,13,6,0.0,0.0,0.0,0.0,0.0,24.0,24.0,0.5,0.15
11,13,7,126.12,477.0,45.0,93878.293,86588.249,24.0,27.987,0.6,0.15
11,13,8,344.654,732.0,69.0,318301.221,303058.98,25.0,35.193,1.1,0.15
11,13,9,546.475,844.0,82.0,519674.874,497297.165,25.0,39.531,1.6,0.15
11,13,10,700.77,901.0,89.0,652209.611,625135.669,25.0,43.191,1.7,0.15
11,13,11,485.826,155.0,369.0,444859.225,425132.531,26.0,39.38,1.4,0.15
11,13,12,544.573,210.0,383.0,491884.404,470491.421,26.0,43.408,0.8,0.15
11,13,13,550.513,289.0,341.0,496647.997,475086.222,26.0,45.164,0.5,0.15
11,13,14,417.065,199.0,293.0,383771.583,366209.468,26.0,40.123,0.6,0.15
11,13,15,277.829,148.0,208.0,259724.672,246558.031,26.0,35.165,0.7,0.15
11,13,16,159.505,180.0,109.0,143664.678,134610.504,26.0,31.361,0.6,0.15
11,13,17,31.691,127.0,25.0,14563.68,10084.068,26.0,26.843,0.5,0.15
11,13,18,0.0,0.0,0.0,0.0,0.0,26.0,26.0,0.4,0.15
11,13,19,0.0,0.0,0.0,0.0,0.0,26.0,26.0,0.7,0.15
11,13,20,0.0,0.0,0.0,0.0,0.0,26.0,26.0,1.2,0.15
11,13,21,0.0,0.0,0.0,0.0,0.0,25.0,25.0,1.6,0.15
11,13,22,0.0,0.0,0.0,0.0,0.0,25.0,25.0,2.0,0.15
11,13,23,0.0,0.0,0.0,0.0,0.0,25.0,25.0,2.4,0.15
11,14,0,0.0,0.0,0.0,0.0,0.0,25.0,25.0,2.8,0.15
11,14,1,0.0,0.0,0.0,0.0,0.0,24.0,24.0,3.1,0.15
11,14,2,0.0,0.0,0.0,0.0,0.0,24.0,24.0,3.2,0.15
11,14,3,0.0,0.0,0.0,0.0,0.0,24.0,24.0,3.2,0.15
11,14,4,0.0,0.0,0.0,0.0,0.0,24.0,24.0,3.3,0.15
11,14,5,0.0,0.0,0.0,0.0,0.0,24.0,24.0,3.5,0.15
11,14,6,0.0,0.0,0.0,0.0,0.0,24.0,24.0,3.8,0.15
11,14,7,114.848,405.0,47.0,87143.721,80092.31,24.0,25.809,4.2,0.15
11,14,8,229.999,206.0,153.0,217745.364,206066.217,25.0,28.655,4.6,0.15
11,14,9,407.898,325.0,230.0,392988.789,375100.071,25.0,31.337,4.8,0.15
11,14,10,526.51,341.0,296.0,501124.215,479403.829,25.0,33.159,4.8,0.15
11,14,11,788.448,925.0,94.0,743667.116,713352.47,26.0,38.751,4.5,0.15
11,14,12,807.149,929.0,95.0,759061.879,728201.736,26.0,39.228,4.4,0.15
11,14,13,751.798,912.0,93.0,712049.714,682855.399,26.0,38.164,4.5,0.15
11,14,14,629.752,877.0,85.0,605491.694,580073.154,26.0,35.94,4.7,0.15
11,14,15,451.785,804.0,74.0,437383.662,417921.858,26.0,32.858,5.0,0.15
11,14,16,237.651,651.0,56.0,207662.29,196340.427,26.0,29.38,5.3,0.15
11,14,17,34.379,234.0,21.0,13746.221,9295.575,25.0,25.338,5.4,0.15
11,14,18,0.0,0.0,0.0,0.0,0.0,25.0,25.0,5.4,0.15
11,14,19,0.0,0.0,0.0,0.0,0.0,25.0,25.0,5.5,0.15
11,14,20,0.0,0.0,0.0,0.0,0.0,25.0,25.0,5.6,0.15
11,14,21,0.0,0.0,0.0,0.0,0.0,25.0,25.0,5.6,0.15
11,14,22,0.0,0.0,0.0,0.0,0.0,25.0,25.0,5.6,0.15
11,14,23,0.0,0.0,0.0,0.0,0.0,25.0,25.0,5.4,0.15
11,15,0,0.0,0.0,0.0,0.0,0.0,25.0,25.0,5.3,0.15
11,15,1,0.0,0.0,0.0,0.0,0.0,25.0,25.0,5.3,0.15
11,15,2,0.0,0.0,0.0,0.0,0.0,25.0,25.0,5.4,0.15
11,15,3,0.0,0.0,0.0,0.0,0.0,25.0,25.0,5.4,0.15
11,15,4,0.0,0.0,0.0,0.0,0.0,25.0,25.0,5.4,0.15
11,15,5,0.0,0.0,0.0,0.0,0.0,25.0,25.0,5.4,0.15
11,15,6,0.0,0.0,0.0,0.0,0.0,25.0,25.0,5.7,0.15
11,15,7,114.194,377.0,52.0,87429.311,80367.78,25.0,26.411,6.2,0.15
11,15,8,327.737,657.0,84.0,308240.132,293354.396,26.0,30.062,6.7,0.15
11,15,9,527.47,787.0,99.0,515119.787,492903.482,26.0,32.537,6.8,0.15
11,15,10,680.067,853.0,106.0,655136.214,627958.571,26.0,34.41,6.8,0.15
11,15,11,513.583,192.0,370.0,484744.711,463604.716,26.0,32.507,6.5,0.15
11,15,12,406.175,67.0,355.0,380932.795,363471.269,26.0,31.364,6.1,0.15
11,15,13,469.174,160.0,354.0,442851.186,423195.645,26.0,32.278,6.0,0.15
11,15,14,388.555,156.0,292.0,369661.87,352599.718,26.0,31.151,6.1,0.15
11,15,15,263.568,123.0,206.0,251682.316,238800.648,26.0,29.388,6.4,0.15
11,15,16,8.0,0.0,8.0,6616.606,2418.591,26.0,26.1,6.7,0.15
11,15,17,31.971,184.0,22.0,13566.542,9122.263,25.0,25.28,6.9,0.15
11,15,18,0.0,0.0,0.0,0.0,0.0,25.0,25.0,7.0,0.15
11,15,19,0.0,0.0,0.0,0.0,0.0,25.0,25.0,7.1,0.15
11,15,20,0.0,0.0,0.0,0.0,0.0,25.0,25.0,7.1,0.15
11,15,21,0.0,0.0,0.0,0.0,0.0,25.0,25.0,7.0,0.15
11,15,22,0.0,0.0,0.0,0.0,0.0,25.0,25.0,6.9,0.15
11,15,23,0.0,0.0,0.0,0.0,0.0,25.0,25.0,6.8,0.15
11,16,0,0.0,0.0,0.0,0.0,0.0,25.0,25.0,6.6,0.15
11,16,1,0.0,0.0,0.0,0.0,0.0,25.0,25.0,6.4,0.15
11,16,2,0.0,0.0,0.0,0.0,0.0,25.0,25.0,6.1,0.15
11,16,3,0.0,0.0,0.0,0.0,0.0,25.0,25.0,5.9,0.15
11,16,4,0.0,0.0,0.0,0.0,0.0,25.0,25.0,5.7,0.15
11,16,5,0.0,0.0,0.0,0.0,0.0,25.0,25.0,5.8,0.15
11,16,6,0.0,0.0,0.0,0.0,0.0,25.0,25.0,6.1,0.15
11,16,7,23.0,0.0,23.0,19754.545,15091.0,25.0,25.285,6.7,0.15
11,16,8,123.0,0.0,123.0,115842.645,107774.317,25.0,26.443,7.3,0.15
11,16,9,364.38,226.0,242.0,352082.122,335642.89,25.0,29.154,7.6,0.15
11,16,10,469.428,226.0,318.0,449464.289,429574.42,25.0,30.237,7.8,0.15
11,16,11,527.161,215.0,367.0,499520.518,477856.958,26.0,31.872,7.8,0.15
11,16,12,796.912,917.0,99.0,761906.661,730945.716,26.0,35.096,7.6,0.15
11,16,13,744.352,901.0,98.0,715070.26,685768.915,26.0,34.583,7.5,0.15
11,16,14,623.213,858.0,94.0,605351.009,579937.454,26.0,33.268,7.4,0.15
11,16,15,445.352,775.0,84.0,433219.992,413905.723,26.0,31.24,7.3,0.15
11,16,16,232.375,606.0,65.0,203959.264,192768.614,26.0,28.715,7.1,0.15
11,16,17,31.291,161.0,23.0,13671.68,9223.675,26.0,26.278,7.0,0.15
11,16,18,0.0,0.0,0.0,0.0,0.0,25.0,25.0,7.1,0.15
11,16,19,0.0,0.0,0.0,0.0,0.0,25.0,25.0,7.2,0.15
11,16,20,0.0,0.0,0.0,0.0,0.0,25.0,25.0,7.1,0.15
11,16,21,0.0,0.0,0.0,0.0,0.0,25.0,25.0,6.9,0.15
11,16,22,0.0,0.0,0.0,0.0,0.0,25.0,25.0,6.8,0.15
11,16,23,0.0,0.0,0.0,0.0,0.0,25.0,25.0,6.7,0.15
11,17,0,0.0,0.0,0.0,0.0,0.0,25.0,25.0,6.5,0.15
11,17,1,0.0,0.0,0.0,0.0,0.0,25.0,25.0,6.4,0.15
11,17,2,0.0,0.0,0.0,0.0,0.0,24.0,24.0,6.3,0.15
11,17,3,0.0,0.0,0.0,0.0,0.0,24.0,24.0,6.3,0.15
11,17,4,0.0,0.0,0.0,0.0,0.0,24.0,24.0,6.4,0.15
11,17,5,0.0,0.0,0.0,0.0,0.0,24.0,24.0,6.5,0.15
11,17,6,0.0,0.0,0.0,0.0,0.0,24.0,24.0,6.7,0.15
11,17,7,116.053,432.0,47.0,86305.254,79283.553,25.0,26.279,7.2,0.15
11,17,8,231.867,235.0,146.0,219882.551,208127.676,25.0,27.66,7.5,0.15
11,17,9,248.236,45.0,224.0,236520.892,224176.454,25.0,27.85,7.5,0.15
11,17,10,686.38,882.0,98.0,665265.17,637728.618,25.0,33.075,7.3,0.15
11,17,11,556.363,270.0,356.0,526867.853,504235.267,26.0,32.769,6.9,0.15
11,17,12,655.903,464.0,304.0,621495.447,595509.83,26.0,34.33,6.5,0.15
11,17,13,487.274,192.0,350.0,460928.014,440631.939,26.0,32.311,6.3,0.15
11,17,14,435.068,249.0,282.0,415574.98,396885.944,26.0,31.775,6.1,0.15
11,17,15,387.973,523.0,145.0,374780.519,357536.992,26.0,31.223,6.0,0.15
11,17,16,58.0,0.0,58.0,53082.699,47238.205,25.0,25.771,6.1,0.15
11,17,17,30.639,169.0,22.0,13206.866,8775.331,25.0,25.296,6.1,0.15
11,17,18,0.0,0.0,0.0,0.0,0.0,25.0,25.0,6.1,0.15
11,17,19,0.0,0.0,0.0,0.0,0.0,25.0,25.0,6.2,0.15
11,17,20,0.0,0.0,0.0,0.0,0.0,25.0,25.0,6.3,0.15
11,17,21,0.0,0.0,0.0,0.0,0.0,25.0,25.0,6.3,0.15
11,17,22,0.0,0.0,0.0,0.0,0.0,24.0,24.0,6.1,0.15
11,17,23,0.0,0.0,0.0,0.0,0.0,24.0,24.0,5.9,0.15
11,18,0,0.0,0.0,0.0,0.0,0.0,24.0,24.0,5.5,0.15
11,18,1,0.0,0.0,0.0,0.0,0.0,24.0,24.0,5.1,0.15
11,18,2,0.0,0.0,0.0,0.0,0.0,24.0,24.0,5.1,0.15
11,18,3,0.0,0.0,0.0,0.0,0.0,24.0,24.0,5.1,0.15
11,18,4,0.0,0.0,0.0,0.0,0.0,24.0,24.0,5.3,0.15
11,18,5,0.0,0.0,0.0,0.0,0.0,24.0,24.0,5.5,0.15
11,18,6,0.0,0.0,0.0,0.0,0.0,24.0,24.0,5.9,0.15
11,18,7,113.876,457.0,42.0,83213.908,76301.746,24.0,25.338,6.5,0.15
11,18,8,330.697,730.0,66.0,310577.985,295609.409,25.0,29.008,6.9,0.15
11,18,9,322.745,147.0,244.0,310258.603,295301.344,25.0,28.937,6.9,0.15
11,18,10,378.755,99.0,313.0,360034.195,343313.189,25.0,29.701,6.7,0.15
11,18,11,546.993,257.0,357.0,519288.973,496924.937,25.0,32.01,6.4,0.15
11,18,12,793.625,927.0,93.0,754508.366,723809.572,26.0,36.681,6.0,0.15
11,18,13,738.787,909.0,91.0,706058.643,677076.615,26.0,36.062,5.9,0.15
11,18,14,371.946,137.0,288.0,353522.655,337032.379,26.0,31.042,5.9,0.15
11,18,15,442.137,793.0,75.0,428664.33,409511.486,26.0,31.959,6.0,0.15
11,18,16,230.713,631.0,58.0,201822.262,190707.335,25.0,27.988,6.1,0.15
11,18,17,31.165,197.0,21.0,12905.533,8484.676,25.0,25.286,6.3,0.15
11,18,18,0.0,0.0,0.0,0.0,0.0,25.0,25.0,6.3,0.15
11,18,19,0.0,0.0,0.0,0.0,0.0,25.0,25.0,6.4,0.15
11,18,20,0.0,0.0,0.0,0.0,0.0,25.0,25.0,6.4,0.15
11,18,21,0.0,0.0,0.0,0.0,0.0,25.0,25.0,6.1,0.15
11,18,22,0.0,0.0,0.0,0.0,0.0,25.0,25.0,5.8,0.15
11,18,23,0.0,0.0,0.0,0.0,0.0,24.0,24.0,5.2,0.15
11,19,0,0.0,0.0,0.0,0.0,0.0,24.0,24.0,4.8,0.15
11,19,1,0.0,0.0,0.0,0.0,0.0,24.0,24.0,4.4,0.15
11,19,2,0.0,0.0,0.0,0.0,0.0,24.0,24.0,4.1,0.15
11,19,3,0.0,0.0,0.0,0.0,0.0,24.0,24.0,4.1,0.15
11,19,4,0.0,0.0,0.0,0.0,0.0,24.0,24.0,4.1,0.15
11,19,5,0.0,0.0,0.0,0.0,0.0,24.0,24.0,4.3,0.15
11,19,6,0.0,0.0,0.0,0.0,0.0,24.0,24.0,4.7,0.15
11,19,7,110.616,450.0,41.0,80218.449,73412.428,24.0,25.486,5.3,0.15
11,19,8,324.343,718.0,66.0,303468.399,288751.745,25.0,29.476,5.7,0.15
11,19,9,522.284,832.0,79.0,511591.641,489500.352,25.0,32.301,5.7,0.15
11,19,10,674.902,889.0,87.0,650432.183,623421.222,25.0,34.751,5.4,0.15
11,19,11,765.112,918.0,89.0,725364.023,695697.929,26.0,37.745,4.9,0.15
11,19,12,785.488,922.0,91.0,739971.587,709787.889,26.0,39.054,4.3,0.15
11,19,13,732.596,906.0,89.0,691940.43,663458.667,26.0,39.087,3.8,0.15
11,19,14,612.538,862.0,86.0,586390.473,561648.764,26.0,37.125,3.7,0.15
11,19,15,437.242,785.0,75.0,420921.072,402042.602,26.0,33.59,4.0,0.15
11,19,16,228.374,625.0,58.0,198187.865,187201.719,26.0,29.642,4.4,0.15
11,19,17,30.766,193.0,21.0,12791.506,8374.689,25.0,25.338,4.8,0.15
11,19,18,0.0,0.0,0.0,0.0,0.0,25.0,25.0,5.0,0.15
11,19,19,0.0,0.0,0.0,0.0,0.0,25.0,25.0,5.1,0.15
11,19,20,0.0,0.0,0.0,0.0,0.0,25.0,25.0,4.9,0.15
11,19,21,0.0,0.0,0.0,0.0,0.0,25.0,25.0,4.5,0.15
11,19,22,0.0,0.0,0.0,0.0,0.0,24.0,24.0,4.0,0.15
11,19,23,0.0,0.0,0.0,0.0,0.0,24.0,24.0,3.5,0.15
11,20,0,0.0,0.0,0.0,0.0,0.0,24.0,24.0,3.0,0.15
11,20,1,0.0,0.0,0.0,0.0,0.0,24.0,24.0,2.7,0.15
11,20,2,0.0,0.0,0.0,0.0,0.0,24.0,24.0,2.5,0.15
11,20,3,0.0,0.0,0.0,0.0,0.0,24.0,24.0,2.3,0.15
11,20,4,0.0,0.0,0.0,0.0,0.0,24.0,24.0,2.2,0.15
11,20,5,0.0,0.0,0.0,0.0,0.0,24.0,24.0,2.2,0.15
11,20,6,0.0,0.0,0.0,0.0,0.0,24.0,24.0,2.4,0.15
11,20,7,109.695,445.0,42.0,79209.147,72438.89,24.0,26.078,2.9,0.15
11,20,8,323.631,716.0,68.0,300444.158,285834.664,25.0,31.083,3.4,0.15
11,20,9,521.367,831.0,81.0,505737.965,483854.095,25.0,34.777,3.5,0.15
11,20,10,674.029,890.0,88.0,640787.3,614118.096,25.0,38.228,3.2,0.15
11,20,11,764.347,919.0,90.0,710732.333,681584.698,26.0,42.605,2.6,0.15
11,20,12,783.934,923.0,91.0,719625.955,690163.184,26.0,45.487,1.9,0.15
11,20,13,731.315,907.0,89.0,668161.422,640522.243,26.0,47.267,1.2,0.15
11,20,14,611.568,863.0,86.0,565383.363,541386.02,26.0,45.718,0.8,0.15
11,20,15,436.579,786.0,75.0,410437.234,391930.249,26.0,39.345,1.0,0.15
11,20,16,103.345,16.0,99.0,95215.337,87877.917,26.0,28.856,1.4,0.15
11,20,17,29.562,192.0,20.0,12071.116,7679.826,26.0,26.537,1.7,0.15
11,20,18,0.0,0.0,0.0,0.0,0.0,26.0,26.0,1.7,0.15
11,20,19,0.0,0.0,0.0,0.0,0.0,26.0,26.0,1.9,0.15
11,20,20,0.0,0.0,0.0,0.0,0.0,25.0,25.0,2.0,0.15
11,20,21,0.0,0.0,0.0,0.0,0.0,25.0,25.0,2.2,0.15
11,20,22,0.0,0.0,0.0,0.0,0.0,25.0,25.0,2.4,0.15
11,20,23,0.0,0.0,0.0,0.0,0.0,25.0,25.0,2.5,0.15
11,21,0,0.0,0.0,0.0,0.0,0.0,25.0,25.0,2.7,0.15
11,21,1,0.0,0.0,0.0,0.0,0.0,25.0,25.0,2.9,0.15
11,21,2,0.0,0.0,0.0,0.0,0.0,25.0,25.0,3.2,0.15
11,21,3,0.0,0.0,0.0,0.0,0.0,25.0,25.0,3.4,0.15
11,21,4,0.0,0.0,0.0,0.0,0.0,25.0,25.0,3.4,0.15
11,21,5,0.0,0.0,0.0,0.0,0.0,25.0,25.0,3.4,0.15
11,21,6,0.0,0.0,0.0,0.0,0.0,25.0,25.0,3.7,0.15
11,21,7,106.788,460.0,38.0,75406.941,68771.411,25.0,26.62,4.3,0.15
11,21,8,152.107,37.0,139.0,143496.866,134448.639,25.0,27.359,4.8,0.15
11,21,9,103.0,0.0,103.0,95240.041,87901.745,25.0,26.554,5.0,0.15
11,21,10,423.837,166.0,315.0,401168.852,382990.282,26.0,32.314,5.1,0.15
11,21,11,518.382,218.0,359.0,488030.66,466774.23,26.0,33.716,5.1,0.15
11,21,12,771.2,913.0,88.0,731221.154,701347.519,26.0,37.542,5.1,0.15
11,21,13,499.037,221.0,343.0,470781.686,450136.456,26.0,33.525,5.0,0.15
11,21,14,287.541,47.0,259.0,270989.518,257423.72,26.0,30.39,4.9,0.15
11,21,15,199.054,35.0,183.0,187986.294,177361.63,26.0,29.167,4.6,0.15
11,21,16,224.693,627.0,55.0,194251.254,183404.597,26.0,29.629,4.3,0.15
11,21,17,29.319,207.0,19.0,11692.768,7314.884,25.0,25.353,3.9,0.15
11,21,18,0.0,0.0,0.0,0.0,0.0,25.0,25.0,3.5,0.15
11,21,19,0.0,0.0,0.0,0.0,0.0,25.0,25.0,3.3,0.15
11,21,20,0.0,0.0,0.0,0.0,0.0,25.0,25.0,3.3,0.15
11,21,21,0.0,0.0,0.0,0.0,0.0,25.0,25.0,3.5,0.15
11,21,22,0.0,0.0,0.0,0.0,0.0,25.0,25.0,3.6,0.15
11,21,23,0.0,0.0,0.0,0.0,0.0,25.0,25.0,3.7,0.15
11,22,0,0.0,0.0,0.0,0.0,0.0,25.0,25.0,3.9,0.15
11,22,1,0.0,0.0,0.0,0.0,0.0,25.0,25.0,4.0,0.15
11,22,2,0.0,0.0,0.0,0.0,0.0,25.0,25.0,4.1,0.15
11,22,3,0.0,0.0,0.0,0.0,0.0,25.0,25.0,4.0,0.15
11,22,4,0.0,0.0,0.0,0.0,0.0,25.0,25.0,4.0,0.15
11,22,5,0.0,0.0,0.0,0.0,0.0,25.0,25.0,4.0,0.15
11,22,6,0.0,0.0,0.0,0.0,0.0,25.0,25.0,4.3,0.15
11,22,7,104.485,466.0,36.0,72838.395,66293.879,25.0,26.495,4.7,0.15
11,22,8,11.0,0.0,11.0,9298.027,5004.999,25.0,25.166,5.0,0.15
11,22,9,243.116,46.0,219.0,231029.259,218879.411,25.0,28.625,5.1,0.15
11,22,10,160.0,0.0,160.0,148065.11,138855.012,26.0,28.292,5.4,0.15
11,22,11,178.457,2.0,177.0,164870.079,155064.514,26.0,28.493,5.6,0.15
11,22,12,185.238,3.0,183.0,171151.068,161122.943,26.0,28.557,5.7,0.15
11,22,13,211.224,6.0,207.0,196372.533,185450.711,26.0,28.918,5.7,0.15
11,22,14,604.701,878.0,73.0,585440.843,560732.783,26.0,34.542,5.6,0.15
11,22,15,135.0,0.0,135.0,126129.588,117696.753,26.0,27.918,5.5,0.15
11,22,16,227.18,653.0,51.0,196932.674,185991.004,25.0,28.182,5.4,0.15
11,22,17,29.777,234.0,18.0,11385.116,7018.133,25.0,25.294,5.1,0.15
11,22,18,0.0,0.0,0.0,0.0,0.0,25.0,25.0,4.9,0.15
11,22,19,0.0,0.0,0.0,0.0,0.0,25.0,25.0,4.6,0.15
11,22,20,0.0,0.0,0.0,0.0,0.0,25.0,25.0,4.4,0.15
11,22,21,0.0,0.0,0.0,0.0,0.0,25.0,25.0,4.1,0.15
11,22,22,0.0,0.0,0.0,0.0,0.0,25.0,25.0,3.8,0.15
11,22,23,0.0,0.0,0.0,0.0,0.0,25.0,25.0,3.6,0.15
11,23,0,0.0,0.0,0.0,0.0,0.0,25.0,25.0,3.3,0.15
11,23,1,0.0,0.0,0.0,0.0,0.0,25.0,25.0,3.1,0.15
11,23,2,0.0,0.0,0.0,0.0,0.0,25.0,25.0,2.8,0.15
11,23,3,0.0,0.0,0.0,0.0,0.0,25.0,25.0,2.6,0.15
11,23,4,0.0,0.0,0.0,0.0,0.0,25.0,25.0,2.4,0.15
11,23,5,0.0,0.0,0.0,0.0,0.0,25.0,25.0,2.2,0.15
11,23,6,0.0,0.0,0.0,0.0,0.0,25.0,25.0,2.0,0.15
11,23,7,4.0,0.0,4.0,3105.006,0.0,25.0,25.096,2.0,0.15
11,23,8,73.0,0.0,73.0,67197.039,60852.418,25.0,26.812,1.9,0.15
11,23,9,289.274,106.0,234.0,273231.157,259585.928,25.0,32.323,1.8,0.15
11,23,10,303.956,43.0,276.0,283315.245,269312.697,25.0,32.667,1.8,0.15
11,23,11,346.94,44.0,315.0,319909.439,304610.213,26.0,34.928,1.7,0.15
11,23,12,548.647,251.0,362.0,503923.653,482104.072,26.0,40.15,1.7,0.15
11,23,13,96.0,0.0,96.0,86653.033,79619.009,26.0,28.469,1.7,0.15
11,23,14,143.0,0.0,143.0,131455.49,122833.937,26.0,29.685,1.7,0.15
11,23,15,156.369,3.0,155.0,145807.03,136676.944,26.0,29.796,2.0,0.15
11,23,16,76.0,0.0,76.0,69782.834,63346.589,26.0,27.709,2.4,0.15
11,23,17,30.494,231.0,19.0,11815.341,7433.114,26.0,26.436,2.7,0.15
11,23,18,0.0,0.0,0.0,0.0,0.0,25.0,25.0,3.1,0.15
11,23,19,0.0,0.0,0.0,0.0,0.0,25.0,25.0,3.6,0.15
11,23,20,0.0,0.0,0.0,0.0,0.0,25.0,25.0,4.0,0.15
11,23,21,0.0,0.0,0.0,0.0,0.0,25.0,25.0,4.3,0.15
11,23,22,0.0,0.0,0.0,0.0,0.0,25.0,25.0,4.5,0.15
11,23,23,0.0,0.0,0.0,0.0,0.0,24.0,24.0,4.6,0.15
11,24,0,0.0,0.0,0.0,0.0,0.0,24.0,24.0,4.8,0.15
11,24,1,0.0,0.0,0.0,0.0,0.0,24.0,24.0,4.9,0.15
11,24,2,0.0,0.0,0.0,0.0,0.0,24.0,24.0,5.0,0.15
11,24,3,0.0,0.0,0.0,0.0,0.0,24.0,24.0,5.1,0.15
11,24,4,0.0,0.0,0.0,0.0,0.0,24.0,24.0,5.1,0.15
11,24,5,0.0,0.0,0.0,0.0,0.0,24.0,24.0,5.1,0.15
11,24,6,0.0,0.0,0.0,0.0,0.0,24.0,24.0,5.4,0.15
11,24,7,97.575,413.0,39.0,68969.073,62561.662,24.0,25.212,5.9,0.15
11,24,8,134.882,17.0,129.0,127725.27,119235.893,24.0,25.753,6.3,0.15
11,24,9,260.789,69.0,225.0,249173.957,236381.171,25.0,28.279,6.6,0.15
11,24,10,380.807,114.0,307.0,362620.169,345807.532,25.0,29.779,6.6,0.15
11,24,11,422.063,101.0,349.0,399396.135,381280.38,25.0,30.401,6.4,0.15
11,24,12,295.569,21.0,280.0,277367.463,263575.668,25.0,28.902,6.1,0.15
11,24,13,479.625,198.0,341.0,455481.658,435378.57,25.0,31.57,5.8,0.15
11,24,14,402.704,202.0,281.0,385200.382,367587.639,25.0,30.792,5.4,0.15
11,24,15,425.475,759.0,80.0,412243.841,393672.84,25.0,31.372,5.1,0.15
11,24,16,109.051,30.0,101.0,101215.29,93665.267,25.0,26.667,4.9,0.15
11,24,17,28.312,159.0,21.0,12217.843,7821.354,25.0,25.32,4.8,0.15
11,24,18,0.0,0.0,0.0,0.0,0.0,25.0,25.0,4.6,0.15
11,24,19,0.0,0.0,0.0,0.0,0.0,25.0,25.0,4.5,0.15
11,24,20,0.0,0.0,0.0,0.0,0.0,25.0,25.0,4.4,0.15
11,24,21,0.0,0.0,0.0,0.0,0.0,25.0,25.0,4.3,0.15
11,24,22,0.0,0.0,0.0,0.0,0.0,25.0,25.0,4.1,0.15
11,24,23,0.0,0.0,0.0,0.0,0.0,25.0,25.0,3.9,0.15
11,25,0,0.0,0.0,0.0,0.0,0.0,25.0,25.0,3.7,0.15
11,25,1,0.0,0.0,0.0,0.0,0.0,25.0,25.0,3.5,0.15
11,25,2,0.0,0.0,0.0,0.0,0.0,25.0,25.0,3.3,0.15
11,25,3,0.0,0.0,0.0,0.0,0.0,25.0,25.0,3.0,0.15
11,25,4,0.0,0.0,0.0,0.0,0.0,25.0,25.0,2.9,0.15
11,25,5,0.0,0.0,0.0,0.0,0.0,25.0,25.0,2.9,0.15
11,25,6,0.0,0.0,0.0,0.0,0.0,25.0,25.0,2.9,0.15
11,25,7,94.78,379.0,42.0,67390.214,61038.748,25.0,26.676,3.3,0.15
11,25,8,69.0,0.0,69.0,63524.927,57310.424,25.0,26.248,3.7,0.15
11,25,9,269.823,83.0,227.0,256959.504,243890.845,25.0,29.599,4.1,0.15
11,25,10,478.761,285.0,295.0,455922.939,435804.214,25.0,32.719,4.5,0.15
11,25,11,559.14,322.0,327.0,527385.479,504734.552,26.0,34.656,4.8,0.15
11,25,12,770.966,905.0,102.0,730095.542,700261.792,26.0,37.833,4.9,0.15
11,25,13,376.373,75.0,324.0,353538.708,337047.863,26.0,31.738,4.9,0.15
11,25,14,408.631,214.0,280.0,388820.16,371079.153,26.0,32.334,4.8,0.15
11,25,15,150.0,0.0,150.0,140474.87,131533.724,26.0,28.386,4.6,0.15
11,25,16,222.682,600.0,62.0,192791.959,181997.011,26.0,29.549,4.4,0.15
11,25,17,28.668,166.0,21.0,12212.909,7816.594,26.0,26.355,4.1,0.15
11,25,18,0.0,0.0,0.0,0.0,0.0,26.0,26.0,3.9,0.15
11,25,19,0.0,0.0,0.0,0.0,0.0,25.0,25.0,4.0,0.15
11,25,20,0.0,0.0,0.0,0.0,0.0,25.0,25.0,4.1,0.15
11,25,21,0.0,0.0,0.0,0.0,0.0,25.0,25.0,4.2,0.15
11,25,22,0.0,0.0,0.0,0.0,0.0,25.0,25.0,4.3,0.15
11,25,23,0.0,0.0,0.0,0.0,0.0,25.0,25.0,4.3,0.15
11,26,0,0.0,0.0,0.0,0.0,0.0,25.0,25.0,4.3,0.15
11,26,1,0.0,0.0,0.0,0.0,0.0,25.0,25.0,4.5,0.15
11,26,2,0.0,0.0,0.0,0.0,0.0,25.0,25.0,4.7,0.15
11,26,3,0.0,0.0,0.0,0.0,0.0,25.0,25.0,4.9,0.15
11,26,4,0.0,0.0,0.0,0.0,0.0,25.0,25.0,4.9,0.15
11,26,5,0.0,0.0,0.0,0.0,0.0,25.0,25.0,5.0,0.15
11,26,6,0.0,0.0,0.0,0.0,0.0,25.0,25.0,5.2,0.15
11,26,7,50.418,25.0,47.0,43111.759,37620.575,25.0,25.681,5.8,0.15
11,26,8,162.523,72.0,138.0,153313.567,143917.496,25.0,27.086,6.4,0.15
11,26,9,228.503,38.0,209.0,216606.417,204967.627,26.0,28.813,6.8,0.15
11,26,10,411.031,162.0,307.0,391075.053,373254.146,26.0,31.056,6.8,0.15
11,26,11,528.158,273.0,332.0,501362.997,479634.15,26.0,32.495,6.8,0.15
11,26,12,557.434,276.0,354.0,527982.433,505310.354,26.0,32.852,6.8,0.15
11,26,13,218.876,7.0,214.0,204001.87,192809.71,26.0,28.739,6.6,0.15
11,26,14,228.596,16.0,219.0,214784.019,203209.805,26.0,28.992,6.2,0.15
11,26,15,154.36,3.0,153.0,144848.8,135752.668,26.0,28.22,5.4,0.15
11,26,16,7.0,0.0,7.0,5775.166,1606.966,25.0,25.112,4.6,0.15
11,26,17,25.249,106.0,21.0,11620.992,7245.652,25.0,25.329,4.1,0.15
11,26,18,0.0,0.0,0.0,0.0,0.0,25.0,25.0,3.7,0.15
11,26,19,0.0,0.0,0.0,0.0,0.0,25.0,25.0,3.3,0.15
11,26,20,0.0,0.0,0.0,0.0,0.0,24.0,24.0,2.9,0.15
11,26,21,0.0,0.0,0.0,0.0,0.0,24.0,24.0,2.7,0.15
11,26,22,0.0,0.0,0.0,0.0,0.0,24.0,24.0,2.7,0.15
11,26,23,0.0,0.0,0.0,0.0,0.0,24.0,24.0,2.6,0.15
11,27,0,0.0,0.0,0.0,0.0,0.0,24.0,24.0,2.5,0.15
11,27,1,0.0,0.0,0.0,0.0,0.0,24.0,24.0,2.3,0.15
11,27,2,0.0,0.0,0.0,0.0,0.0,24.0,24.0,2.2,0.15
11,27,3,0.0,0.0,0.0,0.0,0.0,24.0,24.0,2.0,0.15
11,27,4,0.0,0.0,0.0,0.0,0.0,24.0,24.0,1.8,0.15
11,27,5,0.0,0.0,0.0,0.0,0.0,24.0,24.0,1.8,0.15
11,27,6,0.0,0.0,0.0,0.0,0.0,24.0,24.0,1.9,0.15
11,27,7,85.922,305.0,45.0,62588.83,56407.497,24.0,25.977,1.9,0.15
11,27,8,289.822,615.0,82.0,266282.27,252883.268,24.0,30.976,2.0,0.15
11,27,9,484.445,753.0,100.0,467315.342,446792.938,24.0,35.604,2.1,0.15
11,27,10,410.895,164.0,306.0,387131.705,369450.527,24.0,33.577,2.2,0.15
11,27,11,577.677,357.0,322.0,540240.377,517133.95,24.0,37.213,2.3,0.15
11,27,12,559.752,284.0,351.0,520608.323,498197.538,25.0,37.551,2.4,0.15
11,27,13,555.3,353.0,310.0,519274.083,496910.575,25.0,37.468,2.4,0.15
11,27,14,281.531,46.0,254.0,264327.837,250998.088,25.0,31.311,2.4,0.15
11,27,15,135.0,0.0,135.0,126113.461,117681.197,25.0,28.032,2.4,0.15
11,27,16,90.0,0.0,90.0,83504.365,76581.911,25.0,26.987,2.5,0.15
11,27,17,12.0,0.0,12.0,6376.712,2187.197,25.0,25.224,2.5,0.15
11,27,18,0.0,0.0,0.0,0.0,0.0,25.0,25.0,2.4,0.15
11,27,19,0.0,0.0,0.0,0.0,0.0,25.0,25.0,2.4,0.15
11,27,20,0.0,0.0,0.0,0.0,0.0,25.0,25.0,2.3,0.15
11,27,21,0.0,0.0,0.0,0.0,0.0,24.0,24.0,2.1,0.15
11,27,22,0.0,0.0,0.0,0.0,0.0,24.0,24.0,2.0,0.15
11,27,23,0.0,0.0,0.0,0.0,0.0,24.0,24.0,1.8,0.15
11,28,0,0.0,0.0,0.0,0.0,0.0,24.0,24.0,1.6,0.15
11,28,1,0.0,0.0,0.0,0.0,0.0,24.0,24.0,1.4,0.15
11,28,2,0.0,0.0,0.0,0.0,0.0,24.0,24.0,1.2,0.15
11,28,3,0.0,0.0,0.0,0.0,0.0,24.0,24.0,1.1,0.15
11,28,4,0.0,0.0,0.0,0.0,0.0,24.0,24.0,1.2,0.15
11,28,5,0.0,0.0,0.0,0.0,0.0,24.0,24.0,1.5,0.15
11,28,6,0.0,0.0,0.0,0.0,0.0,24.0,24.0,1.8,0.15
11,28,7,86.284,344.0,41.0,60973.662,54849.561,24.0,25.924,2.0,0.15
11,28,8,136.717,26.0,128.0,128372.13,119859.833,24.0,27.614,1.6,0.15
11,28,9,369.959,311.0,212.0,348853.359,332528.535,25.0,36.589,0.9,0.15
11,28,10,637.984,857.0,92.0,589126.731,564288.066,25.0,45.558,0.8,0.15
11,28,11,536.314,296.0,325.0,493639.84,472184.655,25.0,40.519,1.2,0.15
11,28,12,571.987,311.0,344.0,526523.96,503903.561,25.0,40.428,1.5,0.15
11,28,13,444.385,152.0,339.0,412676.988,394090.639,25.0,36.459,1.7,0.15
11,28,14,276.686,43.0,251.0,259201.4,246053.302,25.0,31.704,2.0,0.15
11,28,15,283.639,194.0,196.0,269186.093,255684.197,25.0,31.759,2.1,0.15
11,28,16,219.174,597.0,60.0,188789.032,178135.923,25.0,30.187,2.0,0.15
11,28,17,28.068,173.0,20.0,11768.244,7387.685,25.0,25.519,1.7,0.15
11,28,18,0.0,0.0,0.0,0.0,0.0,25.0,25.0,1.4,0.15
11,28,19,0.0,0.0,0.0,0.0,0.0,25.0,25.0,1.4,0.15
11,28,20,0.0,0.0,0.0,0.0,0.0,25.0,25.0,1.4,0.15
11,28,21,0.0,0.0,0.0,0.0,0.0,25.0,25.0,1.6,0.15
11,28,22,0.0,0.0,0.0,0.0,0.0,25.0,25.0,1.8,0.15
11,28,23,0.0,0.0,0.0,0.0,0.0,25.0,25.0,2.0,0.15
11,29,0,0.0,0.0,0.0,0.0,0.0,25.0,25.0,2.2,0.15
11,29,1,0.0,0.0,0.0,0.0,0.0,24.0,24.0,2.4,0.15
11,29,2,0.0,0.0,0.0,0.0,0.0,24.0,24.0,2.5,0.15
11,29,3,0.0,0.0,0.0,0.0,0.0,24.0,24.0,2.6,0.15
11,29,4,0.0,0.0,0.0,0.0,0.0,24.0,24.0,2.6,0.15
11,29,5,0.0,0.0,0.0,0.0,0.0,24.0,24.0,2.7,0.15
11,29,6,0.0,0.0,0.0,0.0,0.0,24.0,24.0,2.8,0.15
11,29,7,87.165,404.0,35.0,58930.914,52879.195,24.0,25.588,3.0,0.15
11,29,8,64.0,0.0,64.0,58738.355,52693.459,25.0,26.252,3.2,0.15
11,29,9,488.886,827.0,71.0,474154.719,453389.969,25.0,34.616,3.2,0.15
11,29,10,324.616,64.0,284.0,305366.696,290582.777,25.0,31.431,3.1,0.15
11,29,11,435.536,123.0,348.0,407409.506,389009.804,25.0,33.917,2.9,0.15
11,29,12,499.732,187.0,363.0,466112.691,445632.903,25.0,35.599,2.7,0.15
11,29,13,368.811,72.0,319.0,344472.67,328303.071,25.0,33.104,2.5,0.15
11,29,14,172.0,0.0,172.0,159785.707,150160.302,25.0,29.002,2.2,0.15
11,29,15,180.473,21.0,171.0,169599.568,159626.419,25.0,29.473,1.9,0.15
11,29,16,80.0,0.0,80.0,73788.238,67210.065,25.0,27.164,1.5,0.15
11,29,17,29.314,212.0,19.0,11623.072,7247.658,25.0,25.581,1.2,0.15
11,29,18,0.0,0.0,0.0,0.0,0.0,25.0,25.0,1.2,0.15
11,29,19,0.0,0.0,0.0,0.0,0.0,25.0,25.0,1.2,0.15
11,29,20,0.0,0.0,0.0,0.0,0.0,24.0,24.0,1.3,0.15
11,29,21,0.0,0.0,0.0,0.0,0.0,24.0,24.0,1.3,0.15
11,29,22,0.0,0.0,0.0,0.0,0.0,24.0,24.0,1.2,0.15
11,29,23,0.0,0.0,0.0,0.0,0.0,24.0,24.0,1.2,0.15
11,30,0,0.0,0.0,0.0,0.0,0.0,24.0,24.0,1.1,0.15
11,30,1,0.0,0.0,0.0,0.0,0.0,24.0,24.0,1.1,0.15
11,30,2,0.0,0.0,0.0,0.0,0.0,24.0,24.0,1.2,0.15
11,30,3,0.0,0.0,0.0,0.0,0.0,24.0,24.0,1.2,0.15
11,30,4,0.0,0.0,0.0,0.0,0.0,24.0,24.0,1.3,0.15
11,30,5,0.0,0.0,0.0,0.0,0.0,24.0,24.0,1.4,0.15
11,30,6,0.0,0.0,0.0,0.0,0.0,24.0,24.0,1.4,0.15
11,30,7,88.447,430.0,34.0,58599.781,52559.795,24.0,26.24,1.3,0.15
11,30,8,296.944,724.0,58.0,267508.724,254066.264,25.0,33.505,1.2,0.15
11,30,9,493.311,844.0,69.0,467116.309,446600.958,25.0,40.512,0.9,0.15
11,30,10,646.518,904.0,75.0,592665.155,567701.11,25.0,47.658,0.5,0.15
11,30,11,739.433,928.0,81.0,660652.64,633279.527,26.0,52.654,0.4,0.15
11,30,12,763.232,934.0,82.0,687153.512,658841.369,26.0,50.562,0.8,0.15
11,30,13,715.867,921.0,80.0,660072.39,632719.838,26.0,45.419,1.5,0.15
11,30,14,196.572,6.0,193.0,184630.951,174125.18,25.0,27.69,5.8,0.15
11,30,15,81.0,0.0,81.0,74696.634,68086.272,25.0,26.124,5.7,0.15
11,30,16,42.0,0.0,42.0,37882.401,32576.515,25.0,25.577,5.8,0.15
11,30,17,8.0,0.0,8.0,4160.927,49.927,25.0,25.091,6.0,0.15
11,30,18,0.0,0.0,0.0,0.0,0.0,24.0,24.0,6.3,0.15
11,30,19,0.0,0.0,0.0,0.0,0.0,24.0,24.0,6.5,0.15
11,30,20,0.0,0.0,0.0,0.0,0.0,24.0,24.0,6.4,0.15
11,30,21,0.0,0.0,0.0,0.0,0.0,24.0,24.0,6.3,0.15
11,30,22,0.0,0.0,0.0,0.0,0.0,24.0,24.0,6.3,0.15
11,30,23,0.0,0.0,0.0,0.0,0.0,24.0,24.0,6.2,0.15
12,1,0,0.0,0.0,0.0,0.0,0.0,24.0,24.0,6.2,0.15
12,1,1,0.0,0.0,0.0,0.0,0.0,24.0,24.0,6.3,0.15
12,1,2,0.0,0.0,0.0,0.0,0.0,24.0,24.0,6.4,0.15
12,1,3,0.0,0.0,0.0,0.0,0.0,24.0,24.0,6.5,0.15
12,1,4,0.0,0.0,0.0,0.0,0.0,24.0,24.0,6.8,0.15
12,1,5,0.0,0.0,0.0,0.0,0.0,24.0,24.0,7.1,0.15
12,1,6,0.0,0.0,0.0,0.0,0.0,24.0,24.0,7.5,0.15
12,1,7,58.4,116.0,44.0,45926.745,40335.815,24.0,24.613,8.0,0.15
12,1,8,188.341,169.0,133.0,177630.142,167372.437,24.0,25.969,8.5,0.15
12,1,9,288.527,127.0,225.0,277858.921,264049.712,25.0,27.951,8.8,0.15
12,1,10,465.248,283.0,287.0,448512.06,428655.932,25.0,29.755,8.8,0.15
12,1,11,499.22,218.0,345.0,477175.133,456303.359,25.0,30.135,8.7,0.15
12,1,12,574.208,326.0,337.0,549271.188,525844.764,25.0,31.014,8.5,0.15
12,1,13,432.471,140.0,336.0,412503.739,393923.529,25.0,29.563,8.4,0.15
12,1,14,444.486,307.0,262.0,429786.718,410594.103,25.0,29.708,8.4,0.15
12,1,15,280.625,188.0,196.0,270290.816,256749.775,25.0,27.972,8.4,0.15
12,1,16,159.309,219.0,101.0,144457.024,135374.774,25.0,26.651,8.5,0.15
12,1,17,20.219,9.0,20.0,10851.023,6502.966,25.0,25.18,8.4,0.15
12,1,18,0.0,0.0,0.0,0.0,0.0,25.0,25.0,8.5,0.15
12,1,19,0.0,0.0,0.0,0.0,0.0,25.0,25.0,8.7,0.15
12,1,20,0.0,0.0,0.0,0.0,0.0,25.0,25.0,8.8,0.15
12,1,21,0.0,0.0,0.0,0.0,0.0,25.0,25.0,8.9,0.15
12,1,22,0.0,0.0,0.0,0.0,0.0,24.0,24.0,9.0,0.15
12,1,23,0.0,0.0,0.0,0.0,0.0,24.0,24.0,8.9,0.15
12,2,0,0.0,0.0,0.0,0.0,0.0,24.0,24.0,8.9,0.15
12,2,1,0.0,0.0,0.0,0.0,0.0,24.0,24.0,8.8,0.15
12,2,2,0.0,0.0,0.0,0.0,0.0,24.0,24.0,8.8,0.15
12,2,3,0.0,0.0,0.0,0.0,0.0,24.0,24.0,8.8,0.15
12,2,4,0.0,0.0,0.0,0.0,0.0,24.0,24.0,8.8,0.15
12,2,5,0.0,0.0,0.0,0.0,0.0,24.0,24.0,8.9,0.15
12,2,6,0.0,0.0,0.0,0.0,0.0,24.0,24.0,9.0,0.15
12,2,7,77.188,281.0,43.0,55337.119,49412.743,24.0,24.698,9.3,0.15
12,2,8,280.82,615.0,81.0,259281.139,246130.215,25.0,27.616,9.8,0.15
12,2,9,476.299,750.0,103.0,469649.059,449043.963,25.0,29.408,10.1,0.15
12,2,10,630.963,819.0,117.0,617612.341,591764.317,25.0,30.787,10.2,0.15
12,2,11,723.48,847.0,126.0,702427.228,673573.876,25.0,31.678,10.1,0.15
12,2,12,747.979,854.0,128.0,721692.695,692156.691,26.0,32.955,10.0,0.15
12,2,13,566.008,394.0,295.0,543424.172,520204.93,26.0,31.33,9.8,0.15
12,2,14,489.819,436.0,231.0,476479.397,455632.275,25.0,29.697,9.6,0.15
12,2,15,392.616,615.0,116.0,382504.115,364986.91,25.0,28.797,9.5,0.15
12,2,16,210.275,538.0,67.0,184341.799,173846.274,25.0,26.98,9.5,0.15
12,2,17,27.425,99.0,23.0,13013.912,8589.214,25.0,25.206,9.5,0.15
12,2,18,0.0,0.0,0.0,0.0,0.0,25.0,25.0,9.5,0.15
12,2,19,0.0,0.0,0.0,0.0,0.0,25.0,25.0,9.4,0.15
12,2,20,0.0,0.0,0.0,0.0,0.0,24.0,24.0,9.3,0.15
12,2,21,0.0,0.0,0.0,0.0,0.0,24.0,24.0,9.2,0.15
12,2,22,0.0,0.0,0.0,0.0,0.0,24.0,24.0,9.0,0.15
12,2,23,0.0,0.0,0.0,0.0,0.0,24.0,24.0,8.6,0.15
12,3,0,0.0,0.0,0.0,0.0,0.0,24.0,24.0,8.3,0.15
12,3,1,0.0,0.0,0.0,0.0,0.0,24.0,24.0,8.4,0.15
12,3,2,0.0,0.0,0.0,0.0,0.0,24.0,24.0,8.5,0.15
12,3,3,0.0,0.0,0.0,0.0,0.0,24.0,24.0,8.6,0.15
12,3,4,0.0,0.0,0.0,0.0,0.0,24.0,24.0,8.6,0.15
12,3,5,0.0,0.0,0.0,0.0,0.0,24.0,24.0,8.6,0.15
12,3,6,0.0,0.0,0.0,0.0,0.0,24.0,24.0,8.6,0.15
12,3,7,70.294,187.0,48.0,53242.671,47392.509,24.0,24.683,8.7,0.15
12,3,8,59.0,0.0,59.0,54117.594,48236.43,25.0,25.599,8.9,0.15
12,3,9,303.724,165.0,222.0,293224.948,278871.26,25.0,28.082,8.9,0.15
12,3,10,451.579,260.0,289.0,435124.763,415743.0,25.0,29.615,8.8,0.15
12,3,11,297.993,27.0,279.0,281444.486,267508.226,25.0,28.084,8.6,0.15
12,3,12,550.727,284.0,345.0,526333.931,503720.265,25.0,30.817,8.4,0.15
12,3,13,374.935,80.0,320.0,356459.376,339865.041,25.0,28.953,8.4,0.15
12,3,14,398.141,206.0,276.0,383520.3,365967.089,25.0,29.176,8.5,0.15
12,3,15,287.501,208.0,194.0,277145.337,263361.413,25.0,28.019,8.5,0.15
12,3,16,169.276,275.0,96.0,152410.619,143046.542,25.0,26.797,8.2,0.15
12,3,17,21.88,21.0,21.0,11537.491,7165.11,25.0,25.201,7.9,0.15
12,3,18,0.0,0.0,0.0,0.0,0.0,25.0,25.0,7.8,0.15
12,3,19,0.0,0.0,0.0,0.0,0.0,25.0,25.0,7.8,0.15
12,3,20,0.0,0.0,0.0,0.0,0.0,25.0,25.0,8.0,0.15
12,3,21,0.0,0.0,0.0,0.0,0.0,25.0,25.0,8.1,0.15
12,3,22,0.0,0.0,0.0,0.0,0.0,25.0,25.0,8.0,0.15
12,3,23,0.0,0.0,0.0,0.0,0.0,25.0,25.0,7.7,0.15
12,4,0,0.0,0.0,0.0,0.0,0.0,25.0,25.0,7.4,0.15
12,4,1,0.0,0.0,0.0,0.0,0.0,24.0,24.0,7.0,0.15
12,4,2,0.0,0.0,0.0,0.0,0.0,24.0,24.0,6.8,0.15
12,4,3,0.0,0.0,0.0,0.0,0.0,24.0,24.0,6.8,0.15
12,4,4,0.0,0.0,0.0,0.0,0.0,24.0,24.0,6.9,0.15
12,4,5,0.0,0.0,0.0,0.0,0.0,25.0,25.0,7.3,0.15
12,4,6,0.0,0.0,0.0,0.0,0.0,25.0,25.0,7.5,0.15
12,4,7,26.0,0.0,26.0,21719.554,16986.382,25.0,25.289,7.7,0.15
12,4,8,167.47,114.0,131.0,157224.857,147690.193,25.0,26.849,7.9,0.15
12,4,9,377.825,377.0,192.0,367703.571,350710.809,25.0,29.156,8.0,0.15
12,4,10,522.534,447.0,244.0,505881.545,483992.588,25.0,30.638,8.2,0.15
12,4,11,542.084,308.0,326.0,519316.503,496951.492,25.0,30.78,8.3,0.15
12,4,12,384.157,68.0,335.0,364045.483,347182.342,25.0,29.12,8.2,0.15
12,4,13,490.806,236.0,329.0,469716.115,449108.643,25.0,30.326,8.1,0.15
12,4,14,328.269,95.0,272.0,313977.785,298888.741,25.0,28.563,8.1,0.15
12,4,15,84.0,0.0,84.0,77669.095,70953.407,25.0,25.896,8.3,0.15
12,4,16,35.0,0.0,35.0,31325.616,26252.062,25.0,25.371,8.4,0.15
12,4,17,4.0,0.0,4.0,2012.969,0.0,24.0,24.036,8.4,0.15
12,4,18,0.0,0.0,0.0,0.0,0.0,24.0,24.0,8.4,0.15
12,4,19,0.0,0.0,0.0,0.0,0.0,24.0,24.0,8.4,0.15
12,4,20,0.0,0.0,0.0,0.0,0.0,24.0,24.0,8.3,0.15
12,4,21,0.0,0.0,0.0,0.0,0.0,24.0,24.0,8.1,0.15
12,4,22,0.0,0.0,0.0,0.0,0.0,24.0,24.0,7.8,0.15
12,4,23,0.0,0.0,0.0,0.0,0.0,24.0,24.0,7.5,0.15
12,5,0,0.0,0.0,0.0,0.0,0.0,24.0,24.0,7.2,0.15
12,5,1,0.0,0.0,0.0,0.0,0.0,24.0,24.0,7.2,0.15
12,5,2,0.0,0.0,0.0,0.0,0.0,24.0,24.0,7.3,0.15
12,5,3,0.0,0.0,0.0,0.0,0.0,24.0,24.0,7.3,0.15
12,5,4,0.0,0.0,0.0,0.0,0.0,24.0,24.0,7.4,0.15
12,5,5,0.0,0.0,0.0,0.0,0.0,24.0,24.0,7.7,0.15
12,5,6,0.0,0.0,0.0,0.0,0.0,24.0,24.0,8.0,0.15
12,5,7,54.21,98.0,43.0,42445.452,36977.878,24.0,24.558,8.2,0.15
12,5,8,224.289,360.0,110.0,207831.395,196503.54,25.0,27.353,8.4,0.15
12,5,9,364.3,339.0,198.0,354115.685,337604.396,25.0,28.934,8.2,0.15
12,5,10,631.151,836.0,112.0,615469.563,589697.467,25.0,31.954,8.0,0.15
12,5,11,593.898,430.0,293.0,569892.518,545735.398,25.0,31.635,7.8,0.15
12,5,12,630.964,492.0,276.0,602429.765,577119.721,26.0,33.184,7.6,0.15
12,5,13,516.491,287.0,320.0,492399.579,470988.342,26.0,31.987,7.4,0.15
12,5,14,475.346,396.0,241.0,460252.945,439980.79,25.0,30.473,7.5,0.15
12,5,15,226.145,76.0,192.0,216231.325,204605.827,25.0,27.551,7.7,0.15
12,5,16,169.363,271.0,97.0,152617.205,143245.809,25.0,26.866,7.8,0.15
12,5,17,21.938,27.0,21.0,11488.44,7117.796,24.0,24.202,7.8,0.15
12,5,18,0.0,0.0,0.0,0.0,0.0,24.0,24.0,7.6,0.15
12,5,19,0.0,0.0,0.0,0.0,0.0,24.0,24.0,7.5,0.15
12,5,20,0.0,0.0,0.0,0.0,0.0,24.0,24.0,7.3,0.15
12,5,21,0.0,0.0,0.0,0.0,0.0,24.0,24.0,7.1,0.15
12,5,22,0.0,0.0,0.0,0.0,0.0,24.0,24.0,6.8,0.15
12,5,23,0.0,0.0,0.0,0.0,0.0,24.0,24.0,6.5,0.15
12,6,0,0.0,0.0,0.0,0.0,0.0,24.0,24.0,6.1,0.15
12,6,1,0.0,0.0,0.0,0.0,0.0,24.0,24.0,5.9,0.15
12,6,2,0.0,0.0,0.0,0.0,0.0,24.0,24.0,5.6,0.15
12,6,3,0.0,0.0,0.0,0.0,0.0,24.0,24.0,5.6,0.15
12,6,4,0.0,0.0,0.0,0.0,0.0,24.0,24.0,5.6,0.15
12,6,5,0.0,0.0,0.0,0.0,0.0,24.0,24.0,6.0,0.15
12,6,6,0.0,0.0,0.0,0.0,0.0,24.0,24.0,6.4,0.15
12,6,7,67.867,222.0,43.0,48946.843,43248.9,24.0,24.752,7.1,0.15
12,6,8,270.665,602.0,81.0,247803.087,235058.876,25.0,27.986,7.8,0.15
12,6,9,344.809,272.0,212.0,334207.701,318401.831,25.0,28.755,8.1,0.15
12,6,10,398.599,169.0,294.0,382375.859,364863.2,25.0,29.328,8.1,0.15
12,6,11,350.09,56.0,311.0,331688.521,315971.915,25.0,28.895,7.8,0.15
12,6,12,747.0,879.0,114.0,719662.445,690198.38,25.0,33.611,7.5,0.15
12,6,13,702.443,865.0,111.0,679211.037,651180.327,25.0,33.261,7.3,0.15
12,6,14,592.826,830.0,102.0,579169.196,554683.366,25.0,31.983,7.3,0.15
12,6,15,311.804,280.0,186.0,300834.333,286211.014,25.0,28.659,7.3,0.15
12,6,16,221.636,567.0,70.0,194357.994,183507.555,25.0,27.536,7.3,0.15
12,6,17,29.315,133.0,23.0,13346.814,8910.321,24.0,24.256,7.4,0.15
12,6,18,0.0,0.0,0.0,0.0,0.0,24.0,24.0,7.5,0.15
12,6,19,0.0,0.0,0.0,0.0,0.0,24.0,24.0,7.7,0.15
12,6,20,0.0,0.0,0.0,0.0,0.0,24.0,24.0,7.9,0.15
12,6,21,0.0,0.0,0.0,0.0,0.0,24.0,24.0,8.0,0.15
12,6,22,0.0,0.0,0.0,0.0,0.0,24.0,24.0,8.0,0.15
12,6,23,0.0,0.0,0.0,0.0,0.0,24.0,24.0,7.9,0.15
12,7,0,0.0,0.0,0.0,0.0,0.0,24.0,24.0,7.9,0.15
12,7,1,0.0,0.0,0.0,0.0,0.0,24.0,24.0,7.9,0.15
12,7,2,0.0,0.0,0.0,0.0,0.0,24.0,24.0,8.1,0.15
12,7,3,0.0,0.0,0.0,0.0,0.0,24.0,24.0,8.3,0.15
12,7,4,0.0,0.0,0.0,0.0,0.0,24.0,24.0,8.4,0.15
12,7,5,0.0,0.0,0.0,0.0,0.0,24.0,24.0,8.4,0.15
12,7,6,0.0,0.0,0.0,0.0,0.0,24.0,24.0,8.5,0.15
12,7,7,31.0,0.0,31.0,25929.504,21047.156,24.0,24.311,8.8,0.15
12,7,8,213.937,326.0,112.0,198943.046,187930.14,24.0,26.132,9.0,0.15
12,7,9,344.172,274.0,211.0,335257.74,319414.663,24.0,27.466,9.0,0.15
12,7,10,623.906,833.0,110.0,609997.896,584419.683,25.0,31.352,8.9,0.15
12,7,11,468.524,186.0,339.0,447816.904,427985.408,25.0,29.777,8.8,0.15
12,7,12,556.979,306.0,337.0,533360.57,510497.922,25.0,30.636,8.9,0.15
12,7,13,701.142,848.0,122.0,680893.753,652803.417,25.0,32.012,9.1,0.15
12,7,14,592.82,822.0,107.0,581576.451,557005.323,25.0,30.841,9.3,0.15
12,7,15,427.708,747.0,92.0,417261.644,398512.842,25.0,29.171,9.4,0.15
12,7,16,224.55,588.0,67.0,197765.75,186794.561,24.0,26.131,9.4,0.15
12,7,17,30.802,155.0,23.0,13685.364,9236.874,24.0,24.223,9.3,0.15
12,7,18,0.0,0.0,0.0,0.0,0.0,24.0,24.0,9.4,0.15
12,7,19,0.0,0.0,0.0,0.0,0.0,24.0,24.0,9.5,0.15
12,7,20,0.0,0.0,0.0,0.0,0.0,24.0,24.0,9.5,0.15
12,7,21,0.0,0.0,0.0,0.0,0.0,24.0,24.0,9.4,0.15
12,7,22,0.0,0.0,0.0,0.0,0.0,24.0,24.0,9.1,0.15
12,7,23,0.0,0.0,0.0,0.0,0.0,24.0,24.0,8.7,0.15
12,8,0,0.0,0.0,0.0,0.0,0.0,24.0,24.0,8.3,0.15
12,8,1,0.0,0.0,0.0,0.0,0.0,24.0,24.0,8.1,0.15
12,8,2,0.0,0.0,0.0,0.0,0.0,24.0,24.0,7.9,0.15
12,8,3,0.0,0.0,0.0,0.0,0.0,24.0,24.0,7.9,0.15
12,8,4,0.0,0.0,0.0,0.0,0.0,24.0,24.0,8.1,0.15
12,8,5,0.0,0.0,0.0,0.0,0.0,24.0,24.0,8.4,0.15
12,8,6,0.0,0.0,0.0,0.0,0.0,24.0,24.0,8.6,0.15
12,8,7,65.011,233.0,40.0,45562.891,39984.854,24.0,24.61,8.8,0.15
12,8,8,267.804,618.0,76.0,245340.425,232683.476,24.0,26.61,9.2,0.15
12,8,9,464.655,764.0,95.0,458531.651,438320.489,24.0,28.578,9.3,0.15
12,8,10,391.631,162.0,292.0,377755.496,360406.554,24.0,27.835,9.3,0.15
12,8,11,525.708,286.0,327.0,504449.258,482611.053,25.0,30.189,9.2,0.15
12,8,12,525.995,248.0,348.0,503223.595,481428.82,25.0,30.188,9.2,0.15
12,8,13,306.196,34.0,283.0,290009.159,275769.419,25.0,28.039,9.1,0.15
12,8,14,358.528,138.0,277.0,344414.587,328247.046,25.0,28.57,9.1,0.15
12,8,15,80.0,0.0,80.0,74169.521,67577.837,24.0,24.79,9.2,0.15
12,8,16,126.408,76.0,106.0,117443.85,109318.785,24.0,25.244,9.2,0.15
12,8,17,17.0,0.0,17.0,9254.648,4963.156,24.0,24.145,9.0,0.15
12,8,18,0.0,0.0,0.0,0.0,0.0,24.0,24.0,8.8,0.15
12,8,19,0.0,0.0,0.0,0.0,0.0,24.0,24.0,8.8,0.15
12,8,20,0.0,0.0,0.0,0.0,0.0,24.0,24.0,8.8,0.15
12,8,21,0.0,0.0,0.0,0.0,0.0,24.0,24.0,8.9,0.15
12,8,22,0.0,0.0,0.0,0.0,0.0,24.0,24.0,9.0,0.15
12,8,23,0.0,0.0,0.0,0.0,0.0,24.0,24.0,8.9,0.15
12,9,0,0.0,0.0,0.0,0.0,0.0,24.0,24.0,8.8,0.15
12,9,1,0.0,0.0,0.0,0.0,0.0,23.0,23.0,8.7,0.15
12,9,2,0.0,0.0,0.0,0.0,0.0,23.0,23.0,8.4,0.15
12,9,3,0.0,0.0,0.0,0.0,0.0,23.0,23.0,8.1,0.15
12,9,4,0.0,0.0,0.0,0.0,0.0,23.0,23.0,8.0,0.15
12,9,5,0.0,0.0,0.0,0.0,0.0,23.0,23.0,8.1,0.15
12,9,6,0.0,0.0,0.0,0.0,0.0,23.0,23.0,8.3,0.15
12,9,7,33.0,0.0,33.0,27397.27,22462.914,24.0,24.333,8.7,0.15
12,9,8,179.686,184.0,123.0,168118.58,158197.908,24.0,25.796,9.0,0.15
12,9,9,334.58,269.0,205.0,325778.152,310270.974,24.0,27.341,9.1,0.15
12,9,10,476.307,343.0,266.0,462702.54,442343.587,24.0,28.751,9.1,0.15
12,9,11,544.089,329.0,316.0,522590.029,500109.024,25.0,30.463,9.0,0.15
12,9,12,595.94,399.0,310.0,571886.496,547658.721,25.0,31.087,8.8,0.15
12,9,13,701.064,851.0,121.0,680441.341,652367.037,25.0,32.19,8.8,0.15
12,9,14,589.87,804.0,115.0,580128.694,555608.866,24.0,30.059,8.8,0.15
12,9,15,423.232,714.0,102.0,414045.649,395410.802,24.0,28.338,8.8,0.15
12,9,16,220.757,534.0,77.0,195798.533,184897.05,24.0,26.226,8.7,0.15
12,9,17,30.339,104.0,25.0,14552.418,10073.206,24.0,24.245,8.6,0.15
12,9,18,0.0,0.0,0.0,0.0,0.0,24.0,24.0,8.5,0.15
12,9,19,0.0,0.0,0.0,0.0,0.0,24.0,24.0,8.6,0.15
12,9,20,0.0,0.0,0.0,0.0,0.0,24.0,24.0,8.6,0.15
12,9,21,0.0,0.0,0.0,0.0,0.0,24.0,24.0,8.5,0.15
12,9,22,0.0,0.0,0.0,0.0,0.0,24.0,24.0,8.4,0.15
12,9,23,0.0,0.0,0.0,0.0,0.0,24.0,24.0,8.3,0.15
12,10,0,0.0,0.0,0.0,0.0,0.0,24.0,24.0,8.3,0.15
12,10,1,0.0,0.0,0.0,0.0,0.0,24.0,24.0,8.2,0.15
12,10,2,0.0,0.0,0.0,0.0,0.0,24.0,24.0,8.2,0.15
12,10,3,0.0,0.0,0.0,0.0,0.0,24.0,24.0,8.4,0.15
12,10,4,0.0,0.0,0.0,0.0,0.0,24.0,24.0,8.6,0.15
12,10,5,0.0,0.0,0.0,0.0,0.0,24.0,24.0,8.7,0.15
12,10,6,0.0,0.0,0.0,0.0,0.0,24.0,24.0,8.8,0.15
12,10,7,62.512,219.0,40.0,43550.416,38043.689,24.0,24.575,9.0,0.15
12,10,8,262.831,588.0,83.0,240567.436,228079.613,24.0,26.52,9.4,0.15
12,10,9,178.276,11.0,173.0,169727.337,159749.66,24.0,25.705,9.6,0.15
12,10,10,446.731,276.0,278.0,433294.31,413977.408,24.0,28.31,9.5,0.15
12,10,11,484.057,214.0,336.0,465363.071,444909.844,24.0,28.775,9.2,0.15
12,10,12,745.468,867.0,125.0,723868.646,694255.54,24.0,31.514,9.0,0.15
12,10,13,390.748,98.0,324.0,373788.888,356580.499,24.0,27.948,8.9,0.15
12,10,14,593.322,815.0,112.0,583599.835,558957.01,24.0,30.095,8.8,0.15
12,10,15,427.162,731.0,98.0,417948.182,399175.053,24.0,28.417,8.7,0.15
12,10,16,223.674,547.0,76.0,198341.847,187350.244,24.0,26.275,8.6,0.15
12,10,17,31.757,109.0,26.0,15240.829,10737.223,24.0,24.259,8.5,0.15
12,10,18,0.0,0.0,0.0,0.0,0.0,24.0,24.0,8.5,0.15
12,10,19,0.0,0.0,0.0,0.0,0.0,24.0,24.0,8.6,0.15
12,10,20,0.0,0.0,0.0,0.0,0.0,24.0,24.0,8.6,0.15
12,10,21,0.0,0.0,0.0,0.0,0.0,24.0,24.0,8.7,0.15
12,10,22,0.0,0.0,0.0,0.0,0.0,24.0,24.0,8.7,0.15
12,10,23,0.0,0.0,0.0,0.0,0.0,24.0,24.0,8.6,0.15
12,11,0,0.0,0.0,0.0,0.0,0.0,24.0,24.0,8.4,0.15
12,11,1,0.0,0.0,0.0,0.0,0.0,24.0,24.0,8.2,0.15
12,11,2,0.0,0.0,0.0,0.0,0.0,24.0,24.0,8.1,0.15
12,11,3,0.0,0.0,0.0,0.0,0.0,23.0,23.0,8.0,0.15
12,11,4,0.0,0.0,0.0,0.0,0.0,23.0,23.0,8.0,0.15
12,11,5,0.0,0.0,0.0,0.0,0.0,23.0,23.0,8.1,0.15
12,11,6,0.0,0.0,0.0,0.0,0.0,23.0,23.0,8.3,0.15
12,11,7,64.071,299.0,34.0,41240.974,35816.079,24.0,24.586,8.7,0.15
12,11,8,269.01,662.0,68.0,244529.188,231900.984,24.0,26.638,9.1,0.15
12,11,9,468.01,804.0,84.0,461578.18,441259.067,24.0,28.611,9.3,0.15
12,11,10,352.058,110.0,285.0,338654.144,322690.719,24.0,27.418,9.4,0.15
12,11,11,385.384,86.0,326.0,366898.697,349934.455,25.0,28.765,9.3,0.15
12,11,12,538.269,276.0,341.0,515587.407,493354.533,25.0,30.268,9.3,0.15
12,11,13,358.966,69.0,312.0,341515.282,325450.475,25.0,28.478,9.4,0.15
12,11,14,600.205,852.0,97.0,591623.976,566696.823,24.0,29.82,9.5,0.15
12,11,15,435.244,777.0,85.0,426678.92,407596.427,24.0,28.178,9.6,0.15
12,11,16,50.0,0.0,50.0,45705.514,40122.423,24.0,24.483,9.5,0.15
12,11,17,34.519,170.0,25.0,15372.885,10864.6,24.0,24.248,9.4,0.15
12,11,18,0.0,0.0,0.0,0.0,0.0,24.0,24.0,9.3,0.15
12,11,19,0.0,0.0,0.0,0.0,0.0,24.0,24.0,9.2,0.15
12,11,20,0.0,0.0,0.0,0.0,0.0,24.0,24.0,9.2,0.15
12,11,21,0.0,0.0,0.0,0.0,0.0,24.0,24.0,9.1,0.15
12,11,22,0.0,0.0,0.0,0.0,0.0,24.0,24.0,8.9,0.15
12,11,23,0.0,0.0,0.0,0.0,0.0,24.0,24.0,8.6,0.15
12,12,0,0.0,0.0,0.0,0.0,0.0,24.0,24.0,8.4,0.15
12,12,1,0.0,0.0,0.0,0.0,0.0,24.0,24.0,8.5,0.15
12,12,2,0.0,0.0,0.0,0.0,0.0,24.0,24.0,8.7,0.15
12,12,3,0.0,0.0,0.0,0.0,0.0,24.0,24.0,8.9,0.15
12,12,4,0.0,0.0,0.0,0.0,0.0,24.0,24.0,9.1,0.15
12,12,5,0.0,0.0,0.0,0.0,0.0,24.0,24.0,9.2,0.15
12,12,6,0.0,0.0,0.0,0.0,0.0,24.0,24.0,9.3,0.15
12,12,7,60.417,238.0,37.0,40420.974,35025.136,24.0,24.522,9.6,0.15
12,12,8,181.917,212.0,118.0,169438.455,159471.014,24.0,25.702,9.8,0.15
12,12,9,467.732,792.0,91.0,461329.061,441018.776,24.0,28.392,9.9,0.15
12,12,10,626.424,856.0,106.0,616514.739,590705.608,24.0,29.883,9.9,0.15
12,12,11,726.187,894.0,110.0,706159.167,677173.577,25.0,31.758,10.0,0.15
12,12,12,752.969,888.0,119.0,730078.712,700245.558,25.0,32.004,10.0,0.15
12,12,13,560.771,398.0,290.0,540990.214,517857.217,25.0,30.241,9.9,0.15
12,12,14,595.142,806.0,119.0,586299.888,561561.39,24.0,29.589,9.9,0.15
12,12,15,277.434,176.0,198.0,268552.305,255072.866,24.0,26.595,9.9,0.15
12,12,16,112.511,35.0,103.0,105194.055,97503.049,24.0,25.058,9.8,0.15
12,12,17,31.111,65.0,28.0,15881.352,11355.05,24.0,24.238,9.7,0.15
12,12,18,0.0,0.0,0.0,0.0,0.0,24.0,24.0,9.8,0.15
12,12,19,0.0,0.0,0.0,0.0,0.0,24.0,24.0,10.0,0.15
12,12,20,0.0,0.0,0.0,0.0,0.0,24.0,24.0,10.2,0.15
12,12,21,0.0,0.0,0.0,0.0,0.0,23.0,23.0,10.1,0.15
12,12,22,0.0,0.0,0.0,0.0,0.0,23.0,23.0,10.1,0.15
12,12,23,0.0,0.0,0.0,0.0,0.0,23.0,23.0,10.2,0.15
12,13,0,0.0,0.0,0.0,0.0,0.0,23.0,23.0,10.3,0.15
12,13,1,0.0,0.0,0.0,0.0,0.0,23.0,23.0,10.4,0.15
12,13,2,0.0,0.0,0.0,0.0,0.0,23.0,23.0,10.4,0.15
12,13,3,0.0,0.0,0.0,0.0,0.0,23.0,23.0,10.4,0.15
12,13,4,0.0,0.0,0.0,0.0,0.0,23.0,23.0,10.5,0.15
12,13,5,0.0,0.0,0.0,0.0,0.0,24.0,24.0,10.8,0.15
12,13,6,0.0,0.0,0.0,0.0,0.0,24.0,24.0,11.1,0.15
12,13,7,30.0,0.0,30.0,24088.697,19271.576,24.0,24.241,11.6,0.15
12,13,8,155.731,116.0,121.0,146054.425,136915.573,24.0,25.246,12.0,0.15
12,13,9,78.0,0.0,78.0,72164.32,65643.689,24.0,24.618,12.2,0.15
12,13,10,38.0,0.0,38.0,33733.588,28574.71,24.0,24.302,12.1,0.15
12,13,11,296.954,29.0,277.0,282627.561,268649.38,24.0,26.423,11.7,0.15
12,13,12,168.0,0.0,168.0,156966.962,147441.436,24.0,25.408,11.3,0.15
12,13,13,420.451,133.0,330.0,404029.062,385749.144,24.0,27.609,11.0,0.15
12,13,14,305.368,70.0,264.0,293337.486,278979.81,24.0,26.682,10.7,0.15
12,13,15,278.905,179.0,198.0,270091.142,256557.177,24.0,26.549,10.2,0.15
12,13,16,56.0,0.0,56.0,51449.496,45662.874,24.0,24.532,9.7,0.15
12,13,17,8.0,0.0,8.0,4184.447,72.613,24.0,24.066,9.3,0.15
12,13,18,0.0,0.0,0.0,0.0,0.0,24.0,24.0,9.4,0.15
12,13,19,0.0,0.0,0.0,0.0,0.0,24.0,24.0,9.4,0.15
12,13,20,0.0,0.0,0.0,0.0,0.0,24.0,24.0,9.3,0.15
12,13,21,0.0,0.0,0.0,0.0,0.0,24.0,24.0,9.1,0.15
12,13,22,0.0,0.0,0.0,0.0,0.0,24.0,24.0,9.0,0.15
12,13,23,0.0,0.0,0.0,0.0,0.0,24.0,24.0,8.7,0.15
12,14,0,0.0,0.0,0.0,0.0,0.0,24.0,24.0,8.4,0.15
12,14,1,0.0,0.0,0.0,0.0,0.0,24.0,24.0,8.2,0.15
12,14,2,0.0,0.0,0.0,0.0,0.0,24.0,24.0,8.1,0.15
12,14,3,0.0,0.0,0.0,0.0,0.0,24.0,24.0,8.0,0.15
12,14,4,0.0,0.0,0.0,0.0,0.0,24.0,24.0,8.0,0.15
12,14,5,0.0,0.0,0.0,0.0,0.0,24.0,24.0,8.4,0.15
12,14,6,0.0,0.0,0.0,0.0,0.0,24.0,24.0,9.0,0.15
12,14,7,1.0,0.0,1.0,0.0,0.0,24.0,24.01,9.0,0.15
12,14,8,114.758,16.0,110.0,108116.913,100322.338,24.0,25.154,9.0,0.15
12,14,9,291.121,174.0,209.0,280935.919,267017.68,25.0,27.881,9.2,0.15
12,14,10,332.441,90.0,278.0,317970.363,302739.846,25.0,28.335,9.0,0.15
12,14,11,386.828,90.0,325.0,368066.6,351060.974,25.0,29.044,8.5,0.15
12,14,12,343.065,45.0,311.0,324568.921,309104.591,25.0,28.712,8.1,0.15
12,14,13,220.439,8.0,215.0,206826.904,195534.642,25.0,27.474,7.7,0.15
12,14,14,157.0,0.0,157.0,147340.586,138156.161,24.0,25.834,7.3,0.15
12,14,15,101.0,0.0,101.0,94360.373,87053.247,24.0,25.244,6.8,0.15
12,14,16,37.0,0.0,37.0,33355.121,28209.654,24.0,24.476,6.4,0.15
12,14,17,5.0,0.0,5.0,2547.978,0.0,24.0,24.056,6.2,0.15
12,14,18,0.0,0.0,0.0,0.0,0.0,24.0,24.0,6.2,0.15
12,14,19,0.0,0.0,0.0,0.0,0.0,24.0,24.0,6.3,0.15
12,14,20,0.0,0.0,0.0,0.0,0.0,24.0,24.0,6.2,0.15
12,14,21,0.0,0.0,0.0,0.0,0.0,24.0,24.0,6.1,0.15
12,14,22,0.0,0.0,0.0,0.0,0.0,24.0,24.0,6.0,0.15
12,14,23,0.0,0.0,0.0,0.0,0.0,24.0,24.0,5.8,0.15
12,15,0,0.0,0.0,0.0,0.0,0.0,24.0,24.0,5.8,0.15
12,15,1,0.0,0.0,0.0,0.0,0.0,24.0,24.0,5.9,0.15
12,15,2,0.0,0.0,0.0,0.0,0.0,24.0,24.0,6.0,0.15
12,15,3,0.0,0.0,0.0,0.0,0.0,24.0,24.0,6.1,0.15
12,15,4,0.0,0.0,0.0,0.0,0.0,24.0,24.0,6.1,0.15
12,15,5,0.0,0.0,0.0,0.0,0.0,24.0,24.0,6.1,0.15
12,15,6,0.0,0.0,0.0,0.0,0.0,24.0,24.0,6.4,0.15
12,15,7,3.0,0.0,3.0,2090.545,0.0,24.0,24.036,6.7,0.15
12,15,8,17.0,0.0,17.0,14778.916,10291.677,24.0,24.205,7.0,0.15
12,15,9,86.0,0.0,86.0,79782.745,72992.163,24.0,25.017,7.2,0.15
12,15,10,215.035,10.0,209.0,203497.873,192323.572,24.0,26.537,7.2,0.15
12,15,11,155.0,0.0,155.0,144377.858,135298.414,24.0,25.881,6.9,0.15
12,15,12,173.712,1.0,173.0,162012.535,152308.224,24.0,26.196,6.5,0.15
12,15,13,340.392,55.0,303.0,323161.127,307746.681,24.0,28.501,6.1,0.15
12,15,14,376.22,166.0,278.0,359881.25,343165.664,25.0,30.222,5.7,0.15
12,15,15,145.0,0.0,145.0,136378.315,127582.326,25.0,27.061,5.5,0.15
12,15,16,146.128,135.0,109.0,134808.833,126068.458,24.0,26.063,5.5,0.15
12,15,17,22.907,0.0,23.0,12736.332,8321.47,24.0,24.277,5.5,0.15
12,15,18,0.0,0.0,0.0,0.0,0.0,24.0,24.0,5.6,0.15
12,15,19,0.0,0.0,0.0,0.0,0.0,24.0,24.0,5.7,0.15
12,15,20,0.0,0.0,0.0,0.0,0.0,24.0,24.0,5.9,0.15
12,15,21,0.0,0.0,0.0,0.0,0.0,24.0,24.0,6.0,0.15
12,15,22,0.0,0.0,0.0,0.0,0.0,24.0,24.0,6.0,0.15
12,15,23,0.0,0.0,0.0,0.0,0.0,24.0,24.0,5.8,0.15
12,16,0,0.0,0.0,0.0,0.0,0.0,24.0,24.0,5.8,0.15
12,16,1,0.0,0.0,0.0,0.0,0.0,23.0,23.0,5.9,0.15
12,16,2,0.0,0.0,0.0,0.0,0.0,23.0,23.0,6.0,0.15
12,16,3,0.0,0.0,0.0,0.0,0.0,23.0,23.0,6.1,0.15
12,16,4,0.0,0.0,0.0,0.0,0.0,23.0,23.0,6.5,0.15
12,16,5,0.0,0.0,0.0,0.0,0.0,23.0,23.0,7.0,0.15
12,16,6,0.0,0.0,0.0,0.0,0.0,24.0,24.0,7.4,0.15
12,16,7,52.256,236.0,31.0,32372.648,27261.994,24.0,24.502,8.0,0.15
12,16,8,247.873,630.0,63.0,222928.56,211065.752,24.0,26.529,8.6,0.15
12,16,9,241.419,82.0,203.0,232318.191,220122.671,24.0,26.468,8.8,0.15
12,16,10,599.403,846.0,90.0,589813.373,564950.377,24.0,30.158,8.8,0.15
12,16,11,696.672,871.0,100.0,679148.532,651120.037,24.0,31.271,8.6,0.15
12,16,12,413.445,99.0,343.0,392897.579,375012.093,25.0,29.397,8.3,0.15
12,16,13,693.945,878.0,97.0,673413.859,645588.566,25.0,32.571,8.1,0.15
12,16,14,590.212,843.0,91.0,578006.844,553562.201,25.0,31.508,8.0,0.15
12,16,15,430.029,768.0,81.0,421009.506,402127.902,24.0,28.733,8.0,0.15
12,16,16,231.804,611.0,63.0,205114.525,193882.939,24.0,26.485,8.0,0.15
12,16,17,37.958,197.0,25.0,17403.37,12823.137,24.0,24.313,8.0,0.15
12,16,18,0.0,0.0,0.0,0.0,0.0,24.0,24.0,8.1,0.15
12,16,19,0.0,0.0,0.0,0.0,0.0,24.0,24.0,8.4,0.15
12,16,20,0.0,0.0,0.0,0.0,0.0,24.0,24.0,8.5,0.15
12,16,21,0.0,0.0,0.0,0.0,0.0,24.0,24.0,8.6,0.15
12,16,22,0.0,0.0,0.0,0.0,0.0,23.0,23.0,8.6,0.15
12,16,23,0.0,0.0,0.0,0.0,0.0,23.0,23.0,8.3,0.15
12,17,0,0.0,0.0,0.0,0.0,0.0,23.0,23.0,8.1,0.15
12,17,1,0.0,0.0,0.0,0.0,0.0,23.0,23.0,7.9,0.15
12,17,2,0.0,0.0,0.0,0.0,0.0,23.0,23.0,7.8,0.15
12,17,3,0.0,0.0,0.0,0.0,0.0,23.0,23.0,7.8,0.15
12,17,4,0.0,0.0,0.0,0.0,0.0,23.0,23.0,7.8,0.15
12,17,5,0.0,0.0,0.0,0.0,0.0,23.0,23.0,8.0,0.15
12,17,6,0.0,0.0,0.0,0.0,0.0,24.0,24.0,8.3,0.15
12,17,7,51.647,223.0,32.0,32013.965,26916.02,24.0,24.463,8.8,0.15
12,17,8,95.0,0.0,95.0,89216.638,82091.775,24.0,24.94,9.2,0.15
12,17,9,309.388,230.0,202.0,300422.239,285813.522,24.0,27.062,9.2,0.15
12,17,10,607.944,857.0,93.0,598179.595,573020.151,24.0,30.193,8.9,0.15
12,17,11,520.841,295.0,319.0,501773.263,480029.879,24.0,29.41,8.6,0.15
12,17,12,739.838,887.0,109.0,718015.57,688609.861,24.0,31.923,8.3,0.15
12,17,13,498.444,258.0,323.0,479420.01,458468.69,24.0,29.411,8.1,0.15
12,17,14,270.711,40.0,247.0,258379.324,245260.354,24.0,26.962,8.0,0.15
12,17,15,290.003,202.0,198.0,280620.592,266713.526,24.0,27.184,8.0,0.15
12,17,16,127.322,66.0,109.0,118756.321,110584.75,24.0,25.405,7.9,0.15
12,17,17,39.473,199.0,26.0,19021.925,14384.34,24.0,24.341,7.8,0.15
12,17,18,0.0,0.0,0.0,0.0,0.0,24.0,24.0,7.9,0.15
12,17,19,0.0,0.0,0.0,0.0,0.0,24.0,24.0,8.0,0.15
12,17,20,0.0,0.0,0.0,0.0,0.0,23.0,23.0,8.1,0.15
12,17,21,0.0,0.0,0.0,0.0,0.0,23.0,23.0,8.2,0.15
12,17,22,0.0,0.0,0.0,0.0,0.0,23.0,23.0,8.2,0.15
12,17,23,0.0,0.0,0.0,0.0,0.0,23.0,23.0,8.1,0.15
12,18,0,0.0,0.0,0.0,0.0,0.0,23.0,23.0,8.0,0.15
12,18,1,0.0,0.0,0.0,0.0,0.0,23.0,23.0,7.9,0.15
12,18,2,0.0,0.0,0.0,0.0,0.0,23.0,23.0,7.7,0.15
12,18,3,0.0,0.0,0.0,0.0,0.0,23.0,23.0,7.6,0.15
12,18,4,0.0,0.0,0.0,0.0,0.0,23.0,23.0,7.5,0.15
12,18,5,0.0,0.0,0.0,0.0,0.0,23.0,23.0,7.6,0.15
12,18,6,0.0,0.0,0.0,0.0,0.0,23.0,23.0,7.9,0.15
12,18,7,51.987,256.0,30.0,30780.904,25726.652,23.0,23.467,8.5,0.15
12,18,8,120.273,32.0,111.0,113521.498,105535.418,23.0,24.208,9.0,0.15
12,18,9,89.0,0.0,89.0,82764.606,75868.365,24.0,24.879,9.2,0.15
12,18,10,614.125,879.0,87.0,604805.96,579411.718,24.0,30.102,9.2,0.15
12,18,11,303.554,33.0,281.0,288487.376,274301.559,24.0,27.09,8.8,0.15
12,18,12,563.452,334.0,326.0,542079.007,518907.43,24.0,29.852,8.6,0.15
12,18,13,709.846,898.0,99.0,691589.391,663120.066,24.0,31.54,8.4,0.15
12,18,14,357.929,133.0,279.0,344691.273,328513.928,24.0,27.817,8.3,0.14
12,18,15,444.235,800.0,79.0,435428.171,416035.657,24.0,28.76,8.3,0.14
12,18,16,241.284,639.0,63.0,214058.33,202509.829,24.0,26.518,8.3,0.14
12,18,17,42.553,221.0,27.0,21121.813,16409.82,24.0,24.357,8.3,0.14
12,18,18,0.0,0.0,0.0,0.0,0.0,24.0,24.0,8.4,0.14
12,18,19,0.0,0.0,0.0,0.0,0.0,23.0,23.0,8.6,0.14
12,18,20,0.0,0.0,0.0,0.0,0.0,23.0,23.0,8.7,0.14
12,18,21,0.0,0.0,0.0,0.0,0.0,23.0,23.0,8.8,0.14
12,18,22,0.0,0.0,0.0,0.0,0.0,23.0,23.0,8.7,0.14
12,18,23,0.0,0.0,0.0,0.0,0.0,23.0,23.0,8.5,0.14
12,19,0,0.0,0.0,0.0,0.0,0.0,23.0,23.0,8.3,0.14
12,19,1,0.0,0.0,0.0,0.0,0.0,23.0,23.0,8.2,0.14
12,19,2,0.0,0.0,0.0,0.0,0.0,23.0,23.0,8.2,0.14
12,19,3,0.0,0.0,0.0,0.0,0.0,23.0,23.0,8.1,0.14
12,19,4,0.0,0.0,0.0,0.0,0.0,23.0,23.0,8.0,0.14
12,19,5,0.0,0.0,0.0,0.0,0.0,23.0,23.0,7.9,0.14
12,19,6,0.0,0.0,0.0,0.0,0.0,23.0,23.0,8.0,0.14
12,19,7,48.721,213.0,31.0,29332.787,24329.848,23.0,23.446,8.4,0.14
12,19,8,247.614,634.0,65.0,221852.619,210027.937,24.0,26.46,8.9,0.14
12,19,9,446.691,784.0,83.0,439078.23,419556.38,24.0,28.47,9.1,0.14
12,19,10,606.195,854.0,95.0,596625.616,571521.236,24.0,30.124,9.0,0.14
12,19,11,710.838,899.0,97.0,693004.087,664484.635,24.0,31.356,8.7,0.14
12,19,12,394.282,82.0,336.0,375799.423,358519.793,24.0,28.193,8.3,0.14
12,19,13,707.233,882.0,107.0,688082.423,659737.365,24.0,31.786,8.0,0.14
12,19,14,604.676,851.0,99.0,593623.582,568625.576,24.0,30.791,7.8,0.14
12,19,15,228.497,71.0,196.0,219383.128,207645.949,24.0,26.553,7.8,0.14
12,19,16,83.0,0.0,83.0,77476.166,70767.315,24.0,24.946,7.6,0.14
12,19,17,43.741,218.0,28.0,22812.474,18040.575,23.0,23.413,7.3,0.14
12,19,18,0.0,0.0,0.0,0.0,0.0,23.0,23.0,7.2,0.14
12,19,19,0.0,0.0,0.0,0.0,0.0,23.0,23.0,7.1,0.14
12,19,20,0.0,0.0,0.0,0.0,0.0,23.0,23.0,6.9,0.14
12,19,21,0.0,0.0,0.0,0.0,0.0,23.0,23.0,6.9,0.14
12,19,22,0.0,0.0,0.0,0.0,0.0,23.0,23.0,6.7,0.14
12,19,23,0.0,0.0,0.0,0.0,0.0,23.0,23.0,6.4,0.14
12,20,0,0.0,0.0,0.0,0.0,0.0,23.0,23.0,6.1,0.14
12,20,1,0.0,0.0,0.0,0.0,0.0,23.0,23.0,6.0,0.14
12,20,2,0.0,0.0,0.0,0.0,0.0,23.0,23.0,6.0,0.14
12,20,3,0.0,0.0,0.0,0.0,0.0,23.0,23.0,6.1,0.14
12,20,4,0.0,0.0,0.0,0.0,0.0,23.0,23.0,6.4,0.14
12,20,5,0.0,0.0,0.0,0.0,0.0,23.0,23.0,6.7,0.14
12,20,6,0.0,0.0,0.0,0.0,0.0,23.0,23.0,6.9,0.14
12,20,7,48.264,226.0,30.0,28026.497,23069.844,23.0,23.476,7.4,0.14
12,20,8,253.005,674.0,60.0,225601.789,213644.258,24.0,26.742,7.9,0.14
12,20,9,224.675,62.0,196.0,215591.288,203988.469,24.0,26.465,8.0,0.14
12,20,10,301.05,62.0,264.0,288029.317,273859.731,24.0,27.357,7.8,0.14
12,20,11,388.13,94.0,324.0,370271.013,353187.276,24.0,28.533,7.3,0.14
12,20,12,297.767,25.0,280.0,281573.528,267632.696,24.0,27.613,6.9,0.14
12,20,13,236.49,11.0,229.0,222899.123,211037.358,24.0,26.961,6.6,0.14
12,20,14,323.771,87.0,272.0,309872.685,294929.102,24.0,28.153,6.4,0.14
12,20,15,201.981,37.0,185.0,192814.436,182018.691,24.0,26.681,6.1,0.14
12,20,16,110.358,19.0,105.0,103464.942,95835.205,24.0,25.498,5.9,0.14
12,20,17,45.984,253.0,27.0,23806.697,18999.569,24.0,24.52,5.6,0.14
12,20,18,0.0,0.0,0.0,0.0,0.0,24.0,24.0,5.6,0.14
12,20,19,0.0,0.0,0.0,0.0,0.0,23.0,23.0,5.8,0.14
12,20,20,0.0,0.0,0.0,0.0,0.0,23.0,23.0,5.9,0.14
12,20,21,0.0,0.0,0.0,0.0,0.0,23.0,23.0,5.8,0.14
12,20,22,0.0,0.0,0.0,0.0,0.0,23.0,23.0,5.8,0.14
12,20,23,0.0,0.0,0.0,0.0,0.0,23.0,23.0,5.7,0.14
12,21,0,0.0,0.0,0.0,0.0,0.0,23.0,23.0,5.7,0.14
12,21,1,0.0,0.0,0.0,0.0,0.0,23.0,23.0,5.8,0.14
12,21,2,0.0,0.0,0.0,0.0,0.0,23.0,23.0,5.9,0.14
12,21,3,0.0,0.0,0.0,0.0,0.0,23.0,23.0,6.0,0.14
12,21,4,0.0,0.0,0.0,0.0,0.0,23.0,23.0,6.1,0.14
12,21,5,0.0,0.0,0.0,0.0,0.0,23.0,23.0,6.1,0.14
12,21,6,0.0,0.0,0.0,0.0,0.0,23.0,23.0,6.2,0.14
12,21,7,49.637,274.0,28.0,26890.091,21973.705,23.0,23.512,6.6,0.14
12,21,8,253.503,662.0,65.0,225958.533,213988.362,24.0,26.996,7.0,0.14
12,21,9,252.808,108.0,203.0,243259.488,230676.274,24.0,27.053,7.0,0.14
12,21,10,623.174,902.0,85.0,610181.391,584596.676,24.0,31.719,6.8,0.14
12,21,11,730.304,948.0,84.0,706869.73,677858.963,24.0,33.42,6.4,0.14
12,21,12,764.694,955.0,86.0,736179.222,706129.903,24.0,34.3,6.0,0.14
12,21,13,479.232,219.0,330.0,455783.988,435670.187,25.0,31.722,5.6,0.14
12,21,14,617.252,888.0,88.0,598533.756,573361.763,25.0,34.148,5.2,0.14
12,21,15,299.42,216.0,200.0,287373.635,273227.282,25.0,29.588,4.9,0.14
12,21,16,249.351,657.0,63.0,220118.438,208355.204,25.0,28.884,4.6,0.14
12,21,17,47.708,255.0,28.0,25572.352,20702.659,24.0,24.657,4.2,0.14
12,21,18,0.0,0.0,0.0,0.0,0.0,24.0,24.0,4.0,0.14
12,21,19,0.0,0.0,0.0,0.0,0.0,24.0,24.0,3.8,0.14
12,21,20,0.0,0.0,0.0,0.0,0.0,24.0,24.0,3.5,0.14
12,21,21,0.0,0.0,0.0,0.0,0.0,24.0,24.0,3.0,0.14
12,21,22,0.0,0.0,0.0,0.0,0.0,24.0,24.0,2.5,0.14
12,21,23,0.0,0.0,0.0,0.0,0.0,24.0,24.0,2.0,0.14
12,22,0,0.0,0.0,0.0,0.0,0.0,24.0,24.0,1.5,0.14
12,22,1,0.0,0.0,0.0,0.0,0.0,23.0,23.0,1.3,0.14
12,22,2,0.0,0.0,0.0,0.0,0.0,23.0,23.0,1.4,0.14
12,22,3,0.0,0.0,0.0,0.0,0.0,23.0,23.0,1.6,0.14
12,22,4,0.0,0.0,0.0,0.0,0.0,23.0,23.0,1.8,0.14
12,22,5,0.0,0.0,0.0,0.0,0.0,23.0,23.0,1.9,0.14
12,22,6,0.0,0.0,0.0,0.0,0.0,23.0,23.0,1.9,0.14
12,22,7,48.107,262.0,28.0,25563.812,20694.422,23.0,23.932,2.1,0.14
12,22,8,250.333,665.0,62.0,220045.112,208284.476,24.0,29.717,2.2,0.14
12,22,9,453.155,820.0,76.0,434231.604,414881.489,24.0,34.83,2.1,0.14
12,22,10,618.435,897.0,84.0,587393.66,562616.405,24.0,39.414,1.9,0.14
12,22,11,724.079,935.0,87.0,671488.814,643731.732,24.0,44.096,1.4,0.14
12,22,12,763.366,953.0,86.0,693733.368,665188.074,24.0,48.573,0.8,0.14
12,22,13,518.873,296.0,317.0,476117.089,455282.805,25.0,41.628,0.8,0.14
12,22,14,627.671,919.0,79.0,591800.867,566867.447,25.0,41.319,1.7,0.14
12,22,15,464.274,854.0,70.0,446151.222,426378.748,25.0,34.416,3.0,0.14
12,22,16,258.722,714.0,55.0,227618.569,215589.576,25.0,29.312,4.1,0.14
12,22,17,52.213,340.0,25.0,26590.967,21685.181,24.0,24.651,4.7,0.14
12,22,18,0.0,0.0,0.0,0.0,0.0,24.0,24.0,5.0,0.14
12,22,19,0.0,0.0,0.0,0.0,0.0,24.0,24.0,5.0,0.14
12,22,20,0.0,0.0,0.0,0.0,0.0,24.0,24.0,4.6,0.14
12,22,21,0.0,0.0,0.0,0.0,0.0,23.0,23.0,4.3,0.14
12,22,22,0.0,0.0,0.0,0.0,0.0,23.0,23.0,4.5,0.14
12,22,23,0.0,0.0,0.0,0.0,0.0,23.0,23.0,4.9,0.14
12,23,0,0.0,0.0,0.0,0.0,0.0,23.0,23.0,4.9,0.14
12,23,1,0.0,0.0,0.0,0.0,0.0,23.0,23.0,4.7,0.14
12,23,2,0.0,0.0,0.0,0.0,0.0,23.0,23.0,4.8,0.14
12,23,3,0.0,0.0,0.0,0.0,0.0,22.0,22.0,5.2,0.14
12,23,4,0.0,0.0,0.0,0.0,0.0,22.0,22.0,5.7,0.14
12,23,5,0.0,0.0,0.0,0.0,0.0,22.0,22.0,6.0,0.14
12,23,6,0.0,0.0,0.0,0.0,0.0,22.0,22.0,6.3,0.14
12,23,7,42.067,166.0,30.0,23776.994,18970.918,23.0,23.441,6.7,0.14
12,23,8,123.524,48.0,110.0,116062.573,107986.452,23.0,24.473,7.1,0.14
12,23,9,37.0,0.0,37.0,33304.875,28161.189,23.0,23.438,7.2,0.14
12,23,10,262.637,33.0,243.0,251149.376,238286.592,23.0,26.1,7.2,0.14
12,23,11,364.718,73.0,315.0,348673.757,332355.297,23.0,27.387,7.0,0.14
12,23,12,366.658,60.0,324.0,349318.06,332976.769,23.0,27.592,6.6,0.14
12,23,13,560.195,387.0,296.0,540050.129,516950.443,23.0,30.274,6.3,0.14
12,23,14,586.177,766.0,128.0,574357.224,550041.902,23.0,30.647,6.3,0.14
12,23,15,314.643,254.0,197.0,305782.729,290984.068,23.0,27.048,6.4,0.14
12,23,16,231.967,498.0,89.0,210327.406,198911.107,23.0,25.996,6.2,0.14
12,23,17,11.0,0.0,11.0,7716.9,3479.897,23.0,23.143,5.8,0.14
12,23,18,0.0,0.0,0.0,0.0,0.0,23.0,23.0,5.4,0.14
12,23,19,0.0,0.0,0.0,0.0,0.0,22.0,22.0,5.1,0.14
12,23,20,0.0,0.0,0.0,0.0,0.0,22.0,22.0,4.9,0.14
12,23,21,0.0,0.0,0.0,0.0,0.0,22.0,22.0,4.6,0.14
12,23,22,0.0,0.0,0.0,0.0,0.0,22.0,22.0,4.4,0.14
12,23,23,0.0,0.0,0.0,0.0,0.0,22.0,22.0,4.1,0.14
12,24,0,0.0,0.0,0.0,0.0,0.0,22.0,22.0,3.9,0.14
12,24,1,0.0,0.0,0.0,0.0,0.0,22.0,22.0,3.7,0.14
12,24,2,0.0,0.0,0.0,0.0,0.0,22.0,22.0,3.5,0.14
12,24,3,0.0,0.0,0.0,0.0,0.0,22.0,22.0,3.4,0.14
12,24,4,0.0,0.0,0.0,0.0,0.0,22.0,22.0,3.2,0.14
12,24,5,0.0,0.0,0.0,0.0,0.0,22.0,22.0,3.0,0.14
12,24,6,0.0,0.0,0.0,0.0,0.0,22.0,22.0,2.7,0.14
12,24,7,43.822,220.0,28.0,22779.116,18008.399,22.0,22.777,2.5,0.14
12,24,8,237.28,586.0,73.0,210275.18,198860.732,23.0,28.322,2.3,0.14
12,24,9,440.439,770.0,88.0,423191.163,404232.255,23.0,33.735,2.0,0.14
12,24,10,605.761,861.0,94.0,577246.363,552828.667,23.0,38.414,1.8,0.14
12,24,11,716.483,926.0,86.0,672326.981,644540.2,23.0,41.208,1.8,0.14
12,24,12,755.282,941.0,86.0,708898.297,679815.649,23.0,40.692,2.2,0.14
12,24,13,481.356,220.0,331.0,453271.542,433246.766,24.0,34.222,2.7,0.14
12,24,14,614.022,871.0,92.0,590598.194,565707.389,24.0,36.062,3.2,0.14
12,24,15,243.36,89.0,202.0,232363.822,220166.685,24.0,28.536,3.5,0.14
12,24,16,168.313,188.0,114.0,155074.525,145616.055,24.0,27.112,3.5,0.14
12,24,17,52.196,286.0,28.0,29550.274,24539.628,23.0,23.842,3.3,0.14
12,24,18,0.0,0.0,0.0,0.0,0.0,23.0,23.0,3.2,0.14
12,24,19,0.0,0.0,0.0,0.0,0.0,23.0,23.0,3.2,0.14
12,24,20,0.0,0.0,0.0,0.0,0.0,23.0,23.0,3.3,0.14
12,24,21,0.0,0.0,0.0,0.0,0.0,23.0,23.0,3.4,0.14
12,24,22,0.0,0.0,0.0,0.0,0.0,23.0,23.0,3.4,0.14
12,24,23,0.0,0.0,0.0,0.0,0.0,23.0,23.0,3.4,0.14
12,25,0,0.0,0.0,0.0,0.0,0.0,23.0,23.0,3.5,0.14
12,25,1,0.0,0.0,0.0,0.0,0.0,23.0,23.0,3.5,0.14
12,25,2,0.0,0.0,0.0,0.0,0.0,23.0,23.0,3.4,0.14
12,25,3,0.0,0.0,0.0,0.0,0.0,22.0,22.0,3.4,0.14
12,25,4,0.0,0.0,0.0,0.0,0.0,22.0,22.0,3.4,0.14
12,25,5,0.0,0.0,0.0,0.0,0.0,22.0,22.0,3.5,0.14
12,25,6,0.0,0.0,0.0,0.0,0.0,22.0,22.0,3.6,0.14
12,25,7,45.917,334.0,22.0,20077.335,15402.352,23.0,23.571,4.0,0.14
12,25,8,240.128,642.0,61.0,212593.088,201096.507,23.0,26.785,4.5,0.14
12,25,9,239.191,88.0,199.0,229952.468,217840.775,23.0,26.709,4.8,0.14
12,25,10,335.568,102.0,275.0,321927.744,306557.001,23.0,28.001,5.1,0.14
12,25,11,552.241,372.0,299.0,528661.815,505965.662,24.0,31.943,5.4,0.14
12,25,12,744.42,914.0,94.0,715786.796,686460.061,24.0,34.495,5.6,0.14
12,25,13,710.96,906.0,91.0,686418.681,658132.575,24.0,33.912,5.7,0.14
12,25,14,604.317,843.0,98.0,589019.254,564184.397,24.0,32.534,5.6,0.14
12,25,15,445.885,776.0,84.0,435255.281,415868.894,24.0,30.366,5.5,0.14
12,25,16,248.19,630.0,65.0,221951.45,210123.265,24.0,27.545,5.3,0.14
12,25,17,51.657,260.0,29.0,30533.597,25488.107,23.0,23.669,5.0,0.14
12,25,18,0.0,0.0,0.0,0.0,0.0,23.0,23.0,4.9,0.14
12,25,19,0.0,0.0,0.0,0.0,0.0,23.0,23.0,4.8,0.14
12,25,20,0.0,0.0,0.0,0.0,0.0,23.0,23.0,4.8,0.14
12,25,21,0.0,0.0,0.0,0.0,0.0,23.0,23.0,4.8,0.14
12,25,22,0.0,0.0,0.0,0.0,0.0,23.0,23.0,4.6,0.14
12,25,23,0.0,0.0,0.0,0.0,0.0,23.0,23.0,4.4,0.14
12,26,0,0.0,0.0,0.0,0.0,0.0,23.0,23.0,4.0,0.14
12,26,1,0.0,0.0,0.0,0.0,0.0,23.0,23.0,3.6,0.14
12,26,2,0.0,0.0,0.0,0.0,0.0,23.0,23.0,3.4,0.14
12,26,3,0.0,0.0,0.0,0.0,0.0,23.0,23.0,3.2,0.14
12,26,4,0.0,0.0,0.0,0.0,0.0,23.0,23.0,3.2,0.14
12,26,5,0.0,0.0,0.0,0.0,0.0,23.0,23.0,3.2,0.14
12,26,6,0.0,0.0,0.0,0.0,0.0,23.0,23.0,3.4,0.14
12,26,7,37.781,149.0,28.0,19409.875,14758.543,23.0,23.532,3.9,0.14
12,26,8,226.603,553.0,73.0,201763.991,190651.128,23.0,26.628,4.4,0.14
12,26,9,278.031,169.0,201.0,268133.696,254669.09,23.0,27.549,4.4,0.14
12,26,10,351.57,124.0,278.0,336611.307,320720.268,23.0,29.072,4.0,0.14
12,26,11,279.657,23.0,264.0,263696.421,250389.046,23.0,28.354,3.3,0.14
12,26,12,521.597,248.0,345.0,488831.741,467546.926,24.0,35.481,2.5,0.14
12,26,13,186.37,2.0,185.0,172942.238,162850.644,24.0,28.504,2.0,0.14
12,26,14,187.806,3.0,186.0,175136.612,164967.263,24.0,28.84,1.7,0.13
12,26,15,102.0,0.0,102.0,94638.671,87321.684,24.0,26.694,1.6,0.13
12,26,16,99.0,0.0,99.0,92841.174,85587.88,23.0,25.679,1.5,0.13
12,26,17,48.981,168.0,34.0,32193.034,27088.744,23.0,24.276,1.2,0.13
12,26,18,0.0,0.0,0.0,0.0,0.0,23.0,23.0,1.1,0.13
12,26,19,0.0,0.0,0.0,0.0,0.0,23.0,23.0,1.3,0.13
12,26,20,0.0,0.0,0.0,0.0,0.0,23.0,23.0,1.5,0.13
12,26,21,0.0,0.0,0.0,0.0,0.0,23.0,23.0,1.6,0.13
12,26,22,0.0,0.0,0.0,0.0,0.0,23.0,23.0,1.7,0.13
12,26,23,0.0,0.0,0.0,0.0,0.0,23.0,23.0,1.9,0.13
12,27,0,0.0,0.0,0.0,0.0,0.0,23.0,23.0,2.3,0.13
12,27,1,0.0,0.0,0.0,0.0,0.0,23.0,23.0,2.7,0.13
12,27,2,0.0,0.0,0.0,0.0,0.0,23.0,23.0,3.0,0.13
12,27,3,0.0,0.0,0.0,0.0,0.0,23.0,23.0,3.3,0.13
12,27,4,0.0,0.0,0.0,0.0,0.0,23.0,23.0,3.6,0.13
12,27,5,0.0,0.0,0.0,0.0,0.0,23.0,23.0,3.8,0.13
12,27,6,0.0,0.0,0.0,0.0,0.0,23.0,23.0,3.9,0.13
12,27,7,41.65,248.0,25.0,18469.179,13851.18,23.0,23.511,4.2,0.13
12,27,8,243.418,674.0,57.0,213680.094,202144.996,24.0,27.781,4.6,0.13
12,27,9,446.082,820.0,73.0,433635.174,414306.193,24.0,30.852,4.9,0.13
12,27,10,609.907,887.0,84.0,593923.428,568914.797,24.0,33.152,5.1,0.13
12,27,11,716.063,924.0,87.0,690497.41,662066.779,24.0,34.343,5.4,0.13
12,27,12,753.471,931.0,90.0,724916.793,695266.546,24.0,34.38,5.8,0.13
12,27,13,718.972,918.0,89.0,695060.099,666467.793,24.0,33.58,6.1,0.13
12,27,14,617.399,879.0,87.0,603097.602,577763.893,24.0,32.148,6.2,0.13
12,27,15,456.209,805.0,78.0,446640.3,426850.496,24.0,30.016,6.2,0.13
12,27,16,256.34,656.0,63.0,230067.911,217952.128,24.0,27.377,6.0,0.13
12,27,17,55.455,279.0,30.0,33499.737,28349.146,24.0,24.675,5.6,0.13
12,27,18,0.0,0.0,0.0,0.0,0.0,24.0,24.0,5.2,0.13
12,27,19,0.0,0.0,0.0,0.0,0.0,24.0,24.0,5.1,0.13
12,27,20,0.0,0.0,0.0,0.0,0.0,24.0,24.0,5.0,0.13
12,27,21,0.0,0.0,0.0,0.0,0.0,24.0,24.0,4.8,0.13
12,27,22,0.0,0.0,0.0,0.0,0.0,24.0,24.0,4.8,0.13
12,27,23,0.0,0.0,0.0,0.0,0.0,24.0,24.0,4.7,0.13
12,28,0,0.0,0.0,0.0,0.0,0.0,24.0,24.0,4.7,0.13
12,28,1,0.0,0.0,0.0,0.0,0.0,24.0,24.0,4.7,0.13
12,28,2,0.0,0.0,0.0,0.0,0.0,24.0,24.0,4.8,0.13
12,28,3,0.0,0.0,0.0,0.0,0.0,24.0,24.0,4.8,0.13
12,28,4,0.0,0.0,0.0,0.0,0.0,24.0,24.0,4.8,0.13
12,28,5,0.0,0.0,0.0,0.0,0.0,24.0,24.0,4.9,0.13
12,28,6,0.0,0.0,0.0,0.0,0.0,24.0,24.0,5.0,0.13
12,28,7,40.384,250.0,24.0,16875.129,12313.614,24.0,24.402,5.5,0.13
12,28,8,240.473,666.0,57.0,211382.12,199928.449,24.0,27.149,6.0,0.13
12,28,9,443.927,821.0,71.0,433260.669,413944.958,24.0,29.785,6.3,0.13
12,28,10,609.149,898.0,77.0,596801.594,571690.978,24.0,31.705,6.6,0.13
12,28,11,715.065,937.0,77.0,691458.751,662994.055,25.0,33.756,6.9,0.13
12,28,12,754.487,947.0,79.0,727435.815,697696.31,25.0,33.96,7.2,0.13
12,28,13,722.051,937.0,78.0,698833.327,670107.321,25.0,33.413,7.4,0.13
12,28,14,620.388,890.0,82.0,606271.02,580824.865,25.0,32.1,7.6,0.13
12,28,15,212.81,42.0,193.0,202854.486,191702.982,25.0,27.4,7.7,0.13
12,28,16,109.078,7.0,107.0,102721.315,95117.928,24.0,25.243,7.6,0.13
12,28,17,59.622,328.0,29.0,35355.297,30138.956,24.0,24.599,7.3,0.13
12,28,18,0.0,0.0,0.0,0.0,0.0,24.0,24.0,7.2,0.13
12,28,19,0.0,0.0,0.0,0.0,0.0,24.0,24.0,7.2,0.13
12,28,20,0.0,0.0,0.0,0.0,0.0,24.0,24.0,7.3,0.13
12,28,21,0.0,0.0,0.0,0.0,0.0,24.0,24.0,7.4,0.13
12,28,22,0.0,0.0,0.0,0.0,0.0,24.0,24.0,7.4,0.13
12,28,23,0.0,0.0,0.0,0.0,0.0,24.0,24.0,7.3,0.13
12,29,0,0.0,0.0,0.0,0.0,0.0,24.0,24.0,7.2,0.13
12,29,1,0.0,0.0,0.0,0.0,0.0,24.0,24.0,7.1,0.13
12,29,2,0.0,0.0,0.0,0.0,0.0,24.0,24.0,6.7,0.13
12,29,3,0.0,0.0,0.0,0.0,0.0,24.0,24.0,6.1,0.13
12,29,4,0.0,0.0,0.0,0.0,0.0,24.0,24.0,5.7,0.13
12,29,5,0.0,0.0,0.0,0.0,0.0,24.0,24.0,5.8,0.13
12,29,6,0.0,0.0,0.0,0.0,0.0,23.0,23.0,5.7,0.13
12,29,7,32.64,82.0,28.0,16391.118,11846.753,23.0,23.369,5.5,0.13
12,29,8,226.033,543.0,77.0,200660.165,189586.415,24.0,27.147,5.5,0.13
12,29,9,433.45,755.0,91.0,421762.102,402853.831,24.0,30.182,5.5,0.13
12,29,10,603.885,854.0,98.0,588954.403,564121.845,24.0,32.529,5.6,0.13
12,29,11,715.505,905.0,99.0,688142.543,659795.354,24.0,34.854,5.0,0.13
12,29,12,759.905,927.0,98.0,720436.718,690945.218,25.0,37.994,4.1,0.13
12,29,13,729.533,923.0,94.0,690484.075,662053.916,25.0,38.858,3.4,0.13
12,29,14,629.63,893.0,88.0,600939.786,575682.538,25.0,38.003,2.9,0.13
12,29,15,469.231,824.0,79.0,449581.458,429687.437,25.0,35.795,2.3,0.13
12,29,16,154.178,111.0,121.0,142447.558,133436.512,25.0,28.888,1.8,0.13
12,29,17,61.376,318.0,31.0,37230.54,31947.752,25.0,26.379,1.7,0.13
12,29,18,0.0,0.0,0.0,0.0,0.0,24.0,24.0,1.8,0.13
12,29,19,0.0,0.0,0.0,0.0,0.0,24.0,24.0,2.0,0.13
12,29,20,0.0,0.0,0.0,0.0,0.0,24.0,24.0,2.4,0.13
12,29,21,0.0,0.0,0.0,0.0,0.0,24.0,24.0,2.9,0.13
12,29,22,0.0,0.0,0.0,0.0,0.0,24.0,24.0,3.4,0.13
12,29,23,0.0,0.0,0.0,0.0,0.0,23.0,23.0,3.8,0.13
12,30,0,0.0,0.0,0.0,0.0,0.0,23.0,23.0,4.4,0.13
12,30,1,0.0,0.0,0.0,0.0,0.0,23.0,23.0,5.0,0.13
12,30,2,0.0,0.0,0.0,0.0,0.0,23.0,23.0,5.5,0.13
12,30,3,0.0,0.0,0.0,0.0,0.0,23.0,23.0,6.0,0.13
12,30,4,0.0,0.0,0.0,0.0,0.0,23.0,23.0,6.3,0.13
12,30,5,0.0,0.0,0.0,0.0,0.0,23.0,23.0,6.5,0.13
12,30,6,0.0,0.0,0.0,0.0,0.0,23.0,23.0,6.7,0.13
12,30,7,37.421,203.0,25.0,16243.108,11703.988,23.0,23.316,7.3,0.13
12,30,8,232.299,608.0,66.0,205309.172,194070.689,24.0,26.489,8.0,0.13
12,30,9,435.625,774.0,85.0,426559.621,407481.355,24.0,28.625,8.4,0.13
12,30,10,600.957,856.0,94.0,591479.585,566557.549,24.0,30.228,8.7,0.13
12,30,11,711.774,902.0,97.0,694283.41,665718.625,24.0,31.241,8.9,0.13
12,30,12,401.763,85.0,341.0,383331.639,365785.112,24.0,27.988,9.1,0.13
12,30,13,166.0,0.0,166.0,155133.554,145672.993,24.0,25.632,9.2,0.13
12,30,14,621.096,865.0,95.0,608561.796,583034.469,25.0,31.17,9.2,0.13
12,30,15,463.975,799.0,84.0,457260.723,437094.595,24.0,28.646,9.1,0.13
12,30,16,264.715,660.0,66.0,239904.1,227439.781,24.0,26.66,8.8,0.13
12,30,17,60.955,286.0,33.0,38781.596,33443.847,24.0,24.565,8.5,0.13
12,30,18,0.0,0.0,0.0,0.0,0.0,24.0,24.0,8.2,0.13
12,30,19,0.0,0.0,0.0,0.0,0.0,24.0,24.0,8.1,0.13
12,30,20,0.0,0.0,0.0,0.0,0.0,24.0,24.0,8.1,0.13
12,30,21,0.0,0.0,0.0,0.0,0.0,24.0,24.0,8.1,0.13
12,30,22,0.0,0.0,0.0,0.0,0.0,24.0,24.0,8.0,0.13
12,30,23,0.0,0.0,0.0,0.0,0.0,24.0,24.0,8.0,0.13
12,31,0,0.0,0.0,0.0,0.0,0.0,24.0,24.0,8.1,0.13
12,31,1,0.0,0.0,0.0,0.0,0.0,24.0,24.0,8.1,0.13
12,31,2,0.0,0.0,0.0,0.0,0.0,24.0,24.0,8.0,0.13
12,31,3,0.0,0.0,0.0,0.0,0.0,24.0,24.0,7.8,0.13
12,31,4,0.0,0.0,0.0,0.0,0.0,23.0,23.0,7.6,0.13
12,31,5,0.0,0.0,0.0,0.0,0.0,23.0,23.0,7.3,0.13
12,31,6,0.0,0.0,0.0,0.0,0.0,23.0,23.0,7.0,0.13
12,31,7,31.587,71.0,28.0,16079.923,11546.585,23.0,23.3,7.2,0.13
12,31,8,232.501,596.0,70.0,205678.361,194426.797,24.0,26.587,7.6,0.13
12,31,9,440.344,772.0,91.0,430279.592,411069.513,24.0,29.127,7.4,0.13
12,31,10,608.961,851.0,105.0,596366.301,571271.109,24.0,31.389,7.0,0.13
12,31,11,724.624,910.0,104.0,701392.485,672575.798,24.0,33.148,6.6,0.13
12,31,12,608.194,418.0,309.0,582384.89,557785.115,24.0,31.809,6.4,0.13
12,31,13,735.226,906.0,109.0,709879.068,680761.668,24.0,33.581,6.3,0.13
12,31,14,622.539,878.0,87.0,592090.257,567146.583,25.0,38.801,2.5,0.14
12,31,15,463.907,808.0,78.0,443838.152,424147.639,25.0,36.323,2.0,0.14
12,31,16,265.308,667.0,63.0,236250.67,223915.807,25.0,31.211,2.1,0.14
12,31,17,62.597,316.0,31.0,38869.173,33528.321,25.0,26.282,2.2,0.14
12,31,18,0.0,0.0,0.0,0.0,0.0,25.0,25.0,2.4,0.14
12,31,19,0.0,0.0,0.0,0.0,0.0,24.0,24.0,2.5,0.14
12,31,20,0.0,0.0,0.0,0.0,0.0,24.0,24.0,2.5,0.14
12,31,21,0.0,0.0,0.0,0.0,0.0,24.0,24.0,2.4,0.14
12,31,22,0.0,0.0,0.0,0.0,0.0,24.0,24.0,2.3,0.14
12,31,23,0.0,0.0,0.0,0.0,0.0,24.0,24.0,2.2,0.14
